2026-08-26 10:32:32.110 +05:30 [INF] Executed DbCommand (146ms) [Parameters=[], CommandType='"Text"', CommandTimeout='30']
SELECT CASE
    WHEN EXISTS (
        SELECT 1
        FROM [Users] AS [u]
        WHERE [u].[Role] = N'Admin') THEN CAST(1 AS bit)
    ELSE CAST(0 AS bit)
END
2026-08-26 10:32:34.884 +05:30 [INF] User profile is available. Using 'C:\Users\thang\AppData\Local\ASP.NET\DataProtection-Keys' as key repository and Windows DPAPI to encrypt keys at rest.
2026-08-26 10:32:35.244 +05:30 [INF] Payment Behavior Background Service started.
2026-08-26 10:32:36.091 +05:30 [INF] Now listening on: http://localhost:5082
2026-08-26 10:32:37.121 +05:30 [INF] Application started. Press Ctrl+C to shut down.
2026-08-26 10:32:37.153 +05:30 [INF] Hosting environment: Development
2026-08-26 10:32:37.857 +05:30 [INF] Content root path: C:\Users\thang\OneDrive\Documents\React Projects\LoanDeductionPrediction\LoanDeductionPrediction.API
2026-08-26 10:32:38.837 +05:30 [INF] Executed DbCommand (272ms) [Parameters=[@today='?' (DbType = Date)], CommandType='"Text"', CommandTimeout='30']
SELECT [r].[ScheduleId], [r].[DueDate], [r].[EMIAmount], [r].[InstallmentNumber], [r].[InterestAmount], [r].[LoanId], [r].[PaidAmount], [r].[PaidDate], [r].[PrincipalAmount], [r].[Status]
FROM [RepaymentSchedules] AS [r]
WHERE [r].[DueDate] < @today AND [r].[PaidAmount] < [r].[EMIAmount] AND [r].[Status] <> N'PAID'
ORDER BY [r].[DueDate]
2026-08-26 10:32:41.178 +05:30 [INF] Executed DbCommand (34ms) [Parameters=[@scheduleId='?' (DbType = Int32)], CommandType='"Text"', CommandTimeout='30']
SELECT TOP(1) [p].[BehaviorLogId], [p].[BorrowerId], [p].[DaysLate], [p].[DueDate], [p].[LoanId], [p].[PaymentDate], [p].[PaymentStatus], [p].[RecordedAt], [p].[ScheduleId]
FROM [PaymentBehaviorLogs] AS [p]
WHERE [p].[ScheduleId] = @scheduleId
2026-08-26 10:32:41.940 +05:30 [INF] Executed DbCommand (83ms) [Parameters=[@scheduleId='?' (DbType = Int32)], CommandType='"Text"', CommandTimeout='30']
SELECT TOP(1) [p].[BehaviorLogId], [p].[BorrowerId], [p].[DaysLate], [p].[DueDate], [p].[LoanId], [p].[PaymentDate], [p].[PaymentStatus], [p].[RecordedAt], [p].[ScheduleId]
FROM [PaymentBehaviorLogs] AS [p]
WHERE [p].[ScheduleId] = @scheduleId
2026-08-26 10:32:42.565 +05:30 [INF] Executed DbCommand (179ms) [Parameters=[@scheduleId='?' (DbType = Int32)], CommandType='"Text"', CommandTimeout='30']
SELECT TOP(1) [p].[BehaviorLogId], [p].[BorrowerId], [p].[DaysLate], [p].[DueDate], [p].[LoanId], [p].[PaymentDate], [p].[PaymentStatus], [p].[RecordedAt], [p].[ScheduleId]
FROM [PaymentBehaviorLogs] AS [p]
WHERE [p].[ScheduleId] = @scheduleId
2026-08-26 10:34:19.881 +05:30 [INF] Application is shutting down...
2026-08-26 10:34:33.066 +05:30 [INF] Executed DbCommand (61ms) [Parameters=[], CommandType='"Text"', CommandTimeout='30']
SELECT CASE
    WHEN EXISTS (
        SELECT 1
        FROM [Users] AS [u]
        WHERE [u].[Role] = N'Admin') THEN CAST(1 AS bit)
    ELSE CAST(0 AS bit)
END
2026-08-26 10:34:33.254 +05:30 [INF] User profile is available. Using 'C:\Users\thang\AppData\Local\ASP.NET\DataProtection-Keys' as key repository and Windows DPAPI to encrypt keys at rest.
2026-08-26 10:34:33.264 +05:30 [INF] Payment Behavior Background Service started.
2026-08-26 10:34:33.361 +05:30 [INF] Now listening on: http://localhost:5082
2026-08-26 10:34:33.363 +05:30 [INF] Application started. Press Ctrl+C to shut down.
2026-08-26 10:34:33.364 +05:30 [INF] Hosting environment: Development
2026-08-26 10:34:33.365 +05:30 [INF] Content root path: C:\Users\thang\OneDrive\Documents\React Projects\LoanDeductionPrediction\LoanDeductionPrediction.API
2026-08-26 10:34:33.493 +05:30 [INF] Executed DbCommand (60ms) [Parameters=[@today='?' (DbType = Date)], CommandType='"Text"', CommandTimeout='30']
SELECT [r].[ScheduleId], [r].[DueDate], [r].[EMIAmount], [r].[InstallmentNumber], [r].[InterestAmount], [r].[LoanId], [r].[PaidAmount], [r].[PaidDate], [r].[PrincipalAmount], [r].[Status]
FROM [RepaymentSchedules] AS [r]
WHERE [r].[DueDate] < @today AND [r].[PaidAmount] < [r].[EMIAmount] AND [r].[Status] <> N'PAID'
ORDER BY [r].[DueDate]
2026-08-26 10:34:33.609 +05:30 [INF] Executed DbCommand (17ms) [Parameters=[@scheduleId='?' (DbType = Int32)], CommandType='"Text"', CommandTimeout='30']
SELECT TOP(1) [p].[BehaviorLogId], [p].[BorrowerId], [p].[DaysLate], [p].[DueDate], [p].[LoanId], [p].[PaymentDate], [p].[PaymentStatus], [p].[RecordedAt], [p].[ScheduleId]
FROM [PaymentBehaviorLogs] AS [p]
WHERE [p].[ScheduleId] = @scheduleId
2026-08-26 10:34:33.653 +05:30 [INF] Executed DbCommand (1ms) [Parameters=[@scheduleId='?' (DbType = Int32)], CommandType='"Text"', CommandTimeout='30']
SELECT TOP(1) [p].[BehaviorLogId], [p].[BorrowerId], [p].[DaysLate], [p].[DueDate], [p].[LoanId], [p].[PaymentDate], [p].[PaymentStatus], [p].[RecordedAt], [p].[ScheduleId]
FROM [PaymentBehaviorLogs] AS [p]
WHERE [p].[ScheduleId] = @scheduleId
2026-08-26 10:34:33.657 +05:30 [INF] Executed DbCommand (1ms) [Parameters=[@scheduleId='?' (DbType = Int32)], CommandType='"Text"', CommandTimeout='30']
SELECT TOP(1) [p].[BehaviorLogId], [p].[BorrowerId], [p].[DaysLate], [p].[DueDate], [p].[LoanId], [p].[PaymentDate], [p].[PaymentStatus], [p].[RecordedAt], [p].[ScheduleId]
FROM [PaymentBehaviorLogs] AS [p]
WHERE [p].[ScheduleId] = @scheduleId
2026-08-26 10:34:54.992 +05:30 [INF] Request starting HTTP/1.1 GET http://localhost:5082/swagger/index.html - null null
2026-08-26 10:34:55.556 +05:30 [INF] HTTP GET /swagger/index.html responded 304 in 303.2157 ms
2026-08-26 10:34:55.674 +05:30 [INF] Request finished HTTP/1.1 GET http://localhost:5082/swagger/index.html - 304 null null 687.5611ms
2026-08-26 10:34:55.780 +05:30 [INF] Request starting HTTP/1.1 GET http://localhost:5082/swagger/index.css - null null
2026-08-26 10:34:55.781 +05:30 [INF] Request starting HTTP/1.1 GET http://localhost:5082/swagger/index.js - null null
2026-08-26 10:34:55.782 +05:30 [INF] Request starting HTTP/1.1 GET http://localhost:5082/swagger/swagger-ui-bundle.js - null null
2026-08-26 10:34:55.832 +05:30 [INF] Request starting HTTP/1.1 GET http://localhost:5082/swagger/swagger-ui.css - null null
2026-08-26 10:34:55.781 +05:30 [INF] Request starting HTTP/1.1 GET http://localhost:5082/swagger/swagger-ui-standalone-preset.js - null null
2026-08-26 10:34:55.987 +05:30 [INF] HTTP GET /swagger/index.css responded 304 in 80.8444 ms
2026-08-26 10:34:56.080 +05:30 [INF] Request finished HTTP/1.1 GET http://localhost:5082/swagger/index.css - 304 null null 299.1533ms
2026-08-26 10:34:56.032 +05:30 [INF] HTTP GET /swagger/swagger-ui-bundle.js responded 304 in 33.3343 ms
2026-08-26 10:34:56.049 +05:30 [INF] HTTP GET /swagger/swagger-ui.css responded 304 in 28.1724 ms
2026-08-26 10:34:56.072 +05:30 [INF] HTTP GET /swagger/swagger-ui-standalone-preset.js responded 304 in 8.3891 ms
2026-08-26 10:34:56.420 +05:30 [INF] Request finished HTTP/1.1 GET http://localhost:5082/swagger/swagger-ui-standalone-preset.js - 304 null null 639.1682ms
2026-08-26 10:34:56.359 +05:30 [INF] Request finished HTTP/1.1 GET http://localhost:5082/swagger/swagger-ui-bundle.js - 304 null null 576.5597ms
2026-08-26 10:34:56.414 +05:30 [INF] Request finished HTTP/1.1 GET http://localhost:5082/swagger/swagger-ui.css - 304 null null 581.351ms
2026-08-26 10:34:55.997 +05:30 [INF] HTTP GET /swagger/index.js responded 304 in 2.6243 ms
2026-08-26 10:34:57.201 +05:30 [INF] Request finished HTTP/1.1 GET http://localhost:5082/swagger/index.js - 304 null null 1420.0143ms
2026-08-26 10:34:57.505 +05:30 [INF] Request starting HTTP/1.1 GET http://localhost:5082/swagger/v1/swagger.json - null null
2026-08-26 10:34:57.929 +05:30 [INF] HTTP GET /swagger/v1/swagger.json responded 200 in 343.7646 ms
2026-08-26 10:34:57.936 +05:30 [INF] Request finished HTTP/1.1 GET http://localhost:5082/swagger/v1/swagger.json - 200 null application/json;charset=utf-8 430.2013ms
2026-08-26 10:35:43.347 +05:30 [INF] Request starting HTTP/1.1 POST http://localhost:5082/api/Auth/login - application/json 69
2026-08-26 10:35:43.379 +05:30 [WRN] Failed to determine the https port for redirect.
2026-08-26 10:35:43.792 +05:30 [INF] CORS policy execution successful.
2026-08-26 10:35:44.138 +05:30 [INF] Executing endpoint 'LoanDeductionPrediction.API.Controllers.AuthController.Login (LoanDeductionPrediction.API)'
2026-08-26 10:35:44.261 +05:30 [INF] Route matched with {action = "Login", controller = "Auth"}. Executing controller action with signature System.Threading.Tasks.Task`1[Microsoft.AspNetCore.Mvc.IActionResult] Login(LoanDeductionPrediction.Models.DTOs.LoginRequest) on controller LoanDeductionPrediction.API.Controllers.AuthController (LoanDeductionPrediction.API).
2026-08-26 10:35:44.571 +05:30 [WRN] You do not have a valid license key for the Lucky Penny software AutoMapper. This is allowed for development and testing scenarios. If you are running in production you are required to have a licensed version. Please visit https://luckypennysoftware.com to obtain a valid license.
2026-08-26 10:35:44.928 +05:30 [INF] Executed DbCommand (55ms) [Parameters=[@email='?' (Size = 150)], CommandType='"Text"', CommandTimeout='30']
SELECT TOP(1) [u].[UserId], [u].[CreatedAt], [u].[Email], [u].[FullName], [u].[IsActive], [u].[PasswordHash], [u].[Role]
FROM [Users] AS [u]
WHERE [u].[Email] = @email
2026-08-26 10:35:46.220 +05:30 [INF] Executed DbCommand (28ms) [Parameters=[@p0='?' (DbType = DateTime2), @p1='?' (DbType = DateTime2), @p2='?' (DbType = Boolean), @p3='?' (DbType = DateTime2), @p4='?' (Size = 500), @p5='?' (DbType = Int32)], CommandType='"Text"', CommandTimeout='30']
SET IMPLICIT_TRANSACTIONS OFF;
SET NOCOUNT ON;
INSERT INTO [RefreshTokens] ([CreatedAt], [ExpiresAt], [IsRevoked], [RevokedAt], [Token], [UserId])
OUTPUT INSERTED.[RefreshTokenId]
VALUES (@p0, @p1, @p2, @p3, @p4, @p5);
2026-08-26 10:35:46.306 +05:30 [INF] Executing OkObjectResult, writing value of type 'LoanDeductionPrediction.Models.DTOs.LoginResponse'.
2026-08-26 10:35:46.350 +05:30 [INF] Executed action LoanDeductionPrediction.API.Controllers.AuthController.Login (LoanDeductionPrediction.API) in 2071.4617ms
2026-08-26 10:35:46.354 +05:30 [INF] Executed endpoint 'LoanDeductionPrediction.API.Controllers.AuthController.Login (LoanDeductionPrediction.API)'
2026-08-26 10:35:46.363 +05:30 [INF] HTTP POST /api/Auth/login responded 200 in 2990.7600 ms
2026-08-26 10:35:46.397 +05:30 [INF] Request finished HTTP/1.1 POST http://localhost:5082/api/Auth/login - 200 null application/json; charset=utf-8 3050.0512ms
2026-08-26 10:36:05.662 +05:30 [INF] Request starting HTTP/1.1 GET http://localhost:5082/api/AuthorizationTest/authenticated - null null
2026-08-26 10:36:06.125 +05:30 [INF] Executing endpoint 'LoanDeductionPrediction.API.Controllers.AuthorizationTestController.Authenticated (LoanDeductionPrediction.API)'
2026-08-26 10:36:06.136 +05:30 [INF] Route matched with {action = "Authenticated", controller = "AuthorizationTest"}. Executing controller action with signature Microsoft.AspNetCore.Mvc.IActionResult Authenticated() on controller LoanDeductionPrediction.API.Controllers.AuthorizationTestController (LoanDeductionPrediction.API).
2026-08-26 10:36:06.144 +05:30 [INF] Executing OkObjectResult, writing value of type '<>f__AnonymousType3`4[[System.String, System.Private.CoreLib, Version=10.0.0.0, Culture=neutral, PublicKeyToken=7cec85d7bea7798e],[System.String, System.Private.CoreLib, Version=10.0.0.0, Culture=neutral, PublicKeyToken=7cec85d7bea7798e],[System.String, System.Private.CoreLib, Version=10.0.0.0, Culture=neutral, PublicKeyToken=7cec85d7bea7798e],[System.String, System.Private.CoreLib, Version=10.0.0.0, Culture=neutral, PublicKeyToken=7cec85d7bea7798e]]'.
2026-08-26 10:36:06.168 +05:30 [INF] Executed action LoanDeductionPrediction.API.Controllers.AuthorizationTestController.Authenticated (LoanDeductionPrediction.API) in 27.157ms
2026-08-26 10:36:06.172 +05:30 [INF] Executed endpoint 'LoanDeductionPrediction.API.Controllers.AuthorizationTestController.Authenticated (LoanDeductionPrediction.API)'
2026-08-26 10:36:06.175 +05:30 [INF] HTTP GET /api/AuthorizationTest/authenticated responded 200 in 205.3992 ms
2026-08-26 10:36:06.190 +05:30 [INF] Request finished HTTP/1.1 GET http://localhost:5082/api/AuthorizationTest/authenticated - 200 null application/json; charset=utf-8 527.9513ms
2026-08-26 10:36:34.661 +05:30 [INF] Request starting HTTP/1.1 GET http://localhost:5082/api/AuthorizationTest/admin - null null
2026-08-26 10:36:34.685 +05:30 [INF] Executing endpoint 'LoanDeductionPrediction.API.Controllers.AuthorizationTestController.Admin (LoanDeductionPrediction.API)'
2026-08-26 10:36:34.708 +05:30 [INF] Route matched with {action = "Admin", controller = "AuthorizationTest"}. Executing controller action with signature Microsoft.AspNetCore.Mvc.IActionResult Admin() on controller LoanDeductionPrediction.API.Controllers.AuthorizationTestController (LoanDeductionPrediction.API).
2026-08-26 10:36:34.736 +05:30 [INF] Executing OkObjectResult, writing value of type '<>f__AnonymousType0`1[[System.String, System.Private.CoreLib, Version=10.0.0.0, Culture=neutral, PublicKeyToken=7cec85d7bea7798e]]'.
2026-08-26 10:36:34.747 +05:30 [INF] Executed action LoanDeductionPrediction.API.Controllers.AuthorizationTestController.Admin (LoanDeductionPrediction.API) in 12.6574ms
2026-08-26 10:36:34.859 +05:30 [INF] Executed endpoint 'LoanDeductionPrediction.API.Controllers.AuthorizationTestController.Admin (LoanDeductionPrediction.API)'
2026-08-26 10:36:34.902 +05:30 [INF] HTTP GET /api/AuthorizationTest/admin responded 200 in 231.8127 ms
2026-08-26 10:36:35.194 +05:30 [INF] Request finished HTTP/1.1 GET http://localhost:5082/api/AuthorizationTest/admin - 200 null application/json; charset=utf-8 533.4747ms
2026-08-26 10:44:42.342 +05:30 [INF] Application is shutting down...
2026-08-26 10:45:34.803 +05:30 [INF] Executed DbCommand (28ms) [Parameters=[], CommandType='"Text"', CommandTimeout='30']
SELECT CASE
    WHEN EXISTS (
        SELECT 1
        FROM [Users] AS [u]
        WHERE [u].[Role] = N'Admin') THEN CAST(1 AS bit)
    ELSE CAST(0 AS bit)
END
2026-08-26 10:45:35.006 +05:30 [INF] User profile is available. Using 'C:\Users\thang\AppData\Local\ASP.NET\DataProtection-Keys' as key repository and Windows DPAPI to encrypt keys at rest.
2026-08-26 10:45:35.015 +05:30 [INF] Payment Behavior Background Service started.
2026-08-26 10:45:35.099 +05:30 [INF] Now listening on: http://localhost:5082
2026-08-26 10:45:35.101 +05:30 [INF] Application started. Press Ctrl+C to shut down.
2026-08-26 10:45:35.107 +05:30 [INF] Hosting environment: Development
2026-08-26 10:45:35.109 +05:30 [INF] Content root path: C:\Users\thang\OneDrive\Documents\React Projects\LoanDeductionPrediction\LoanDeductionPrediction.API
2026-08-26 10:45:35.232 +05:30 [INF] Executed DbCommand (45ms) [Parameters=[@today='?' (DbType = Date)], CommandType='"Text"', CommandTimeout='30']
SELECT [r].[ScheduleId], [r].[DueDate], [r].[EMIAmount], [r].[InstallmentNumber], [r].[InterestAmount], [r].[LoanId], [r].[PaidAmount], [r].[PaidDate], [r].[PrincipalAmount], [r].[Status]
FROM [RepaymentSchedules] AS [r]
WHERE [r].[DueDate] < @today AND [r].[PaidAmount] < [r].[EMIAmount] AND [r].[Status] <> N'PAID'
ORDER BY [r].[DueDate]
2026-08-26 10:45:35.433 +05:30 [INF] Executed DbCommand (18ms) [Parameters=[@scheduleId='?' (DbType = Int32)], CommandType='"Text"', CommandTimeout='30']
SELECT TOP(1) [p].[BehaviorLogId], [p].[BorrowerId], [p].[DaysLate], [p].[DueDate], [p].[LoanId], [p].[PaymentDate], [p].[PaymentStatus], [p].[RecordedAt], [p].[ScheduleId]
FROM [PaymentBehaviorLogs] AS [p]
WHERE [p].[ScheduleId] = @scheduleId
2026-08-26 10:45:35.497 +05:30 [INF] Executed DbCommand (7ms) [Parameters=[@scheduleId='?' (DbType = Int32)], CommandType='"Text"', CommandTimeout='30']
SELECT TOP(1) [p].[BehaviorLogId], [p].[BorrowerId], [p].[DaysLate], [p].[DueDate], [p].[LoanId], [p].[PaymentDate], [p].[PaymentStatus], [p].[RecordedAt], [p].[ScheduleId]
FROM [PaymentBehaviorLogs] AS [p]
WHERE [p].[ScheduleId] = @scheduleId
2026-08-26 10:45:35.503 +05:30 [INF] Executed DbCommand (1ms) [Parameters=[@scheduleId='?' (DbType = Int32)], CommandType='"Text"', CommandTimeout='30']
SELECT TOP(1) [p].[BehaviorLogId], [p].[BorrowerId], [p].[DaysLate], [p].[DueDate], [p].[LoanId], [p].[PaymentDate], [p].[PaymentStatus], [p].[RecordedAt], [p].[ScheduleId]
FROM [PaymentBehaviorLogs] AS [p]
WHERE [p].[ScheduleId] = @scheduleId
2026-08-26 12:39:11.413 +05:30 [INF] Executed DbCommand (18,588ms) [Parameters=[], CommandType='"Text"', CommandTimeout='30']
SELECT CASE
    WHEN EXISTS (
        SELECT 1
        FROM [Users] AS [u]
        WHERE [u].[Role] = N'Admin') THEN CAST(1 AS bit)
    ELSE CAST(0 AS bit)
END
2026-08-26 12:39:11.574 +05:30 [INF] User profile is available. Using 'C:\Users\thang\AppData\Local\ASP.NET\DataProtection-Keys' as key repository and Windows DPAPI to encrypt keys at rest.
2026-08-26 12:39:11.585 +05:30 [INF] Payment Behavior Background Service started.
2026-08-26 12:39:11.683 +05:30 [INF] Now listening on: http://localhost:5082
2026-08-26 12:39:11.686 +05:30 [INF] Application started. Press Ctrl+C to shut down.
2026-08-26 12:39:11.687 +05:30 [INF] Hosting environment: Development
2026-08-26 12:39:11.689 +05:30 [INF] Content root path: C:\Users\thang\OneDrive\Documents\React Projects\LoanDeductionPrediction\LoanDeductionPrediction.API
2026-08-26 12:39:29.598 +05:30 [INF] Request starting HTTP/1.1 GET http://localhost:5082/swagger/index.html - null null
2026-08-26 12:39:29.900 +05:30 [INF] HTTP GET /swagger/index.html responded 304 in 207.1102 ms
2026-08-26 12:39:29.915 +05:30 [INF] Request finished HTTP/1.1 GET http://localhost:5082/swagger/index.html - 304 null null 320.4005ms
2026-08-26 12:39:29.941 +05:30 [INF] Request starting HTTP/1.1 GET http://localhost:5082/swagger/index.css - null null
2026-08-26 12:39:29.941 +05:30 [INF] Request starting HTTP/1.1 GET http://localhost:5082/swagger/swagger-ui-bundle.js - null null
2026-08-26 12:39:29.941 +05:30 [INF] Request starting HTTP/1.1 GET http://localhost:5082/swagger/index.js - null null
2026-08-26 12:39:29.941 +05:30 [INF] Request starting HTTP/1.1 GET http://localhost:5082/swagger/swagger-ui-standalone-preset.js - null null
2026-08-26 12:39:29.955 +05:30 [INF] Request starting HTTP/1.1 GET http://localhost:5082/swagger/swagger-ui.css - null null
2026-08-26 12:39:30.038 +05:30 [INF] HTTP GET /swagger/index.css responded 304 in 78.6895 ms
2026-08-26 12:39:30.225 +05:30 [INF] HTTP GET /swagger/swagger-ui-bundle.js responded 304 in 58.6019 ms
2026-08-26 12:39:30.238 +05:30 [INF] HTTP GET /swagger/index.js responded 304 in 0.8837 ms
2026-08-26 12:39:30.257 +05:30 [INF] HTTP GET /swagger/swagger-ui-standalone-preset.js responded 304 in 5.3768 ms
2026-08-26 12:39:30.275 +05:30 [INF] HTTP GET /swagger/swagger-ui.css responded 304 in 9.8464 ms
2026-08-26 12:39:30.282 +05:30 [INF] Request finished HTTP/1.1 GET http://localhost:5082/swagger/index.css - 304 null null 342.6407ms
2026-08-26 12:39:30.288 +05:30 [INF] Request finished HTTP/1.1 GET http://localhost:5082/swagger/swagger-ui-bundle.js - 304 null null 348.0461ms
2026-08-26 12:39:30.300 +05:30 [INF] Request finished HTTP/1.1 GET http://localhost:5082/swagger/index.js - 304 null null 360.1672ms
2026-08-26 12:39:30.318 +05:30 [INF] Request finished HTTP/1.1 GET http://localhost:5082/swagger/swagger-ui-standalone-preset.js - 304 null null 378.7864ms
2026-08-26 12:39:30.332 +05:30 [INF] Request finished HTTP/1.1 GET http://localhost:5082/swagger/swagger-ui.css - 304 null null 376.3981ms
2026-08-26 12:39:30.488 +05:30 [INF] Request starting HTTP/1.1 GET http://localhost:5082/swagger/v1/swagger.json - null null
2026-08-26 12:39:30.805 +05:30 [INF] HTTP GET /swagger/v1/swagger.json responded 200 in 285.1790 ms
2026-08-26 12:39:30.819 +05:30 [INF] Request finished HTTP/1.1 GET http://localhost:5082/swagger/v1/swagger.json - 200 null application/json;charset=utf-8 331.4762ms
2026-08-26 12:39:32.533 +05:30 [INF] Executed DbCommand (20,819ms) [Parameters=[@today='?' (DbType = Date)], CommandType='"Text"', CommandTimeout='30']
SELECT [r].[ScheduleId], [r].[DueDate], [r].[EMIAmount], [r].[InstallmentNumber], [r].[InterestAmount], [r].[LoanId], [r].[PaidAmount], [r].[PaidDate], [r].[PrincipalAmount], [r].[Status]
FROM [RepaymentSchedules] AS [r]
WHERE [r].[DueDate] < @today AND [r].[PaidAmount] < [r].[EMIAmount] AND [r].[Status] <> N'PAID'
ORDER BY [r].[DueDate]
2026-08-26 12:39:52.358 +05:30 [INF] Executed DbCommand (19,525ms) [Parameters=[@scheduleId='?' (DbType = Int32)], CommandType='"Text"', CommandTimeout='30']
SELECT TOP(1) [p].[BehaviorLogId], [p].[BorrowerId], [p].[DaysLate], [p].[DueDate], [p].[LoanId], [p].[PaymentDate], [p].[PaymentStatus], [p].[RecordedAt], [p].[ScheduleId]
FROM [PaymentBehaviorLogs] AS [p]
WHERE [p].[ScheduleId] = @scheduleId
2026-08-26 12:39:57.615 +05:30 [INF] Executed DbCommand (5,091ms) [Parameters=[@scheduleId='?' (DbType = Int32)], CommandType='"Text"', CommandTimeout='30']
SELECT TOP(1) [p].[BehaviorLogId], [p].[BorrowerId], [p].[DaysLate], [p].[DueDate], [p].[LoanId], [p].[PaymentDate], [p].[PaymentStatus], [p].[RecordedAt], [p].[ScheduleId]
FROM [PaymentBehaviorLogs] AS [p]
WHERE [p].[ScheduleId] = @scheduleId
2026-08-26 12:39:57.693 +05:30 [INF] Executed DbCommand (6ms) [Parameters=[@scheduleId='?' (DbType = Int32)], CommandType='"Text"', CommandTimeout='30']
SELECT TOP(1) [p].[BehaviorLogId], [p].[BorrowerId], [p].[DaysLate], [p].[DueDate], [p].[LoanId], [p].[PaymentDate], [p].[PaymentStatus], [p].[RecordedAt], [p].[ScheduleId]
FROM [PaymentBehaviorLogs] AS [p]
WHERE [p].[ScheduleId] = @scheduleId
2026-08-26 12:40:07.120 +05:30 [INF] Request starting HTTP/1.1 POST http://localhost:5082/api/Auth/login - application/json 69
2026-08-26 12:40:07.181 +05:30 [WRN] Failed to determine the https port for redirect.
2026-08-26 12:40:07.197 +05:30 [INF] CORS policy execution successful.
2026-08-26 12:40:07.293 +05:30 [INF] Executing endpoint 'LoanDeductionPrediction.API.Controllers.AuthController.Login (LoanDeductionPrediction.API)'
2026-08-26 12:40:07.356 +05:30 [INF] Route matched with {action = "Login", controller = "Auth"}. Executing controller action with signature System.Threading.Tasks.Task`1[Microsoft.AspNetCore.Mvc.IActionResult] Login(LoanDeductionPrediction.Models.DTOs.LoginRequest) on controller LoanDeductionPrediction.API.Controllers.AuthController (LoanDeductionPrediction.API).
2026-08-26 12:40:07.648 +05:30 [WRN] You do not have a valid license key for the Lucky Penny software AutoMapper. This is allowed for development and testing scenarios. If you are running in production you are required to have a licensed version. Please visit https://luckypennysoftware.com to obtain a valid license.
2026-08-26 12:40:14.490 +05:30 [INF] Executed DbCommand (6,586ms) [Parameters=[@email='?' (Size = 150)], CommandType='"Text"', CommandTimeout='30']
SELECT TOP(1) [u].[UserId], [u].[CreatedAt], [u].[Email], [u].[FullName], [u].[IsActive], [u].[PasswordHash], [u].[Role]
FROM [Users] AS [u]
WHERE [u].[Email] = @email
2026-08-26 12:40:15.746 +05:30 [INF] Executed DbCommand (214ms) [Parameters=[@p0='?' (DbType = DateTime2), @p1='?' (DbType = DateTime2), @p2='?' (DbType = Boolean), @p3='?' (DbType = DateTime2), @p4='?' (Size = 500), @p5='?' (DbType = Int32)], CommandType='"Text"', CommandTimeout='30']
SET IMPLICIT_TRANSACTIONS OFF;
SET NOCOUNT ON;
INSERT INTO [RefreshTokens] ([CreatedAt], [ExpiresAt], [IsRevoked], [RevokedAt], [Token], [UserId])
OUTPUT INSERTED.[RefreshTokenId]
VALUES (@p0, @p1, @p2, @p3, @p4, @p5);
2026-08-26 12:40:15.893 +05:30 [INF] Executing OkObjectResult, writing value of type 'LoanDeductionPrediction.Models.DTOs.LoginResponse'.
2026-08-26 12:40:15.935 +05:30 [INF] Executed action LoanDeductionPrediction.API.Controllers.AuthController.Login (LoanDeductionPrediction.API) in 8564.7624ms
2026-08-26 12:40:15.950 +05:30 [INF] Executed endpoint 'LoanDeductionPrediction.API.Controllers.AuthController.Login (LoanDeductionPrediction.API)'
2026-08-26 12:40:15.986 +05:30 [INF] HTTP POST /api/Auth/login responded 200 in 8813.6673 ms
2026-08-26 12:40:16.010 +05:30 [INF] Request finished HTTP/1.1 POST http://localhost:5082/api/Auth/login - 200 null application/json; charset=utf-8 8890.0299ms
2026-08-26 12:42:08.964 +05:30 [INF] Request starting HTTP/1.1 POST http://localhost:5082/api/User - application/json 109
2026-08-26 12:42:09.019 +05:30 [INF] CORS policy execution successful.
2026-08-26 12:42:09.284 +05:30 [INF] Executing endpoint 'LoanDeductionPrediction.API.Controllers.UserController.CreateUser (LoanDeductionPrediction.API)'
2026-08-26 12:42:09.299 +05:30 [INF] Route matched with {action = "CreateUser", controller = "User"}. Executing controller action with signature System.Threading.Tasks.Task`1[Microsoft.AspNetCore.Mvc.IActionResult] CreateUser(LoanDeductionPrediction.API.Controllers.CreateUserRequest) on controller LoanDeductionPrediction.API.Controllers.UserController (LoanDeductionPrediction.API).
2026-08-26 12:42:09.353 +05:30 [INF] Executed DbCommand (24ms) [Parameters=[@email='?' (Size = 150)], CommandType='"Text"', CommandTimeout='30']
SELECT TOP(1) [u].[UserId], [u].[CreatedAt], [u].[Email], [u].[FullName], [u].[IsActive], [u].[PasswordHash], [u].[Role]
FROM [Users] AS [u]
WHERE [u].[Email] = @email
2026-08-26 12:42:09.641 +05:30 [INF] Executed DbCommand (14ms) [Parameters=[@p0='?' (DbType = DateTime2), @p1='?' (Size = 150), @p2='?' (Size = 100), @p3='?' (DbType = Boolean), @p4='?' (Size = 255), @p5='?' (Size = 30)], CommandType='"Text"', CommandTimeout='30']
SET IMPLICIT_TRANSACTIONS OFF;
SET NOCOUNT ON;
INSERT INTO [Users] ([CreatedAt], [Email], [FullName], [IsActive], [PasswordHash], [Role])
OUTPUT INSERTED.[UserId]
VALUES (@p0, @p1, @p2, @p3, @p4, @p5);
2026-08-26 12:42:09.652 +05:30 [INF] Executing CreatedAtActionResult, writing value of type '<>f__AnonymousType16`2[[System.String, System.Private.CoreLib, Version=10.0.0.0, Culture=neutral, PublicKeyToken=7cec85d7bea7798e],[<>f__AnonymousType15`6[[System.Int32, System.Private.CoreLib, Version=10.0.0.0, Culture=neutral, PublicKeyToken=7cec85d7bea7798e],[System.String, System.Private.CoreLib, Version=10.0.0.0, Culture=neutral, PublicKeyToken=7cec85d7bea7798e],[System.String, System.Private.CoreLib, Version=10.0.0.0, Culture=neutral, PublicKeyToken=7cec85d7bea7798e],[System.String, System.Private.CoreLib, Version=10.0.0.0, Culture=neutral, PublicKeyToken=7cec85d7bea7798e],[System.Boolean, System.Private.CoreLib, Version=10.0.0.0, Culture=neutral, PublicKeyToken=7cec85d7bea7798e],[System.DateTime, System.Private.CoreLib, Version=10.0.0.0, Culture=neutral, PublicKeyToken=7cec85d7bea7798e]], LoanDeductionPrediction.API, Version=1.0.0.0, Culture=neutral, PublicKeyToken=null]]'.
2026-08-26 12:42:09.724 +05:30 [INF] Executed action LoanDeductionPrediction.API.Controllers.UserController.CreateUser (LoanDeductionPrediction.API) in 417.369ms
2026-08-26 12:42:09.731 +05:30 [INF] Executed endpoint 'LoanDeductionPrediction.API.Controllers.UserController.CreateUser (LoanDeductionPrediction.API)'
2026-08-26 12:42:09.753 +05:30 [INF] HTTP POST /api/User responded 201 in 734.8314 ms
2026-08-26 12:42:09.768 +05:30 [INF] Request finished HTTP/1.1 POST http://localhost:5082/api/User - 201 null application/json; charset=utf-8 804.1458ms
2026-08-26 12:43:22.695 +05:30 [INF] Request starting HTTP/1.1 GET http://localhost:5082/api/User - null null
2026-08-26 12:43:22.742 +05:30 [INF] Executing endpoint 'LoanDeductionPrediction.API.Controllers.UserController.GetUsers (LoanDeductionPrediction.API)'
2026-08-26 12:43:22.773 +05:30 [INF] Route matched with {action = "GetUsers", controller = "User"}. Executing controller action with signature System.Threading.Tasks.Task`1[Microsoft.AspNetCore.Mvc.IActionResult] GetUsers() on controller LoanDeductionPrediction.API.Controllers.UserController (LoanDeductionPrediction.API).
2026-08-26 12:43:22.898 +05:30 [INF] Executed DbCommand (19ms) [Parameters=[], CommandType='"Text"', CommandTimeout='30']
SELECT [u].[UserId], [u].[FullName], [u].[Email], [u].[Role], [u].[IsActive], [u].[CreatedAt]
FROM [Users] AS [u]
ORDER BY [u].[UserId]
2026-08-26 12:43:22.906 +05:30 [INF] Executing OkObjectResult, writing value of type 'System.Collections.Generic.List`1[[<>f__AnonymousType15`6[[System.Int32, System.Private.CoreLib, Version=10.0.0.0, Culture=neutral, PublicKeyToken=7cec85d7bea7798e],[System.String, System.Private.CoreLib, Version=10.0.0.0, Culture=neutral, PublicKeyToken=7cec85d7bea7798e],[System.String, System.Private.CoreLib, Version=10.0.0.0, Culture=neutral, PublicKeyToken=7cec85d7bea7798e],[System.String, System.Private.CoreLib, Version=10.0.0.0, Culture=neutral, PublicKeyToken=7cec85d7bea7798e],[System.Boolean, System.Private.CoreLib, Version=10.0.0.0, Culture=neutral, PublicKeyToken=7cec85d7bea7798e],[System.DateTime, System.Private.CoreLib, Version=10.0.0.0, Culture=neutral, PublicKeyToken=7cec85d7bea7798e]], LoanDeductionPrediction.API, Version=1.0.0.0, Culture=neutral, PublicKeyToken=null]]'.
2026-08-26 12:43:22.911 +05:30 [INF] Executed action LoanDeductionPrediction.API.Controllers.UserController.GetUsers (LoanDeductionPrediction.API) in 116.6279ms
2026-08-26 12:43:22.916 +05:30 [INF] Executed endpoint 'LoanDeductionPrediction.API.Controllers.UserController.GetUsers (LoanDeductionPrediction.API)'
2026-08-26 12:43:22.919 +05:30 [INF] HTTP GET /api/User responded 200 in 205.8433 ms
2026-08-26 12:43:22.925 +05:30 [INF] Request finished HTTP/1.1 GET http://localhost:5082/api/User - 200 null application/json; charset=utf-8 229.9187ms
2026-08-26 12:45:41.859 +05:30 [INF] Request starting HTTP/1.1 POST http://localhost:5082/api/Loan - application/json 148
2026-08-26 12:45:41.892 +05:30 [INF] CORS policy execution successful.
2026-08-26 12:45:41.924 +05:30 [INF] Executing endpoint 'LoanDeductionPrediction.API.Controllers.LoanController.Create (LoanDeductionPrediction.API)'
2026-08-26 12:45:41.949 +05:30 [INF] Route matched with {action = "Create", controller = "Loan"}. Executing controller action with signature System.Threading.Tasks.Task`1[Microsoft.AspNetCore.Mvc.IActionResult] Create(LoanDeductionPrediction.Models.DTOs.CreateLoanRequest) on controller LoanDeductionPrediction.API.Controllers.LoanController (LoanDeductionPrediction.API).
2026-08-26 12:45:42.181 +05:30 [INF] Executed DbCommand (37ms) [Parameters=[@userId='?' (DbType = Int32)], CommandType='"Text"', CommandTimeout='30']
SELECT TOP(1) [u].[UserId], [u].[CreatedAt], [u].[Email], [u].[FullName], [u].[IsActive], [u].[PasswordHash], [u].[Role]
FROM [Users] AS [u]
WHERE [u].[UserId] = @userId
2026-08-26 12:45:42.190 +05:30 [INF] Executed DbCommand (1ms) [Parameters=[@userId='?' (DbType = Int32)], CommandType='"Text"', CommandTimeout='30']
SELECT TOP(1) [u].[UserId], [u].[CreatedAt], [u].[Email], [u].[FullName], [u].[IsActive], [u].[PasswordHash], [u].[Role]
FROM [Users] AS [u]
WHERE [u].[UserId] = @userId
2026-08-26 12:45:42.351 +05:30 [INF] Executed DbCommand (25ms) [Parameters=[@p0='?' (DbType = Int32), @p1='?' (DbType = DateTime2), @p2='?' (Precision = 18) (Scale = 2) (DbType = Decimal), @p3='?' (DbType = Date), @p4='?' (Precision = 5) (Scale = 2) (DbType = Decimal), @p5='?' (DbType = Int32), @p6='?' (Precision = 18) (Scale = 2) (DbType = Decimal), @p7='?' (Precision = 18) (Scale = 2) (DbType = Decimal), @p8='?' (DbType = Date), @p9='?' (Size = 30), @p10='?' (DbType = Int32)], CommandType='"Text"', CommandTimeout='30']
SET IMPLICIT_TRANSACTIONS OFF;
SET NOCOUNT ON;
INSERT INTO [LoanAccounts] ([BorrowerId], [CreatedAt], [EMIAmount], [EndDate], [InterestRate], [LoanOfficerId], [OutstandingAmount], [PrincipalAmount], [StartDate], [Status], [TenureMonths])
OUTPUT INSERTED.[LoanId]
VALUES (@p0, @p1, @p2, @p3, @p4, @p5, @p6, @p7, @p8, @p9, @p10);
2026-08-26 12:45:42.432 +05:30 [INF] Executing CreatedAtActionResult, writing value of type 'LoanDeductionPrediction.Models.DTOs.LoanDto'.
2026-08-26 12:45:42.502 +05:30 [INF] Executed action LoanDeductionPrediction.API.Controllers.LoanController.Create (LoanDeductionPrediction.API) in 542.1416ms
2026-08-26 12:45:42.532 +05:30 [INF] Executed endpoint 'LoanDeductionPrediction.API.Controllers.LoanController.Create (LoanDeductionPrediction.API)'
2026-08-26 12:45:42.546 +05:30 [INF] HTTP POST /api/Loan responded 201 in 654.3643 ms
2026-08-26 12:45:42.565 +05:30 [INF] Request finished HTTP/1.1 POST http://localhost:5082/api/Loan - 201 null application/json; charset=utf-8 706.0307ms
2026-08-26 12:46:20.792 +05:30 [INF] Request starting HTTP/1.1 GET http://localhost:5082/api/PaymentBehavior/loan/12 - null null
2026-08-26 12:46:20.890 +05:30 [INF] Executing endpoint 'LoanDeductionPrediction.API.Controllers.PaymentBehaviorController.GetLoanBehavior (LoanDeductionPrediction.API)'
2026-08-26 12:46:20.912 +05:30 [INF] Route matched with {action = "GetLoanBehavior", controller = "PaymentBehavior"}. Executing controller action with signature System.Threading.Tasks.Task`1[Microsoft.AspNetCore.Mvc.IActionResult] GetLoanBehavior(Int32) on controller LoanDeductionPrediction.API.Controllers.PaymentBehaviorController (LoanDeductionPrediction.API).
2026-08-26 12:46:21.012 +05:30 [INF] Executed DbCommand (17ms) [Parameters=[@loanId='?' (DbType = Int32)], CommandType='"Text"', CommandTimeout='30']
SELECT TOP(1) [l].[LoanId], [l].[BorrowerId], [l].[CreatedAt], [l].[EMIAmount], [l].[EndDate], [l].[InterestRate], [l].[LoanOfficerId], [l].[OutstandingAmount], [l].[PrincipalAmount], [l].[StartDate], [l].[Status], [l].[TenureMonths]
FROM [LoanAccounts] AS [l]
WHERE [l].[LoanId] = @loanId
2026-08-26 12:46:21.028 +05:30 [INF] Executed DbCommand (1ms) [Parameters=[@loanId='?' (DbType = Int32)], CommandType='"Text"', CommandTimeout='30']
SELECT TOP(1) [l].[LoanId], [l].[BorrowerId], [l].[CreatedAt], [l].[EMIAmount], [l].[EndDate], [l].[InterestRate], [l].[LoanOfficerId], [l].[OutstandingAmount], [l].[PrincipalAmount], [l].[StartDate], [l].[Status], [l].[TenureMonths]
FROM [LoanAccounts] AS [l]
WHERE [l].[LoanId] = @loanId
2026-08-26 12:46:21.194 +05:30 [INF] Executed DbCommand (85ms) [Parameters=[@loanId='?' (DbType = Int32)], CommandType='"Text"', CommandTimeout='30']
SELECT [p].[BehaviorLogId], [p].[BorrowerId], [p].[DaysLate], [p].[DueDate], [p].[LoanId], [p].[PaymentDate], [p].[PaymentStatus], [p].[RecordedAt], [p].[ScheduleId]
FROM [PaymentBehaviorLogs] AS [p]
WHERE [p].[LoanId] = @loanId
ORDER BY [p].[DueDate]
2026-08-26 12:46:21.242 +05:30 [INF] Executing OkObjectResult, writing value of type 'System.Collections.Generic.List`1[[<>f__AnonymousType7`9[[System.Int32, System.Private.CoreLib, Version=10.0.0.0, Culture=neutral, PublicKeyToken=7cec85d7bea7798e],[System.Int32, System.Private.CoreLib, Version=10.0.0.0, Culture=neutral, PublicKeyToken=7cec85d7bea7798e],[System.Int32, System.Private.CoreLib, Version=10.0.0.0, Culture=neutral, PublicKeyToken=7cec85d7bea7798e],[System.Int32, System.Private.CoreLib, Version=10.0.0.0, Culture=neutral, PublicKeyToken=7cec85d7bea7798e],[System.DateOnly, System.Private.CoreLib, Version=10.0.0.0, Culture=neutral, PublicKeyToken=7cec85d7bea7798e],[System.Nullable`1[[System.DateOnly, System.Private.CoreLib, Version=10.0.0.0, Culture=neutral, PublicKeyToken=7cec85d7bea7798e]], System.Private.CoreLib, Version=10.0.0.0, Culture=neutral, PublicKeyToken=7cec85d7bea7798e],[System.Int32, System.Private.CoreLib, Version=10.0.0.0, Culture=neutral, PublicKeyToken=7cec85d7bea7798e],[System.String, System.Private.CoreLib, Version=10.0.0.0, Culture=neutral, PublicKeyToken=7cec85d7bea7798e],[System.DateTime, System.Private.CoreLib, Version=10.0.0.0, Culture=neutral, PublicKeyToken=7cec85d7bea7798e]], LoanDeductionPrediction.API, Version=1.0.0.0, Culture=neutral, PublicKeyToken=null]]'.
2026-08-26 12:46:21.281 +05:30 [INF] Executed action LoanDeductionPrediction.API.Controllers.PaymentBehaviorController.GetLoanBehavior (LoanDeductionPrediction.API) in 355.6461ms
2026-08-26 12:46:21.284 +05:30 [INF] Executed endpoint 'LoanDeductionPrediction.API.Controllers.PaymentBehaviorController.GetLoanBehavior (LoanDeductionPrediction.API)'
2026-08-26 12:46:21.288 +05:30 [INF] HTTP GET /api/PaymentBehavior/loan/12 responded 200 in 399.1686 ms
2026-08-26 12:46:21.300 +05:30 [INF] Request finished HTTP/1.1 GET http://localhost:5082/api/PaymentBehavior/loan/12 - 200 null application/json; charset=utf-8 508.1122ms
2026-08-26 12:46:57.016 +05:30 [INF] Request starting HTTP/1.1 POST http://localhost:5082/api/RepaymentSchedule/generate/12 - null 0
2026-08-26 12:46:57.032 +05:30 [INF] CORS policy execution successful.
2026-08-26 12:46:57.054 +05:30 [INF] Executing endpoint 'LoanDeductionPrediction.API.Controllers.RepaymentScheduleController.GenerateSchedule (LoanDeductionPrediction.API)'
2026-08-26 12:46:57.092 +05:30 [INF] Route matched with {action = "GenerateSchedule", controller = "RepaymentSchedule"}. Executing controller action with signature System.Threading.Tasks.Task`1[Microsoft.AspNetCore.Mvc.IActionResult] GenerateSchedule(Int32) on controller LoanDeductionPrediction.API.Controllers.RepaymentScheduleController (LoanDeductionPrediction.API).
2026-08-26 12:46:57.128 +05:30 [INF] Executed DbCommand (4ms) [Parameters=[@loanId='?' (DbType = Int32)], CommandType='"Text"', CommandTimeout='30']
SELECT TOP(1) [l].[LoanId], [l].[BorrowerId], [l].[CreatedAt], [l].[EMIAmount], [l].[EndDate], [l].[InterestRate], [l].[LoanOfficerId], [l].[OutstandingAmount], [l].[PrincipalAmount], [l].[StartDate], [l].[Status], [l].[TenureMonths]
FROM [LoanAccounts] AS [l]
WHERE [l].[LoanId] = @loanId
2026-08-26 12:46:57.154 +05:30 [INF] Executed DbCommand (4ms) [Parameters=[@loanId='?' (DbType = Int32)], CommandType='"Text"', CommandTimeout='30']
SELECT TOP(1) [l].[LoanId], [l].[BorrowerId], [l].[CreatedAt], [l].[EMIAmount], [l].[EndDate], [l].[InterestRate], [l].[LoanOfficerId], [l].[OutstandingAmount], [l].[PrincipalAmount], [l].[StartDate], [l].[Status], [l].[TenureMonths]
FROM [LoanAccounts] AS [l]
WHERE [l].[LoanId] = @loanId
2026-08-26 12:46:57.221 +05:30 [INF] Executed DbCommand (8ms) [Parameters=[@loanId='?' (DbType = Int32)], CommandType='"Text"', CommandTimeout='30']
SELECT CASE
    WHEN EXISTS (
        SELECT 1
        FROM [RepaymentSchedules] AS [r]
        WHERE [r].[LoanId] = @loanId) THEN CAST(1 AS bit)
    ELSE CAST(0 AS bit)
END
2026-08-26 12:46:57.349 +05:30 [INF] Executed DbCommand (68ms) [Parameters=[@p0='?' (DbType = Date), @p1='?' (Precision = 18) (Scale = 2) (DbType = Decimal), @p2='?' (DbType = Int32), @p3='?' (Precision = 18) (Scale = 2) (DbType = Decimal), @p4='?' (DbType = Int32), @p5='?' (Precision = 18) (Scale = 2) (DbType = Decimal), @p6='?' (DbType = Date), @p7='?' (Precision = 18) (Scale = 2) (DbType = Decimal), @p8='?' (Size = 30), @p9='?' (DbType = Date), @p10='?' (Precision = 18) (Scale = 2) (DbType = Decimal), @p11='?' (DbType = Int32), @p12='?' (Precision = 18) (Scale = 2) (DbType = Decimal), @p13='?' (DbType = Int32), @p14='?' (Precision = 18) (Scale = 2) (DbType = Decimal), @p15='?' (DbType = Date), @p16='?' (Precision = 18) (Scale = 2) (DbType = Decimal), @p17='?' (Size = 30), @p18='?' (DbType = Date), @p19='?' (Precision = 18) (Scale = 2) (DbType = Decimal), @p20='?' (DbType = Int32), @p21='?' (Precision = 18) (Scale = 2) (DbType = Decimal), @p22='?' (DbType = Int32), @p23='?' (Precision = 18) (Scale = 2) (DbType = Decimal), @p24='?' (DbType = Date), @p25='?' (Precision = 18) (Scale = 2) (DbType = Decimal), @p26='?' (Size = 30), @p27='?' (DbType = Date), @p28='?' (Precision = 18) (Scale = 2) (DbType = Decimal), @p29='?' (DbType = Int32), @p30='?' (Precision = 18) (Scale = 2) (DbType = Decimal), @p31='?' (DbType = Int32), @p32='?' (Precision = 18) (Scale = 2) (DbType = Decimal), @p33='?' (DbType = Date), @p34='?' (Precision = 18) (Scale = 2) (DbType = Decimal), @p35='?' (Size = 30), @p36='?' (DbType = Date), @p37='?' (Precision = 18) (Scale = 2) (DbType = Decimal), @p38='?' (DbType = Int32), @p39='?' (Precision = 18) (Scale = 2) (DbType = Decimal), @p40='?' (DbType = Int32), @p41='?' (Precision = 18) (Scale = 2) (DbType = Decimal), @p42='?' (DbType = Date), @p43='?' (Precision = 18) (Scale = 2) (DbType = Decimal), @p44='?' (Size = 30), @p45='?' (DbType = Date), @p46='?' (Precision = 18) (Scale = 2) (DbType = Decimal), @p47='?' (DbType = Int32), @p48='?' (Precision = 18) (Scale = 2) (DbType = Decimal), @p49='?' (DbType = Int32), @p50='?' (Precision = 18) (Scale = 2) (DbType = Decimal), @p51='?' (DbType = Date), @p52='?' (Precision = 18) (Scale = 2) (DbType = Decimal), @p53='?' (Size = 30), @p54='?' (DbType = Date), @p55='?' (Precision = 18) (Scale = 2) (DbType = Decimal), @p56='?' (DbType = Int32), @p57='?' (Precision = 18) (Scale = 2) (DbType = Decimal), @p58='?' (DbType = Int32), @p59='?' (Precision = 18) (Scale = 2) (DbType = Decimal), @p60='?' (DbType = Date), @p61='?' (Precision = 18) (Scale = 2) (DbType = Decimal), @p62='?' (Size = 30), @p63='?' (DbType = Date), @p64='?' (Precision = 18) (Scale = 2) (DbType = Decimal), @p65='?' (DbType = Int32), @p66='?' (Precision = 18) (Scale = 2) (DbType = Decimal), @p67='?' (DbType = Int32), @p68='?' (Precision = 18) (Scale = 2) (DbType = Decimal), @p69='?' (DbType = Date), @p70='?' (Precision = 18) (Scale = 2) (DbType = Decimal), @p71='?' (Size = 30), @p72='?' (DbType = Date), @p73='?' (Precision = 18) (Scale = 2) (DbType = Decimal), @p74='?' (DbType = Int32), @p75='?' (Precision = 18) (Scale = 2) (DbType = Decimal), @p76='?' (DbType = Int32), @p77='?' (Precision = 18) (Scale = 2) (DbType = Decimal), @p78='?' (DbType = Date), @p79='?' (Precision = 18) (Scale = 2) (DbType = Decimal), @p80='?' (Size = 30), @p81='?' (DbType = Date), @p82='?' (Precision = 18) (Scale = 2) (DbType = Decimal), @p83='?' (DbType = Int32), @p84='?' (Precision = 18) (Scale = 2) (DbType = Decimal), @p85='?' (DbType = Int32), @p86='?' (Precision = 18) (Scale = 2) (DbType = Decimal), @p87='?' (DbType = Date), @p88='?' (Precision = 18) (Scale = 2) (DbType = Decimal), @p89='?' (Size = 30), @p90='?' (DbType = Date), @p91='?' (Precision = 18) (Scale = 2) (DbType = Decimal), @p92='?' (DbType = Int32), @p93='?' (Precision = 18) (Scale = 2) (DbType = Decimal), @p94='?' (DbType = Int32), @p95='?' (Precision = 18) (Scale = 2) (DbType = Decimal), @p96='?' (DbType = Date), @p97='?' (Precision = 18) (Scale = 2) (DbType = Decimal), @p98='?' (Size = 30), @p99='?' (DbType = Date), @p100='?' (Precision = 18) (Scale = 2) (DbType = Decimal), @p101='?' (DbType = Int32), @p102='?' (Precision = 18) (Scale = 2) (DbType = Decimal), @p103='?' (DbType = Int32), @p104='?' (Precision = 18) (Scale = 2) (DbType = Decimal), @p105='?' (DbType = Date), @p106='?' (Precision = 18) (Scale = 2) (DbType = Decimal), @p107='?' (Size = 30)], CommandType='"Text"', CommandTimeout='30']
SET IMPLICIT_TRANSACTIONS OFF;
SET NOCOUNT ON;
MERGE [RepaymentSchedules] USING (
VALUES (@p0, @p1, @p2, @p3, @p4, @p5, @p6, @p7, @p8, 0),
(@p9, @p10, @p11, @p12, @p13, @p14, @p15, @p16, @p17, 1),
(@p18, @p19, @p20, @p21, @p22, @p23, @p24, @p25, @p26, 2),
(@p27, @p28, @p29, @p30, @p31, @p32, @p33, @p34, @p35, 3),
(@p36, @p37, @p38, @p39, @p40, @p41, @p42, @p43, @p44, 4),
(@p45, @p46, @p47, @p48, @p49, @p50, @p51, @p52, @p53, 5),
(@p54, @p55, @p56, @p57, @p58, @p59, @p60, @p61, @p62, 6),
(@p63, @p64, @p65, @p66, @p67, @p68, @p69, @p70, @p71, 7),
(@p72, @p73, @p74, @p75, @p76, @p77, @p78, @p79, @p80, 8),
(@p81, @p82, @p83, @p84, @p85, @p86, @p87, @p88, @p89, 9),
(@p90, @p91, @p92, @p93, @p94, @p95, @p96, @p97, @p98, 10),
(@p99, @p100, @p101, @p102, @p103, @p104, @p105, @p106, @p107, 11)) AS i ([DueDate], [EMIAmount], [InstallmentNumber], [InterestAmount], [LoanId], [PaidAmount], [PaidDate], [PrincipalAmount], [Status], _Position) ON 1=0
WHEN NOT MATCHED THEN
INSERT ([DueDate], [EMIAmount], [InstallmentNumber], [InterestAmount], [LoanId], [PaidAmount], [PaidDate], [PrincipalAmount], [Status])
VALUES (i.[DueDate], i.[EMIAmount], i.[InstallmentNumber], i.[InterestAmount], i.[LoanId], i.[PaidAmount], i.[PaidDate], i.[PrincipalAmount], i.[Status])
OUTPUT INSERTED.[ScheduleId], i._Position;
2026-08-26 12:46:57.438 +05:30 [INF] Executing OkObjectResult, writing value of type '<>f__AnonymousType10`5[[System.String, System.Private.CoreLib, Version=10.0.0.0, Culture=neutral, PublicKeyToken=7cec85d7bea7798e],[System.Int32, System.Private.CoreLib, Version=10.0.0.0, Culture=neutral, PublicKeyToken=7cec85d7bea7798e],[System.Int32, System.Private.CoreLib, Version=10.0.0.0, Culture=neutral, PublicKeyToken=7cec85d7bea7798e],[System.Decimal, System.Private.CoreLib, Version=10.0.0.0, Culture=neutral, PublicKeyToken=7cec85d7bea7798e],[System.Collections.Generic.List`1[[LoanDeductionPrediction.Models.DTOs.RepaymentScheduleDto, LoanDeductionPrediction.Models, Version=1.0.0.0, Culture=neutral, PublicKeyToken=null]], System.Private.CoreLib, Version=10.0.0.0, Culture=neutral, PublicKeyToken=7cec85d7bea7798e]]'.
2026-08-26 12:46:57.456 +05:30 [INF] Executed action LoanDeductionPrediction.API.Controllers.RepaymentScheduleController.GenerateSchedule (LoanDeductionPrediction.API) in 346.67ms
2026-08-26 12:46:57.459 +05:30 [INF] Executed endpoint 'LoanDeductionPrediction.API.Controllers.RepaymentScheduleController.GenerateSchedule (LoanDeductionPrediction.API)'
2026-08-26 12:46:57.460 +05:30 [INF] HTTP POST /api/RepaymentSchedule/generate/12 responded 200 in 431.8029 ms
2026-08-26 12:46:57.476 +05:30 [INF] Request finished HTTP/1.1 POST http://localhost:5082/api/RepaymentSchedule/generate/12 - 200 null application/json; charset=utf-8 460.4725ms
2026-08-26 12:48:50.755 +05:30 [INF] Request starting HTTP/1.1 PUT http://localhost:5082/api/RepaymentSchedule/181/payment - application/json 59
2026-08-26 12:48:50.789 +05:30 [INF] CORS policy execution successful.
2026-08-26 12:48:50.816 +05:30 [INF] Authorization failed. These requirements were not met:
RolesAuthorizationRequirement:User.IsInRole must be true for one of the following roles: (LoanOfficer|Borrower)
2026-08-26 12:48:50.838 +05:30 [INF] AuthenticationScheme: Bearer was forbidden.
2026-08-26 12:48:50.843 +05:30 [INF] HTTP PUT /api/RepaymentSchedule/181/payment responded 403 in 53.7222 ms
2026-08-26 12:48:50.856 +05:30 [INF] Request finished HTTP/1.1 PUT http://localhost:5082/api/RepaymentSchedule/181/payment - 403 0 null 100.2745ms
2026-08-26 12:50:02.324 +05:30 [INF] Request starting HTTP/1.1 POST http://localhost:5082/api/Auth/login - application/json 64
2026-08-26 12:50:02.356 +05:30 [INF] CORS policy execution successful.
2026-08-26 12:50:02.367 +05:30 [INF] Executing endpoint 'LoanDeductionPrediction.API.Controllers.AuthController.Login (LoanDeductionPrediction.API)'
2026-08-26 12:50:02.386 +05:30 [INF] Route matched with {action = "Login", controller = "Auth"}. Executing controller action with signature System.Threading.Tasks.Task`1[Microsoft.AspNetCore.Mvc.IActionResult] Login(LoanDeductionPrediction.Models.DTOs.LoginRequest) on controller LoanDeductionPrediction.API.Controllers.AuthController (LoanDeductionPrediction.API).
2026-08-26 12:50:02.465 +05:30 [INF] Executed DbCommand (29ms) [Parameters=[@email='?' (Size = 150)], CommandType='"Text"', CommandTimeout='30']
SELECT TOP(1) [u].[UserId], [u].[CreatedAt], [u].[Email], [u].[FullName], [u].[IsActive], [u].[PasswordHash], [u].[Role]
FROM [Users] AS [u]
WHERE [u].[Email] = @email
2026-08-26 12:50:03.002 +05:30 [INF] Executing UnauthorizedObjectResult, writing value of type '<>f__AnonymousType0`1[[System.String, System.Private.CoreLib, Version=10.0.0.0, Culture=neutral, PublicKeyToken=7cec85d7bea7798e]]'.
2026-08-26 12:50:03.011 +05:30 [INF] Executed action LoanDeductionPrediction.API.Controllers.AuthController.Login (LoanDeductionPrediction.API) in 587.1492ms
2026-08-26 12:50:03.027 +05:30 [INF] Executed endpoint 'LoanDeductionPrediction.API.Controllers.AuthController.Login (LoanDeductionPrediction.API)'
2026-08-26 12:50:03.042 +05:30 [INF] HTTP POST /api/Auth/login responded 401 in 685.9731 ms
2026-08-26 12:50:03.076 +05:30 [INF] Request finished HTTP/1.1 POST http://localhost:5082/api/Auth/login - 401 null application/json; charset=utf-8 751.7533ms
2026-08-26 12:50:38.067 +05:30 [INF] Request starting HTTP/1.1 POST http://localhost:5082/api/Auth/login - application/json 63
2026-08-26 12:50:38.081 +05:30 [INF] CORS policy execution successful.
2026-08-26 12:50:38.106 +05:30 [INF] Executing endpoint 'LoanDeductionPrediction.API.Controllers.AuthController.Login (LoanDeductionPrediction.API)'
2026-08-26 12:50:38.123 +05:30 [INF] Route matched with {action = "Login", controller = "Auth"}. Executing controller action with signature System.Threading.Tasks.Task`1[Microsoft.AspNetCore.Mvc.IActionResult] Login(LoanDeductionPrediction.Models.DTOs.LoginRequest) on controller LoanDeductionPrediction.API.Controllers.AuthController (LoanDeductionPrediction.API).
2026-08-26 12:50:38.168 +05:30 [INF] Executed DbCommand (8ms) [Parameters=[@email='?' (Size = 150)], CommandType='"Text"', CommandTimeout='30']
SELECT TOP(1) [u].[UserId], [u].[CreatedAt], [u].[Email], [u].[FullName], [u].[IsActive], [u].[PasswordHash], [u].[Role]
FROM [Users] AS [u]
WHERE [u].[Email] = @email
2026-08-26 12:50:38.440 +05:30 [INF] Executed DbCommand (10ms) [Parameters=[@p0='?' (DbType = DateTime2), @p1='?' (DbType = DateTime2), @p2='?' (DbType = Boolean), @p3='?' (DbType = DateTime2), @p4='?' (Size = 500), @p5='?' (DbType = Int32)], CommandType='"Text"', CommandTimeout='30']
SET IMPLICIT_TRANSACTIONS OFF;
SET NOCOUNT ON;
INSERT INTO [RefreshTokens] ([CreatedAt], [ExpiresAt], [IsRevoked], [RevokedAt], [Token], [UserId])
OUTPUT INSERTED.[RefreshTokenId]
VALUES (@p0, @p1, @p2, @p3, @p4, @p5);
2026-08-26 12:50:38.446 +05:30 [INF] Executing OkObjectResult, writing value of type 'LoanDeductionPrediction.Models.DTOs.LoginResponse'.
2026-08-26 12:50:38.453 +05:30 [INF] Executed action LoanDeductionPrediction.API.Controllers.AuthController.Login (LoanDeductionPrediction.API) in 305.1475ms
2026-08-26 12:50:38.457 +05:30 [INF] Executed endpoint 'LoanDeductionPrediction.API.Controllers.AuthController.Login (LoanDeductionPrediction.API)'
2026-08-26 12:50:38.459 +05:30 [INF] HTTP POST /api/Auth/login responded 200 in 378.0985 ms
2026-08-26 12:50:38.464 +05:30 [INF] Request finished HTTP/1.1 POST http://localhost:5082/api/Auth/login - 200 null application/json; charset=utf-8 396.6018ms
2026-08-26 12:51:27.409 +05:30 [INF] Request starting HTTP/1.1 PUT http://localhost:5082/api/RepaymentSchedule/181/payment - application/json 59
2026-08-26 12:51:27.419 +05:30 [INF] CORS policy execution successful.
2026-08-26 12:51:27.450 +05:30 [INF] Executing endpoint 'LoanDeductionPrediction.API.Controllers.RepaymentScheduleController.RecordPayment (LoanDeductionPrediction.API)'
2026-08-26 12:51:27.506 +05:30 [INF] Route matched with {action = "RecordPayment", controller = "RepaymentSchedule"}. Executing controller action with signature System.Threading.Tasks.Task`1[Microsoft.AspNetCore.Mvc.IActionResult] RecordPayment(Int32, LoanDeductionPrediction.Models.DTOs.RecordPaymentRequest) on controller LoanDeductionPrediction.API.Controllers.RepaymentScheduleController (LoanDeductionPrediction.API).
2026-08-26 12:51:27.569 +05:30 [INF] Executed DbCommand (9ms) [Parameters=[@scheduleId='?' (DbType = Int32)], CommandType='"Text"', CommandTimeout='30']
SELECT TOP(1) [r].[ScheduleId], [r].[DueDate], [r].[EMIAmount], [r].[InstallmentNumber], [r].[InterestAmount], [r].[LoanId], [r].[PaidAmount], [r].[PaidDate], [r].[PrincipalAmount], [r].[Status]
FROM [RepaymentSchedules] AS [r]
WHERE [r].[ScheduleId] = @scheduleId
2026-08-26 12:51:27.590 +05:30 [INF] Executed DbCommand (3ms) [Parameters=[@loanId='?' (DbType = Int32)], CommandType='"Text"', CommandTimeout='30']
SELECT TOP(1) [l].[LoanId], [l].[BorrowerId], [l].[CreatedAt], [l].[EMIAmount], [l].[EndDate], [l].[InterestRate], [l].[LoanOfficerId], [l].[OutstandingAmount], [l].[PrincipalAmount], [l].[StartDate], [l].[Status], [l].[TenureMonths]
FROM [LoanAccounts] AS [l]
WHERE [l].[LoanId] = @loanId
2026-08-26 12:51:27.618 +05:30 [INF] Executed DbCommand (1ms) [Parameters=[@scheduleId='?' (DbType = Int32)], CommandType='"Text"', CommandTimeout='30']
SELECT TOP(1) [r].[ScheduleId], [r].[DueDate], [r].[EMIAmount], [r].[InstallmentNumber], [r].[InterestAmount], [r].[LoanId], [r].[PaidAmount], [r].[PaidDate], [r].[PrincipalAmount], [r].[Status]
FROM [RepaymentSchedules] AS [r]
WHERE [r].[ScheduleId] = @scheduleId
2026-08-26 12:51:27.625 +05:30 [INF] Executed DbCommand (1ms) [Parameters=[@loanId='?' (DbType = Int32)], CommandType='"Text"', CommandTimeout='30']
SELECT TOP(1) [l].[LoanId], [l].[BorrowerId], [l].[CreatedAt], [l].[EMIAmount], [l].[EndDate], [l].[InterestRate], [l].[LoanOfficerId], [l].[OutstandingAmount], [l].[PrincipalAmount], [l].[StartDate], [l].[Status], [l].[TenureMonths]
FROM [LoanAccounts] AS [l]
WHERE [l].[LoanId] = @loanId
2026-08-26 12:51:27.819 +05:30 [INF] Executed DbCommand (32ms) [Parameters=[@scheduleId='?' (DbType = Int32)], CommandType='"Text"', CommandTimeout='30']
SELECT TOP(1) [p].[BehaviorLogId], [p].[BorrowerId], [p].[DaysLate], [p].[DueDate], [p].[LoanId], [p].[PaymentDate], [p].[PaymentStatus], [p].[RecordedAt], [p].[ScheduleId]
FROM [PaymentBehaviorLogs] AS [p]
WHERE [p].[ScheduleId] = @scheduleId
2026-08-26 12:51:27.868 +05:30 [WRN] Savepoints are disabled because Multiple Active Result Sets (MARS) is enabled. If 'SaveChanges' fails, then the transaction cannot be automatically rolled back to a known clean state. Instead, the transaction should be rolled back by the application before retrying 'SaveChanges'. See https://go.microsoft.com/fwlink/?linkid=2149338 for more information and examples. To identify the code which triggers this warning, call 'ConfigureWarnings(w => w.Throw(SqlServerEventId.SavepointsDisabledBecauseOfMARS))'.
2026-08-26 12:51:27.895 +05:30 [INF] Executed DbCommand (25ms) [Parameters=[@p11='?' (DbType = Int32), @p0='?' (DbType = Int32), @p1='?' (DbType = DateTime2), @p2='?' (Precision = 18) (Scale = 2) (DbType = Decimal), @p3='?' (DbType = Date), @p4='?' (Precision = 5) (Scale = 2) (DbType = Decimal), @p5='?' (DbType = Int32), @p6='?' (Precision = 18) (Scale = 2) (DbType = Decimal), @p7='?' (Precision = 18) (Scale = 2) (DbType = Decimal), @p8='?' (DbType = Date), @p9='?' (Size = 30), @p10='?' (DbType = Int32), @p12='?' (DbType = Int32), @p13='?' (DbType = Int32), @p14='?' (DbType = Date), @p15='?' (DbType = Int32), @p16='?' (DbType = Date), @p17='?' (Size = 30), @p18='?' (DbType = DateTime2), @p19='?' (DbType = Int32), @p29='?' (DbType = Int32), @p20='?' (DbType = Date), @p21='?' (Precision = 18) (Scale = 2) (DbType = Decimal), @p22='?' (DbType = Int32), @p23='?' (Precision = 18) (Scale = 2) (DbType = Decimal), @p24='?' (DbType = Int32), @p25='?' (Precision = 18) (Scale = 2) (DbType = Decimal), @p26='?' (DbType = Date), @p27='?' (Precision = 18) (Scale = 2) (DbType = Decimal), @p28='?' (Size = 30)], CommandType='"Text"', CommandTimeout='30']
SET NOCOUNT ON;
UPDATE [LoanAccounts] SET [BorrowerId] = @p0, [CreatedAt] = @p1, [EMIAmount] = @p2, [EndDate] = @p3, [InterestRate] = @p4, [LoanOfficerId] = @p5, [OutstandingAmount] = @p6, [PrincipalAmount] = @p7, [StartDate] = @p8, [Status] = @p9, [TenureMonths] = @p10
OUTPUT 1
WHERE [LoanId] = @p11;
INSERT INTO [PaymentBehaviorLogs] ([BorrowerId], [DaysLate], [DueDate], [LoanId], [PaymentDate], [PaymentStatus], [RecordedAt], [ScheduleId])
OUTPUT INSERTED.[BehaviorLogId]
VALUES (@p12, @p13, @p14, @p15, @p16, @p17, @p18, @p19);
UPDATE [RepaymentSchedules] SET [DueDate] = @p20, [EMIAmount] = @p21, [InstallmentNumber] = @p22, [InterestAmount] = @p23, [LoanId] = @p24, [PaidAmount] = @p25, [PaidDate] = @p26, [PrincipalAmount] = @p27, [Status] = @p28
OUTPUT 1
WHERE [ScheduleId] = @p29;
2026-08-26 12:51:27.941 +05:30 [INF] Executing OkObjectResult, writing value of type '<>f__AnonymousType12`2[[System.String, System.Private.CoreLib, Version=10.0.0.0, Culture=neutral, PublicKeyToken=7cec85d7bea7798e],[LoanDeductionPrediction.Models.DTOs.RepaymentScheduleDto, LoanDeductionPrediction.Models, Version=1.0.0.0, Culture=neutral, PublicKeyToken=null]]'.
2026-08-26 12:51:27.947 +05:30 [INF] Executed action LoanDeductionPrediction.API.Controllers.RepaymentScheduleController.RecordPayment (LoanDeductionPrediction.API) in 427.3707ms
2026-08-26 12:51:27.951 +05:30 [INF] Executed endpoint 'LoanDeductionPrediction.API.Controllers.RepaymentScheduleController.RecordPayment (LoanDeductionPrediction.API)'
2026-08-26 12:51:27.953 +05:30 [INF] HTTP PUT /api/RepaymentSchedule/181/payment responded 200 in 534.0847 ms
2026-08-26 12:51:27.960 +05:30 [INF] Request finished HTTP/1.1 PUT http://localhost:5082/api/RepaymentSchedule/181/payment - 200 null application/json; charset=utf-8 550.6945ms
2026-08-26 12:54:16.295 +05:30 [INF] Application is shutting down...
2026-08-26 12:54:31.323 +05:30 [INF] Executed DbCommand (19ms) [Parameters=[], CommandType='"Text"', CommandTimeout='30']
SELECT CASE
    WHEN EXISTS (
        SELECT 1
        FROM [Users] AS [u]
        WHERE [u].[Role] = N'Admin') THEN CAST(1 AS bit)
    ELSE CAST(0 AS bit)
END
2026-08-26 12:54:31.443 +05:30 [INF] User profile is available. Using 'C:\Users\thang\AppData\Local\ASP.NET\DataProtection-Keys' as key repository and Windows DPAPI to encrypt keys at rest.
2026-08-26 12:54:31.450 +05:30 [INF] Payment Behavior Background Service started.
2026-08-26 12:54:31.504 +05:30 [INF] Now listening on: http://localhost:5082
2026-08-26 12:54:31.505 +05:30 [INF] Application started. Press Ctrl+C to shut down.
2026-08-26 12:54:31.507 +05:30 [INF] Hosting environment: Development
2026-08-26 12:54:31.509 +05:30 [INF] Content root path: C:\Users\thang\OneDrive\Documents\React Projects\LoanDeductionPrediction\LoanDeductionPrediction.API
2026-08-26 12:54:31.589 +05:30 [INF] Executed DbCommand (24ms) [Parameters=[@today='?' (DbType = Date)], CommandType='"Text"', CommandTimeout='30']
SELECT [r].[ScheduleId], [r].[DueDate], [r].[EMIAmount], [r].[InstallmentNumber], [r].[InterestAmount], [r].[LoanId], [r].[PaidAmount], [r].[PaidDate], [r].[PrincipalAmount], [r].[Status]
FROM [RepaymentSchedules] AS [r]
WHERE [r].[DueDate] < @today AND [r].[PaidAmount] < [r].[EMIAmount] AND [r].[Status] <> N'PAID'
ORDER BY [r].[DueDate]
2026-08-26 12:54:31.663 +05:30 [INF] Executed DbCommand (5ms) [Parameters=[@scheduleId='?' (DbType = Int32)], CommandType='"Text"', CommandTimeout='30']
SELECT TOP(1) [p].[BehaviorLogId], [p].[BorrowerId], [p].[DaysLate], [p].[DueDate], [p].[LoanId], [p].[PaymentDate], [p].[PaymentStatus], [p].[RecordedAt], [p].[ScheduleId]
FROM [PaymentBehaviorLogs] AS [p]
WHERE [p].[ScheduleId] = @scheduleId
2026-08-26 12:54:31.702 +05:30 [INF] Executed DbCommand (4ms) [Parameters=[@scheduleId='?' (DbType = Int32)], CommandType='"Text"', CommandTimeout='30']
SELECT TOP(1) [p].[BehaviorLogId], [p].[BorrowerId], [p].[DaysLate], [p].[DueDate], [p].[LoanId], [p].[PaymentDate], [p].[PaymentStatus], [p].[RecordedAt], [p].[ScheduleId]
FROM [PaymentBehaviorLogs] AS [p]
WHERE [p].[ScheduleId] = @scheduleId
2026-08-26 12:54:31.709 +05:30 [INF] Executed DbCommand (4ms) [Parameters=[@scheduleId='?' (DbType = Int32)], CommandType='"Text"', CommandTimeout='30']
SELECT TOP(1) [p].[BehaviorLogId], [p].[BorrowerId], [p].[DaysLate], [p].[DueDate], [p].[LoanId], [p].[PaymentDate], [p].[PaymentStatus], [p].[RecordedAt], [p].[ScheduleId]
FROM [PaymentBehaviorLogs] AS [p]
WHERE [p].[ScheduleId] = @scheduleId
2026-08-26 12:55:42.477 +05:30 [INF] Request starting HTTP/1.1 GET http://localhost:5082/swagger/index.html - null null
2026-08-26 12:55:42.722 +05:30 [INF] HTTP GET /swagger/index.html responded 304 in 169.3346 ms
2026-08-26 12:55:42.738 +05:30 [INF] Request finished HTTP/1.1 GET http://localhost:5082/swagger/index.html - 304 null null 263.4353ms
2026-08-26 12:55:42.773 +05:30 [INF] Request starting HTTP/1.1 GET http://localhost:5082/swagger/swagger-ui.css - null null
2026-08-26 12:55:42.774 +05:30 [INF] Request starting HTTP/1.1 GET http://localhost:5082/swagger/swagger-ui-standalone-preset.js - null null
2026-08-26 12:55:42.775 +05:30 [INF] Request starting HTTP/1.1 GET http://localhost:5082/swagger/index.css - null null
2026-08-26 12:55:42.777 +05:30 [INF] Request starting HTTP/1.1 GET http://localhost:5082/swagger/index.js - null null
2026-08-26 12:55:42.791 +05:30 [INF] Request starting HTTP/1.1 GET http://localhost:5082/swagger/swagger-ui-bundle.js - null null
2026-08-26 12:55:42.858 +05:30 [INF] HTTP GET /swagger/swagger-ui-standalone-preset.js responded 304 in 45.6470 ms
2026-08-26 12:55:42.859 +05:30 [INF] HTTP GET /swagger/swagger-ui.css responded 304 in 61.9917 ms
2026-08-26 12:55:42.862 +05:30 [INF] HTTP GET /swagger/index.css responded 304 in 7.3935 ms
2026-08-26 12:55:42.870 +05:30 [INF] HTTP GET /swagger/index.js responded 304 in 2.5353 ms
2026-08-26 12:55:42.904 +05:30 [INF] Request finished HTTP/1.1 GET http://localhost:5082/swagger/swagger-ui-standalone-preset.js - 304 null null 129.5879ms
2026-08-26 12:55:42.906 +05:30 [INF] HTTP GET /swagger/swagger-ui-bundle.js responded 304 in 24.8350 ms
2026-08-26 12:55:42.938 +05:30 [INF] Request finished HTTP/1.1 GET http://localhost:5082/swagger/swagger-ui.css - 304 null null 164.6331ms
2026-08-26 12:55:42.956 +05:30 [INF] Request finished HTTP/1.1 GET http://localhost:5082/swagger/index.css - 304 null null 181.3009ms
2026-08-26 12:55:42.968 +05:30 [INF] Request finished HTTP/1.1 GET http://localhost:5082/swagger/index.js - 304 null null 190.4319ms
2026-08-26 12:55:42.994 +05:30 [INF] Request finished HTTP/1.1 GET http://localhost:5082/swagger/swagger-ui-bundle.js - 304 null null 202.8826ms
2026-08-26 12:55:43.226 +05:30 [INF] Request starting HTTP/1.1 GET http://localhost:5082/swagger/v1/swagger.json - null null
2026-08-26 12:55:43.496 +05:30 [INF] HTTP GET /swagger/v1/swagger.json responded 200 in 230.0270 ms
2026-08-26 12:55:43.518 +05:30 [INF] Request finished HTTP/1.1 GET http://localhost:5082/swagger/v1/swagger.json - 200 null application/json;charset=utf-8 291.9729ms
2026-08-26 12:56:13.272 +05:30 [INF] Request starting HTTP/1.1 POST http://localhost:5082/api/Auth/login - application/json 63
2026-08-26 12:56:13.297 +05:30 [WRN] Failed to determine the https port for redirect.
2026-08-26 12:56:13.358 +05:30 [INF] CORS policy execution successful.
2026-08-26 12:56:13.438 +05:30 [INF] Executing endpoint 'LoanDeductionPrediction.API.Controllers.AuthController.Login (LoanDeductionPrediction.API)'
2026-08-26 12:56:13.488 +05:30 [INF] Route matched with {action = "Login", controller = "Auth"}. Executing controller action with signature System.Threading.Tasks.Task`1[Microsoft.AspNetCore.Mvc.IActionResult] Login(LoanDeductionPrediction.Models.DTOs.LoginRequest) on controller LoanDeductionPrediction.API.Controllers.AuthController (LoanDeductionPrediction.API).
2026-08-26 12:56:13.778 +05:30 [WRN] You do not have a valid license key for the Lucky Penny software AutoMapper. This is allowed for development and testing scenarios. If you are running in production you are required to have a licensed version. Please visit https://luckypennysoftware.com to obtain a valid license.
2026-08-26 12:56:14.074 +05:30 [INF] Executed DbCommand (14ms) [Parameters=[@email='?' (Size = 150)], CommandType='"Text"', CommandTimeout='30']
SELECT TOP(1) [u].[UserId], [u].[CreatedAt], [u].[Email], [u].[FullName], [u].[IsActive], [u].[PasswordHash], [u].[Role]
FROM [Users] AS [u]
WHERE [u].[Email] = @email
2026-08-26 12:56:14.945 +05:30 [INF] Executed DbCommand (13ms) [Parameters=[@p0='?' (DbType = DateTime2), @p1='?' (DbType = DateTime2), @p2='?' (DbType = Boolean), @p3='?' (DbType = DateTime2), @p4='?' (Size = 500), @p5='?' (DbType = Int32)], CommandType='"Text"', CommandTimeout='30']
SET IMPLICIT_TRANSACTIONS OFF;
SET NOCOUNT ON;
INSERT INTO [RefreshTokens] ([CreatedAt], [ExpiresAt], [IsRevoked], [RevokedAt], [Token], [UserId])
OUTPUT INSERTED.[RefreshTokenId]
VALUES (@p0, @p1, @p2, @p3, @p4, @p5);
2026-08-26 12:56:15.051 +05:30 [INF] Executing OkObjectResult, writing value of type 'LoanDeductionPrediction.Models.DTOs.LoginResponse'.
2026-08-26 12:56:15.093 +05:30 [INF] Executed action LoanDeductionPrediction.API.Controllers.AuthController.Login (LoanDeductionPrediction.API) in 1588.9829ms
2026-08-26 12:56:15.126 +05:30 [INF] Executed endpoint 'LoanDeductionPrediction.API.Controllers.AuthController.Login (LoanDeductionPrediction.API)'
2026-08-26 12:56:15.153 +05:30 [INF] HTTP POST /api/Auth/login responded 200 in 1869.5899 ms
2026-08-26 12:56:15.177 +05:30 [INF] Request finished HTTP/1.1 POST http://localhost:5082/api/Auth/login - 200 null application/json; charset=utf-8 1904.0614ms
2026-08-26 12:56:54.059 +05:30 [INF] Request starting HTTP/1.1 POST http://localhost:5082/api/PaymentBehavior/record/182 - null 0
2026-08-26 12:56:54.076 +05:30 [INF] CORS policy execution successful.
2026-08-26 12:56:54.209 +05:30 [INF] Authorization failed. These requirements were not met:
RolesAuthorizationRequirement:User.IsInRole must be true for one of the following roles: (Admin|LoanOfficer)
2026-08-26 12:56:54.216 +05:30 [INF] AuthenticationScheme: Bearer was forbidden.
2026-08-26 12:56:54.218 +05:30 [INF] HTTP POST /api/PaymentBehavior/record/182 responded 403 in 142.9370 ms
2026-08-26 12:56:54.225 +05:30 [INF] Request finished HTTP/1.1 POST http://localhost:5082/api/PaymentBehavior/record/182 - 403 0 null 165.5876ms
2026-08-26 12:57:22.285 +05:30 [INF] Request starting HTTP/1.1 GET http://localhost:5082/api/RepaymentSchedule/183 - null null
2026-08-26 12:57:22.513 +05:30 [INF] Executing endpoint 'LoanDeductionPrediction.API.Controllers.RepaymentScheduleController.GetSchedule (LoanDeductionPrediction.API)'
2026-08-26 12:57:22.551 +05:30 [INF] Route matched with {action = "GetSchedule", controller = "RepaymentSchedule"}. Executing controller action with signature System.Threading.Tasks.Task`1[Microsoft.AspNetCore.Mvc.IActionResult] GetSchedule(Int32) on controller LoanDeductionPrediction.API.Controllers.RepaymentScheduleController (LoanDeductionPrediction.API).
2026-08-26 12:57:22.733 +05:30 [INF] Executed DbCommand (48ms) [Parameters=[@scheduleId='?' (DbType = Int32)], CommandType='"Text"', CommandTimeout='30']
SELECT TOP(1) [r].[ScheduleId], [r].[DueDate], [r].[EMIAmount], [r].[InstallmentNumber], [r].[InterestAmount], [r].[LoanId], [r].[PaidAmount], [r].[PaidDate], [r].[PrincipalAmount], [r].[Status]
FROM [RepaymentSchedules] AS [r]
WHERE [r].[ScheduleId] = @scheduleId
2026-08-26 12:57:22.868 +05:30 [INF] Executed DbCommand (6ms) [Parameters=[@loanId='?' (DbType = Int32)], CommandType='"Text"', CommandTimeout='30']
SELECT TOP(1) [l].[LoanId], [l].[BorrowerId], [l].[CreatedAt], [l].[EMIAmount], [l].[EndDate], [l].[InterestRate], [l].[LoanOfficerId], [l].[OutstandingAmount], [l].[PrincipalAmount], [l].[StartDate], [l].[Status], [l].[TenureMonths]
FROM [LoanAccounts] AS [l]
WHERE [l].[LoanId] = @loanId
2026-08-26 12:57:22.890 +05:30 [INF] Executing OkObjectResult, writing value of type 'LoanDeductionPrediction.Models.DTOs.RepaymentScheduleDto'.
2026-08-26 12:57:22.950 +05:30 [INF] Executed action LoanDeductionPrediction.API.Controllers.RepaymentScheduleController.GetSchedule (LoanDeductionPrediction.API) in 317.0447ms
2026-08-26 12:57:22.956 +05:30 [INF] Executed endpoint 'LoanDeductionPrediction.API.Controllers.RepaymentScheduleController.GetSchedule (LoanDeductionPrediction.API)'
2026-08-26 12:57:22.966 +05:30 [INF] HTTP GET /api/RepaymentSchedule/183 responded 200 in 501.8168 ms
2026-08-26 12:57:22.976 +05:30 [INF] Request finished HTTP/1.1 GET http://localhost:5082/api/RepaymentSchedule/183 - 200 null application/json; charset=utf-8 691.0762ms
2026-08-26 12:57:42.115 +05:30 [INF] Request starting HTTP/1.1 GET http://localhost:5082/api/RepaymentSchedule/182 - null null
2026-08-26 12:57:42.146 +05:30 [INF] Executing endpoint 'LoanDeductionPrediction.API.Controllers.RepaymentScheduleController.GetSchedule (LoanDeductionPrediction.API)'
2026-08-26 12:57:42.160 +05:30 [INF] Route matched with {action = "GetSchedule", controller = "RepaymentSchedule"}. Executing controller action with signature System.Threading.Tasks.Task`1[Microsoft.AspNetCore.Mvc.IActionResult] GetSchedule(Int32) on controller LoanDeductionPrediction.API.Controllers.RepaymentScheduleController (LoanDeductionPrediction.API).
2026-08-26 12:57:42.191 +05:30 [INF] Executed DbCommand (4ms) [Parameters=[@scheduleId='?' (DbType = Int32)], CommandType='"Text"', CommandTimeout='30']
SELECT TOP(1) [r].[ScheduleId], [r].[DueDate], [r].[EMIAmount], [r].[InstallmentNumber], [r].[InterestAmount], [r].[LoanId], [r].[PaidAmount], [r].[PaidDate], [r].[PrincipalAmount], [r].[Status]
FROM [RepaymentSchedules] AS [r]
WHERE [r].[ScheduleId] = @scheduleId
2026-08-26 12:57:42.206 +05:30 [INF] Executed DbCommand (4ms) [Parameters=[@loanId='?' (DbType = Int32)], CommandType='"Text"', CommandTimeout='30']
SELECT TOP(1) [l].[LoanId], [l].[BorrowerId], [l].[CreatedAt], [l].[EMIAmount], [l].[EndDate], [l].[InterestRate], [l].[LoanOfficerId], [l].[OutstandingAmount], [l].[PrincipalAmount], [l].[StartDate], [l].[Status], [l].[TenureMonths]
FROM [LoanAccounts] AS [l]
WHERE [l].[LoanId] = @loanId
2026-08-26 12:57:42.213 +05:30 [INF] Executing OkObjectResult, writing value of type 'LoanDeductionPrediction.Models.DTOs.RepaymentScheduleDto'.
2026-08-26 12:57:42.219 +05:30 [INF] Executed action LoanDeductionPrediction.API.Controllers.RepaymentScheduleController.GetSchedule (LoanDeductionPrediction.API) in 39.5056ms
2026-08-26 12:57:42.228 +05:30 [INF] Executed endpoint 'LoanDeductionPrediction.API.Controllers.RepaymentScheduleController.GetSchedule (LoanDeductionPrediction.API)'
2026-08-26 12:57:42.234 +05:30 [INF] HTTP GET /api/RepaymentSchedule/182 responded 200 in 94.7952 ms
2026-08-26 12:57:42.243 +05:30 [INF] Request finished HTTP/1.1 GET http://localhost:5082/api/RepaymentSchedule/182 - 200 null application/json; charset=utf-8 127.0111ms
2026-08-26 12:57:59.379 +05:30 [INF] Request starting HTTP/1.1 POST http://localhost:5082/api/PaymentBehavior/record/182 - null 0
2026-08-26 12:57:59.411 +05:30 [INF] CORS policy execution successful.
2026-08-26 12:57:59.433 +05:30 [INF] Authorization failed. These requirements were not met:
RolesAuthorizationRequirement:User.IsInRole must be true for one of the following roles: (Admin|LoanOfficer)
2026-08-26 12:57:59.449 +05:30 [INF] AuthenticationScheme: Bearer was forbidden.
2026-08-26 12:57:59.460 +05:30 [INF] HTTP POST /api/PaymentBehavior/record/182 responded 403 in 49.3532 ms
2026-08-26 12:57:59.483 +05:30 [INF] Request finished HTTP/1.1 POST http://localhost:5082/api/PaymentBehavior/record/182 - 403 0 null 104.2996ms
2026-08-26 12:58:35.864 +05:30 [INF] Request starting HTTP/1.1 POST http://localhost:5082/api/PaymentBehavior/record/183 - null 0
2026-08-26 12:58:35.912 +05:30 [INF] CORS policy execution successful.
2026-08-26 12:58:35.925 +05:30 [INF] Authorization failed. These requirements were not met:
RolesAuthorizationRequirement:User.IsInRole must be true for one of the following roles: (Admin|LoanOfficer)
2026-08-26 12:58:35.974 +05:30 [INF] AuthenticationScheme: Bearer was forbidden.
2026-08-26 12:58:35.979 +05:30 [INF] HTTP POST /api/PaymentBehavior/record/183 responded 403 in 67.4211 ms
2026-08-26 12:58:35.994 +05:30 [INF] Request finished HTTP/1.1 POST http://localhost:5082/api/PaymentBehavior/record/183 - 403 0 null 129.7191ms
2026-08-26 12:58:48.101 +05:30 [INF] Request starting HTTP/1.1 GET http://localhost:5082/api/RepaymentSchedule/182 - null null
2026-08-26 12:58:48.112 +05:30 [INF] Executing endpoint 'LoanDeductionPrediction.API.Controllers.RepaymentScheduleController.GetSchedule (LoanDeductionPrediction.API)'
2026-08-26 12:58:48.160 +05:30 [INF] Route matched with {action = "GetSchedule", controller = "RepaymentSchedule"}. Executing controller action with signature System.Threading.Tasks.Task`1[Microsoft.AspNetCore.Mvc.IActionResult] GetSchedule(Int32) on controller LoanDeductionPrediction.API.Controllers.RepaymentScheduleController (LoanDeductionPrediction.API).
2026-08-26 12:58:48.232 +05:30 [INF] Executed DbCommand (19ms) [Parameters=[@scheduleId='?' (DbType = Int32)], CommandType='"Text"', CommandTimeout='30']
SELECT TOP(1) [r].[ScheduleId], [r].[DueDate], [r].[EMIAmount], [r].[InstallmentNumber], [r].[InterestAmount], [r].[LoanId], [r].[PaidAmount], [r].[PaidDate], [r].[PrincipalAmount], [r].[Status]
FROM [RepaymentSchedules] AS [r]
WHERE [r].[ScheduleId] = @scheduleId
2026-08-26 12:58:48.245 +05:30 [INF] Executed DbCommand (5ms) [Parameters=[@loanId='?' (DbType = Int32)], CommandType='"Text"', CommandTimeout='30']
SELECT TOP(1) [l].[LoanId], [l].[BorrowerId], [l].[CreatedAt], [l].[EMIAmount], [l].[EndDate], [l].[InterestRate], [l].[LoanOfficerId], [l].[OutstandingAmount], [l].[PrincipalAmount], [l].[StartDate], [l].[Status], [l].[TenureMonths]
FROM [LoanAccounts] AS [l]
WHERE [l].[LoanId] = @loanId
2026-08-26 12:58:48.251 +05:30 [INF] Executing OkObjectResult, writing value of type 'LoanDeductionPrediction.Models.DTOs.RepaymentScheduleDto'.
2026-08-26 12:58:48.257 +05:30 [INF] Executed action LoanDeductionPrediction.API.Controllers.RepaymentScheduleController.GetSchedule (LoanDeductionPrediction.API) in 69.562ms
2026-08-26 12:58:48.269 +05:30 [INF] Executed endpoint 'LoanDeductionPrediction.API.Controllers.RepaymentScheduleController.GetSchedule (LoanDeductionPrediction.API)'
2026-08-26 12:58:48.275 +05:30 [INF] HTTP GET /api/RepaymentSchedule/182 responded 200 in 164.4795 ms
2026-08-26 12:58:48.285 +05:30 [INF] Request finished HTTP/1.1 GET http://localhost:5082/api/RepaymentSchedule/182 - 200 null application/json; charset=utf-8 183.0154ms
2026-08-26 12:59:16.732 +05:30 [INF] Request starting HTTP/1.1 GET http://localhost:5082/api/RepaymentSchedule/loan/12/summary - null null
2026-08-26 12:59:16.751 +05:30 [INF] Executing endpoint 'LoanDeductionPrediction.API.Controllers.RepaymentScheduleController.GetSummary (LoanDeductionPrediction.API)'
2026-08-26 12:59:16.784 +05:30 [INF] Route matched with {action = "GetSummary", controller = "RepaymentSchedule"}. Executing controller action with signature System.Threading.Tasks.Task`1[Microsoft.AspNetCore.Mvc.IActionResult] GetSummary(Int32) on controller LoanDeductionPrediction.API.Controllers.RepaymentScheduleController (LoanDeductionPrediction.API).
2026-08-26 12:59:16.942 +05:30 [INF] Executed DbCommand (125ms) [Parameters=[@loanId='?' (DbType = Int32)], CommandType='"Text"', CommandTimeout='30']
SELECT TOP(1) [l].[LoanId], [l].[BorrowerId], [l].[CreatedAt], [l].[EMIAmount], [l].[EndDate], [l].[InterestRate], [l].[LoanOfficerId], [l].[OutstandingAmount], [l].[PrincipalAmount], [l].[StartDate], [l].[Status], [l].[TenureMonths]
FROM [LoanAccounts] AS [l]
WHERE [l].[LoanId] = @loanId
2026-08-26 12:59:17.002 +05:30 [INF] Executed DbCommand (6ms) [Parameters=[@loanId='?' (DbType = Int32)], CommandType='"Text"', CommandTimeout='30']
SELECT [r].[ScheduleId], [r].[DueDate], [r].[EMIAmount], [r].[InstallmentNumber], [r].[InterestAmount], [r].[LoanId], [r].[PaidAmount], [r].[PaidDate], [r].[PrincipalAmount], [r].[Status]
FROM [RepaymentSchedules] AS [r]
WHERE [r].[LoanId] = @loanId
ORDER BY [r].[InstallmentNumber]
2026-08-26 12:59:17.028 +05:30 [INF] Executing OkObjectResult, writing value of type '<>f__AnonymousType11`8[[System.Int32, System.Private.CoreLib, Version=10.0.0.0, Culture=neutral, PublicKeyToken=7cec85d7bea7798e],[System.Int32, System.Private.CoreLib, Version=10.0.0.0, Culture=neutral, PublicKeyToken=7cec85d7bea7798e],[System.Int32, System.Private.CoreLib, Version=10.0.0.0, Culture=neutral, PublicKeyToken=7cec85d7bea7798e],[System.Int32, System.Private.CoreLib, Version=10.0.0.0, Culture=neutral, PublicKeyToken=7cec85d7bea7798e],[System.Int32, System.Private.CoreLib, Version=10.0.0.0, Culture=neutral, PublicKeyToken=7cec85d7bea7798e],[System.Decimal, System.Private.CoreLib, Version=10.0.0.0, Culture=neutral, PublicKeyToken=7cec85d7bea7798e],[System.Decimal, System.Private.CoreLib, Version=10.0.0.0, Culture=neutral, PublicKeyToken=7cec85d7bea7798e],[System.Decimal, System.Private.CoreLib, Version=10.0.0.0, Culture=neutral, PublicKeyToken=7cec85d7bea7798e]]'.
2026-08-26 12:59:17.054 +05:30 [INF] Executed action LoanDeductionPrediction.API.Controllers.RepaymentScheduleController.GetSummary (LoanDeductionPrediction.API) in 259.9196ms
2026-08-26 12:59:17.060 +05:30 [INF] Executed endpoint 'LoanDeductionPrediction.API.Controllers.RepaymentScheduleController.GetSummary (LoanDeductionPrediction.API)'
2026-08-26 12:59:17.069 +05:30 [INF] HTTP GET /api/RepaymentSchedule/loan/12/summary responded 200 in 318.9643 ms
2026-08-26 12:59:17.084 +05:30 [INF] Request finished HTTP/1.1 GET http://localhost:5082/api/RepaymentSchedule/loan/12/summary - 200 null application/json; charset=utf-8 351.8575ms
2026-08-26 13:00:14.720 +05:30 [INF] Request starting HTTP/1.1 POST http://localhost:5082/api/Auth/login - application/json 59
2026-08-26 13:00:14.727 +05:30 [INF] CORS policy execution successful.
2026-08-26 13:00:14.731 +05:30 [INF] Executing endpoint 'LoanDeductionPrediction.API.Controllers.AuthController.Login (LoanDeductionPrediction.API)'
2026-08-26 13:00:14.797 +05:30 [INF] Route matched with {action = "Login", controller = "Auth"}. Executing controller action with signature System.Threading.Tasks.Task`1[Microsoft.AspNetCore.Mvc.IActionResult] Login(LoanDeductionPrediction.Models.DTOs.LoginRequest) on controller LoanDeductionPrediction.API.Controllers.AuthController (LoanDeductionPrediction.API).
2026-08-26 13:00:14.855 +05:30 [INF] Executing BadRequestObjectResult, writing value of type 'Microsoft.AspNetCore.Mvc.ValidationProblemDetails'.
2026-08-26 13:00:14.904 +05:30 [INF] Executed action LoanDeductionPrediction.API.Controllers.AuthController.Login (LoanDeductionPrediction.API) in 60.203ms
2026-08-26 13:00:14.907 +05:30 [INF] Executed endpoint 'LoanDeductionPrediction.API.Controllers.AuthController.Login (LoanDeductionPrediction.API)'
2026-08-26 13:00:14.912 +05:30 [INF] HTTP POST /api/Auth/login responded 400 in 185.4496 ms
2026-08-26 13:00:14.929 +05:30 [INF] Request finished HTTP/1.1 POST http://localhost:5082/api/Auth/login - 400 null application/problem+json; charset=utf-8 209.1253ms
2026-08-26 13:00:50.745 +05:30 [INF] Request starting HTTP/1.1 POST http://localhost:5082/api/Auth/login - application/json 59
2026-08-26 13:00:50.789 +05:30 [INF] CORS policy execution successful.
2026-08-26 13:00:50.805 +05:30 [INF] Executing endpoint 'LoanDeductionPrediction.API.Controllers.AuthController.Login (LoanDeductionPrediction.API)'
2026-08-26 13:00:50.822 +05:30 [INF] Route matched with {action = "Login", controller = "Auth"}. Executing controller action with signature System.Threading.Tasks.Task`1[Microsoft.AspNetCore.Mvc.IActionResult] Login(LoanDeductionPrediction.Models.DTOs.LoginRequest) on controller LoanDeductionPrediction.API.Controllers.AuthController (LoanDeductionPrediction.API).
2026-08-26 13:00:50.865 +05:30 [INF] Executing BadRequestObjectResult, writing value of type 'Microsoft.AspNetCore.Mvc.ValidationProblemDetails'.
2026-08-26 13:00:50.875 +05:30 [INF] Executed action LoanDeductionPrediction.API.Controllers.AuthController.Login (LoanDeductionPrediction.API) in 14.9893ms
2026-08-26 13:00:50.878 +05:30 [INF] Executed endpoint 'LoanDeductionPrediction.API.Controllers.AuthController.Login (LoanDeductionPrediction.API)'
2026-08-26 13:00:50.882 +05:30 [INF] HTTP POST /api/Auth/login responded 400 in 93.0599 ms
2026-08-26 13:00:50.888 +05:30 [INF] Request finished HTTP/1.1 POST http://localhost:5082/api/Auth/login - 400 null application/problem+json; charset=utf-8 143.1041ms
2026-08-26 13:01:00.919 +05:30 [INF] Request starting HTTP/1.1 POST http://localhost:5082/api/Auth/login - application/json 59
2026-08-26 13:01:00.938 +05:30 [INF] CORS policy execution successful.
2026-08-26 13:01:00.943 +05:30 [INF] Executing endpoint 'LoanDeductionPrediction.API.Controllers.AuthController.Login (LoanDeductionPrediction.API)'
2026-08-26 13:01:00.957 +05:30 [INF] Route matched with {action = "Login", controller = "Auth"}. Executing controller action with signature System.Threading.Tasks.Task`1[Microsoft.AspNetCore.Mvc.IActionResult] Login(LoanDeductionPrediction.Models.DTOs.LoginRequest) on controller LoanDeductionPrediction.API.Controllers.AuthController (LoanDeductionPrediction.API).
2026-08-26 13:01:00.976 +05:30 [INF] Executing BadRequestObjectResult, writing value of type 'Microsoft.AspNetCore.Mvc.ValidationProblemDetails'.
2026-08-26 13:01:00.989 +05:30 [INF] Executed action LoanDeductionPrediction.API.Controllers.AuthController.Login (LoanDeductionPrediction.API) in 15.9281ms
2026-08-26 13:01:01.024 +05:30 [INF] Executed endpoint 'LoanDeductionPrediction.API.Controllers.AuthController.Login (LoanDeductionPrediction.API)'
2026-08-26 13:01:01.030 +05:30 [INF] HTTP POST /api/Auth/login responded 400 in 93.2357 ms
2026-08-26 13:01:01.046 +05:30 [INF] Request finished HTTP/1.1 POST http://localhost:5082/api/Auth/login - 400 null application/problem+json; charset=utf-8 127.5969ms
2026-08-26 13:01:47.918 +05:30 [INF] Request starting HTTP/1.1 POST http://localhost:5082/api/Auth/login - application/json 76
2026-08-26 13:01:47.950 +05:30 [INF] CORS policy execution successful.
2026-08-26 13:01:47.959 +05:30 [INF] Executing endpoint 'LoanDeductionPrediction.API.Controllers.AuthController.Login (LoanDeductionPrediction.API)'
2026-08-26 13:01:47.993 +05:30 [INF] Route matched with {action = "Login", controller = "Auth"}. Executing controller action with signature System.Threading.Tasks.Task`1[Microsoft.AspNetCore.Mvc.IActionResult] Login(LoanDeductionPrediction.Models.DTOs.LoginRequest) on controller LoanDeductionPrediction.API.Controllers.AuthController (LoanDeductionPrediction.API).
2026-08-26 13:01:48.040 +05:30 [INF] Executed DbCommand (29ms) [Parameters=[@email='?' (Size = 150)], CommandType='"Text"', CommandTimeout='30']
SELECT TOP(1) [u].[UserId], [u].[CreatedAt], [u].[Email], [u].[FullName], [u].[IsActive], [u].[PasswordHash], [u].[Role]
FROM [Users] AS [u]
WHERE [u].[Email] = @email
2026-08-26 13:01:48.401 +05:30 [INF] Executing UnauthorizedObjectResult, writing value of type '<>f__AnonymousType0`1[[System.String, System.Private.CoreLib, Version=10.0.0.0, Culture=neutral, PublicKeyToken=7cec85d7bea7798e]]'.
2026-08-26 13:01:48.408 +05:30 [INF] Executed action LoanDeductionPrediction.API.Controllers.AuthController.Login (LoanDeductionPrediction.API) in 398.9968ms
2026-08-26 13:01:48.415 +05:30 [INF] Executed endpoint 'LoanDeductionPrediction.API.Controllers.AuthController.Login (LoanDeductionPrediction.API)'
2026-08-26 13:01:48.421 +05:30 [INF] HTTP POST /api/Auth/login responded 401 in 471.0473 ms
2026-08-26 13:01:48.432 +05:30 [INF] Request finished HTTP/1.1 POST http://localhost:5082/api/Auth/login - 401 null application/json; charset=utf-8 513.8424ms
2026-08-26 13:01:56.754 +05:30 [INF] Request starting HTTP/1.1 POST http://localhost:5082/api/Auth/login - application/json 75
2026-08-26 13:01:56.798 +05:30 [INF] CORS policy execution successful.
2026-08-26 13:01:56.804 +05:30 [INF] Executing endpoint 'LoanDeductionPrediction.API.Controllers.AuthController.Login (LoanDeductionPrediction.API)'
2026-08-26 13:01:56.814 +05:30 [INF] Route matched with {action = "Login", controller = "Auth"}. Executing controller action with signature System.Threading.Tasks.Task`1[Microsoft.AspNetCore.Mvc.IActionResult] Login(LoanDeductionPrediction.Models.DTOs.LoginRequest) on controller LoanDeductionPrediction.API.Controllers.AuthController (LoanDeductionPrediction.API).
2026-08-26 13:01:56.844 +05:30 [INF] Executed DbCommand (9ms) [Parameters=[@email='?' (Size = 150)], CommandType='"Text"', CommandTimeout='30']
SELECT TOP(1) [u].[UserId], [u].[CreatedAt], [u].[Email], [u].[FullName], [u].[IsActive], [u].[PasswordHash], [u].[Role]
FROM [Users] AS [u]
WHERE [u].[Email] = @email
2026-08-26 13:01:57.201 +05:30 [INF] Executed DbCommand (11ms) [Parameters=[@p0='?' (DbType = DateTime2), @p1='?' (DbType = DateTime2), @p2='?' (DbType = Boolean), @p3='?' (DbType = DateTime2), @p4='?' (Size = 500), @p5='?' (DbType = Int32)], CommandType='"Text"', CommandTimeout='30']
SET IMPLICIT_TRANSACTIONS OFF;
SET NOCOUNT ON;
INSERT INTO [RefreshTokens] ([CreatedAt], [ExpiresAt], [IsRevoked], [RevokedAt], [Token], [UserId])
OUTPUT INSERTED.[RefreshTokenId]
VALUES (@p0, @p1, @p2, @p3, @p4, @p5);
2026-08-26 13:01:57.225 +05:30 [INF] Executing OkObjectResult, writing value of type 'LoanDeductionPrediction.Models.DTOs.LoginResponse'.
2026-08-26 13:01:57.240 +05:30 [INF] Executed action LoanDeductionPrediction.API.Controllers.AuthController.Login (LoanDeductionPrediction.API) in 408.6792ms
2026-08-26 13:01:57.265 +05:30 [INF] Executed endpoint 'LoanDeductionPrediction.API.Controllers.AuthController.Login (LoanDeductionPrediction.API)'
2026-08-26 13:01:57.277 +05:30 [INF] HTTP POST /api/Auth/login responded 200 in 479.3593 ms
2026-08-26 13:01:57.287 +05:30 [INF] Request finished HTTP/1.1 POST http://localhost:5082/api/Auth/login - 200 null application/json; charset=utf-8 532.2853ms
2026-08-26 13:04:01.689 +05:30 [INF] Request starting HTTP/1.1 POST http://localhost:5082/api/PaymentBehavior/record/182 - null 0
2026-08-26 13:04:01.714 +05:30 [INF] CORS policy execution successful.
2026-08-26 13:04:01.725 +05:30 [INF] Executing endpoint 'LoanDeductionPrediction.API.Controllers.PaymentBehaviorController.RecordBehavior (LoanDeductionPrediction.API)'
2026-08-26 13:04:01.765 +05:30 [INF] Route matched with {action = "RecordBehavior", controller = "PaymentBehavior"}. Executing controller action with signature System.Threading.Tasks.Task`1[Microsoft.AspNetCore.Mvc.IActionResult] RecordBehavior(Int32) on controller LoanDeductionPrediction.API.Controllers.PaymentBehaviorController (LoanDeductionPrediction.API).
2026-08-26 13:04:01.812 +05:30 [INF] Executed DbCommand (18ms) [Parameters=[@scheduleId='?' (DbType = Int32)], CommandType='"Text"', CommandTimeout='30']
SELECT TOP(1) [r].[ScheduleId], [r].[DueDate], [r].[EMIAmount], [r].[InstallmentNumber], [r].[InterestAmount], [r].[LoanId], [r].[PaidAmount], [r].[PaidDate], [r].[PrincipalAmount], [r].[Status]
FROM [RepaymentSchedules] AS [r]
WHERE [r].[ScheduleId] = @scheduleId
2026-08-26 13:04:01.827 +05:30 [INF] Executed DbCommand (4ms) [Parameters=[@loanId='?' (DbType = Int32)], CommandType='"Text"', CommandTimeout='30']
SELECT TOP(1) [l].[LoanId], [l].[BorrowerId], [l].[CreatedAt], [l].[EMIAmount], [l].[EndDate], [l].[InterestRate], [l].[LoanOfficerId], [l].[OutstandingAmount], [l].[PrincipalAmount], [l].[StartDate], [l].[Status], [l].[TenureMonths]
FROM [LoanAccounts] AS [l]
WHERE [l].[LoanId] = @loanId
2026-08-26 13:04:01.845 +05:30 [INF] Executed DbCommand (9ms) [Parameters=[@scheduleId='?' (DbType = Int32)], CommandType='"Text"', CommandTimeout='30']
SELECT TOP(1) [p].[BehaviorLogId], [p].[BorrowerId], [p].[DaysLate], [p].[DueDate], [p].[LoanId], [p].[PaymentDate], [p].[PaymentStatus], [p].[RecordedAt], [p].[ScheduleId]
FROM [PaymentBehaviorLogs] AS [p]
WHERE [p].[ScheduleId] = @scheduleId
2026-08-26 13:04:01.932 +05:30 [INF] Executed DbCommand (11ms) [Parameters=[@p0='?' (DbType = Int32), @p1='?' (DbType = Int32), @p2='?' (DbType = Date), @p3='?' (DbType = Int32), @p4='?' (DbType = Date), @p5='?' (Size = 30), @p6='?' (DbType = DateTime2), @p7='?' (DbType = Int32)], CommandType='"Text"', CommandTimeout='30']
SET IMPLICIT_TRANSACTIONS OFF;
SET NOCOUNT ON;
INSERT INTO [PaymentBehaviorLogs] ([BorrowerId], [DaysLate], [DueDate], [LoanId], [PaymentDate], [PaymentStatus], [RecordedAt], [ScheduleId])
OUTPUT INSERTED.[BehaviorLogId]
VALUES (@p0, @p1, @p2, @p3, @p4, @p5, @p6, @p7);
2026-08-26 13:04:01.999 +05:30 [INF] Executed DbCommand (1ms) [Parameters=[@loanId='?' (DbType = Int32)], CommandType='"Text"', CommandTimeout='30']
SELECT TOP(1) [l].[LoanId], [l].[BorrowerId], [l].[CreatedAt], [l].[EMIAmount], [l].[EndDate], [l].[InterestRate], [l].[LoanOfficerId], [l].[OutstandingAmount], [l].[PrincipalAmount], [l].[StartDate], [l].[Status], [l].[TenureMonths]
FROM [LoanAccounts] AS [l]
WHERE [l].[LoanId] = @loanId
2026-08-26 13:04:02.012 +05:30 [INF] Executing ForbidResult with authentication schemes ([]).
2026-08-26 13:04:02.024 +05:30 [INF] AuthenticationScheme: Bearer was forbidden.
2026-08-26 13:04:02.028 +05:30 [INF] Executed action LoanDeductionPrediction.API.Controllers.PaymentBehaviorController.RecordBehavior (LoanDeductionPrediction.API) in 248.1821ms
2026-08-26 13:04:02.035 +05:30 [INF] Executed endpoint 'LoanDeductionPrediction.API.Controllers.PaymentBehaviorController.RecordBehavior (LoanDeductionPrediction.API)'
2026-08-26 13:04:02.045 +05:30 [INF] HTTP POST /api/PaymentBehavior/record/182 responded 403 in 331.4148 ms
2026-08-26 13:04:02.053 +05:30 [INF] Request finished HTTP/1.1 POST http://localhost:5082/api/PaymentBehavior/record/182 - 403 0 null 364.4922ms
2026-08-26 13:04:49.348 +05:30 [INF] Request starting HTTP/1.1 POST http://localhost:5082/api/PaymentBehavior/record/182 - null 0
2026-08-26 13:04:49.386 +05:30 [INF] CORS policy execution successful.
2026-08-26 13:04:49.394 +05:30 [INF] Executing endpoint 'LoanDeductionPrediction.API.Controllers.PaymentBehaviorController.RecordBehavior (LoanDeductionPrediction.API)'
2026-08-26 13:04:49.404 +05:30 [INF] Route matched with {action = "RecordBehavior", controller = "PaymentBehavior"}. Executing controller action with signature System.Threading.Tasks.Task`1[Microsoft.AspNetCore.Mvc.IActionResult] RecordBehavior(Int32) on controller LoanDeductionPrediction.API.Controllers.PaymentBehaviorController (LoanDeductionPrediction.API).
2026-08-26 13:04:49.457 +05:30 [INF] Executed DbCommand (35ms) [Parameters=[@scheduleId='?' (DbType = Int32)], CommandType='"Text"', CommandTimeout='30']
SELECT TOP(1) [r].[ScheduleId], [r].[DueDate], [r].[EMIAmount], [r].[InstallmentNumber], [r].[InterestAmount], [r].[LoanId], [r].[PaidAmount], [r].[PaidDate], [r].[PrincipalAmount], [r].[Status]
FROM [RepaymentSchedules] AS [r]
WHERE [r].[ScheduleId] = @scheduleId
2026-08-26 13:04:49.472 +05:30 [INF] Executed DbCommand (5ms) [Parameters=[@loanId='?' (DbType = Int32)], CommandType='"Text"', CommandTimeout='30']
SELECT TOP(1) [l].[LoanId], [l].[BorrowerId], [l].[CreatedAt], [l].[EMIAmount], [l].[EndDate], [l].[InterestRate], [l].[LoanOfficerId], [l].[OutstandingAmount], [l].[PrincipalAmount], [l].[StartDate], [l].[Status], [l].[TenureMonths]
FROM [LoanAccounts] AS [l]
WHERE [l].[LoanId] = @loanId
2026-08-26 13:04:49.489 +05:30 [INF] Executed DbCommand (4ms) [Parameters=[@scheduleId='?' (DbType = Int32)], CommandType='"Text"', CommandTimeout='30']
SELECT TOP(1) [p].[BehaviorLogId], [p].[BorrowerId], [p].[DaysLate], [p].[DueDate], [p].[LoanId], [p].[PaymentDate], [p].[PaymentStatus], [p].[RecordedAt], [p].[ScheduleId]
FROM [PaymentBehaviorLogs] AS [p]
WHERE [p].[ScheduleId] = @scheduleId
2026-08-26 13:04:49.508 +05:30 [INF] Executing ConflictObjectResult, writing value of type '<>f__AnonymousType6`4[[System.Boolean, System.Private.CoreLib, Version=10.0.0.0, Culture=neutral, PublicKeyToken=7cec85d7bea7798e],[System.String, System.Private.CoreLib, Version=10.0.0.0, Culture=neutral, PublicKeyToken=7cec85d7bea7798e],[System.String, System.Private.CoreLib, Version=10.0.0.0, Culture=neutral, PublicKeyToken=7cec85d7bea7798e],[System.String, System.Private.CoreLib, Version=10.0.0.0, Culture=neutral, PublicKeyToken=7cec85d7bea7798e]]'.
2026-08-26 13:04:49.518 +05:30 [INF] Executed action LoanDeductionPrediction.API.Controllers.PaymentBehaviorController.RecordBehavior (LoanDeductionPrediction.API) in 98.0845ms
2026-08-26 13:04:49.537 +05:30 [INF] Executed endpoint 'LoanDeductionPrediction.API.Controllers.PaymentBehaviorController.RecordBehavior (LoanDeductionPrediction.API)'
2026-08-26 13:04:49.543 +05:30 [INF] HTTP POST /api/PaymentBehavior/record/182 responded 409 in 157.5284 ms
2026-08-26 13:04:49.555 +05:30 [INF] Request finished HTTP/1.1 POST http://localhost:5082/api/PaymentBehavior/record/182 - 409 null application/json; charset=utf-8 206.5987ms
2026-08-26 13:05:17.951 +05:30 [INF] Request starting HTTP/1.1 POST http://localhost:5082/api/PaymentBehavior/record/183 - null 0
2026-08-26 13:05:17.968 +05:30 [INF] CORS policy execution successful.
2026-08-26 13:05:17.984 +05:30 [INF] Executing endpoint 'LoanDeductionPrediction.API.Controllers.PaymentBehaviorController.RecordBehavior (LoanDeductionPrediction.API)'
2026-08-26 13:05:17.990 +05:30 [INF] Route matched with {action = "RecordBehavior", controller = "PaymentBehavior"}. Executing controller action with signature System.Threading.Tasks.Task`1[Microsoft.AspNetCore.Mvc.IActionResult] RecordBehavior(Int32) on controller LoanDeductionPrediction.API.Controllers.PaymentBehaviorController (LoanDeductionPrediction.API).
2026-08-26 13:05:18.045 +05:30 [INF] Executed DbCommand (21ms) [Parameters=[@scheduleId='?' (DbType = Int32)], CommandType='"Text"', CommandTimeout='30']
SELECT TOP(1) [r].[ScheduleId], [r].[DueDate], [r].[EMIAmount], [r].[InstallmentNumber], [r].[InterestAmount], [r].[LoanId], [r].[PaidAmount], [r].[PaidDate], [r].[PrincipalAmount], [r].[Status]
FROM [RepaymentSchedules] AS [r]
WHERE [r].[ScheduleId] = @scheduleId
2026-08-26 13:05:18.072 +05:30 [INF] Executed DbCommand (5ms) [Parameters=[@loanId='?' (DbType = Int32)], CommandType='"Text"', CommandTimeout='30']
SELECT TOP(1) [l].[LoanId], [l].[BorrowerId], [l].[CreatedAt], [l].[EMIAmount], [l].[EndDate], [l].[InterestRate], [l].[LoanOfficerId], [l].[OutstandingAmount], [l].[PrincipalAmount], [l].[StartDate], [l].[Status], [l].[TenureMonths]
FROM [LoanAccounts] AS [l]
WHERE [l].[LoanId] = @loanId
2026-08-26 13:05:18.099 +05:30 [INF] Executed DbCommand (4ms) [Parameters=[@scheduleId='?' (DbType = Int32)], CommandType='"Text"', CommandTimeout='30']
SELECT TOP(1) [p].[BehaviorLogId], [p].[BorrowerId], [p].[DaysLate], [p].[DueDate], [p].[LoanId], [p].[PaymentDate], [p].[PaymentStatus], [p].[RecordedAt], [p].[ScheduleId]
FROM [PaymentBehaviorLogs] AS [p]
WHERE [p].[ScheduleId] = @scheduleId
2026-08-26 13:05:18.139 +05:30 [INF] Executed DbCommand (13ms) [Parameters=[@p0='?' (DbType = Int32), @p1='?' (DbType = Int32), @p2='?' (DbType = Date), @p3='?' (DbType = Int32), @p4='?' (DbType = Date), @p5='?' (Size = 30), @p6='?' (DbType = DateTime2), @p7='?' (DbType = Int32)], CommandType='"Text"', CommandTimeout='30']
SET IMPLICIT_TRANSACTIONS OFF;
SET NOCOUNT ON;
INSERT INTO [PaymentBehaviorLogs] ([BorrowerId], [DaysLate], [DueDate], [LoanId], [PaymentDate], [PaymentStatus], [RecordedAt], [ScheduleId])
OUTPUT INSERTED.[BehaviorLogId]
VALUES (@p0, @p1, @p2, @p3, @p4, @p5, @p6, @p7);
2026-08-26 13:05:18.342 +05:30 [INF] Executed DbCommand (30ms) [Parameters=[@loanId='?' (DbType = Int32)], CommandType='"Text"', CommandTimeout='30']
SELECT TOP(1) [l].[LoanId], [l].[BorrowerId], [l].[CreatedAt], [l].[EMIAmount], [l].[EndDate], [l].[InterestRate], [l].[LoanOfficerId], [l].[OutstandingAmount], [l].[PrincipalAmount], [l].[StartDate], [l].[Status], [l].[TenureMonths]
FROM [LoanAccounts] AS [l]
WHERE [l].[LoanId] = @loanId
2026-08-26 13:05:18.364 +05:30 [INF] Executing ForbidResult with authentication schemes ([]).
2026-08-26 13:05:18.376 +05:30 [INF] AuthenticationScheme: Bearer was forbidden.
2026-08-26 13:05:18.388 +05:30 [INF] Executed action LoanDeductionPrediction.API.Controllers.PaymentBehaviorController.RecordBehavior (LoanDeductionPrediction.API) in 368.4234ms
2026-08-26 13:05:18.402 +05:30 [INF] Executed endpoint 'LoanDeductionPrediction.API.Controllers.PaymentBehaviorController.RecordBehavior (LoanDeductionPrediction.API)'
2026-08-26 13:05:18.407 +05:30 [INF] HTTP POST /api/PaymentBehavior/record/183 responded 403 in 439.1925 ms
2026-08-26 13:05:18.423 +05:30 [INF] Request finished HTTP/1.1 POST http://localhost:5082/api/PaymentBehavior/record/183 - 403 0 null 471.159ms
2026-08-26 13:05:28.476 +05:30 [INF] Request starting HTTP/1.1 GET http://localhost:5082/swagger/index.html - null null
2026-08-26 13:05:28.501 +05:30 [INF] HTTP GET /swagger/index.html responded 304 in 0.6367 ms
2026-08-26 13:05:28.520 +05:30 [INF] Request finished HTTP/1.1 GET http://localhost:5082/swagger/index.html - 304 null null 43.5047ms
2026-08-26 13:05:28.554 +05:30 [INF] Request starting HTTP/1.1 GET http://localhost:5082/swagger/swagger-ui-standalone-preset.js - null null
2026-08-26 13:05:28.554 +05:30 [INF] Request starting HTTP/1.1 GET http://localhost:5082/swagger/swagger-ui.css - null null
2026-08-26 13:05:28.565 +05:30 [INF] Request starting HTTP/1.1 GET http://localhost:5082/swagger/index.css - null null
2026-08-26 13:05:28.580 +05:30 [INF] Request starting HTTP/1.1 GET http://localhost:5082/swagger/index.js - null null
2026-08-26 13:05:28.585 +05:30 [INF] Request starting HTTP/1.1 GET http://localhost:5082/swagger/swagger-ui-bundle.js - null null
2026-08-26 13:05:28.592 +05:30 [INF] HTTP GET /swagger/swagger-ui-standalone-preset.js responded 304 in 0.1282 ms
2026-08-26 13:05:28.600 +05:30 [INF] HTTP GET /swagger/swagger-ui.css responded 304 in 0.1367 ms
2026-08-26 13:05:28.607 +05:30 [INF] HTTP GET /swagger/index.css responded 304 in 0.2838 ms
2026-08-26 13:05:28.613 +05:30 [INF] HTTP GET /swagger/index.js responded 304 in 1.8742 ms
2026-08-26 13:05:28.620 +05:30 [INF] HTTP GET /swagger/swagger-ui-bundle.js responded 304 in 0.1286 ms
2026-08-26 13:05:28.628 +05:30 [INF] Request finished HTTP/1.1 GET http://localhost:5082/swagger/swagger-ui-standalone-preset.js - 304 null null 73.5873ms
2026-08-26 13:05:28.639 +05:30 [INF] Request finished HTTP/1.1 GET http://localhost:5082/swagger/swagger-ui.css - 304 null null 84.9036ms
2026-08-26 13:05:28.654 +05:30 [INF] Request finished HTTP/1.1 GET http://localhost:5082/swagger/index.css - 304 null null 88.883ms
2026-08-26 13:05:28.661 +05:30 [INF] Request finished HTTP/1.1 GET http://localhost:5082/swagger/index.js - 304 null null 81.2604ms
2026-08-26 13:05:28.672 +05:30 [INF] Request finished HTTP/1.1 GET http://localhost:5082/swagger/swagger-ui-bundle.js - 304 null null 86.172ms
2026-08-26 13:05:28.754 +05:30 [INF] Request starting HTTP/1.1 GET http://localhost:5082/swagger/v1/swagger.json - null null
2026-08-26 13:05:28.760 +05:30 [INF] Request starting HTTP/1.1 GET http://localhost:5082/swagger/favicon-32x32.png - null null
2026-08-26 13:05:28.774 +05:30 [INF] HTTP GET /swagger/favicon-32x32.png responded 304 in 0.2620 ms
2026-08-26 13:05:28.783 +05:30 [INF] Request finished HTTP/1.1 GET http://localhost:5082/swagger/favicon-32x32.png - 304 null null 22.8516ms
2026-08-26 13:05:28.802 +05:30 [INF] HTTP GET /swagger/v1/swagger.json responded 200 in 39.5765 ms
2026-08-26 13:05:28.806 +05:30 [INF] Request finished HTTP/1.1 GET http://localhost:5082/swagger/v1/swagger.json - 200 null application/json;charset=utf-8 52.3908ms
2026-08-26 13:06:01.559 +05:30 [INF] Request starting HTTP/1.1 POST http://localhost:5082/api/Auth/login - application/json 63
2026-08-26 13:06:01.577 +05:30 [INF] CORS policy execution successful.
2026-08-26 13:06:01.583 +05:30 [INF] Executing endpoint 'LoanDeductionPrediction.API.Controllers.AuthController.Login (LoanDeductionPrediction.API)'
2026-08-26 13:06:01.588 +05:30 [INF] Route matched with {action = "Login", controller = "Auth"}. Executing controller action with signature System.Threading.Tasks.Task`1[Microsoft.AspNetCore.Mvc.IActionResult] Login(LoanDeductionPrediction.Models.DTOs.LoginRequest) on controller LoanDeductionPrediction.API.Controllers.AuthController (LoanDeductionPrediction.API).
2026-08-26 13:06:01.669 +05:30 [INF] Executed DbCommand (33ms) [Parameters=[@email='?' (Size = 150)], CommandType='"Text"', CommandTimeout='30']
SELECT TOP(1) [u].[UserId], [u].[CreatedAt], [u].[Email], [u].[FullName], [u].[IsActive], [u].[PasswordHash], [u].[Role]
FROM [Users] AS [u]
WHERE [u].[Email] = @email
2026-08-26 13:06:01.919 +05:30 [INF] Executed DbCommand (10ms) [Parameters=[@p0='?' (DbType = DateTime2), @p1='?' (DbType = DateTime2), @p2='?' (DbType = Boolean), @p3='?' (DbType = DateTime2), @p4='?' (Size = 500), @p5='?' (DbType = Int32)], CommandType='"Text"', CommandTimeout='30']
SET IMPLICIT_TRANSACTIONS OFF;
SET NOCOUNT ON;
INSERT INTO [RefreshTokens] ([CreatedAt], [ExpiresAt], [IsRevoked], [RevokedAt], [Token], [UserId])
OUTPUT INSERTED.[RefreshTokenId]
VALUES (@p0, @p1, @p2, @p3, @p4, @p5);
2026-08-26 13:06:01.954 +05:30 [INF] Executing OkObjectResult, writing value of type 'LoanDeductionPrediction.Models.DTOs.LoginResponse'.
2026-08-26 13:06:01.977 +05:30 [INF] Executed action LoanDeductionPrediction.API.Controllers.AuthController.Login (LoanDeductionPrediction.API) in 349.1548ms
2026-08-26 13:06:01.991 +05:30 [INF] Executed endpoint 'LoanDeductionPrediction.API.Controllers.AuthController.Login (LoanDeductionPrediction.API)'
2026-08-26 13:06:02.000 +05:30 [INF] HTTP POST /api/Auth/login responded 200 in 423.2026 ms
2026-08-26 13:06:02.007 +05:30 [INF] Request finished HTTP/1.1 POST http://localhost:5082/api/Auth/login - 200 null application/json; charset=utf-8 448.8112ms
2026-08-26 13:06:26.614 +05:30 [INF] Request starting HTTP/1.1 POST http://localhost:5082/api/PaymentBehavior/record/183 - null 0
2026-08-26 13:06:26.655 +05:30 [INF] CORS policy execution successful.
2026-08-26 13:06:26.660 +05:30 [INF] Authorization failed. These requirements were not met:
RolesAuthorizationRequirement:User.IsInRole must be true for one of the following roles: (Admin|LoanOfficer)
2026-08-26 13:06:26.662 +05:30 [INF] AuthenticationScheme: Bearer was forbidden.
2026-08-26 13:06:26.672 +05:30 [INF] HTTP POST /api/PaymentBehavior/record/183 responded 403 in 17.4235 ms
2026-08-26 13:06:26.705 +05:30 [INF] Request finished HTTP/1.1 POST http://localhost:5082/api/PaymentBehavior/record/183 - 403 0 null 90.2718ms
2026-08-26 13:06:49.231 +05:30 [INF] Application is shutting down...
2026-08-26 13:07:30.039 +05:30 [INF] Executed DbCommand (26,643ms) [Parameters=[], CommandType='"Text"', CommandTimeout='30']
SELECT CASE
    WHEN EXISTS (
        SELECT 1
        FROM [Users] AS [u]
        WHERE [u].[Role] = N'Admin') THEN CAST(1 AS bit)
    ELSE CAST(0 AS bit)
END
2026-08-26 13:07:30.223 +05:30 [INF] User profile is available. Using 'C:\Users\thang\AppData\Local\ASP.NET\DataProtection-Keys' as key repository and Windows DPAPI to encrypt keys at rest.
2026-08-26 13:07:30.235 +05:30 [INF] Payment Behavior Background Service started.
2026-08-26 13:07:30.319 +05:30 [INF] Now listening on: http://localhost:5082
2026-08-26 13:07:30.321 +05:30 [INF] Application started. Press Ctrl+C to shut down.
2026-08-26 13:07:30.322 +05:30 [INF] Hosting environment: Development
2026-08-26 13:07:30.324 +05:30 [INF] Content root path: C:\Users\thang\OneDrive\Documents\React Projects\LoanDeductionPrediction\LoanDeductionPrediction.API
2026-08-26 13:07:44.859 +05:30 [INF] Request starting HTTP/1.1 GET http://localhost:5082/swagger/index.html - null null
2026-08-26 13:07:45.168 +05:30 [INF] HTTP GET /swagger/index.html responded 304 in 185.1984 ms
2026-08-26 13:07:45.230 +05:30 [INF] Request finished HTTP/1.1 GET http://localhost:5082/swagger/index.html - 304 null null 371.5032ms
2026-08-26 13:07:45.266 +05:30 [INF] Request starting HTTP/1.1 GET http://localhost:5082/swagger/index.css - null null
2026-08-26 13:07:45.268 +05:30 [INF] Request starting HTTP/1.1 GET http://localhost:5082/swagger/swagger-ui-bundle.js - null null
2026-08-26 13:07:45.268 +05:30 [INF] Request starting HTTP/1.1 GET http://localhost:5082/swagger/swagger-ui-standalone-preset.js - null null
2026-08-26 13:07:45.269 +05:30 [INF] Request starting HTTP/1.1 GET http://localhost:5082/swagger/index.js - null null
2026-08-26 13:07:45.296 +05:30 [INF] Request starting HTTP/1.1 GET http://localhost:5082/swagger/swagger-ui.css - null null
2026-08-26 13:07:45.351 +05:30 [INF] HTTP GET /swagger/index.css responded 304 in 39.3347 ms
2026-08-26 13:07:45.401 +05:30 [INF] HTTP GET /swagger/swagger-ui-bundle.js responded 304 in 23.1483 ms
2026-08-26 13:07:45.419 +05:30 [INF] HTTP GET /swagger/swagger-ui-standalone-preset.js responded 304 in 7.7244 ms
2026-08-26 13:07:45.811 +05:30 [INF] HTTP GET /swagger/index.js responded 304 in 1.2329 ms
2026-08-26 13:07:45.835 +05:30 [INF] HTTP GET /swagger/swagger-ui.css responded 304 in 9.2614 ms
2026-08-26 13:07:45.872 +05:30 [INF] Request finished HTTP/1.1 GET http://localhost:5082/swagger/index.css - 304 null null 605.9518ms
2026-08-26 13:07:45.883 +05:30 [INF] Request finished HTTP/1.1 GET http://localhost:5082/swagger/swagger-ui-bundle.js - 304 null null 614.9944ms
2026-08-26 13:07:45.950 +05:30 [INF] Request finished HTTP/1.1 GET http://localhost:5082/swagger/swagger-ui-standalone-preset.js - 304 null null 681.4982ms
2026-08-26 13:07:45.975 +05:30 [INF] Request finished HTTP/1.1 GET http://localhost:5082/swagger/index.js - 304 null null 705.9743ms
2026-08-26 13:07:45.999 +05:30 [INF] Request finished HTTP/1.1 GET http://localhost:5082/swagger/swagger-ui.css - 304 null null 703.5441ms
2026-08-26 13:07:46.141 +05:30 [INF] Request starting HTTP/1.1 GET http://localhost:5082/swagger/v1/swagger.json - null null
2026-08-26 13:07:46.444 +05:30 [INF] HTTP GET /swagger/v1/swagger.json responded 200 in 275.9219 ms
2026-08-26 13:07:46.448 +05:30 [INF] Request finished HTTP/1.1 GET http://localhost:5082/swagger/v1/swagger.json - 200 null application/json;charset=utf-8 306.753ms
2026-08-26 13:08:05.408 +05:30 [ERR] Failed executing DbCommand (35,031ms) [Parameters=[@today='?' (DbType = Date)], CommandType='"Text"', CommandTimeout='30']
SELECT [r].[ScheduleId], [r].[DueDate], [r].[EMIAmount], [r].[InstallmentNumber], [r].[InterestAmount], [r].[LoanId], [r].[PaidAmount], [r].[PaidDate], [r].[PrincipalAmount], [r].[Status]
FROM [RepaymentSchedules] AS [r]
WHERE [r].[DueDate] < @today AND [r].[PaidAmount] < [r].[EMIAmount] AND [r].[Status] <> N'PAID'
ORDER BY [r].[DueDate]
2026-08-26 13:08:05.469 +05:30 [ERR] An exception occurred while iterating over the results of a query for context type 'LoanDeductionPrediction.Repositories.Entities.LoanDeductionDbContext'.
Microsoft.Data.SqlClient.SqlException (0x80131904): Execution Timeout Expired.  The timeout period elapsed prior to completion of the operation or the server is not responding.
 ---> System.ComponentModel.Win32Exception (258): The wait operation timed out.
   at Microsoft.Data.SqlClient.SqlCommand.<>c.<ExecuteDbDataReaderAsync>b__195_0(Task`1 result)
   at System.Threading.Tasks.ContinuationResultTaskFromResultTask`2.InnerInvoke()
   at System.Threading.ExecutionContext.RunInternal(ExecutionContext executionContext, ContextCallback callback, Object state)
--- End of stack trace from previous location ---
   at System.Threading.ExecutionContext.RunInternal(ExecutionContext executionContext, ContextCallback callback, Object state)
   at System.Threading.Tasks.Task.ExecuteWithThreadLocal(Task& currentTaskSlot, Thread threadPoolThread)
--- End of stack trace from previous location ---
   at Microsoft.EntityFrameworkCore.Storage.RelationalCommand.ExecuteReaderAsync(RelationalCommandParameterObject parameterObject, CancellationToken cancellationToken)
   at Microsoft.EntityFrameworkCore.Storage.RelationalCommand.ExecuteReaderAsync(RelationalCommandParameterObject parameterObject, CancellationToken cancellationToken)
   at Microsoft.EntityFrameworkCore.Query.Internal.SingleQueryingEnumerable`1.AsyncEnumerator.InitializeReaderAsync(AsyncEnumerator enumerator, CancellationToken cancellationToken)
   at Microsoft.EntityFrameworkCore.Storage.ExecutionStrategy.<>c__DisplayClass30_0`2.<<ExecuteAsync>b__0>d.MoveNext()
--- End of stack trace from previous location ---
   at Microsoft.EntityFrameworkCore.Storage.ExecutionStrategy.ExecuteImplementationAsync[TState,TResult](Func`4 operation, Func`4 verifySucceeded, TState state, CancellationToken cancellationToken)
   at Microsoft.EntityFrameworkCore.Storage.ExecutionStrategy.ExecuteImplementationAsync[TState,TResult](Func`4 operation, Func`4 verifySucceeded, TState state, CancellationToken cancellationToken)
   at Microsoft.EntityFrameworkCore.Storage.ExecutionStrategy.ExecuteAsync[TState,TResult](TState state, Func`4 operation, Func`4 verifySucceeded, CancellationToken cancellationToken)
   at Microsoft.EntityFrameworkCore.Query.Internal.SingleQueryingEnumerable`1.AsyncEnumerator.MoveNextAsync()
ClientConnectionId:77ad060e-a5a4-4835-ac4c-684d82bd6f72
Error Number:-2,State:0,Class:11
Microsoft.Data.SqlClient.SqlException (0x80131904): Execution Timeout Expired.  The timeout period elapsed prior to completion of the operation or the server is not responding.
 ---> System.ComponentModel.Win32Exception (258): The wait operation timed out.
   at Microsoft.Data.SqlClient.SqlCommand.<>c.<ExecuteDbDataReaderAsync>b__195_0(Task`1 result)
   at System.Threading.Tasks.ContinuationResultTaskFromResultTask`2.InnerInvoke()
   at System.Threading.ExecutionContext.RunInternal(ExecutionContext executionContext, ContextCallback callback, Object state)
--- End of stack trace from previous location ---
   at System.Threading.ExecutionContext.RunInternal(ExecutionContext executionContext, ContextCallback callback, Object state)
   at System.Threading.Tasks.Task.ExecuteWithThreadLocal(Task& currentTaskSlot, Thread threadPoolThread)
--- End of stack trace from previous location ---
   at Microsoft.EntityFrameworkCore.Storage.RelationalCommand.ExecuteReaderAsync(RelationalCommandParameterObject parameterObject, CancellationToken cancellationToken)
   at Microsoft.EntityFrameworkCore.Storage.RelationalCommand.ExecuteReaderAsync(RelationalCommandParameterObject parameterObject, CancellationToken cancellationToken)
   at Microsoft.EntityFrameworkCore.Query.Internal.SingleQueryingEnumerable`1.AsyncEnumerator.InitializeReaderAsync(AsyncEnumerator enumerator, CancellationToken cancellationToken)
   at Microsoft.EntityFrameworkCore.Storage.ExecutionStrategy.<>c__DisplayClass30_0`2.<<ExecuteAsync>b__0>d.MoveNext()
--- End of stack trace from previous location ---
   at Microsoft.EntityFrameworkCore.Storage.ExecutionStrategy.ExecuteImplementationAsync[TState,TResult](Func`4 operation, Func`4 verifySucceeded, TState state, CancellationToken cancellationToken)
   at Microsoft.EntityFrameworkCore.Storage.ExecutionStrategy.ExecuteImplementationAsync[TState,TResult](Func`4 operation, Func`4 verifySucceeded, TState state, CancellationToken cancellationToken)
   at Microsoft.EntityFrameworkCore.Storage.ExecutionStrategy.ExecuteAsync[TState,TResult](TState state, Func`4 operation, Func`4 verifySucceeded, CancellationToken cancellationToken)
   at Microsoft.EntityFrameworkCore.Query.Internal.SingleQueryingEnumerable`1.AsyncEnumerator.MoveNextAsync()
ClientConnectionId:77ad060e-a5a4-4835-ac4c-684d82bd6f72
Error Number:-2,State:0,Class:11
2026-08-26 13:08:05.509 +05:30 [ERR] Error while processing overdue repayment schedules.
Microsoft.Data.SqlClient.SqlException (0x80131904): Execution Timeout Expired.  The timeout period elapsed prior to completion of the operation or the server is not responding.
 ---> System.ComponentModel.Win32Exception (258): The wait operation timed out.
   at Microsoft.Data.SqlClient.SqlCommand.<>c.<ExecuteDbDataReaderAsync>b__195_0(Task`1 result)
   at System.Threading.Tasks.ContinuationResultTaskFromResultTask`2.InnerInvoke()
   at System.Threading.ExecutionContext.RunInternal(ExecutionContext executionContext, ContextCallback callback, Object state)
--- End of stack trace from previous location ---
   at System.Threading.ExecutionContext.RunInternal(ExecutionContext executionContext, ContextCallback callback, Object state)
   at System.Threading.Tasks.Task.ExecuteWithThreadLocal(Task& currentTaskSlot, Thread threadPoolThread)
--- End of stack trace from previous location ---
   at Microsoft.EntityFrameworkCore.Storage.RelationalCommand.ExecuteReaderAsync(RelationalCommandParameterObject parameterObject, CancellationToken cancellationToken)
   at Microsoft.EntityFrameworkCore.Storage.RelationalCommand.ExecuteReaderAsync(RelationalCommandParameterObject parameterObject, CancellationToken cancellationToken)
   at Microsoft.EntityFrameworkCore.Query.Internal.SingleQueryingEnumerable`1.AsyncEnumerator.InitializeReaderAsync(AsyncEnumerator enumerator, CancellationToken cancellationToken)
   at Microsoft.EntityFrameworkCore.Storage.ExecutionStrategy.<>c__DisplayClass30_0`2.<<ExecuteAsync>b__0>d.MoveNext()
--- End of stack trace from previous location ---
   at Microsoft.EntityFrameworkCore.Storage.ExecutionStrategy.ExecuteImplementationAsync[TState,TResult](Func`4 operation, Func`4 verifySucceeded, TState state, CancellationToken cancellationToken)
   at Microsoft.EntityFrameworkCore.Storage.ExecutionStrategy.ExecuteImplementationAsync[TState,TResult](Func`4 operation, Func`4 verifySucceeded, TState state, CancellationToken cancellationToken)
   at Microsoft.EntityFrameworkCore.Storage.ExecutionStrategy.ExecuteAsync[TState,TResult](TState state, Func`4 operation, Func`4 verifySucceeded, CancellationToken cancellationToken)
   at Microsoft.EntityFrameworkCore.Query.Internal.SingleQueryingEnumerable`1.AsyncEnumerator.MoveNextAsync()
   at Microsoft.EntityFrameworkCore.EntityFrameworkQueryableExtensions.ToListAsync[TSource](IQueryable`1 source, CancellationToken cancellationToken)
   at Microsoft.EntityFrameworkCore.EntityFrameworkQueryableExtensions.ToListAsync[TSource](IQueryable`1 source, CancellationToken cancellationToken)
   at LoanDeductionPrediction.Repositories.Implementations.RepaymentScheduleRepository.GetOverdueSchedulesAsync() in C:\Users\thang\OneDrive\Documents\React Projects\LoanDeductionPrediction\LoanDeductionPrediction.Repositories\Implementations\RepaymentScheduleRepository.cs:line 102
   at LoanDeductionPrediction.Services.Implementations.PaymentBehaviorService.ProcessOverdueSchedulesAsync() in C:\Users\thang\OneDrive\Documents\React Projects\LoanDeductionPrediction\LoanDeductionPrediction.Services\Implementations\PaymentBehaviorService.cs:line 476
   at LoanDeductionPrediction.Services.BackgroundServices.PaymentBehaviorBackgroundService.ExecuteAsync(CancellationToken stoppingToken) in C:\Users\thang\OneDrive\Documents\React Projects\LoanDeductionPrediction\LoanDeductionPrediction.Services\BackgroundServices\PaymentBehaviorBackgroundService.cs:line 39
ClientConnectionId:77ad060e-a5a4-4835-ac4c-684d82bd6f72
Error Number:-2,State:0,Class:11
2026-08-26 13:08:14.034 +05:30 [INF] Request starting HTTP/1.1 POST http://localhost:5082/api/Auth/login - application/json 63
2026-08-26 13:08:14.118 +05:30 [WRN] Failed to determine the https port for redirect.
2026-08-26 13:08:14.158 +05:30 [INF] CORS policy execution successful.
2026-08-26 13:08:14.238 +05:30 [INF] Executing endpoint 'LoanDeductionPrediction.API.Controllers.AuthController.Login (LoanDeductionPrediction.API)'
2026-08-26 13:08:14.301 +05:30 [INF] Route matched with {action = "Login", controller = "Auth"}. Executing controller action with signature System.Threading.Tasks.Task`1[Microsoft.AspNetCore.Mvc.IActionResult] Login(LoanDeductionPrediction.Models.DTOs.LoginRequest) on controller LoanDeductionPrediction.API.Controllers.AuthController (LoanDeductionPrediction.API).
2026-08-26 13:08:14.532 +05:30 [WRN] You do not have a valid license key for the Lucky Penny software AutoMapper. This is allowed for development and testing scenarios. If you are running in production you are required to have a licensed version. Please visit https://luckypennysoftware.com to obtain a valid license.
2026-08-26 13:08:20.196 +05:30 [INF] Executed DbCommand (5,400ms) [Parameters=[@email='?' (Size = 150)], CommandType='"Text"', CommandTimeout='30']
SELECT TOP(1) [u].[UserId], [u].[CreatedAt], [u].[Email], [u].[FullName], [u].[IsActive], [u].[PasswordHash], [u].[Role]
FROM [Users] AS [u]
WHERE [u].[Email] = @email
2026-08-26 13:08:56.276 +05:30 [ERR] Failed executing DbCommand (35,131ms) [Parameters=[@p0='?' (DbType = DateTime2), @p1='?' (DbType = DateTime2), @p2='?' (DbType = Boolean), @p3='?' (DbType = DateTime2), @p4='?' (Size = 500), @p5='?' (DbType = Int32)], CommandType='"Text"', CommandTimeout='30']
SET IMPLICIT_TRANSACTIONS OFF;
SET NOCOUNT ON;
INSERT INTO [RefreshTokens] ([CreatedAt], [ExpiresAt], [IsRevoked], [RevokedAt], [Token], [UserId])
OUTPUT INSERTED.[RefreshTokenId]
VALUES (@p0, @p1, @p2, @p3, @p4, @p5);
2026-08-26 13:08:56.325 +05:30 [ERR] An exception occurred in the database while saving changes for context type 'LoanDeductionPrediction.Repositories.Entities.LoanDeductionDbContext'.
Microsoft.EntityFrameworkCore.DbUpdateException: An error occurred while saving the entity changes. See the inner exception for details.
 ---> Microsoft.Data.SqlClient.SqlException (0x80131904): Execution Timeout Expired.  The timeout period elapsed prior to completion of the operation or the server is not responding.
 ---> System.ComponentModel.Win32Exception (258): The wait operation timed out.
   at Microsoft.Data.SqlClient.SqlCommand.<>c.<ExecuteDbDataReaderAsync>b__195_0(Task`1 result)
   at System.Threading.Tasks.ContinuationResultTaskFromResultTask`2.InnerInvoke()
   at System.Threading.ExecutionContext.RunInternal(ExecutionContext executionContext, ContextCallback callback, Object state)
--- End of stack trace from previous location ---
   at System.Threading.ExecutionContext.RunInternal(ExecutionContext executionContext, ContextCallback callback, Object state)
   at System.Threading.Tasks.Task.ExecuteWithThreadLocal(Task& currentTaskSlot, Thread threadPoolThread)
--- End of stack trace from previous location ---
   at Microsoft.EntityFrameworkCore.Storage.RelationalCommand.ExecuteReaderAsync(RelationalCommandParameterObject parameterObject, CancellationToken cancellationToken)
   at Microsoft.EntityFrameworkCore.Storage.RelationalCommand.ExecuteReaderAsync(RelationalCommandParameterObject parameterObject, CancellationToken cancellationToken)
   at Microsoft.EntityFrameworkCore.Update.ReaderModificationCommandBatch.ExecuteAsync(IRelationalConnection connection, CancellationToken cancellationToken)
ClientConnectionId:04803ddc-4e43-4af0-949f-7c419337984c
Error Number:-2,State:0,Class:11
   --- End of inner exception stack trace ---
   at Microsoft.EntityFrameworkCore.Update.ReaderModificationCommandBatch.ExecuteAsync(IRelationalConnection connection, CancellationToken cancellationToken)
   at Microsoft.EntityFrameworkCore.SqlServer.Update.Internal.SqlServerModificationCommandBatch.ExecuteAsync(IRelationalConnection connection, CancellationToken cancellationToken)
   at Microsoft.EntityFrameworkCore.Update.Internal.BatchExecutor.ExecuteAsync(IEnumerable`1 commandBatches, IRelationalConnection connection, CancellationToken cancellationToken)
   at Microsoft.EntityFrameworkCore.Update.Internal.BatchExecutor.ExecuteAsync(IEnumerable`1 commandBatches, IRelationalConnection connection, CancellationToken cancellationToken)
   at Microsoft.EntityFrameworkCore.Update.Internal.BatchExecutor.ExecuteAsync(IEnumerable`1 commandBatches, IRelationalConnection connection, CancellationToken cancellationToken)
   at Microsoft.EntityFrameworkCore.Storage.RelationalDatabase.SaveChangesAsync(IList`1 entries, CancellationToken cancellationToken)
   at Microsoft.EntityFrameworkCore.ChangeTracking.Internal.StateManager.SaveChangesAsync(IList`1 entriesToSave, CancellationToken cancellationToken)
   at Microsoft.EntityFrameworkCore.ChangeTracking.Internal.StateManager.SaveChangesAsync(StateManager stateManager, Boolean acceptAllChangesOnSuccess, CancellationToken cancellationToken)
   at Microsoft.EntityFrameworkCore.Storage.ExecutionStrategy.<>c__DisplayClass30_0`2.<<ExecuteAsync>b__0>d.MoveNext()
--- End of stack trace from previous location ---
   at Microsoft.EntityFrameworkCore.Storage.ExecutionStrategy.ExecuteImplementationAsync[TState,TResult](Func`4 operation, Func`4 verifySucceeded, TState state, CancellationToken cancellationToken)
   at Microsoft.EntityFrameworkCore.Storage.ExecutionStrategy.ExecuteImplementationAsync[TState,TResult](Func`4 operation, Func`4 verifySucceeded, TState state, CancellationToken cancellationToken)
   at Microsoft.EntityFrameworkCore.Storage.ExecutionStrategy.ExecuteAsync[TState,TResult](TState state, Func`4 operation, Func`4 verifySucceeded, CancellationToken cancellationToken)
   at Microsoft.EntityFrameworkCore.DbContext.SaveChangesAsync(Boolean acceptAllChangesOnSuccess, CancellationToken cancellationToken)
Microsoft.EntityFrameworkCore.DbUpdateException: An error occurred while saving the entity changes. See the inner exception for details.
 ---> Microsoft.Data.SqlClient.SqlException (0x80131904): Execution Timeout Expired.  The timeout period elapsed prior to completion of the operation or the server is not responding.
 ---> System.ComponentModel.Win32Exception (258): The wait operation timed out.
   at Microsoft.Data.SqlClient.SqlCommand.<>c.<ExecuteDbDataReaderAsync>b__195_0(Task`1 result)
   at System.Threading.Tasks.ContinuationResultTaskFromResultTask`2.InnerInvoke()
   at System.Threading.ExecutionContext.RunInternal(ExecutionContext executionContext, ContextCallback callback, Object state)
--- End of stack trace from previous location ---
   at System.Threading.ExecutionContext.RunInternal(ExecutionContext executionContext, ContextCallback callback, Object state)
   at System.Threading.Tasks.Task.ExecuteWithThreadLocal(Task& currentTaskSlot, Thread threadPoolThread)
--- End of stack trace from previous location ---
   at Microsoft.EntityFrameworkCore.Storage.RelationalCommand.ExecuteReaderAsync(RelationalCommandParameterObject parameterObject, CancellationToken cancellationToken)
   at Microsoft.EntityFrameworkCore.Storage.RelationalCommand.ExecuteReaderAsync(RelationalCommandParameterObject parameterObject, CancellationToken cancellationToken)
   at Microsoft.EntityFrameworkCore.Update.ReaderModificationCommandBatch.ExecuteAsync(IRelationalConnection connection, CancellationToken cancellationToken)
ClientConnectionId:04803ddc-4e43-4af0-949f-7c419337984c
Error Number:-2,State:0,Class:11
   --- End of inner exception stack trace ---
   at Microsoft.EntityFrameworkCore.Update.ReaderModificationCommandBatch.ExecuteAsync(IRelationalConnection connection, CancellationToken cancellationToken)
   at Microsoft.EntityFrameworkCore.SqlServer.Update.Internal.SqlServerModificationCommandBatch.ExecuteAsync(IRelationalConnection connection, CancellationToken cancellationToken)
   at Microsoft.EntityFrameworkCore.Update.Internal.BatchExecutor.ExecuteAsync(IEnumerable`1 commandBatches, IRelationalConnection connection, CancellationToken cancellationToken)
   at Microsoft.EntityFrameworkCore.Update.Internal.BatchExecutor.ExecuteAsync(IEnumerable`1 commandBatches, IRelationalConnection connection, CancellationToken cancellationToken)
   at Microsoft.EntityFrameworkCore.Update.Internal.BatchExecutor.ExecuteAsync(IEnumerable`1 commandBatches, IRelationalConnection connection, CancellationToken cancellationToken)
   at Microsoft.EntityFrameworkCore.Storage.RelationalDatabase.SaveChangesAsync(IList`1 entries, CancellationToken cancellationToken)
   at Microsoft.EntityFrameworkCore.ChangeTracking.Internal.StateManager.SaveChangesAsync(IList`1 entriesToSave, CancellationToken cancellationToken)
   at Microsoft.EntityFrameworkCore.ChangeTracking.Internal.StateManager.SaveChangesAsync(StateManager stateManager, Boolean acceptAllChangesOnSuccess, CancellationToken cancellationToken)
   at Microsoft.EntityFrameworkCore.Storage.ExecutionStrategy.<>c__DisplayClass30_0`2.<<ExecuteAsync>b__0>d.MoveNext()
--- End of stack trace from previous location ---
   at Microsoft.EntityFrameworkCore.Storage.ExecutionStrategy.ExecuteImplementationAsync[TState,TResult](Func`4 operation, Func`4 verifySucceeded, TState state, CancellationToken cancellationToken)
   at Microsoft.EntityFrameworkCore.Storage.ExecutionStrategy.ExecuteImplementationAsync[TState,TResult](Func`4 operation, Func`4 verifySucceeded, TState state, CancellationToken cancellationToken)
   at Microsoft.EntityFrameworkCore.Storage.ExecutionStrategy.ExecuteAsync[TState,TResult](TState state, Func`4 operation, Func`4 verifySucceeded, CancellationToken cancellationToken)
   at Microsoft.EntityFrameworkCore.DbContext.SaveChangesAsync(Boolean acceptAllChangesOnSuccess, CancellationToken cancellationToken)
2026-08-26 13:08:56.415 +05:30 [INF] Executed action LoanDeductionPrediction.API.Controllers.AuthController.Login (LoanDeductionPrediction.API) in 42096.2042ms
2026-08-26 13:08:56.434 +05:30 [INF] Executed endpoint 'LoanDeductionPrediction.API.Controllers.AuthController.Login (LoanDeductionPrediction.API)'
2026-08-26 13:08:56.452 +05:30 [ERR] Unhandled exception occurred.
Microsoft.EntityFrameworkCore.DbUpdateException: An error occurred while saving the entity changes. See the inner exception for details.
 ---> Microsoft.Data.SqlClient.SqlException (0x80131904): Execution Timeout Expired.  The timeout period elapsed prior to completion of the operation or the server is not responding.
 ---> System.ComponentModel.Win32Exception (258): The wait operation timed out.
   at Microsoft.Data.SqlClient.SqlCommand.<>c.<ExecuteDbDataReaderAsync>b__195_0(Task`1 result)
   at System.Threading.Tasks.ContinuationResultTaskFromResultTask`2.InnerInvoke()
   at System.Threading.ExecutionContext.RunInternal(ExecutionContext executionContext, ContextCallback callback, Object state)
--- End of stack trace from previous location ---
   at System.Threading.ExecutionContext.RunInternal(ExecutionContext executionContext, ContextCallback callback, Object state)
   at System.Threading.Tasks.Task.ExecuteWithThreadLocal(Task& currentTaskSlot, Thread threadPoolThread)
--- End of stack trace from previous location ---
   at Microsoft.EntityFrameworkCore.Storage.RelationalCommand.ExecuteReaderAsync(RelationalCommandParameterObject parameterObject, CancellationToken cancellationToken)
   at Microsoft.EntityFrameworkCore.Storage.RelationalCommand.ExecuteReaderAsync(RelationalCommandParameterObject parameterObject, CancellationToken cancellationToken)
   at Microsoft.EntityFrameworkCore.Update.ReaderModificationCommandBatch.ExecuteAsync(IRelationalConnection connection, CancellationToken cancellationToken)
ClientConnectionId:04803ddc-4e43-4af0-949f-7c419337984c
Error Number:-2,State:0,Class:11
   --- End of inner exception stack trace ---
   at Microsoft.EntityFrameworkCore.Update.ReaderModificationCommandBatch.ExecuteAsync(IRelationalConnection connection, CancellationToken cancellationToken)
   at Microsoft.EntityFrameworkCore.SqlServer.Update.Internal.SqlServerModificationCommandBatch.ExecuteAsync(IRelationalConnection connection, CancellationToken cancellationToken)
   at Microsoft.EntityFrameworkCore.Update.Internal.BatchExecutor.ExecuteAsync(IEnumerable`1 commandBatches, IRelationalConnection connection, CancellationToken cancellationToken)
   at Microsoft.EntityFrameworkCore.Update.Internal.BatchExecutor.ExecuteAsync(IEnumerable`1 commandBatches, IRelationalConnection connection, CancellationToken cancellationToken)
   at Microsoft.EntityFrameworkCore.Update.Internal.BatchExecutor.ExecuteAsync(IEnumerable`1 commandBatches, IRelationalConnection connection, CancellationToken cancellationToken)
   at Microsoft.EntityFrameworkCore.Storage.RelationalDatabase.SaveChangesAsync(IList`1 entries, CancellationToken cancellationToken)
   at Microsoft.EntityFrameworkCore.ChangeTracking.Internal.StateManager.SaveChangesAsync(IList`1 entriesToSave, CancellationToken cancellationToken)
   at Microsoft.EntityFrameworkCore.ChangeTracking.Internal.StateManager.SaveChangesAsync(StateManager stateManager, Boolean acceptAllChangesOnSuccess, CancellationToken cancellationToken)
   at Microsoft.EntityFrameworkCore.Storage.ExecutionStrategy.<>c__DisplayClass30_0`2.<<ExecuteAsync>b__0>d.MoveNext()
--- End of stack trace from previous location ---
   at Microsoft.EntityFrameworkCore.Storage.ExecutionStrategy.ExecuteImplementationAsync[TState,TResult](Func`4 operation, Func`4 verifySucceeded, TState state, CancellationToken cancellationToken)
   at Microsoft.EntityFrameworkCore.Storage.ExecutionStrategy.ExecuteImplementationAsync[TState,TResult](Func`4 operation, Func`4 verifySucceeded, TState state, CancellationToken cancellationToken)
   at Microsoft.EntityFrameworkCore.Storage.ExecutionStrategy.ExecuteAsync[TState,TResult](TState state, Func`4 operation, Func`4 verifySucceeded, CancellationToken cancellationToken)
   at Microsoft.EntityFrameworkCore.DbContext.SaveChangesAsync(Boolean acceptAllChangesOnSuccess, CancellationToken cancellationToken)
   at Microsoft.EntityFrameworkCore.DbContext.SaveChangesAsync(Boolean acceptAllChangesOnSuccess, CancellationToken cancellationToken)
   at LoanDeductionPrediction.Repositories.Implementations.RefreshTokenRepository.AddAsync(RefreshToken refreshToken) in C:\Users\thang\OneDrive\Documents\React Projects\LoanDeductionPrediction\LoanDeductionPrediction.Repositories\Implementations\RefreshTokenRepository.cs:line 19
   at LoanDeductionPrediction.Services.Implementations.RefreshTokenService.CreateAsync(Int32 userId) in C:\Users\thang\OneDrive\Documents\React Projects\LoanDeductionPrediction\LoanDeductionPrediction.Services\Implementations\RefreshTokenService.cs:line 54
   at LoanDeductionPrediction.API.Controllers.AuthController.Login(LoginRequest request) in C:\Users\thang\OneDrive\Documents\React Projects\LoanDeductionPrediction\LoanDeductionPrediction.API\Controllers\AuthController.cs:line 84
   at Microsoft.AspNetCore.Mvc.Infrastructure.ActionMethodExecutor.TaskOfIActionResultExecutor.Execute(ActionContext actionContext, IActionResultTypeMapper mapper, ObjectMethodExecutor executor, Object controller, Object[] arguments)
   at Microsoft.AspNetCore.Mvc.Infrastructure.ControllerActionInvoker.<InvokeActionMethodAsync>g__Awaited|12_0(ControllerActionInvoker invoker, ValueTask`1 actionResultValueTask)
   at Microsoft.AspNetCore.Mvc.Infrastructure.ControllerActionInvoker.<InvokeNextActionFilterAsync>g__Awaited|10_0(ControllerActionInvoker invoker, Task lastTask, State next, Scope scope, Object state, Boolean isCompleted)
   at Microsoft.AspNetCore.Mvc.Infrastructure.ControllerActionInvoker.Rethrow(ActionExecutedContextSealed context)
   at Microsoft.AspNetCore.Mvc.Infrastructure.ControllerActionInvoker.Next(State& next, Scope& scope, Object& state, Boolean& isCompleted)
   at Microsoft.AspNetCore.Mvc.Infrastructure.ControllerActionInvoker.<InvokeInnerFilterAsync>g__Awaited|13_0(ControllerActionInvoker invoker, Task lastTask, State next, Scope scope, Object state, Boolean isCompleted)
   at Microsoft.AspNetCore.Mvc.Infrastructure.ResourceInvoker.<InvokeFilterPipelineAsync>g__Awaited|20_0(ResourceInvoker invoker, Task lastTask, State next, Scope scope, Object state, Boolean isCompleted)
   at Microsoft.AspNetCore.Mvc.Infrastructure.ResourceInvoker.<InvokeAsync>g__Logged|17_1(ResourceInvoker invoker)
   at Microsoft.AspNetCore.Mvc.Infrastructure.ResourceInvoker.<InvokeAsync>g__Logged|17_1(ResourceInvoker invoker)
   at Microsoft.AspNetCore.Routing.EndpointMiddleware.<Invoke>g__AwaitRequestTask|7_0(Endpoint endpoint, Task requestTask, ILogger logger)
   at Microsoft.AspNetCore.Authorization.AuthorizationMiddleware.Invoke(HttpContext context)
   at Microsoft.AspNetCore.Authentication.AuthenticationMiddleware.Invoke(HttpContext context)
   at Swashbuckle.AspNetCore.SwaggerUI.SwaggerUIMiddleware.Invoke(HttpContext httpContext)
   at Swashbuckle.AspNetCore.Swagger.SwaggerMiddleware.Invoke(HttpContext httpContext, ISwaggerProvider swaggerProvider)
   at LoanDeductionPrediction.API.Middleware.GlobalExceptionMiddleware.InvokeAsync(HttpContext context) in C:\Users\thang\OneDrive\Documents\React Projects\LoanDeductionPrediction\LoanDeductionPrediction.API\Middleware\GlobalExceptionMiddleware.cs:line 23
2026-08-26 13:08:56.619 +05:30 [ERR] HTTP POST /api/Auth/login responded 500 in 42513.9393 ms
2026-08-26 13:08:56.641 +05:30 [INF] Request finished HTTP/1.1 POST http://localhost:5082/api/Auth/login - 500 null application/json 42607.2611ms
2026-08-26 13:09:55.709 +05:30 [INF] Request starting HTTP/1.1 POST http://localhost:5082/api/Auth/login - application/json 58
2026-08-26 13:09:55.752 +05:30 [INF] CORS policy execution successful.
2026-08-26 13:09:55.758 +05:30 [INF] Executing endpoint 'LoanDeductionPrediction.API.Controllers.AuthController.Login (LoanDeductionPrediction.API)'
2026-08-26 13:09:55.768 +05:30 [INF] Route matched with {action = "Login", controller = "Auth"}. Executing controller action with signature System.Threading.Tasks.Task`1[Microsoft.AspNetCore.Mvc.IActionResult] Login(LoanDeductionPrediction.Models.DTOs.LoginRequest) on controller LoanDeductionPrediction.API.Controllers.AuthController (LoanDeductionPrediction.API).
2026-08-26 13:10:10.819 +05:30 [ERR] An error occurred using the connection to database 'LoanDeductionPredictionDb' on server '.\SQLEXPRESS'.
2026-08-26 13:10:10.842 +05:30 [ERR] An exception occurred while iterating over the results of a query for context type 'LoanDeductionPrediction.Repositories.Entities.LoanDeductionDbContext'.
Microsoft.Data.SqlClient.SqlException (0x80131904): Connection Timeout Expired.  The timeout period elapsed while attempting to consume the pre-login handshake acknowledgement.  This could be because the pre-login handshake failed or the server was unable to respond back in time.  The duration spent while attempting to connect to this server was - [Pre-Login] initialization=1; handshake=15006; 
 ---> System.ComponentModel.Win32Exception (258): The wait operation timed out.
   at Microsoft.Data.SqlClient.SqlInternalConnection.OnError(SqlException exception, Boolean breakConnection, Action`1 wrapCloseInAction)
   at Microsoft.Data.SqlClient.TdsParser.ThrowExceptionAndWarning(TdsParserStateObject stateObj, SqlCommand command, Boolean callerHasConnectionLock, Boolean asyncClose)
   at Microsoft.Data.SqlClient.TdsParserStateObject.ThrowExceptionAndWarning(Boolean callerHasConnectionLock, Boolean asyncClose)
   at Microsoft.Data.SqlClient.TdsParserStateObject.ReadSniError(TdsParserStateObject stateObj, UInt32 error)
   at Microsoft.Data.SqlClient.TdsParserStateObject.ReadSniSyncOverAsync()
   at Microsoft.Data.SqlClient.TdsParserStateObject.TryReadNetworkPacket()
   at Microsoft.Data.SqlClient.TdsParser.ConsumePreLoginHandshake(SqlConnectionEncryptOption encrypt, Boolean trustServerCert, Boolean integratedSecurity, Boolean& marsCapable, Boolean& fedAuthRequired, Boolean tlsFirst, String serverCertificateFilename)
   at Microsoft.Data.SqlClient.TdsParser.Connect(ServerInfo serverInfo, SqlInternalConnectionTds connHandler, TimeoutTimer timeout, SqlConnectionString connectionOptions, Boolean withFailover)
   at Microsoft.Data.SqlClient.SqlInternalConnectionTds.AttemptOneLogin(ServerInfo serverInfo, String newPassword, SecureString newSecurePassword, TimeoutTimer timeout, Boolean withFailover)
   at Microsoft.Data.SqlClient.SqlInternalConnectionTds.LoginNoFailover(ServerInfo serverInfo, String newPassword, SecureString newSecurePassword, Boolean redirectedUserInstance, SqlConnectionString connectionOptions, SqlCredential credential, TimeoutTimer timeout)
   at Microsoft.Data.SqlClient.SqlInternalConnectionTds.OpenLoginEnlist(TimeoutTimer timeout, SqlConnectionString connectionOptions, SqlCredential credential, String newPassword, SecureString newSecurePassword, Boolean redirectedUserInstance)
   at Microsoft.Data.SqlClient.SqlInternalConnectionTds..ctor(DbConnectionPoolIdentity identity, SqlConnectionString connectionOptions, SqlCredential credential, Object providerInfo, String newPassword, SecureString newSecurePassword, Boolean redirectedUserInstance, SqlConnectionString userConnectionOptions, SessionData reconnectSessionData, Boolean applyTransientFaultHandling, String accessToken, IDbConnectionPool pool, Func`3 accessTokenCallback)
   at Microsoft.Data.SqlClient.SqlConnectionFactory.CreateConnection(DbConnectionOptions options, DbConnectionPoolKey poolKey, DbConnectionPoolGroupProviderInfo poolGroupProviderInfo, IDbConnectionPool pool, DbConnection owningConnection, DbConnectionOptions userOptions)
   at Microsoft.Data.ProviderBase.DbConnectionFactory.CreatePooledConnection(IDbConnectionPool pool, DbConnection owningObject, DbConnectionOptions options, DbConnectionPoolKey poolKey, DbConnectionOptions userOptions)
   at Microsoft.Data.SqlClient.ConnectionPool.WaitHandleDbConnectionPool.CreateObject(DbConnection owningObject, DbConnectionOptions userOptions, DbConnectionInternal oldConnection)
   at Microsoft.Data.SqlClient.ConnectionPool.WaitHandleDbConnectionPool.UserCreateRequest(DbConnection owningObject, DbConnectionOptions userOptions, DbConnectionInternal oldConnection)
   at Microsoft.Data.SqlClient.ConnectionPool.WaitHandleDbConnectionPool.TryGetConnection(DbConnection owningObject, UInt32 waitForMultipleObjectsTimeout, Boolean allowCreate, Boolean onlyOneCheckConnection, DbConnectionOptions userOptions, DbConnectionInternal& connection)
   at Microsoft.Data.SqlClient.ConnectionPool.WaitHandleDbConnectionPool.WaitForPendingOpen()
--- End of stack trace from previous location ---
   at Microsoft.EntityFrameworkCore.Storage.RelationalConnection.OpenInternalAsync(Boolean errorsExpected, CancellationToken cancellationToken)
   at Microsoft.EntityFrameworkCore.Storage.RelationalConnection.OpenInternalAsync(Boolean errorsExpected, CancellationToken cancellationToken)
   at Microsoft.EntityFrameworkCore.Storage.RelationalConnection.OpenAsync(CancellationToken cancellationToken, Boolean errorsExpected)
   at Microsoft.EntityFrameworkCore.Storage.RelationalCommand.ExecuteReaderAsync(RelationalCommandParameterObject parameterObject, CancellationToken cancellationToken)
   at Microsoft.EntityFrameworkCore.Query.Internal.SingleQueryingEnumerable`1.AsyncEnumerator.InitializeReaderAsync(AsyncEnumerator enumerator, CancellationToken cancellationToken)
   at Microsoft.EntityFrameworkCore.Storage.ExecutionStrategy.<>c__DisplayClass30_0`2.<<ExecuteAsync>b__0>d.MoveNext()
--- End of stack trace from previous location ---
   at Microsoft.EntityFrameworkCore.Storage.ExecutionStrategy.ExecuteImplementationAsync[TState,TResult](Func`4 operation, Func`4 verifySucceeded, TState state, CancellationToken cancellationToken)
   at Microsoft.EntityFrameworkCore.Storage.ExecutionStrategy.ExecuteImplementationAsync[TState,TResult](Func`4 operation, Func`4 verifySucceeded, TState state, CancellationToken cancellationToken)
   at Microsoft.EntityFrameworkCore.Storage.ExecutionStrategy.ExecuteAsync[TState,TResult](TState state, Func`4 operation, Func`4 verifySucceeded, CancellationToken cancellationToken)
   at Microsoft.EntityFrameworkCore.Query.Internal.SingleQueryingEnumerable`1.AsyncEnumerator.MoveNextAsync()
ClientConnectionId:182695b0-1f15-4122-a7b6-2e86ed65ffcb
Error Number:-2,State:0,Class:11
Microsoft.Data.SqlClient.SqlException (0x80131904): Connection Timeout Expired.  The timeout period elapsed while attempting to consume the pre-login handshake acknowledgement.  This could be because the pre-login handshake failed or the server was unable to respond back in time.  The duration spent while attempting to connect to this server was - [Pre-Login] initialization=1; handshake=15006; 
 ---> System.ComponentModel.Win32Exception (258): The wait operation timed out.
   at Microsoft.Data.SqlClient.SqlInternalConnection.OnError(SqlException exception, Boolean breakConnection, Action`1 wrapCloseInAction)
   at Microsoft.Data.SqlClient.TdsParser.ThrowExceptionAndWarning(TdsParserStateObject stateObj, SqlCommand command, Boolean callerHasConnectionLock, Boolean asyncClose)
   at Microsoft.Data.SqlClient.TdsParserStateObject.ThrowExceptionAndWarning(Boolean callerHasConnectionLock, Boolean asyncClose)
   at Microsoft.Data.SqlClient.TdsParserStateObject.ReadSniError(TdsParserStateObject stateObj, UInt32 error)
   at Microsoft.Data.SqlClient.TdsParserStateObject.ReadSniSyncOverAsync()
   at Microsoft.Data.SqlClient.TdsParserStateObject.TryReadNetworkPacket()
   at Microsoft.Data.SqlClient.TdsParser.ConsumePreLoginHandshake(SqlConnectionEncryptOption encrypt, Boolean trustServerCert, Boolean integratedSecurity, Boolean& marsCapable, Boolean& fedAuthRequired, Boolean tlsFirst, String serverCertificateFilename)
   at Microsoft.Data.SqlClient.TdsParser.Connect(ServerInfo serverInfo, SqlInternalConnectionTds connHandler, TimeoutTimer timeout, SqlConnectionString connectionOptions, Boolean withFailover)
   at Microsoft.Data.SqlClient.SqlInternalConnectionTds.AttemptOneLogin(ServerInfo serverInfo, String newPassword, SecureString newSecurePassword, TimeoutTimer timeout, Boolean withFailover)
   at Microsoft.Data.SqlClient.SqlInternalConnectionTds.LoginNoFailover(ServerInfo serverInfo, String newPassword, SecureString newSecurePassword, Boolean redirectedUserInstance, SqlConnectionString connectionOptions, SqlCredential credential, TimeoutTimer timeout)
   at Microsoft.Data.SqlClient.SqlInternalConnectionTds.OpenLoginEnlist(TimeoutTimer timeout, SqlConnectionString connectionOptions, SqlCredential credential, String newPassword, SecureString newSecurePassword, Boolean redirectedUserInstance)
   at Microsoft.Data.SqlClient.SqlInternalConnectionTds..ctor(DbConnectionPoolIdentity identity, SqlConnectionString connectionOptions, SqlCredential credential, Object providerInfo, String newPassword, SecureString newSecurePassword, Boolean redirectedUserInstance, SqlConnectionString userConnectionOptions, SessionData reconnectSessionData, Boolean applyTransientFaultHandling, String accessToken, IDbConnectionPool pool, Func`3 accessTokenCallback)
   at Microsoft.Data.SqlClient.SqlConnectionFactory.CreateConnection(DbConnectionOptions options, DbConnectionPoolKey poolKey, DbConnectionPoolGroupProviderInfo poolGroupProviderInfo, IDbConnectionPool pool, DbConnection owningConnection, DbConnectionOptions userOptions)
   at Microsoft.Data.ProviderBase.DbConnectionFactory.CreatePooledConnection(IDbConnectionPool pool, DbConnection owningObject, DbConnectionOptions options, DbConnectionPoolKey poolKey, DbConnectionOptions userOptions)
   at Microsoft.Data.SqlClient.ConnectionPool.WaitHandleDbConnectionPool.CreateObject(DbConnection owningObject, DbConnectionOptions userOptions, DbConnectionInternal oldConnection)
   at Microsoft.Data.SqlClient.ConnectionPool.WaitHandleDbConnectionPool.UserCreateRequest(DbConnection owningObject, DbConnectionOptions userOptions, DbConnectionInternal oldConnection)
   at Microsoft.Data.SqlClient.ConnectionPool.WaitHandleDbConnectionPool.TryGetConnection(DbConnection owningObject, UInt32 waitForMultipleObjectsTimeout, Boolean allowCreate, Boolean onlyOneCheckConnection, DbConnectionOptions userOptions, DbConnectionInternal& connection)
   at Microsoft.Data.SqlClient.ConnectionPool.WaitHandleDbConnectionPool.WaitForPendingOpen()
--- End of stack trace from previous location ---
   at Microsoft.EntityFrameworkCore.Storage.RelationalConnection.OpenInternalAsync(Boolean errorsExpected, CancellationToken cancellationToken)
   at Microsoft.EntityFrameworkCore.Storage.RelationalConnection.OpenInternalAsync(Boolean errorsExpected, CancellationToken cancellationToken)
   at Microsoft.EntityFrameworkCore.Storage.RelationalConnection.OpenAsync(CancellationToken cancellationToken, Boolean errorsExpected)
   at Microsoft.EntityFrameworkCore.Storage.RelationalCommand.ExecuteReaderAsync(RelationalCommandParameterObject parameterObject, CancellationToken cancellationToken)
   at Microsoft.EntityFrameworkCore.Query.Internal.SingleQueryingEnumerable`1.AsyncEnumerator.InitializeReaderAsync(AsyncEnumerator enumerator, CancellationToken cancellationToken)
   at Microsoft.EntityFrameworkCore.Storage.ExecutionStrategy.<>c__DisplayClass30_0`2.<<ExecuteAsync>b__0>d.MoveNext()
--- End of stack trace from previous location ---
   at Microsoft.EntityFrameworkCore.Storage.ExecutionStrategy.ExecuteImplementationAsync[TState,TResult](Func`4 operation, Func`4 verifySucceeded, TState state, CancellationToken cancellationToken)
   at Microsoft.EntityFrameworkCore.Storage.ExecutionStrategy.ExecuteImplementationAsync[TState,TResult](Func`4 operation, Func`4 verifySucceeded, TState state, CancellationToken cancellationToken)
   at Microsoft.EntityFrameworkCore.Storage.ExecutionStrategy.ExecuteAsync[TState,TResult](TState state, Func`4 operation, Func`4 verifySucceeded, CancellationToken cancellationToken)
   at Microsoft.EntityFrameworkCore.Query.Internal.SingleQueryingEnumerable`1.AsyncEnumerator.MoveNextAsync()
ClientConnectionId:182695b0-1f15-4122-a7b6-2e86ed65ffcb
Error Number:-2,State:0,Class:11
2026-08-26 13:10:10.857 +05:30 [INF] Executed action LoanDeductionPrediction.API.Controllers.AuthController.Login (LoanDeductionPrediction.API) in 15084.2422ms
2026-08-26 13:10:10.858 +05:30 [INF] Executed endpoint 'LoanDeductionPrediction.API.Controllers.AuthController.Login (LoanDeductionPrediction.API)'
2026-08-26 13:10:10.861 +05:30 [ERR] Unhandled exception occurred.
Microsoft.Data.SqlClient.SqlException (0x80131904): Connection Timeout Expired.  The timeout period elapsed while attempting to consume the pre-login handshake acknowledgement.  This could be because the pre-login handshake failed or the server was unable to respond back in time.  The duration spent while attempting to connect to this server was - [Pre-Login] initialization=1; handshake=15006; 
 ---> System.ComponentModel.Win32Exception (258): The wait operation timed out.
   at Microsoft.Data.SqlClient.SqlInternalConnection.OnError(SqlException exception, Boolean breakConnection, Action`1 wrapCloseInAction)
   at Microsoft.Data.SqlClient.TdsParser.ThrowExceptionAndWarning(TdsParserStateObject stateObj, SqlCommand command, Boolean callerHasConnectionLock, Boolean asyncClose)
   at Microsoft.Data.SqlClient.TdsParserStateObject.ThrowExceptionAndWarning(Boolean callerHasConnectionLock, Boolean asyncClose)
   at Microsoft.Data.SqlClient.TdsParserStateObject.ReadSniError(TdsParserStateObject stateObj, UInt32 error)
   at Microsoft.Data.SqlClient.TdsParserStateObject.ReadSniSyncOverAsync()
   at Microsoft.Data.SqlClient.TdsParserStateObject.TryReadNetworkPacket()
   at Microsoft.Data.SqlClient.TdsParser.ConsumePreLoginHandshake(SqlConnectionEncryptOption encrypt, Boolean trustServerCert, Boolean integratedSecurity, Boolean& marsCapable, Boolean& fedAuthRequired, Boolean tlsFirst, String serverCertificateFilename)
   at Microsoft.Data.SqlClient.TdsParser.Connect(ServerInfo serverInfo, SqlInternalConnectionTds connHandler, TimeoutTimer timeout, SqlConnectionString connectionOptions, Boolean withFailover)
   at Microsoft.Data.SqlClient.SqlInternalConnectionTds.AttemptOneLogin(ServerInfo serverInfo, String newPassword, SecureString newSecurePassword, TimeoutTimer timeout, Boolean withFailover)
   at Microsoft.Data.SqlClient.SqlInternalConnectionTds.LoginNoFailover(ServerInfo serverInfo, String newPassword, SecureString newSecurePassword, Boolean redirectedUserInstance, SqlConnectionString connectionOptions, SqlCredential credential, TimeoutTimer timeout)
   at Microsoft.Data.SqlClient.SqlInternalConnectionTds.OpenLoginEnlist(TimeoutTimer timeout, SqlConnectionString connectionOptions, SqlCredential credential, String newPassword, SecureString newSecurePassword, Boolean redirectedUserInstance)
   at Microsoft.Data.SqlClient.SqlInternalConnectionTds..ctor(DbConnectionPoolIdentity identity, SqlConnectionString connectionOptions, SqlCredential credential, Object providerInfo, String newPassword, SecureString newSecurePassword, Boolean redirectedUserInstance, SqlConnectionString userConnectionOptions, SessionData reconnectSessionData, Boolean applyTransientFaultHandling, String accessToken, IDbConnectionPool pool, Func`3 accessTokenCallback)
   at Microsoft.Data.SqlClient.SqlConnectionFactory.CreateConnection(DbConnectionOptions options, DbConnectionPoolKey poolKey, DbConnectionPoolGroupProviderInfo poolGroupProviderInfo, IDbConnectionPool pool, DbConnection owningConnection, DbConnectionOptions userOptions)
   at Microsoft.Data.ProviderBase.DbConnectionFactory.CreatePooledConnection(IDbConnectionPool pool, DbConnection owningObject, DbConnectionOptions options, DbConnectionPoolKey poolKey, DbConnectionOptions userOptions)
   at Microsoft.Data.SqlClient.ConnectionPool.WaitHandleDbConnectionPool.CreateObject(DbConnection owningObject, DbConnectionOptions userOptions, DbConnectionInternal oldConnection)
   at Microsoft.Data.SqlClient.ConnectionPool.WaitHandleDbConnectionPool.UserCreateRequest(DbConnection owningObject, DbConnectionOptions userOptions, DbConnectionInternal oldConnection)
   at Microsoft.Data.SqlClient.ConnectionPool.WaitHandleDbConnectionPool.TryGetConnection(DbConnection owningObject, UInt32 waitForMultipleObjectsTimeout, Boolean allowCreate, Boolean onlyOneCheckConnection, DbConnectionOptions userOptions, DbConnectionInternal& connection)
   at Microsoft.Data.SqlClient.ConnectionPool.WaitHandleDbConnectionPool.WaitForPendingOpen()
--- End of stack trace from previous location ---
   at Microsoft.EntityFrameworkCore.Storage.RelationalConnection.OpenInternalAsync(Boolean errorsExpected, CancellationToken cancellationToken)
   at Microsoft.EntityFrameworkCore.Storage.RelationalConnection.OpenInternalAsync(Boolean errorsExpected, CancellationToken cancellationToken)
   at Microsoft.EntityFrameworkCore.Storage.RelationalConnection.OpenAsync(CancellationToken cancellationToken, Boolean errorsExpected)
   at Microsoft.EntityFrameworkCore.Storage.RelationalCommand.ExecuteReaderAsync(RelationalCommandParameterObject parameterObject, CancellationToken cancellationToken)
   at Microsoft.EntityFrameworkCore.Query.Internal.SingleQueryingEnumerable`1.AsyncEnumerator.InitializeReaderAsync(AsyncEnumerator enumerator, CancellationToken cancellationToken)
   at Microsoft.EntityFrameworkCore.Storage.ExecutionStrategy.<>c__DisplayClass30_0`2.<<ExecuteAsync>b__0>d.MoveNext()
--- End of stack trace from previous location ---
   at Microsoft.EntityFrameworkCore.Storage.ExecutionStrategy.ExecuteImplementationAsync[TState,TResult](Func`4 operation, Func`4 verifySucceeded, TState state, CancellationToken cancellationToken)
   at Microsoft.EntityFrameworkCore.Storage.ExecutionStrategy.ExecuteImplementationAsync[TState,TResult](Func`4 operation, Func`4 verifySucceeded, TState state, CancellationToken cancellationToken)
   at Microsoft.EntityFrameworkCore.Storage.ExecutionStrategy.ExecuteAsync[TState,TResult](TState state, Func`4 operation, Func`4 verifySucceeded, CancellationToken cancellationToken)
   at Microsoft.EntityFrameworkCore.Query.Internal.SingleQueryingEnumerable`1.AsyncEnumerator.MoveNextAsync()
   at Microsoft.EntityFrameworkCore.Query.ShapedQueryCompilingExpressionVisitor.SingleOrDefaultAsync[TSource](IAsyncEnumerable`1 asyncEnumerable, CancellationToken cancellationToken)
   at Microsoft.EntityFrameworkCore.Query.ShapedQueryCompilingExpressionVisitor.SingleOrDefaultAsync[TSource](IAsyncEnumerable`1 asyncEnumerable, CancellationToken cancellationToken)
   at LoanDeductionPrediction.Repositories.Implementations.UserRepository.GetByEmailAsync(String email) in C:\Users\thang\OneDrive\Documents\React Projects\LoanDeductionPrediction\LoanDeductionPrediction.Repositories\Implementations\UserRepository.cs:line 18
   at LoanDeductionPrediction.Services.Implementations.UserService.AuthenticateAsync(String email, String password) in C:\Users\thang\OneDrive\Documents\React Projects\LoanDeductionPrediction\LoanDeductionPrediction.Services\Implementations\UserService.cs:line 27
   at LoanDeductionPrediction.API.Controllers.AuthController.Login(LoginRequest request) in C:\Users\thang\OneDrive\Documents\React Projects\LoanDeductionPrediction\LoanDeductionPrediction.API\Controllers\AuthController.cs:line 56
   at Microsoft.AspNetCore.Mvc.Infrastructure.ActionMethodExecutor.TaskOfIActionResultExecutor.Execute(ActionContext actionContext, IActionResultTypeMapper mapper, ObjectMethodExecutor executor, Object controller, Object[] arguments)
   at Microsoft.AspNetCore.Mvc.Infrastructure.ControllerActionInvoker.<InvokeActionMethodAsync>g__Awaited|12_0(ControllerActionInvoker invoker, ValueTask`1 actionResultValueTask)
   at Microsoft.AspNetCore.Mvc.Infrastructure.ControllerActionInvoker.<InvokeNextActionFilterAsync>g__Awaited|10_0(ControllerActionInvoker invoker, Task lastTask, State next, Scope scope, Object state, Boolean isCompleted)
   at Microsoft.AspNetCore.Mvc.Infrastructure.ControllerActionInvoker.Rethrow(ActionExecutedContextSealed context)
   at Microsoft.AspNetCore.Mvc.Infrastructure.ControllerActionInvoker.Next(State& next, Scope& scope, Object& state, Boolean& isCompleted)
   at Microsoft.AspNetCore.Mvc.Infrastructure.ControllerActionInvoker.<InvokeInnerFilterAsync>g__Awaited|13_0(ControllerActionInvoker invoker, Task lastTask, State next, Scope scope, Object state, Boolean isCompleted)
   at Microsoft.AspNetCore.Mvc.Infrastructure.ResourceInvoker.<InvokeFilterPipelineAsync>g__Awaited|20_0(ResourceInvoker invoker, Task lastTask, State next, Scope scope, Object state, Boolean isCompleted)
   at Microsoft.AspNetCore.Mvc.Infrastructure.ResourceInvoker.<InvokeAsync>g__Logged|17_1(ResourceInvoker invoker)
   at Microsoft.AspNetCore.Mvc.Infrastructure.ResourceInvoker.<InvokeAsync>g__Logged|17_1(ResourceInvoker invoker)
   at Microsoft.AspNetCore.Routing.EndpointMiddleware.<Invoke>g__AwaitRequestTask|7_0(Endpoint endpoint, Task requestTask, ILogger logger)
   at Microsoft.AspNetCore.Authorization.AuthorizationMiddleware.Invoke(HttpContext context)
   at Microsoft.AspNetCore.Authentication.AuthenticationMiddleware.Invoke(HttpContext context)
   at Swashbuckle.AspNetCore.SwaggerUI.SwaggerUIMiddleware.Invoke(HttpContext httpContext)
   at Swashbuckle.AspNetCore.Swagger.SwaggerMiddleware.Invoke(HttpContext httpContext, ISwaggerProvider swaggerProvider)
   at LoanDeductionPrediction.API.Middleware.GlobalExceptionMiddleware.InvokeAsync(HttpContext context) in C:\Users\thang\OneDrive\Documents\React Projects\LoanDeductionPrediction\LoanDeductionPrediction.API\Middleware\GlobalExceptionMiddleware.cs:line 23
ClientConnectionId:182695b0-1f15-4122-a7b6-2e86ed65ffcb
Error Number:-2,State:0,Class:11
2026-08-26 13:10:10.875 +05:30 [ERR] HTTP POST /api/Auth/login responded 500 in 15123.9450 ms
2026-08-26 13:10:10.877 +05:30 [INF] Request finished HTTP/1.1 POST http://localhost:5082/api/Auth/login - 500 null application/json 15168.521ms
2026-08-26 13:15:10.024 +05:30 [INF] Application is shutting down...
2026-08-26 13:15:21.242 +05:30 [INF] Executed DbCommand (35ms) [Parameters=[], CommandType='"Text"', CommandTimeout='30']
SELECT CASE
    WHEN EXISTS (
        SELECT 1
        FROM [Users] AS [u]
        WHERE [u].[Role] = N'Admin') THEN CAST(1 AS bit)
    ELSE CAST(0 AS bit)
END
2026-08-26 13:15:21.449 +05:30 [INF] User profile is available. Using 'C:\Users\thang\AppData\Local\ASP.NET\DataProtection-Keys' as key repository and Windows DPAPI to encrypt keys at rest.
2026-08-26 13:15:21.459 +05:30 [INF] Payment Behavior Background Service started.
2026-08-26 13:15:21.555 +05:30 [INF] Now listening on: http://localhost:5082
2026-08-26 13:15:21.566 +05:30 [INF] Application started. Press Ctrl+C to shut down.
2026-08-26 13:15:21.568 +05:30 [INF] Hosting environment: Development
2026-08-26 13:15:21.584 +05:30 [INF] Content root path: C:\Users\thang\OneDrive\Documents\React Projects\LoanDeductionPrediction\LoanDeductionPrediction.API
2026-08-26 13:15:21.703 +05:30 [INF] Executed DbCommand (35ms) [Parameters=[@today='?' (DbType = Date)], CommandType='"Text"', CommandTimeout='30']
SELECT [r].[ScheduleId], [r].[DueDate], [r].[EMIAmount], [r].[InstallmentNumber], [r].[InterestAmount], [r].[LoanId], [r].[PaidAmount], [r].[PaidDate], [r].[PrincipalAmount], [r].[Status]
FROM [RepaymentSchedules] AS [r]
WHERE [r].[DueDate] < @today AND [r].[PaidAmount] < [r].[EMIAmount] AND [r].[Status] <> N'PAID'
ORDER BY [r].[DueDate]
2026-08-26 13:15:21.826 +05:30 [INF] Executed DbCommand (7ms) [Parameters=[@scheduleId='?' (DbType = Int32)], CommandType='"Text"', CommandTimeout='30']
SELECT TOP(1) [p].[BehaviorLogId], [p].[BorrowerId], [p].[DaysLate], [p].[DueDate], [p].[LoanId], [p].[PaymentDate], [p].[PaymentStatus], [p].[RecordedAt], [p].[ScheduleId]
FROM [PaymentBehaviorLogs] AS [p]
WHERE [p].[ScheduleId] = @scheduleId
2026-08-26 13:15:21.882 +05:30 [INF] Executed DbCommand (5ms) [Parameters=[@scheduleId='?' (DbType = Int32)], CommandType='"Text"', CommandTimeout='30']
SELECT TOP(1) [p].[BehaviorLogId], [p].[BorrowerId], [p].[DaysLate], [p].[DueDate], [p].[LoanId], [p].[PaymentDate], [p].[PaymentStatus], [p].[RecordedAt], [p].[ScheduleId]
FROM [PaymentBehaviorLogs] AS [p]
WHERE [p].[ScheduleId] = @scheduleId
2026-08-26 13:15:21.889 +05:30 [INF] Executed DbCommand (4ms) [Parameters=[@scheduleId='?' (DbType = Int32)], CommandType='"Text"', CommandTimeout='30']
SELECT TOP(1) [p].[BehaviorLogId], [p].[BorrowerId], [p].[DaysLate], [p].[DueDate], [p].[LoanId], [p].[PaymentDate], [p].[PaymentStatus], [p].[RecordedAt], [p].[ScheduleId]
FROM [PaymentBehaviorLogs] AS [p]
WHERE [p].[ScheduleId] = @scheduleId
2026-08-26 13:15:31.959 +05:30 [INF] Request starting HTTP/1.1 GET http://localhost:5082/swagger/index.html - null null
2026-08-26 13:15:32.334 +05:30 [INF] HTTP GET /swagger/index.html responded 304 in 322.5226 ms
2026-08-26 13:15:32.390 +05:30 [INF] Request finished HTTP/1.1 GET http://localhost:5082/swagger/index.html - 304 null null 428.5563ms
2026-08-26 13:15:32.529 +05:30 [INF] Request starting HTTP/1.1 GET http://localhost:5082/swagger/swagger-ui.css - null null
2026-08-26 13:15:32.530 +05:30 [INF] Request starting HTTP/1.1 GET http://localhost:5082/swagger/swagger-ui-bundle.js - null null
2026-08-26 13:15:32.561 +05:30 [INF] Request starting HTTP/1.1 GET http://localhost:5082/swagger/swagger-ui-standalone-preset.js - null null
2026-08-26 13:15:32.761 +05:30 [INF] Request starting HTTP/1.1 GET http://localhost:5082/swagger/index.js - null null
2026-08-26 13:15:33.217 +05:30 [INF] Request starting HTTP/1.1 GET http://localhost:5082/swagger/index.css - null null
2026-08-26 13:15:33.366 +05:30 [INF] HTTP GET /swagger/swagger-ui.css responded 304 in 141.0406 ms
2026-08-26 13:15:33.417 +05:30 [INF] HTTP GET /swagger/swagger-ui-bundle.js responded 304 in 58.9152 ms
2026-08-26 13:15:33.418 +05:30 [INF] HTTP GET /swagger/swagger-ui-standalone-preset.js responded 304 in 37.7420 ms
2026-08-26 13:15:33.575 +05:30 [INF] Request finished HTTP/1.1 GET http://localhost:5082/swagger/swagger-ui-standalone-preset.js - 304 null null 1014.2541ms
2026-08-26 13:15:33.433 +05:30 [INF] HTTP GET /swagger/index.css responded 304 in 0.8777 ms
2026-08-26 13:15:33.446 +05:30 [INF] Request finished HTTP/1.1 GET http://localhost:5082/swagger/swagger-ui.css - 304 null null 916.0078ms
2026-08-26 13:15:33.544 +05:30 [INF] Request finished HTTP/1.1 GET http://localhost:5082/swagger/swagger-ui-bundle.js - 304 null null 1012.5951ms
2026-08-26 13:15:33.426 +05:30 [INF] HTTP GET /swagger/index.js responded 304 in 3.1592 ms
2026-08-26 13:15:33.717 +05:30 [INF] Request finished HTTP/1.1 GET http://localhost:5082/swagger/index.css - 304 null null 499.9983ms
2026-08-26 13:15:33.884 +05:30 [INF] Request finished HTTP/1.1 GET http://localhost:5082/swagger/index.js - 304 null null 1123.1582ms
2026-08-26 13:15:34.514 +05:30 [INF] Request starting HTTP/1.1 GET http://localhost:5082/swagger/v1/swagger.json - null null
2026-08-26 13:15:34.950 +05:30 [INF] HTTP GET /swagger/v1/swagger.json responded 200 in 274.5059 ms
2026-08-26 13:15:34.969 +05:30 [INF] Request finished HTTP/1.1 GET http://localhost:5082/swagger/v1/swagger.json - 200 null application/json;charset=utf-8 454.3393ms
2026-08-26 13:16:05.636 +05:30 [INF] Request starting HTTP/1.1 POST http://localhost:5082/api/Auth/login - application/json 69
2026-08-26 13:16:05.676 +05:30 [WRN] Failed to determine the https port for redirect.
2026-08-26 13:16:05.748 +05:30 [INF] CORS policy execution successful.
2026-08-26 13:16:05.908 +05:30 [INF] Executing endpoint 'LoanDeductionPrediction.API.Controllers.AuthController.Login (LoanDeductionPrediction.API)'
2026-08-26 13:16:05.961 +05:30 [INF] Route matched with {action = "Login", controller = "Auth"}. Executing controller action with signature System.Threading.Tasks.Task`1[Microsoft.AspNetCore.Mvc.IActionResult] Login(LoanDeductionPrediction.Models.DTOs.LoginRequest) on controller LoanDeductionPrediction.API.Controllers.AuthController (LoanDeductionPrediction.API).
2026-08-26 13:16:06.271 +05:30 [WRN] You do not have a valid license key for the Lucky Penny software AutoMapper. This is allowed for development and testing scenarios. If you are running in production you are required to have a licensed version. Please visit https://luckypennysoftware.com to obtain a valid license.
2026-08-26 13:16:06.606 +05:30 [INF] Executed DbCommand (4ms) [Parameters=[@email='?' (Size = 150)], CommandType='"Text"', CommandTimeout='30']
SELECT TOP(1) [u].[UserId], [u].[CreatedAt], [u].[Email], [u].[FullName], [u].[IsActive], [u].[PasswordHash], [u].[Role]
FROM [Users] AS [u]
WHERE [u].[Email] = @email
2026-08-26 13:16:08.002 +05:30 [INF] Executed DbCommand (41ms) [Parameters=[@p0='?' (DbType = DateTime2), @p1='?' (DbType = DateTime2), @p2='?' (DbType = Boolean), @p3='?' (DbType = DateTime2), @p4='?' (Size = 500), @p5='?' (DbType = Int32)], CommandType='"Text"', CommandTimeout='30']
SET IMPLICIT_TRANSACTIONS OFF;
SET NOCOUNT ON;
INSERT INTO [RefreshTokens] ([CreatedAt], [ExpiresAt], [IsRevoked], [RevokedAt], [Token], [UserId])
OUTPUT INSERTED.[RefreshTokenId]
VALUES (@p0, @p1, @p2, @p3, @p4, @p5);
2026-08-26 13:16:08.082 +05:30 [INF] Executing OkObjectResult, writing value of type 'LoanDeductionPrediction.Models.DTOs.LoginResponse'.
2026-08-26 13:16:08.125 +05:30 [INF] Executed action LoanDeductionPrediction.API.Controllers.AuthController.Login (LoanDeductionPrediction.API) in 2145.0221ms
2026-08-26 13:16:08.129 +05:30 [INF] Executed endpoint 'LoanDeductionPrediction.API.Controllers.AuthController.Login (LoanDeductionPrediction.API)'
2026-08-26 13:16:08.142 +05:30 [INF] HTTP POST /api/Auth/login responded 200 in 2472.6979 ms
2026-08-26 13:16:08.651 +05:30 [INF] Request finished HTTP/1.1 POST http://localhost:5082/api/Auth/login - 200 null application/json; charset=utf-8 3014.3225ms
2026-08-26 13:16:42.833 +05:30 [INF] Request starting HTTP/1.1 POST http://localhost:5082/api/Auth/login - application/json 63
2026-08-26 13:16:42.862 +05:30 [INF] CORS policy execution successful.
2026-08-26 13:16:42.925 +05:30 [INF] Executing endpoint 'LoanDeductionPrediction.API.Controllers.AuthController.Login (LoanDeductionPrediction.API)'
2026-08-26 13:16:43.032 +05:30 [INF] Route matched with {action = "Login", controller = "Auth"}. Executing controller action with signature System.Threading.Tasks.Task`1[Microsoft.AspNetCore.Mvc.IActionResult] Login(LoanDeductionPrediction.Models.DTOs.LoginRequest) on controller LoanDeductionPrediction.API.Controllers.AuthController (LoanDeductionPrediction.API).
2026-08-26 13:16:43.116 +05:30 [INF] Executed DbCommand (5ms) [Parameters=[@email='?' (Size = 150)], CommandType='"Text"', CommandTimeout='30']
SELECT TOP(1) [u].[UserId], [u].[CreatedAt], [u].[Email], [u].[FullName], [u].[IsActive], [u].[PasswordHash], [u].[Role]
FROM [Users] AS [u]
WHERE [u].[Email] = @email
2026-08-26 13:16:43.810 +05:30 [INF] Executed DbCommand (36ms) [Parameters=[@p0='?' (DbType = DateTime2), @p1='?' (DbType = DateTime2), @p2='?' (DbType = Boolean), @p3='?' (DbType = DateTime2), @p4='?' (Size = 500), @p5='?' (DbType = Int32)], CommandType='"Text"', CommandTimeout='30']
SET IMPLICIT_TRANSACTIONS OFF;
SET NOCOUNT ON;
INSERT INTO [RefreshTokens] ([CreatedAt], [ExpiresAt], [IsRevoked], [RevokedAt], [Token], [UserId])
OUTPUT INSERTED.[RefreshTokenId]
VALUES (@p0, @p1, @p2, @p3, @p4, @p5);
2026-08-26 13:16:43.825 +05:30 [INF] Executing OkObjectResult, writing value of type 'LoanDeductionPrediction.Models.DTOs.LoginResponse'.
2026-08-26 13:16:43.867 +05:30 [INF] Executed action LoanDeductionPrediction.API.Controllers.AuthController.Login (LoanDeductionPrediction.API) in 771.4651ms
2026-08-26 13:16:43.886 +05:30 [INF] Executed endpoint 'LoanDeductionPrediction.API.Controllers.AuthController.Login (LoanDeductionPrediction.API)'
2026-08-26 13:16:44.010 +05:30 [INF] HTTP POST /api/Auth/login responded 200 in 1149.3404 ms
2026-08-26 13:16:44.602 +05:30 [INF] Request finished HTTP/1.1 POST http://localhost:5082/api/Auth/login - 200 null application/json; charset=utf-8 1769.525ms
2026-08-26 13:17:07.314 +05:30 [INF] Request starting HTTP/1.1 POST http://localhost:5082/api/PaymentBehavior/record/183 - null 0
2026-08-26 13:17:07.360 +05:30 [INF] CORS policy execution successful.
2026-08-26 13:17:07.494 +05:30 [INF] Executing endpoint 'LoanDeductionPrediction.API.Controllers.PaymentBehaviorController.RecordBehavior (LoanDeductionPrediction.API)'
2026-08-26 13:17:07.515 +05:30 [INF] Route matched with {action = "RecordBehavior", controller = "PaymentBehavior"}. Executing controller action with signature System.Threading.Tasks.Task`1[Microsoft.AspNetCore.Mvc.IActionResult] RecordBehavior(Int32) on controller LoanDeductionPrediction.API.Controllers.PaymentBehaviorController (LoanDeductionPrediction.API).
2026-08-26 13:17:07.561 +05:30 [INF] Executed DbCommand (4ms) [Parameters=[@scheduleId='?' (DbType = Int32)], CommandType='"Text"', CommandTimeout='30']
SELECT TOP(1) [r].[ScheduleId], [r].[DueDate], [r].[EMIAmount], [r].[InstallmentNumber], [r].[InterestAmount], [r].[LoanId], [r].[PaidAmount], [r].[PaidDate], [r].[PrincipalAmount], [r].[Status]
FROM [RepaymentSchedules] AS [r]
WHERE [r].[ScheduleId] = @scheduleId
2026-08-26 13:17:07.619 +05:30 [INF] Executed DbCommand (5ms) [Parameters=[@loanId='?' (DbType = Int32)], CommandType='"Text"', CommandTimeout='30']
SELECT TOP(1) [l].[LoanId], [l].[BorrowerId], [l].[CreatedAt], [l].[EMIAmount], [l].[EndDate], [l].[InterestRate], [l].[LoanOfficerId], [l].[OutstandingAmount], [l].[PrincipalAmount], [l].[StartDate], [l].[Status], [l].[TenureMonths]
FROM [LoanAccounts] AS [l]
WHERE [l].[LoanId] = @loanId
2026-08-26 13:17:07.630 +05:30 [INF] Executed DbCommand (5ms) [Parameters=[@scheduleId='?' (DbType = Int32)], CommandType='"Text"', CommandTimeout='30']
SELECT TOP(1) [p].[BehaviorLogId], [p].[BorrowerId], [p].[DaysLate], [p].[DueDate], [p].[LoanId], [p].[PaymentDate], [p].[PaymentStatus], [p].[RecordedAt], [p].[ScheduleId]
FROM [PaymentBehaviorLogs] AS [p]
WHERE [p].[ScheduleId] = @scheduleId
2026-08-26 13:17:07.637 +05:30 [INF] Executing ConflictObjectResult, writing value of type '<>f__AnonymousType6`4[[System.Boolean, System.Private.CoreLib, Version=10.0.0.0, Culture=neutral, PublicKeyToken=7cec85d7bea7798e],[System.String, System.Private.CoreLib, Version=10.0.0.0, Culture=neutral, PublicKeyToken=7cec85d7bea7798e],[System.String, System.Private.CoreLib, Version=10.0.0.0, Culture=neutral, PublicKeyToken=7cec85d7bea7798e],[System.String, System.Private.CoreLib, Version=10.0.0.0, Culture=neutral, PublicKeyToken=7cec85d7bea7798e]]'.
2026-08-26 13:17:07.658 +05:30 [INF] Executed action LoanDeductionPrediction.API.Controllers.PaymentBehaviorController.RecordBehavior (LoanDeductionPrediction.API) in 138.7901ms
2026-08-26 13:17:07.662 +05:30 [INF] Executed endpoint 'LoanDeductionPrediction.API.Controllers.PaymentBehaviorController.RecordBehavior (LoanDeductionPrediction.API)'
2026-08-26 13:17:07.673 +05:30 [INF] HTTP POST /api/PaymentBehavior/record/183 responded 409 in 313.7335 ms
2026-08-26 13:17:07.680 +05:30 [INF] Request finished HTTP/1.1 POST http://localhost:5082/api/PaymentBehavior/record/183 - 409 null application/json; charset=utf-8 366.4105ms
2026-08-26 13:17:24.954 +05:30 [INF] Request starting HTTP/1.1 GET http://localhost:5082/api/PaymentBehavior/loan/12 - null null
2026-08-26 13:17:24.982 +05:30 [INF] Executing endpoint 'LoanDeductionPrediction.API.Controllers.PaymentBehaviorController.GetLoanBehavior (LoanDeductionPrediction.API)'
2026-08-26 13:17:25.006 +05:30 [INF] Route matched with {action = "GetLoanBehavior", controller = "PaymentBehavior"}. Executing controller action with signature System.Threading.Tasks.Task`1[Microsoft.AspNetCore.Mvc.IActionResult] GetLoanBehavior(Int32) on controller LoanDeductionPrediction.API.Controllers.PaymentBehaviorController (LoanDeductionPrediction.API).
2026-08-26 13:17:25.032 +05:30 [INF] Executed DbCommand (3ms) [Parameters=[@loanId='?' (DbType = Int32)], CommandType='"Text"', CommandTimeout='30']
SELECT TOP(1) [l].[LoanId], [l].[BorrowerId], [l].[CreatedAt], [l].[EMIAmount], [l].[EndDate], [l].[InterestRate], [l].[LoanOfficerId], [l].[OutstandingAmount], [l].[PrincipalAmount], [l].[StartDate], [l].[Status], [l].[TenureMonths]
FROM [LoanAccounts] AS [l]
WHERE [l].[LoanId] = @loanId
2026-08-26 13:17:25.072 +05:30 [INF] Executed DbCommand (2ms) [Parameters=[@loanId='?' (DbType = Int32)], CommandType='"Text"', CommandTimeout='30']
SELECT TOP(1) [l].[LoanId], [l].[BorrowerId], [l].[CreatedAt], [l].[EMIAmount], [l].[EndDate], [l].[InterestRate], [l].[LoanOfficerId], [l].[OutstandingAmount], [l].[PrincipalAmount], [l].[StartDate], [l].[Status], [l].[TenureMonths]
FROM [LoanAccounts] AS [l]
WHERE [l].[LoanId] = @loanId
2026-08-26 13:17:25.107 +05:30 [INF] Executed DbCommand (5ms) [Parameters=[@loanId='?' (DbType = Int32)], CommandType='"Text"', CommandTimeout='30']
SELECT [p].[BehaviorLogId], [p].[BorrowerId], [p].[DaysLate], [p].[DueDate], [p].[LoanId], [p].[PaymentDate], [p].[PaymentStatus], [p].[RecordedAt], [p].[ScheduleId]
FROM [PaymentBehaviorLogs] AS [p]
WHERE [p].[LoanId] = @loanId
ORDER BY [p].[DueDate]
2026-08-26 13:17:25.115 +05:30 [INF] Executing OkObjectResult, writing value of type 'System.Collections.Generic.List`1[[<>f__AnonymousType7`9[[System.Int32, System.Private.CoreLib, Version=10.0.0.0, Culture=neutral, PublicKeyToken=7cec85d7bea7798e],[System.Int32, System.Private.CoreLib, Version=10.0.0.0, Culture=neutral, PublicKeyToken=7cec85d7bea7798e],[System.Int32, System.Private.CoreLib, Version=10.0.0.0, Culture=neutral, PublicKeyToken=7cec85d7bea7798e],[System.Int32, System.Private.CoreLib, Version=10.0.0.0, Culture=neutral, PublicKeyToken=7cec85d7bea7798e],[System.DateOnly, System.Private.CoreLib, Version=10.0.0.0, Culture=neutral, PublicKeyToken=7cec85d7bea7798e],[System.Nullable`1[[System.DateOnly, System.Private.CoreLib, Version=10.0.0.0, Culture=neutral, PublicKeyToken=7cec85d7bea7798e]], System.Private.CoreLib, Version=10.0.0.0, Culture=neutral, PublicKeyToken=7cec85d7bea7798e],[System.Int32, System.Private.CoreLib, Version=10.0.0.0, Culture=neutral, PublicKeyToken=7cec85d7bea7798e],[System.String, System.Private.CoreLib, Version=10.0.0.0, Culture=neutral, PublicKeyToken=7cec85d7bea7798e],[System.DateTime, System.Private.CoreLib, Version=10.0.0.0, Culture=neutral, PublicKeyToken=7cec85d7bea7798e]], LoanDeductionPrediction.API, Version=1.0.0.0, Culture=neutral, PublicKeyToken=null]]'.
2026-08-26 13:17:25.141 +05:30 [INF] Executed action LoanDeductionPrediction.API.Controllers.PaymentBehaviorController.GetLoanBehavior (LoanDeductionPrediction.API) in 130.0705ms
2026-08-26 13:17:25.147 +05:30 [INF] Executed endpoint 'LoanDeductionPrediction.API.Controllers.PaymentBehaviorController.GetLoanBehavior (LoanDeductionPrediction.API)'
2026-08-26 13:17:25.150 +05:30 [INF] HTTP GET /api/PaymentBehavior/loan/12 responded 200 in 174.1949 ms
2026-08-26 13:17:25.163 +05:30 [INF] Request finished HTTP/1.1 GET http://localhost:5082/api/PaymentBehavior/loan/12 - 200 null application/json; charset=utf-8 208.6295ms
2026-08-26 13:18:42.627 +05:30 [INF] Application is shutting down...
2026-08-26 14:37:20.403 +05:30 [INF] Executed DbCommand (83ms) [Parameters=[], CommandType='"Text"', CommandTimeout='30']
SELECT CASE
    WHEN EXISTS (
        SELECT 1
        FROM [Users] AS [u]
        WHERE [u].[Role] = N'Admin') THEN CAST(1 AS bit)
    ELSE CAST(0 AS bit)
END
2026-08-26 14:37:20.587 +05:30 [INF] User profile is available. Using 'C:\Users\thang\AppData\Local\ASP.NET\DataProtection-Keys' as key repository and Windows DPAPI to encrypt keys at rest.
2026-08-26 14:37:20.618 +05:30 [INF] Payment Behavior Background Service started.
2026-08-26 14:37:20.721 +05:30 [INF] Now listening on: http://localhost:5082
2026-08-26 14:37:20.726 +05:30 [INF] Application started. Press Ctrl+C to shut down.
2026-08-26 14:37:20.729 +05:30 [INF] Hosting environment: Development
2026-08-26 14:37:20.735 +05:30 [INF] Content root path: C:\Users\thang\OneDrive\Documents\React Projects\LoanDeductionPrediction\LoanDeductionPrediction.API
2026-08-26 14:37:20.901 +05:30 [INF] Executed DbCommand (71ms) [Parameters=[@today='?' (DbType = Date)], CommandType='"Text"', CommandTimeout='30']
SELECT [r].[ScheduleId], [r].[DueDate], [r].[EMIAmount], [r].[InstallmentNumber], [r].[InterestAmount], [r].[LoanId], [r].[PaidAmount], [r].[PaidDate], [r].[PrincipalAmount], [r].[Status]
FROM [RepaymentSchedules] AS [r]
WHERE [r].[DueDate] < @today AND [r].[PaidAmount] < [r].[EMIAmount] AND [r].[Status] <> N'PAID'
ORDER BY [r].[DueDate]
2026-08-26 14:37:21.036 +05:30 [INF] Executed DbCommand (12ms) [Parameters=[@scheduleId='?' (DbType = Int32)], CommandType='"Text"', CommandTimeout='30']
SELECT TOP(1) [p].[BehaviorLogId], [p].[BorrowerId], [p].[DaysLate], [p].[DueDate], [p].[LoanId], [p].[PaymentDate], [p].[PaymentStatus], [p].[RecordedAt], [p].[ScheduleId]
FROM [PaymentBehaviorLogs] AS [p]
WHERE [p].[ScheduleId] = @scheduleId
2026-08-26 14:37:21.093 +05:30 [INF] Executed DbCommand (4ms) [Parameters=[@scheduleId='?' (DbType = Int32)], CommandType='"Text"', CommandTimeout='30']
SELECT TOP(1) [p].[BehaviorLogId], [p].[BorrowerId], [p].[DaysLate], [p].[DueDate], [p].[LoanId], [p].[PaymentDate], [p].[PaymentStatus], [p].[RecordedAt], [p].[ScheduleId]
FROM [PaymentBehaviorLogs] AS [p]
WHERE [p].[ScheduleId] = @scheduleId
2026-08-26 14:37:21.098 +05:30 [INF] Executed DbCommand (1ms) [Parameters=[@scheduleId='?' (DbType = Int32)], CommandType='"Text"', CommandTimeout='30']
SELECT TOP(1) [p].[BehaviorLogId], [p].[BorrowerId], [p].[DaysLate], [p].[DueDate], [p].[LoanId], [p].[PaymentDate], [p].[PaymentStatus], [p].[RecordedAt], [p].[ScheduleId]
FROM [PaymentBehaviorLogs] AS [p]
WHERE [p].[ScheduleId] = @scheduleId
2026-08-26 14:37:41.933 +05:30 [INF] Request starting HTTP/1.1 GET http://localhost:5082/swagger/index.html - null null
2026-08-26 14:37:42.133 +05:30 [INF] Request starting HTTP/1.1 GET http://localhost:5082/swagger/index.html - null null
2026-08-26 14:37:42.197 +05:30 [ERR] Unhandled exception occurred.
System.Threading.Tasks.TaskCanceledException: A task was canceled.
   at System.IO.StreamReader.ReadBufferAsync(CancellationToken cancellationToken)
   at System.IO.StreamReader.ReadToEndAsyncInternal(CancellationToken cancellationToken)
   at Swashbuckle.AspNetCore.SwaggerUI.SwaggerUIMiddleware.RespondWithFile(HttpContext context, String fileName)
   at Swashbuckle.AspNetCore.SwaggerUI.SwaggerUIMiddleware.Invoke(HttpContext httpContext)
   at Swashbuckle.AspNetCore.Swagger.SwaggerMiddleware.Invoke(HttpContext httpContext, ISwaggerProvider swaggerProvider)
   at LoanDeductionPrediction.API.Middleware.GlobalExceptionMiddleware.InvokeAsync(HttpContext context) in C:\Users\thang\OneDrive\Documents\React Projects\LoanDeductionPrediction\LoanDeductionPrediction.API\Middleware\GlobalExceptionMiddleware.cs:line 23
2026-08-26 14:37:42.317 +05:30 [ERR] HTTP GET /swagger/index.html responded 500 in 298.6704 ms
2026-08-26 14:37:42.330 +05:30 [INF] Request finished HTTP/1.1 GET http://localhost:5082/swagger/index.html - 500 null application/json 400.2289ms
2026-08-26 14:37:42.409 +05:30 [INF] HTTP GET /swagger/index.html responded 200 in 239.8578 ms
2026-08-26 14:37:42.441 +05:30 [INF] Request starting HTTP/1.1 GET http://localhost:5082/swagger/swagger-ui-standalone-preset.js - null null
2026-08-26 14:37:42.444 +05:30 [INF] Request starting HTTP/1.1 GET http://localhost:5082/swagger/swagger-ui.css - null null
2026-08-26 14:37:42.445 +05:30 [INF] Request starting HTTP/1.1 GET http://localhost:5082/swagger/index.js - null null
2026-08-26 14:37:42.445 +05:30 [INF] Request starting HTTP/1.1 GET http://localhost:5082/swagger/index.css - null null
2026-08-26 14:37:42.446 +05:30 [INF] Request starting HTTP/1.1 GET http://localhost:5082/swagger/swagger-ui-bundle.js - null null
2026-08-26 14:37:42.453 +05:30 [INF] Request finished HTTP/1.1 GET http://localhost:5082/swagger/index.html - 200 null text/html;charset=utf-8 322.5583ms
2026-08-26 14:37:42.514 +05:30 [INF] HTTP GET /swagger/index.js responded 304 in 1.6423 ms
2026-08-26 14:37:42.525 +05:30 [INF] HTTP GET /swagger/swagger-ui.css responded 304 in 38.1254 ms
2026-08-26 14:37:42.525 +05:30 [INF] HTTP GET /swagger/swagger-ui-standalone-preset.js responded 304 in 48.9884 ms
2026-08-26 14:37:42.531 +05:30 [INF] HTTP GET /swagger/index.css responded 304 in 0.9714 ms
2026-08-26 14:37:42.569 +05:30 [INF] HTTP GET /swagger/swagger-ui-bundle.js responded 304 in 29.8849 ms
2026-08-26 14:37:42.574 +05:30 [INF] Request finished HTTP/1.1 GET http://localhost:5082/swagger/index.js - 304 null null 129.381ms
2026-08-26 14:37:42.582 +05:30 [INF] Request finished HTTP/1.1 GET http://localhost:5082/swagger/swagger-ui.css - 304 null null 138.0479ms
2026-08-26 14:37:42.591 +05:30 [INF] Request finished HTTP/1.1 GET http://localhost:5082/swagger/swagger-ui-standalone-preset.js - 304 null null 149.6182ms
2026-08-26 14:37:42.608 +05:30 [INF] Request finished HTTP/1.1 GET http://localhost:5082/swagger/index.css - 304 null null 162.2873ms
2026-08-26 14:37:42.615 +05:30 [INF] Request finished HTTP/1.1 GET http://localhost:5082/swagger/swagger-ui-bundle.js - 304 null null 168.4826ms
2026-08-26 14:37:42.954 +05:30 [INF] Request starting HTTP/1.1 GET http://localhost:5082/swagger/v1/swagger.json - null null
2026-08-26 14:37:43.324 +05:30 [INF] HTTP GET /swagger/v1/swagger.json responded 200 in 331.0444 ms
2026-08-26 14:37:43.331 +05:30 [INF] Request finished HTTP/1.1 GET http://localhost:5082/swagger/v1/swagger.json - 200 null application/json;charset=utf-8 377.6986ms
2026-08-26 14:50:38.232 +05:30 [INF] Request starting HTTP/1.1 POST http://localhost:5082/api/Auth/login - application/json 69
2026-08-26 14:50:38.337 +05:30 [WRN] Failed to determine the https port for redirect.
2026-08-26 14:50:38.445 +05:30 [INF] CORS policy execution successful.
2026-08-26 14:50:38.586 +05:30 [INF] Executing endpoint 'LoanDeductionPrediction.API.Controllers.AuthController.Login (LoanDeductionPrediction.API)'
2026-08-26 14:50:38.632 +05:30 [INF] Route matched with {action = "Login", controller = "Auth"}. Executing controller action with signature System.Threading.Tasks.Task`1[Microsoft.AspNetCore.Mvc.IActionResult] Login(LoanDeductionPrediction.Models.DTOs.LoginRequest) on controller LoanDeductionPrediction.API.Controllers.AuthController (LoanDeductionPrediction.API).
2026-08-26 14:50:38.949 +05:30 [WRN] You do not have a valid license key for the Lucky Penny software AutoMapper. This is allowed for development and testing scenarios. If you are running in production you are required to have a licensed version. Please visit https://luckypennysoftware.com to obtain a valid license.
2026-08-26 14:50:39.429 +05:30 [INF] Executed DbCommand (20ms) [Parameters=[@email='?' (Size = 150)], CommandType='"Text"', CommandTimeout='30']
SELECT TOP(1) [u].[UserId], [u].[CreatedAt], [u].[Email], [u].[FullName], [u].[IsActive], [u].[PasswordHash], [u].[Role]
FROM [Users] AS [u]
WHERE [u].[Email] = @email
2026-08-26 14:50:40.857 +05:30 [INF] Executed DbCommand (28ms) [Parameters=[@p0='?' (DbType = DateTime2), @p1='?' (DbType = DateTime2), @p2='?' (DbType = Boolean), @p3='?' (DbType = DateTime2), @p4='?' (Size = 500), @p5='?' (DbType = Int32)], CommandType='"Text"', CommandTimeout='30']
SET IMPLICIT_TRANSACTIONS OFF;
SET NOCOUNT ON;
INSERT INTO [RefreshTokens] ([CreatedAt], [ExpiresAt], [IsRevoked], [RevokedAt], [Token], [UserId])
OUTPUT INSERTED.[RefreshTokenId]
VALUES (@p0, @p1, @p2, @p3, @p4, @p5);
2026-08-26 14:50:40.952 +05:30 [INF] Executing OkObjectResult, writing value of type 'LoanDeductionPrediction.Models.DTOs.LoginResponse'.
2026-08-26 14:50:40.976 +05:30 [INF] Executed action LoanDeductionPrediction.API.Controllers.AuthController.Login (LoanDeductionPrediction.API) in 2329.3708ms
2026-08-26 14:50:40.979 +05:30 [INF] Executed endpoint 'LoanDeductionPrediction.API.Controllers.AuthController.Login (LoanDeductionPrediction.API)'
2026-08-26 14:50:40.987 +05:30 [INF] HTTP POST /api/Auth/login responded 200 in 2683.0856 ms
2026-08-26 14:50:41.257 +05:30 [INF] Request finished HTTP/1.1 POST http://localhost:5082/api/Auth/login - 200 null application/json; charset=utf-8 3032.2617ms
2026-08-26 14:51:40.990 +05:30 [INF] Request starting HTTP/1.1 POST http://localhost:5082/api/Auth/login - application/json 63
2026-08-26 14:51:41.020 +05:30 [INF] CORS policy execution successful.
2026-08-26 14:51:41.154 +05:30 [INF] Executing endpoint 'LoanDeductionPrediction.API.Controllers.AuthController.Login (LoanDeductionPrediction.API)'
2026-08-26 14:51:41.156 +05:30 [INF] Route matched with {action = "Login", controller = "Auth"}. Executing controller action with signature System.Threading.Tasks.Task`1[Microsoft.AspNetCore.Mvc.IActionResult] Login(LoanDeductionPrediction.Models.DTOs.LoginRequest) on controller LoanDeductionPrediction.API.Controllers.AuthController (LoanDeductionPrediction.API).
2026-08-26 14:51:41.176 +05:30 [INF] Executed DbCommand (5ms) [Parameters=[@email='?' (Size = 150)], CommandType='"Text"', CommandTimeout='30']
SELECT TOP(1) [u].[UserId], [u].[CreatedAt], [u].[Email], [u].[FullName], [u].[IsActive], [u].[PasswordHash], [u].[Role]
FROM [Users] AS [u]
WHERE [u].[Email] = @email
2026-08-26 14:51:41.779 +05:30 [INF] Executed DbCommand (26ms) [Parameters=[@p0='?' (DbType = DateTime2), @p1='?' (DbType = DateTime2), @p2='?' (DbType = Boolean), @p3='?' (DbType = DateTime2), @p4='?' (Size = 500), @p5='?' (DbType = Int32)], CommandType='"Text"', CommandTimeout='30']
SET IMPLICIT_TRANSACTIONS OFF;
SET NOCOUNT ON;
INSERT INTO [RefreshTokens] ([CreatedAt], [ExpiresAt], [IsRevoked], [RevokedAt], [Token], [UserId])
OUTPUT INSERTED.[RefreshTokenId]
VALUES (@p0, @p1, @p2, @p3, @p4, @p5);
2026-08-26 14:51:41.786 +05:30 [INF] Executing OkObjectResult, writing value of type 'LoanDeductionPrediction.Models.DTOs.LoginResponse'.
2026-08-26 14:51:41.790 +05:30 [INF] Executed action LoanDeductionPrediction.API.Controllers.AuthController.Login (LoanDeductionPrediction.API) in 629.4948ms
2026-08-26 14:51:41.793 +05:30 [INF] Executed endpoint 'LoanDeductionPrediction.API.Controllers.AuthController.Login (LoanDeductionPrediction.API)'
2026-08-26 14:51:41.796 +05:30 [INF] HTTP POST /api/Auth/login responded 200 in 776.2218 ms
2026-08-26 14:51:41.800 +05:30 [INF] Request finished HTTP/1.1 POST http://localhost:5082/api/Auth/login - 200 null application/json; charset=utf-8 809.8946ms
2026-08-26 14:54:21.324 +05:30 [INF] Request starting HTTP/1.1 POST http://localhost:5082/api/Auth/login - application/json 69
2026-08-26 14:54:21.355 +05:30 [INF] CORS policy execution successful.
2026-08-26 14:54:21.370 +05:30 [INF] Executing endpoint 'LoanDeductionPrediction.API.Controllers.AuthController.Login (LoanDeductionPrediction.API)'
2026-08-26 14:54:21.374 +05:30 [INF] Route matched with {action = "Login", controller = "Auth"}. Executing controller action with signature System.Threading.Tasks.Task`1[Microsoft.AspNetCore.Mvc.IActionResult] Login(LoanDeductionPrediction.Models.DTOs.LoginRequest) on controller LoanDeductionPrediction.API.Controllers.AuthController (LoanDeductionPrediction.API).
2026-08-26 14:54:21.406 +05:30 [INF] Executed DbCommand (6ms) [Parameters=[@email='?' (Size = 150)], CommandType='"Text"', CommandTimeout='30']
SELECT TOP(1) [u].[UserId], [u].[CreatedAt], [u].[Email], [u].[FullName], [u].[IsActive], [u].[PasswordHash], [u].[Role]
FROM [Users] AS [u]
WHERE [u].[Email] = @email
2026-08-26 14:54:21.841 +05:30 [INF] Executed DbCommand (9ms) [Parameters=[@p0='?' (DbType = DateTime2), @p1='?' (DbType = DateTime2), @p2='?' (DbType = Boolean), @p3='?' (DbType = DateTime2), @p4='?' (Size = 500), @p5='?' (DbType = Int32)], CommandType='"Text"', CommandTimeout='30']
SET IMPLICIT_TRANSACTIONS OFF;
SET NOCOUNT ON;
INSERT INTO [RefreshTokens] ([CreatedAt], [ExpiresAt], [IsRevoked], [RevokedAt], [Token], [UserId])
OUTPUT INSERTED.[RefreshTokenId]
VALUES (@p0, @p1, @p2, @p3, @p4, @p5);
2026-08-26 14:54:21.984 +05:30 [INF] Executing OkObjectResult, writing value of type 'LoanDeductionPrediction.Models.DTOs.LoginResponse'.
2026-08-26 14:54:22.012 +05:30 [INF] Executed action LoanDeductionPrediction.API.Controllers.AuthController.Login (LoanDeductionPrediction.API) in 628.441ms
2026-08-26 14:54:22.035 +05:30 [INF] Executed endpoint 'LoanDeductionPrediction.API.Controllers.AuthController.Login (LoanDeductionPrediction.API)'
2026-08-26 14:54:22.050 +05:30 [INF] HTTP POST /api/Auth/login responded 200 in 696.6239 ms
2026-08-26 14:54:22.121 +05:30 [INF] Request finished HTTP/1.1 POST http://localhost:5082/api/Auth/login - 200 null application/json; charset=utf-8 796.9392ms
2026-08-26 14:54:45.834 +05:30 [INF] Request starting HTTP/1.1 POST http://localhost:5082/api/Loan - application/json 169
2026-08-26 14:54:45.872 +05:30 [INF] CORS policy execution successful.
2026-08-26 14:54:45.919 +05:30 [INF] Executing endpoint 'LoanDeductionPrediction.API.Controllers.LoanController.Create (LoanDeductionPrediction.API)'
2026-08-26 14:54:45.938 +05:30 [INF] Route matched with {action = "Create", controller = "Loan"}. Executing controller action with signature System.Threading.Tasks.Task`1[Microsoft.AspNetCore.Mvc.IActionResult] Create(LoanDeductionPrediction.Models.DTOs.CreateLoanRequest) on controller LoanDeductionPrediction.API.Controllers.LoanController (LoanDeductionPrediction.API).
2026-08-26 14:54:45.976 +05:30 [INF] Executing BadRequestObjectResult, writing value of type 'Microsoft.AspNetCore.Mvc.ValidationProblemDetails'.
2026-08-26 14:54:46.010 +05:30 [INF] Executed action LoanDeductionPrediction.API.Controllers.LoanController.Create (LoanDeductionPrediction.API) in 68.1184ms
2026-08-26 14:54:46.012 +05:30 [INF] Executed endpoint 'LoanDeductionPrediction.API.Controllers.LoanController.Create (LoanDeductionPrediction.API)'
2026-08-26 14:54:46.016 +05:30 [INF] HTTP POST /api/Loan responded 400 in 144.2657 ms
2026-08-26 14:54:46.020 +05:30 [INF] Request finished HTTP/1.1 POST http://localhost:5082/api/Loan - 400 null application/problem+json; charset=utf-8 186.6365ms
2026-08-26 14:58:42.845 +05:30 [INF] Request starting HTTP/1.1 GET http://localhost:5082/api/Loan/12 - null null
2026-08-26 14:58:42.856 +05:30 [INF] Executing endpoint 'LoanDeductionPrediction.API.Controllers.LoanController.GetById (LoanDeductionPrediction.API)'
2026-08-26 14:58:42.902 +05:30 [INF] Route matched with {action = "GetById", controller = "Loan"}. Executing controller action with signature System.Threading.Tasks.Task`1[Microsoft.AspNetCore.Mvc.IActionResult] GetById(Int32) on controller LoanDeductionPrediction.API.Controllers.LoanController (LoanDeductionPrediction.API).
2026-08-26 14:58:42.991 +05:30 [INF] Executed DbCommand (18ms) [Parameters=[@loanId='?' (DbType = Int32)], CommandType='"Text"', CommandTimeout='30']
SELECT TOP(1) [l].[LoanId], [l].[BorrowerId], [l].[CreatedAt], [l].[EMIAmount], [l].[EndDate], [l].[InterestRate], [l].[LoanOfficerId], [l].[OutstandingAmount], [l].[PrincipalAmount], [l].[StartDate], [l].[Status], [l].[TenureMonths]
FROM [LoanAccounts] AS [l]
WHERE [l].[LoanId] = @loanId
2026-08-26 14:58:43.042 +05:30 [INF] Executing OkObjectResult, writing value of type 'LoanDeductionPrediction.Models.DTOs.LoanDto'.
2026-08-26 14:58:43.061 +05:30 [INF] Executed action LoanDeductionPrediction.API.Controllers.LoanController.GetById (LoanDeductionPrediction.API) in 154.503ms
2026-08-26 14:58:43.075 +05:30 [INF] Executed endpoint 'LoanDeductionPrediction.API.Controllers.LoanController.GetById (LoanDeductionPrediction.API)'
2026-08-26 14:58:43.085 +05:30 [INF] HTTP GET /api/Loan/12 responded 200 in 235.2917 ms
2026-08-26 14:58:43.093 +05:30 [INF] Request finished HTTP/1.1 GET http://localhost:5082/api/Loan/12 - 200 null application/json; charset=utf-8 246.479ms
2026-08-26 14:58:51.646 +05:30 [INF] Request starting HTTP/1.1 GET http://localhost:5082/api/Loan - null null
2026-08-26 14:58:51.704 +05:30 [INF] Executing endpoint 'LoanDeductionPrediction.API.Controllers.LoanController.GetAll (LoanDeductionPrediction.API)'
2026-08-26 14:58:51.725 +05:30 [INF] Route matched with {action = "GetAll", controller = "Loan"}. Executing controller action with signature System.Threading.Tasks.Task`1[Microsoft.AspNetCore.Mvc.IActionResult] GetAll() on controller LoanDeductionPrediction.API.Controllers.LoanController (LoanDeductionPrediction.API).
2026-08-26 14:58:51.782 +05:30 [INF] Executed DbCommand (7ms) [Parameters=[], CommandType='"Text"', CommandTimeout='30']
SELECT [l].[LoanId], [l].[BorrowerId], [l].[CreatedAt], [l].[EMIAmount], [l].[EndDate], [l].[InterestRate], [l].[LoanOfficerId], [l].[OutstandingAmount], [l].[PrincipalAmount], [l].[StartDate], [l].[Status], [l].[TenureMonths]
FROM [LoanAccounts] AS [l]
ORDER BY [l].[LoanId] DESC
2026-08-26 14:58:51.810 +05:30 [INF] Executing OkObjectResult, writing value of type 'System.Collections.Generic.List`1[[LoanDeductionPrediction.Models.DTOs.LoanDto, LoanDeductionPrediction.Models, Version=1.0.0.0, Culture=neutral, PublicKeyToken=null]]'.
2026-08-26 14:58:51.815 +05:30 [INF] Executed action LoanDeductionPrediction.API.Controllers.LoanController.GetAll (LoanDeductionPrediction.API) in 80.6377ms
2026-08-26 14:58:51.818 +05:30 [INF] Executed endpoint 'LoanDeductionPrediction.API.Controllers.LoanController.GetAll (LoanDeductionPrediction.API)'
2026-08-26 14:58:51.821 +05:30 [INF] HTTP GET /api/Loan responded 200 in 150.4339 ms
2026-08-26 14:58:52.037 +05:30 [INF] Request finished HTTP/1.1 GET http://localhost:5082/api/Loan - 200 null application/json; charset=utf-8 390.701ms
2026-08-26 14:59:28.373 +05:30 [INF] Request starting HTTP/1.1 GET http://localhost:5082/api/Loan/borrower/12 - null null
2026-08-26 14:59:28.407 +05:30 [INF] Executing endpoint 'LoanDeductionPrediction.API.Controllers.LoanController.GetByBorrower (LoanDeductionPrediction.API)'
2026-08-26 14:59:28.568 +05:30 [INF] Route matched with {action = "GetByBorrower", controller = "Loan"}. Executing controller action with signature System.Threading.Tasks.Task`1[Microsoft.AspNetCore.Mvc.IActionResult] GetByBorrower(Int32) on controller LoanDeductionPrediction.API.Controllers.LoanController (LoanDeductionPrediction.API).
2026-08-26 14:59:28.630 +05:30 [INF] Executed DbCommand (8ms) [Parameters=[@borrowerId='?' (DbType = Int32)], CommandType='"Text"', CommandTimeout='30']
SELECT [l].[LoanId], [l].[BorrowerId], [l].[CreatedAt], [l].[EMIAmount], [l].[EndDate], [l].[InterestRate], [l].[LoanOfficerId], [l].[OutstandingAmount], [l].[PrincipalAmount], [l].[StartDate], [l].[Status], [l].[TenureMonths]
FROM [LoanAccounts] AS [l]
WHERE [l].[BorrowerId] = @borrowerId
ORDER BY [l].[LoanId] DESC
2026-08-26 14:59:28.640 +05:30 [INF] Executing OkObjectResult, writing value of type 'System.Collections.Generic.List`1[[LoanDeductionPrediction.Models.DTOs.LoanDto, LoanDeductionPrediction.Models, Version=1.0.0.0, Culture=neutral, PublicKeyToken=null]]'.
2026-08-26 14:59:28.652 +05:30 [INF] Executed action LoanDeductionPrediction.API.Controllers.LoanController.GetByBorrower (LoanDeductionPrediction.API) in 72.7009ms
2026-08-26 14:59:28.663 +05:30 [INF] Executed endpoint 'LoanDeductionPrediction.API.Controllers.LoanController.GetByBorrower (LoanDeductionPrediction.API)'
2026-08-26 14:59:28.704 +05:30 [INF] HTTP GET /api/Loan/borrower/12 responded 200 in 298.0157 ms
2026-08-26 14:59:28.786 +05:30 [INF] Request finished HTTP/1.1 GET http://localhost:5082/api/Loan/borrower/12 - 200 null application/json; charset=utf-8 413.0246ms
2026-08-26 14:59:38.543 +05:30 [INF] Request starting HTTP/1.1 GET http://localhost:5082/api/Loan/borrower/12 - null null
2026-08-26 14:59:38.838 +05:30 [INF] Executing endpoint 'LoanDeductionPrediction.API.Controllers.LoanController.GetByBorrower (LoanDeductionPrediction.API)'
2026-08-26 14:59:39.103 +05:30 [INF] Route matched with {action = "GetByBorrower", controller = "Loan"}. Executing controller action with signature System.Threading.Tasks.Task`1[Microsoft.AspNetCore.Mvc.IActionResult] GetByBorrower(Int32) on controller LoanDeductionPrediction.API.Controllers.LoanController (LoanDeductionPrediction.API).
2026-08-26 14:59:39.191 +05:30 [INF] Executed DbCommand (27ms) [Parameters=[@borrowerId='?' (DbType = Int32)], CommandType='"Text"', CommandTimeout='30']
SELECT [l].[LoanId], [l].[BorrowerId], [l].[CreatedAt], [l].[EMIAmount], [l].[EndDate], [l].[InterestRate], [l].[LoanOfficerId], [l].[OutstandingAmount], [l].[PrincipalAmount], [l].[StartDate], [l].[Status], [l].[TenureMonths]
FROM [LoanAccounts] AS [l]
WHERE [l].[BorrowerId] = @borrowerId
ORDER BY [l].[LoanId] DESC
2026-08-26 14:59:39.390 +05:30 [INF] Executing OkObjectResult, writing value of type 'System.Collections.Generic.List`1[[LoanDeductionPrediction.Models.DTOs.LoanDto, LoanDeductionPrediction.Models, Version=1.0.0.0, Culture=neutral, PublicKeyToken=null]]'.
2026-08-26 14:59:39.514 +05:30 [INF] Executed action LoanDeductionPrediction.API.Controllers.LoanController.GetByBorrower (LoanDeductionPrediction.API) in 377.6914ms
2026-08-26 14:59:39.626 +05:30 [INF] Executed endpoint 'LoanDeductionPrediction.API.Controllers.LoanController.GetByBorrower (LoanDeductionPrediction.API)'
2026-08-26 14:59:39.681 +05:30 [INF] HTTP GET /api/Loan/borrower/12 responded 200 in 843.8445 ms
2026-08-26 14:59:39.684 +05:30 [INF] Request finished HTTP/1.1 GET http://localhost:5082/api/Loan/borrower/12 - 200 null application/json; charset=utf-8 1141.406ms
2026-08-26 14:59:44.102 +05:30 [INF] Request starting HTTP/1.1 GET http://localhost:5082/api/Loan/borrower/11 - null null
2026-08-26 14:59:44.141 +05:30 [INF] Executing endpoint 'LoanDeductionPrediction.API.Controllers.LoanController.GetByBorrower (LoanDeductionPrediction.API)'
2026-08-26 14:59:44.257 +05:30 [INF] Route matched with {action = "GetByBorrower", controller = "Loan"}. Executing controller action with signature System.Threading.Tasks.Task`1[Microsoft.AspNetCore.Mvc.IActionResult] GetByBorrower(Int32) on controller LoanDeductionPrediction.API.Controllers.LoanController (LoanDeductionPrediction.API).
2026-08-26 14:59:44.797 +05:30 [INF] Executed DbCommand (25ms) [Parameters=[@borrowerId='?' (DbType = Int32)], CommandType='"Text"', CommandTimeout='30']
SELECT [l].[LoanId], [l].[BorrowerId], [l].[CreatedAt], [l].[EMIAmount], [l].[EndDate], [l].[InterestRate], [l].[LoanOfficerId], [l].[OutstandingAmount], [l].[PrincipalAmount], [l].[StartDate], [l].[Status], [l].[TenureMonths]
FROM [LoanAccounts] AS [l]
WHERE [l].[BorrowerId] = @borrowerId
ORDER BY [l].[LoanId] DESC
2026-08-26 14:59:45.248 +05:30 [INF] Executing OkObjectResult, writing value of type 'System.Collections.Generic.List`1[[LoanDeductionPrediction.Models.DTOs.LoanDto, LoanDeductionPrediction.Models, Version=1.0.0.0, Culture=neutral, PublicKeyToken=null]]'.
2026-08-26 14:59:45.666 +05:30 [INF] Executed action LoanDeductionPrediction.API.Controllers.LoanController.GetByBorrower (LoanDeductionPrediction.API) in 896.3313ms
2026-08-26 14:59:45.674 +05:30 [INF] Executed endpoint 'LoanDeductionPrediction.API.Controllers.LoanController.GetByBorrower (LoanDeductionPrediction.API)'
2026-08-26 14:59:45.681 +05:30 [INF] HTTP GET /api/Loan/borrower/11 responded 200 in 1540.7189 ms
2026-08-26 14:59:45.685 +05:30 [INF] Request finished HTTP/1.1 GET http://localhost:5082/api/Loan/borrower/11 - 200 null application/json; charset=utf-8 1582.5379ms
2026-08-26 15:08:20.850 +05:30 [INF] Application is shutting down...
2026-08-26 19:10:59.992 +05:30 [INF] Executed DbCommand (71ms) [Parameters=[], CommandType='"Text"', CommandTimeout='30']
SELECT CASE
    WHEN EXISTS (
        SELECT 1
        FROM [Users] AS [u]
        WHERE [u].[Role] = N'Admin') THEN CAST(1 AS bit)
    ELSE CAST(0 AS bit)
END
2026-08-26 19:11:00.630 +05:30 [INF] User profile is available. Using 'C:\Users\thang\AppData\Local\ASP.NET\DataProtection-Keys' as key repository and Windows DPAPI to encrypt keys at rest.
2026-08-26 19:11:00.676 +05:30 [INF] Payment Behavior Background Service started.
2026-08-26 19:11:01.082 +05:30 [INF] Now listening on: http://localhost:5082
2026-08-26 19:11:01.181 +05:30 [INF] Application started. Press Ctrl+C to shut down.
2026-08-26 19:11:01.242 +05:30 [INF] Hosting environment: Development
2026-08-26 19:11:01.255 +05:30 [INF] Content root path: C:\Users\thang\OneDrive\Documents\React Projects\LoanDeductionPrediction\LoanDeductionPrediction.API
2026-08-26 19:11:01.475 +05:30 [INF] Executed DbCommand (148ms) [Parameters=[@today='?' (DbType = Date)], CommandType='"Text"', CommandTimeout='30']
SELECT [r].[ScheduleId], [r].[DueDate], [r].[EMIAmount], [r].[InstallmentNumber], [r].[InterestAmount], [r].[LoanId], [r].[PaidAmount], [r].[PaidDate], [r].[PrincipalAmount], [r].[Status]
FROM [RepaymentSchedules] AS [r]
WHERE [r].[DueDate] < @today AND [r].[PaidAmount] < [r].[EMIAmount] AND [r].[Status] <> N'PAID'
ORDER BY [r].[DueDate]
2026-08-26 19:11:01.758 +05:30 [INF] Executed DbCommand (13ms) [Parameters=[@scheduleId='?' (DbType = Int32)], CommandType='"Text"', CommandTimeout='30']
SELECT TOP(1) [p].[BehaviorLogId], [p].[BorrowerId], [p].[DaysLate], [p].[DueDate], [p].[LoanId], [p].[PaymentDate], [p].[PaymentStatus], [p].[RecordedAt], [p].[ScheduleId]
FROM [PaymentBehaviorLogs] AS [p]
WHERE [p].[ScheduleId] = @scheduleId
2026-08-26 19:11:01.895 +05:30 [INF] Executed DbCommand (6ms) [Parameters=[@scheduleId='?' (DbType = Int32)], CommandType='"Text"', CommandTimeout='30']
SELECT TOP(1) [p].[BehaviorLogId], [p].[BorrowerId], [p].[DaysLate], [p].[DueDate], [p].[LoanId], [p].[PaymentDate], [p].[PaymentStatus], [p].[RecordedAt], [p].[ScheduleId]
FROM [PaymentBehaviorLogs] AS [p]
WHERE [p].[ScheduleId] = @scheduleId
2026-08-26 19:11:01.939 +05:30 [INF] Executed DbCommand (6ms) [Parameters=[@scheduleId='?' (DbType = Int32)], CommandType='"Text"', CommandTimeout='30']
SELECT TOP(1) [p].[BehaviorLogId], [p].[BorrowerId], [p].[DaysLate], [p].[DueDate], [p].[LoanId], [p].[PaymentDate], [p].[PaymentStatus], [p].[RecordedAt], [p].[ScheduleId]
FROM [PaymentBehaviorLogs] AS [p]
WHERE [p].[ScheduleId] = @scheduleId
2026-08-26 19:12:23.560 +05:30 [INF] Request starting HTTP/1.1 GET http://localhost:5082/swagger/index.html - null null
2026-08-26 19:12:23.906 +05:30 [INF] HTTP GET /swagger/index.html responded 304 in 201.0038 ms
2026-08-26 19:12:23.942 +05:30 [INF] Request finished HTTP/1.1 GET http://localhost:5082/swagger/index.html - 304 null null 386.4899ms
2026-08-26 19:12:24.023 +05:30 [INF] Request starting HTTP/1.1 GET http://localhost:5082/swagger/swagger-ui-standalone-preset.js - null null
2026-08-26 19:12:24.028 +05:30 [INF] Request starting HTTP/1.1 GET http://localhost:5082/swagger/index.css - null null
2026-08-26 19:12:24.028 +05:30 [INF] Request starting HTTP/1.1 GET http://localhost:5082/swagger/index.js - null null
2026-08-26 19:12:24.034 +05:30 [INF] Request starting HTTP/1.1 GET http://localhost:5082/swagger/swagger-ui-bundle.js - null null
2026-08-26 19:12:24.079 +05:30 [INF] Request starting HTTP/1.1 GET http://localhost:5082/swagger/swagger-ui.css - null null
2026-08-26 19:12:24.208 +05:30 [INF] HTTP GET /swagger/swagger-ui-standalone-preset.js responded 304 in 108.4496 ms
2026-08-26 19:12:24.239 +05:30 [INF] HTTP GET /swagger/index.css responded 304 in 4.7684 ms
2026-08-26 19:12:24.258 +05:30 [INF] HTTP GET /swagger/index.js responded 304 in 0.5129 ms
2026-08-26 19:12:25.245 +05:30 [INF] Request finished HTTP/1.1 GET http://localhost:5082/swagger/index.js - 304 null null 1216.9049ms
2026-08-26 19:12:25.160 +05:30 [INF] HTTP GET /swagger/swagger-ui.css responded 304 in 10.8814 ms
2026-08-26 19:12:25.163 +05:30 [INF] Request finished HTTP/1.1 GET http://localhost:5082/swagger/swagger-ui-standalone-preset.js - 304 null null 1140.0078ms
2026-08-26 19:12:25.228 +05:30 [INF] Request finished HTTP/1.1 GET http://localhost:5082/swagger/index.css - 304 null null 1200.0482ms
2026-08-26 19:12:25.009 +05:30 [INF] HTTP GET /swagger/swagger-ui-bundle.js responded 304 in 134.6824 ms
2026-08-26 19:12:25.412 +05:30 [INF] Request finished HTTP/1.1 GET http://localhost:5082/swagger/swagger-ui.css - 304 null null 1333.1107ms
2026-08-26 19:12:25.917 +05:30 [INF] Request finished HTTP/1.1 GET http://localhost:5082/swagger/swagger-ui-bundle.js - 304 null null 1882.8059ms
2026-08-26 19:12:26.470 +05:30 [INF] Request starting HTTP/1.1 GET http://localhost:5082/swagger/v1/swagger.json - null null
2026-08-26 19:12:27.219 +05:30 [INF] HTTP GET /swagger/v1/swagger.json responded 200 in 299.1850 ms
2026-08-26 19:12:27.257 +05:30 [INF] Request finished HTTP/1.1 GET http://localhost:5082/swagger/v1/swagger.json - 200 null application/json;charset=utf-8 786.5494ms
2026-08-26 19:29:58.327 +05:30 [INF] Request starting HTTP/1.1 GET http://localhost:5082/swagger/v1/swagger.json - null null
2026-08-26 19:29:58.438 +05:30 [INF] HTTP GET /swagger/v1/swagger.json responded 200 in 59.2417 ms
2026-08-26 19:29:58.448 +05:30 [INF] Request finished HTTP/1.1 GET http://localhost:5082/swagger/v1/swagger.json - 200 null application/json;charset=utf-8 121.4076ms
2026-08-26 20:11:02.679 +05:30 [INF] Executed DbCommand (28ms) [Parameters=[@today='?' (DbType = Date)], CommandType='"Text"', CommandTimeout='30']
SELECT [r].[ScheduleId], [r].[DueDate], [r].[EMIAmount], [r].[InstallmentNumber], [r].[InterestAmount], [r].[LoanId], [r].[PaidAmount], [r].[PaidDate], [r].[PrincipalAmount], [r].[Status]
FROM [RepaymentSchedules] AS [r]
WHERE [r].[DueDate] < @today AND [r].[PaidAmount] < [r].[EMIAmount] AND [r].[Status] <> N'PAID'
ORDER BY [r].[DueDate]
2026-08-26 20:11:02.789 +05:30 [INF] Executed DbCommand (46ms) [Parameters=[@scheduleId='?' (DbType = Int32)], CommandType='"Text"', CommandTimeout='30']
SELECT TOP(1) [p].[BehaviorLogId], [p].[BorrowerId], [p].[DaysLate], [p].[DueDate], [p].[LoanId], [p].[PaymentDate], [p].[PaymentStatus], [p].[RecordedAt], [p].[ScheduleId]
FROM [PaymentBehaviorLogs] AS [p]
WHERE [p].[ScheduleId] = @scheduleId
2026-08-26 20:11:02.812 +05:30 [INF] Executed DbCommand (2ms) [Parameters=[@scheduleId='?' (DbType = Int32)], CommandType='"Text"', CommandTimeout='30']
SELECT TOP(1) [p].[BehaviorLogId], [p].[BorrowerId], [p].[DaysLate], [p].[DueDate], [p].[LoanId], [p].[PaymentDate], [p].[PaymentStatus], [p].[RecordedAt], [p].[ScheduleId]
FROM [PaymentBehaviorLogs] AS [p]
WHERE [p].[ScheduleId] = @scheduleId
2026-08-26 20:11:02.833 +05:30 [INF] Executed DbCommand (3ms) [Parameters=[@scheduleId='?' (DbType = Int32)], CommandType='"Text"', CommandTimeout='30']
SELECT TOP(1) [p].[BehaviorLogId], [p].[BorrowerId], [p].[DaysLate], [p].[DueDate], [p].[LoanId], [p].[PaymentDate], [p].[PaymentStatus], [p].[RecordedAt], [p].[ScheduleId]
FROM [PaymentBehaviorLogs] AS [p]
WHERE [p].[ScheduleId] = @scheduleId
