2026-08-27 10:46:25.741 +05:30 [INF] Executed DbCommand (172ms) [Parameters=[@today='?' (DbType = Date)], CommandType='"Text"', CommandTimeout='30']
SELECT [r].[ScheduleId], [r].[DueDate], [r].[EMIAmount], [r].[InstallmentNumber], [r].[InterestAmount], [r].[LoanId], [r].[PaidAmount], [r].[PaidDate], [r].[PrincipalAmount], [r].[Status]
FROM [RepaymentSchedules] AS [r]
WHERE [r].[DueDate] < @today AND [r].[PaidAmount] < [r].[EMIAmount] AND [r].[Status] <> N'PAID'
ORDER BY [r].[DueDate]
2026-08-27 10:46:26.085 +05:30 [INF] Executed DbCommand (25ms) [Parameters=[@scheduleId='?' (DbType = Int32)], CommandType='"Text"', CommandTimeout='30']
SELECT TOP(1) [p].[BehaviorLogId], [p].[BorrowerId], [p].[DaysLate], [p].[DueDate], [p].[LoanId], [p].[PaymentDate], [p].[PaymentStatus], [p].[RecordedAt], [p].[ScheduleId]
FROM [PaymentBehaviorLogs] AS [p]
WHERE [p].[ScheduleId] = @scheduleId
2026-08-27 10:46:26.225 +05:30 [INF] Executed DbCommand (4ms) [Parameters=[@scheduleId='?' (DbType = Int32)], CommandType='"Text"', CommandTimeout='30']
SELECT TOP(1) [p].[BehaviorLogId], [p].[BorrowerId], [p].[DaysLate], [p].[DueDate], [p].[LoanId], [p].[PaymentDate], [p].[PaymentStatus], [p].[RecordedAt], [p].[ScheduleId]
FROM [PaymentBehaviorLogs] AS [p]
WHERE [p].[ScheduleId] = @scheduleId
2026-08-27 10:46:26.254 +05:30 [INF] Executed DbCommand (3ms) [Parameters=[@scheduleId='?' (DbType = Int32)], CommandType='"Text"', CommandTimeout='30']
SELECT TOP(1) [p].[BehaviorLogId], [p].[BorrowerId], [p].[DaysLate], [p].[DueDate], [p].[LoanId], [p].[PaymentDate], [p].[PaymentStatus], [p].[RecordedAt], [p].[ScheduleId]
FROM [PaymentBehaviorLogs] AS [p]
WHERE [p].[ScheduleId] = @scheduleId
2026-08-27 11:00:16.165 +05:30 [INF] Application is shutting down...
2026-08-27 11:00:29.155 +05:30 [INF] Executed DbCommand (36ms) [Parameters=[], CommandType='"Text"', CommandTimeout='30']
SELECT CASE
    WHEN EXISTS (
        SELECT 1
        FROM [Users] AS [u]
        WHERE [u].[Role] = N'Admin') THEN CAST(1 AS bit)
    ELSE CAST(0 AS bit)
END
2026-08-27 11:00:29.344 +05:30 [INF] User profile is available. Using 'C:\Users\thang\AppData\Local\ASP.NET\DataProtection-Keys' as key repository and Windows DPAPI to encrypt keys at rest.
2026-08-27 11:00:29.353 +05:30 [INF] Payment Behavior Background Service started.
2026-08-27 11:00:29.447 +05:30 [INF] Now listening on: http://localhost:5082
2026-08-27 11:00:29.449 +05:30 [INF] Application started. Press Ctrl+C to shut down.
2026-08-27 11:00:29.450 +05:30 [INF] Hosting environment: Development
2026-08-27 11:00:29.452 +05:30 [INF] Content root path: C:\Users\thang\OneDrive\Documents\React Projects\LoanDeductionPrediction\LoanDeductionPrediction.API
2026-08-27 11:00:29.513 +05:30 [INF] Executed DbCommand (49ms) [Parameters=[@today='?' (DbType = Date)], CommandType='"Text"', CommandTimeout='30']
SELECT [r].[ScheduleId], [r].[DueDate], [r].[EMIAmount], [r].[InstallmentNumber], [r].[InterestAmount], [r].[LoanId], [r].[PaidAmount], [r].[PaidDate], [r].[PrincipalAmount], [r].[Status]
FROM [RepaymentSchedules] AS [r]
WHERE [r].[DueDate] < @today AND [r].[PaidAmount] < [r].[EMIAmount] AND [r].[Status] <> N'PAID'
ORDER BY [r].[DueDate]
2026-08-27 11:00:29.723 +05:30 [INF] Executed DbCommand (124ms) [Parameters=[@scheduleId='?' (DbType = Int32)], CommandType='"Text"', CommandTimeout='30']
SELECT TOP(1) [p].[BehaviorLogId], [p].[BorrowerId], [p].[DaysLate], [p].[DueDate], [p].[LoanId], [p].[PaymentDate], [p].[PaymentStatus], [p].[RecordedAt], [p].[ScheduleId]
FROM [PaymentBehaviorLogs] AS [p]
WHERE [p].[ScheduleId] = @scheduleId
2026-08-27 11:00:29.768 +05:30 [INF] Executed DbCommand (1ms) [Parameters=[@scheduleId='?' (DbType = Int32)], CommandType='"Text"', CommandTimeout='30']
SELECT TOP(1) [p].[BehaviorLogId], [p].[BorrowerId], [p].[DaysLate], [p].[DueDate], [p].[LoanId], [p].[PaymentDate], [p].[PaymentStatus], [p].[RecordedAt], [p].[ScheduleId]
FROM [PaymentBehaviorLogs] AS [p]
WHERE [p].[ScheduleId] = @scheduleId
2026-08-27 11:00:29.772 +05:30 [INF] Executed DbCommand (1ms) [Parameters=[@scheduleId='?' (DbType = Int32)], CommandType='"Text"', CommandTimeout='30']
SELECT TOP(1) [p].[BehaviorLogId], [p].[BorrowerId], [p].[DaysLate], [p].[DueDate], [p].[LoanId], [p].[PaymentDate], [p].[PaymentStatus], [p].[RecordedAt], [p].[ScheduleId]
FROM [PaymentBehaviorLogs] AS [p]
WHERE [p].[ScheduleId] = @scheduleId
2026-08-27 11:00:45.808 +05:30 [INF] Request starting HTTP/1.1 GET http://localhost:5082/swagger/index.html - null null
2026-08-27 11:00:46.105 +05:30 [INF] HTTP GET /swagger/index.html responded 304 in 198.5479 ms
2026-08-27 11:00:46.150 +05:30 [INF] Request finished HTTP/1.1 GET http://localhost:5082/swagger/index.html - 304 null null 344.2425ms
2026-08-27 11:00:46.176 +05:30 [INF] Request starting HTTP/1.1 GET http://localhost:5082/swagger/swagger-ui-bundle.js - null null
2026-08-27 11:00:46.177 +05:30 [INF] Request starting HTTP/1.1 GET http://localhost:5082/swagger/swagger-ui.css - null null
2026-08-27 11:00:46.181 +05:30 [INF] Request starting HTTP/1.1 GET http://localhost:5082/swagger/swagger-ui-standalone-preset.js - null null
2026-08-27 11:00:46.183 +05:30 [INF] Request starting HTTP/1.1 GET http://localhost:5082/swagger/index.js - null null
2026-08-27 11:00:46.199 +05:30 [INF] Request starting HTTP/1.1 GET http://localhost:5082/swagger/index.css - null null
2026-08-27 11:00:46.297 +05:30 [INF] HTTP GET /swagger/swagger-ui.css responded 304 in 55.1686 ms
2026-08-27 11:00:46.325 +05:30 [INF] HTTP GET /swagger/swagger-ui-bundle.js responded 304 in 114.8369 ms
2026-08-27 11:00:46.429 +05:30 [INF] HTTP GET /swagger/swagger-ui-standalone-preset.js responded 304 in 47.1394 ms
2026-08-27 11:00:46.455 +05:30 [INF] HTTP GET /swagger/index.js responded 304 in 18.3422 ms
2026-08-27 11:00:46.463 +05:30 [INF] HTTP GET /swagger/index.css responded 304 in 0.3458 ms
2026-08-27 11:00:46.491 +05:30 [INF] Request finished HTTP/1.1 GET http://localhost:5082/swagger/swagger-ui.css - 304 null null 314.007ms
2026-08-27 11:00:46.499 +05:30 [INF] Request finished HTTP/1.1 GET http://localhost:5082/swagger/swagger-ui-bundle.js - 304 null null 322.1612ms
2026-08-27 11:00:46.528 +05:30 [INF] Request finished HTTP/1.1 GET http://localhost:5082/swagger/swagger-ui-standalone-preset.js - 304 null null 346.2494ms
2026-08-27 11:00:46.531 +05:30 [INF] Request finished HTTP/1.1 GET http://localhost:5082/swagger/index.js - 304 null null 347.9281ms
2026-08-27 11:00:46.535 +05:30 [INF] Request finished HTTP/1.1 GET http://localhost:5082/swagger/index.css - 304 null null 335.2077ms
2026-08-27 11:00:46.622 +05:30 [INF] Request starting HTTP/1.1 GET http://localhost:5082/swagger/v1/swagger.json - null null
2026-08-27 11:00:46.901 +05:30 [INF] HTTP GET /swagger/v1/swagger.json responded 200 in 273.5678 ms
2026-08-27 11:00:46.906 +05:30 [INF] Request finished HTTP/1.1 GET http://localhost:5082/swagger/v1/swagger.json - 200 null application/json;charset=utf-8 283.7174ms
2026-08-27 11:16:07.214 +05:30 [INF] Request starting HTTP/1.1 POST http://localhost:5082/api/Auth/login - application/json 69
2026-08-27 11:16:07.284 +05:30 [WRN] Failed to determine the https port for redirect.
2026-08-27 11:16:07.330 +05:30 [INF] CORS policy execution successful.
2026-08-27 11:16:07.481 +05:30 [INF] Executing endpoint 'LoanDeductionPrediction.API.Controllers.AuthController.Login (LoanDeductionPrediction.API)'
2026-08-27 11:16:07.548 +05:30 [INF] Route matched with {action = "Login", controller = "Auth"}. Executing controller action with signature System.Threading.Tasks.Task`1[Microsoft.AspNetCore.Mvc.IActionResult] Login(LoanDeductionPrediction.Models.DTOs.LoginRequest) on controller LoanDeductionPrediction.API.Controllers.AuthController (LoanDeductionPrediction.API).
2026-08-27 11:16:07.967 +05:30 [WRN] You do not have a valid license key for the Lucky Penny software AutoMapper. This is allowed for development and testing scenarios. If you are running in production you are required to have a licensed version. Please visit https://luckypennysoftware.com to obtain a valid license.
2026-08-27 11:16:22.354 +05:30 [ERR] An error occurred using the connection to database 'LoanDeductionPredictionDb' on server '.\SQLEXPRESS'.
2026-08-27 11:16:22.422 +05:30 [ERR] An exception occurred while iterating over the results of a query for context type 'LoanDeductionPrediction.Repositories.Entities.LoanDeductionDbContext'.
Microsoft.Data.SqlClient.SqlException (0x80131904): Connection Timeout Expired.  The timeout period elapsed during the post-login phase.  The connection could have timed out while waiting for server to complete the login process and respond; Or it could have timed out while attempting to create multiple active connections.  The duration spent while attempting to connect to this server was - [Pre-Login] initialization=1; handshake=2; [Login] initialization=0; authentication=1; [Post-Login] complete=14023; 
 ---> System.ComponentModel.Win32Exception (258): The wait operation timed out.
   at Microsoft.Data.SqlClient.SqlInternalConnection.OnError(SqlException exception, Boolean breakConnection, Action`1 wrapCloseInAction)
   at Microsoft.Data.SqlClient.TdsParser.ThrowExceptionAndWarning(TdsParserStateObject stateObj, SqlCommand command, Boolean callerHasConnectionLock, Boolean asyncClose)
   at Microsoft.Data.SqlClient.TdsParserStateObject.ThrowExceptionAndWarning(Boolean callerHasConnectionLock, Boolean asyncClose)
   at Microsoft.Data.SqlClient.TdsParserStateObject.ReadSniError(TdsParserStateObject stateObj, UInt32 error)
   at Microsoft.Data.SqlClient.TdsParserStateObject.ReadSniSyncOverAsync()
   at Microsoft.Data.SqlClient.TdsParserStateObject.TryReadNetworkPacket()
   at Microsoft.Data.SqlClient.TdsParserStateObject.TryPrepareBuffer()
   at Microsoft.Data.SqlClient.TdsParserStateObject.TryReadByte(Byte& value)
   at Microsoft.Data.SqlClient.TdsParser.TryRun(RunBehavior runBehavior, SqlCommand cmdHandler, SqlDataReader dataStream, BulkCopySimpleResultSet bulkCopyHandler, TdsParserStateObject stateObj, Boolean& dataReady)
   at Microsoft.Data.SqlClient.TdsParser.Run(RunBehavior runBehavior, SqlCommand cmdHandler, SqlDataReader dataStream, BulkCopySimpleResultSet bulkCopyHandler, TdsParserStateObject stateObj)
   at Microsoft.Data.SqlClient.SqlInternalConnectionTds.CompleteLogin(Boolean enlistOK)
   at Microsoft.Data.SqlClient.SqlInternalConnectionTds.AttemptOneLogin(ServerInfo serverInfo, String newPassword, SecureString newSecurePassword, TimeoutTimer timeout, Boolean withFailover)
   at Microsoft.Data.SqlClient.SqlInternalConnectionTds.LoginNoFailover(ServerInfo serverInfo, String newPassword, SecureString newSecurePassword, Boolean redirectedUserInstance, SqlConnectionString connectionOptions, SqlCredential credential, TimeoutTimer timeout)
   at Microsoft.Data.SqlClient.SqlInternalConnectionTds.OpenLoginEnlist(TimeoutTimer timeout, SqlConnectionString connectionOptions, SqlCredential credential, String newPassword, SecureString newSecurePassword, Boolean redirectedUserInstance)
   at Microsoft.Data.SqlClient.SqlInternalConnectionTds..ctor(DbConnectionPoolIdentity identity, SqlConnectionString connectionOptions, SqlCredential credential, Object providerInfo, String newPassword, SecureString newSecurePassword, Boolean redirectedUserInstance, SqlConnectionString userConnectionOptions, SessionData reconnectSessionData, Boolean applyTransientFaultHandling, String accessToken, IDbConnectionPool pool, Func`3 accessTokenCallback)
   at Microsoft.Data.SqlClient.SqlConnectionFactory.CreateConnection(DbConnectionOptions options, DbConnectionPoolKey poolKey, DbConnectionPoolGroupProviderInfo poolGroupProviderInfo, IDbConnectionPool pool, DbConnection owningConnection, DbConnectionOptions userOptions)
   at Microsoft.Data.ProviderBase.DbConnectionFactory.CreatePooledConnection(IDbConnectionPool pool, DbConnection owningObject, DbConnectionOptions options, DbConnectionPoolKey poolKey, DbConnectionOptions userOptions)
   at Microsoft.Data.SqlClient.ConnectionPool.WaitHandleDbConnectionPool.CreateObject(DbConnection owningObject, DbConnectionOptions userOptions, DbConnectionInternal oldConnection)
   at Microsoft.Data.SqlClient.ConnectionPool.WaitHandleDbConnectionPool.UserCreateRequest(DbConnection owningObject, DbConnectionOptions userOptions, DbConnectionInternal oldConnection)
   at Microsoft.Data.SqlClient.ConnectionPool.WaitHandleDbConnectionPool.TryGetConnection(DbConnection owningObject, UInt32 waitForMultipleObjectsTimeout, Boolean allowCreate, Boolean onlyOneCheckConnection, DbConnectionOptions userOptions, DbConnectionInternal& connection)
   at Microsoft.Data.SqlClient.ConnectionPool.WaitHandleDbConnectionPool.WaitForPendingOpen()
--- End of stack trace from previous location ---
   at Microsoft.EntityFrameworkCore.Storage.RelationalConnection.OpenInternalAsync(Boolean errorsExpected, CancellationToken cancellationToken)
   at Microsoft.EntityFrameworkCore.Storage.RelationalConnection.OpenInternalAsync(Boolean errorsExpected, CancellationToken cancellationToken)
   at Microsoft.EntityFrameworkCore.Storage.RelationalConnection.OpenAsync(CancellationToken cancellationToken, Boolean errorsExpected)
   at Microsoft.EntityFrameworkCore.Storage.RelationalCommand.ExecuteReaderAsync(RelationalCommandParameterObject parameterObject, CancellationToken cancellationToken)
   at Microsoft.EntityFrameworkCore.Query.Internal.SingleQueryingEnumerable`1.AsyncEnumerator.InitializeReaderAsync(AsyncEnumerator enumerator, CancellationToken cancellationToken)
   at Microsoft.EntityFrameworkCore.Storage.ExecutionStrategy.<>c__DisplayClass30_0`2.<<ExecuteAsync>b__0>d.MoveNext()
--- End of stack trace from previous location ---
   at Microsoft.EntityFrameworkCore.Storage.ExecutionStrategy.ExecuteImplementationAsync[TState,TResult](Func`4 operation, Func`4 verifySucceeded, TState state, CancellationToken cancellationToken)
   at Microsoft.EntityFrameworkCore.Storage.ExecutionStrategy.ExecuteImplementationAsync[TState,TResult](Func`4 operation, Func`4 verifySucceeded, TState state, CancellationToken cancellationToken)
   at Microsoft.EntityFrameworkCore.Storage.ExecutionStrategy.ExecuteAsync[TState,TResult](TState state, Func`4 operation, Func`4 verifySucceeded, CancellationToken cancellationToken)
   at Microsoft.EntityFrameworkCore.Query.Internal.SingleQueryingEnumerable`1.AsyncEnumerator.MoveNextAsync()
ClientConnectionId:d640b084-1a54-415c-840a-1a04aafe9304
Error Number:-2,State:0,Class:11
Microsoft.Data.SqlClient.SqlException (0x80131904): Connection Timeout Expired.  The timeout period elapsed during the post-login phase.  The connection could have timed out while waiting for server to complete the login process and respond; Or it could have timed out while attempting to create multiple active connections.  The duration spent while attempting to connect to this server was - [Pre-Login] initialization=1; handshake=2; [Login] initialization=0; authentication=1; [Post-Login] complete=14023; 
 ---> System.ComponentModel.Win32Exception (258): The wait operation timed out.
   at Microsoft.Data.SqlClient.SqlInternalConnection.OnError(SqlException exception, Boolean breakConnection, Action`1 wrapCloseInAction)
   at Microsoft.Data.SqlClient.TdsParser.ThrowExceptionAndWarning(TdsParserStateObject stateObj, SqlCommand command, Boolean callerHasConnectionLock, Boolean asyncClose)
   at Microsoft.Data.SqlClient.TdsParserStateObject.ThrowExceptionAndWarning(Boolean callerHasConnectionLock, Boolean asyncClose)
   at Microsoft.Data.SqlClient.TdsParserStateObject.ReadSniError(TdsParserStateObject stateObj, UInt32 error)
   at Microsoft.Data.SqlClient.TdsParserStateObject.ReadSniSyncOverAsync()
   at Microsoft.Data.SqlClient.TdsParserStateObject.TryReadNetworkPacket()
   at Microsoft.Data.SqlClient.TdsParserStateObject.TryPrepareBuffer()
   at Microsoft.Data.SqlClient.TdsParserStateObject.TryReadByte(Byte& value)
   at Microsoft.Data.SqlClient.TdsParser.TryRun(RunBehavior runBehavior, SqlCommand cmdHandler, SqlDataReader dataStream, BulkCopySimpleResultSet bulkCopyHandler, TdsParserStateObject stateObj, Boolean& dataReady)
   at Microsoft.Data.SqlClient.TdsParser.Run(RunBehavior runBehavior, SqlCommand cmdHandler, SqlDataReader dataStream, BulkCopySimpleResultSet bulkCopyHandler, TdsParserStateObject stateObj)
   at Microsoft.Data.SqlClient.SqlInternalConnectionTds.CompleteLogin(Boolean enlistOK)
   at Microsoft.Data.SqlClient.SqlInternalConnectionTds.AttemptOneLogin(ServerInfo serverInfo, String newPassword, SecureString newSecurePassword, TimeoutTimer timeout, Boolean withFailover)
   at Microsoft.Data.SqlClient.SqlInternalConnectionTds.LoginNoFailover(ServerInfo serverInfo, String newPassword, SecureString newSecurePassword, Boolean redirectedUserInstance, SqlConnectionString connectionOptions, SqlCredential credential, TimeoutTimer timeout)
   at Microsoft.Data.SqlClient.SqlInternalConnectionTds.OpenLoginEnlist(TimeoutTimer timeout, SqlConnectionString connectionOptions, SqlCredential credential, String newPassword, SecureString newSecurePassword, Boolean redirectedUserInstance)
   at Microsoft.Data.SqlClient.SqlInternalConnectionTds..ctor(DbConnectionPoolIdentity identity, SqlConnectionString connectionOptions, SqlCredential credential, Object providerInfo, String newPassword, SecureString newSecurePassword, Boolean redirectedUserInstance, SqlConnectionString userConnectionOptions, SessionData reconnectSessionData, Boolean applyTransientFaultHandling, String accessToken, IDbConnectionPool pool, Func`3 accessTokenCallback)
   at Microsoft.Data.SqlClient.SqlConnectionFactory.CreateConnection(DbConnectionOptions options, DbConnectionPoolKey poolKey, DbConnectionPoolGroupProviderInfo poolGroupProviderInfo, IDbConnectionPool pool, DbConnection owningConnection, DbConnectionOptions userOptions)
   at Microsoft.Data.ProviderBase.DbConnectionFactory.CreatePooledConnection(IDbConnectionPool pool, DbConnection owningObject, DbConnectionOptions options, DbConnectionPoolKey poolKey, DbConnectionOptions userOptions)
   at Microsoft.Data.SqlClient.ConnectionPool.WaitHandleDbConnectionPool.CreateObject(DbConnection owningObject, DbConnectionOptions userOptions, DbConnectionInternal oldConnection)
   at Microsoft.Data.SqlClient.ConnectionPool.WaitHandleDbConnectionPool.UserCreateRequest(DbConnection owningObject, DbConnectionOptions userOptions, DbConnectionInternal oldConnection)
   at Microsoft.Data.SqlClient.ConnectionPool.WaitHandleDbConnectionPool.TryGetConnection(DbConnection owningObject, UInt32 waitForMultipleObjectsTimeout, Boolean allowCreate, Boolean onlyOneCheckConnection, DbConnectionOptions userOptions, DbConnectionInternal& connection)
   at Microsoft.Data.SqlClient.ConnectionPool.WaitHandleDbConnectionPool.WaitForPendingOpen()
--- End of stack trace from previous location ---
   at Microsoft.EntityFrameworkCore.Storage.RelationalConnection.OpenInternalAsync(Boolean errorsExpected, CancellationToken cancellationToken)
   at Microsoft.EntityFrameworkCore.Storage.RelationalConnection.OpenInternalAsync(Boolean errorsExpected, CancellationToken cancellationToken)
   at Microsoft.EntityFrameworkCore.Storage.RelationalConnection.OpenAsync(CancellationToken cancellationToken, Boolean errorsExpected)
   at Microsoft.EntityFrameworkCore.Storage.RelationalCommand.ExecuteReaderAsync(RelationalCommandParameterObject parameterObject, CancellationToken cancellationToken)
   at Microsoft.EntityFrameworkCore.Query.Internal.SingleQueryingEnumerable`1.AsyncEnumerator.InitializeReaderAsync(AsyncEnumerator enumerator, CancellationToken cancellationToken)
   at Microsoft.EntityFrameworkCore.Storage.ExecutionStrategy.<>c__DisplayClass30_0`2.<<ExecuteAsync>b__0>d.MoveNext()
--- End of stack trace from previous location ---
   at Microsoft.EntityFrameworkCore.Storage.ExecutionStrategy.ExecuteImplementationAsync[TState,TResult](Func`4 operation, Func`4 verifySucceeded, TState state, CancellationToken cancellationToken)
   at Microsoft.EntityFrameworkCore.Storage.ExecutionStrategy.ExecuteImplementationAsync[TState,TResult](Func`4 operation, Func`4 verifySucceeded, TState state, CancellationToken cancellationToken)
   at Microsoft.EntityFrameworkCore.Storage.ExecutionStrategy.ExecuteAsync[TState,TResult](TState state, Func`4 operation, Func`4 verifySucceeded, CancellationToken cancellationToken)
   at Microsoft.EntityFrameworkCore.Query.Internal.SingleQueryingEnumerable`1.AsyncEnumerator.MoveNextAsync()
ClientConnectionId:d640b084-1a54-415c-840a-1a04aafe9304
Error Number:-2,State:0,Class:11
2026-08-27 11:16:22.553 +05:30 [INF] Executed action LoanDeductionPrediction.API.Controllers.AuthController.Login (LoanDeductionPrediction.API) in 14954.7237ms
2026-08-27 11:16:22.572 +05:30 [INF] Executed endpoint 'LoanDeductionPrediction.API.Controllers.AuthController.Login (LoanDeductionPrediction.API)'
2026-08-27 11:16:22.587 +05:30 [ERR] Unhandled exception occurred.
Microsoft.Data.SqlClient.SqlException (0x80131904): Connection Timeout Expired.  The timeout period elapsed during the post-login phase.  The connection could have timed out while waiting for server to complete the login process and respond; Or it could have timed out while attempting to create multiple active connections.  The duration spent while attempting to connect to this server was - [Pre-Login] initialization=1; handshake=2; [Login] initialization=0; authentication=1; [Post-Login] complete=14023; 
 ---> System.ComponentModel.Win32Exception (258): The wait operation timed out.
   at Microsoft.Data.SqlClient.SqlInternalConnection.OnError(SqlException exception, Boolean breakConnection, Action`1 wrapCloseInAction)
   at Microsoft.Data.SqlClient.TdsParser.ThrowExceptionAndWarning(TdsParserStateObject stateObj, SqlCommand command, Boolean callerHasConnectionLock, Boolean asyncClose)
   at Microsoft.Data.SqlClient.TdsParserStateObject.ThrowExceptionAndWarning(Boolean callerHasConnectionLock, Boolean asyncClose)
   at Microsoft.Data.SqlClient.TdsParserStateObject.ReadSniError(TdsParserStateObject stateObj, UInt32 error)
   at Microsoft.Data.SqlClient.TdsParserStateObject.ReadSniSyncOverAsync()
   at Microsoft.Data.SqlClient.TdsParserStateObject.TryReadNetworkPacket()
   at Microsoft.Data.SqlClient.TdsParserStateObject.TryPrepareBuffer()
   at Microsoft.Data.SqlClient.TdsParserStateObject.TryReadByte(Byte& value)
   at Microsoft.Data.SqlClient.TdsParser.TryRun(RunBehavior runBehavior, SqlCommand cmdHandler, SqlDataReader dataStream, BulkCopySimpleResultSet bulkCopyHandler, TdsParserStateObject stateObj, Boolean& dataReady)
   at Microsoft.Data.SqlClient.TdsParser.Run(RunBehavior runBehavior, SqlCommand cmdHandler, SqlDataReader dataStream, BulkCopySimpleResultSet bulkCopyHandler, TdsParserStateObject stateObj)
   at Microsoft.Data.SqlClient.SqlInternalConnectionTds.CompleteLogin(Boolean enlistOK)
   at Microsoft.Data.SqlClient.SqlInternalConnectionTds.AttemptOneLogin(ServerInfo serverInfo, String newPassword, SecureString newSecurePassword, TimeoutTimer timeout, Boolean withFailover)
   at Microsoft.Data.SqlClient.SqlInternalConnectionTds.LoginNoFailover(ServerInfo serverInfo, String newPassword, SecureString newSecurePassword, Boolean redirectedUserInstance, SqlConnectionString connectionOptions, SqlCredential credential, TimeoutTimer timeout)
   at Microsoft.Data.SqlClient.SqlInternalConnectionTds.OpenLoginEnlist(TimeoutTimer timeout, SqlConnectionString connectionOptions, SqlCredential credential, String newPassword, SecureString newSecurePassword, Boolean redirectedUserInstance)
   at Microsoft.Data.SqlClient.SqlInternalConnectionTds..ctor(DbConnectionPoolIdentity identity, SqlConnectionString connectionOptions, SqlCredential credential, Object providerInfo, String newPassword, SecureString newSecurePassword, Boolean redirectedUserInstance, SqlConnectionString userConnectionOptions, SessionData reconnectSessionData, Boolean applyTransientFaultHandling, String accessToken, IDbConnectionPool pool, Func`3 accessTokenCallback)
   at Microsoft.Data.SqlClient.SqlConnectionFactory.CreateConnection(DbConnectionOptions options, DbConnectionPoolKey poolKey, DbConnectionPoolGroupProviderInfo poolGroupProviderInfo, IDbConnectionPool pool, DbConnection owningConnection, DbConnectionOptions userOptions)
   at Microsoft.Data.ProviderBase.DbConnectionFactory.CreatePooledConnection(IDbConnectionPool pool, DbConnection owningObject, DbConnectionOptions options, DbConnectionPoolKey poolKey, DbConnectionOptions userOptions)
   at Microsoft.Data.SqlClient.ConnectionPool.WaitHandleDbConnectionPool.CreateObject(DbConnection owningObject, DbConnectionOptions userOptions, DbConnectionInternal oldConnection)
   at Microsoft.Data.SqlClient.ConnectionPool.WaitHandleDbConnectionPool.UserCreateRequest(DbConnection owningObject, DbConnectionOptions userOptions, DbConnectionInternal oldConnection)
   at Microsoft.Data.SqlClient.ConnectionPool.WaitHandleDbConnectionPool.TryGetConnection(DbConnection owningObject, UInt32 waitForMultipleObjectsTimeout, Boolean allowCreate, Boolean onlyOneCheckConnection, DbConnectionOptions userOptions, DbConnectionInternal& connection)
   at Microsoft.Data.SqlClient.ConnectionPool.WaitHandleDbConnectionPool.WaitForPendingOpen()
--- End of stack trace from previous location ---
   at Microsoft.EntityFrameworkCore.Storage.RelationalConnection.OpenInternalAsync(Boolean errorsExpected, CancellationToken cancellationToken)
   at Microsoft.EntityFrameworkCore.Storage.RelationalConnection.OpenInternalAsync(Boolean errorsExpected, CancellationToken cancellationToken)
   at Microsoft.EntityFrameworkCore.Storage.RelationalConnection.OpenAsync(CancellationToken cancellationToken, Boolean errorsExpected)
   at Microsoft.EntityFrameworkCore.Storage.RelationalCommand.ExecuteReaderAsync(RelationalCommandParameterObject parameterObject, CancellationToken cancellationToken)
   at Microsoft.EntityFrameworkCore.Query.Internal.SingleQueryingEnumerable`1.AsyncEnumerator.InitializeReaderAsync(AsyncEnumerator enumerator, CancellationToken cancellationToken)
   at Microsoft.EntityFrameworkCore.Storage.ExecutionStrategy.<>c__DisplayClass30_0`2.<<ExecuteAsync>b__0>d.MoveNext()
--- End of stack trace from previous location ---
   at Microsoft.EntityFrameworkCore.Storage.ExecutionStrategy.ExecuteImplementationAsync[TState,TResult](Func`4 operation, Func`4 verifySucceeded, TState state, CancellationToken cancellationToken)
   at Microsoft.EntityFrameworkCore.Storage.ExecutionStrategy.ExecuteImplementationAsync[TState,TResult](Func`4 operation, Func`4 verifySucceeded, TState state, CancellationToken cancellationToken)
   at Microsoft.EntityFrameworkCore.Storage.ExecutionStrategy.ExecuteAsync[TState,TResult](TState state, Func`4 operation, Func`4 verifySucceeded, CancellationToken cancellationToken)
   at Microsoft.EntityFrameworkCore.Query.Internal.SingleQueryingEnumerable`1.AsyncEnumerator.MoveNextAsync()
   at Microsoft.EntityFrameworkCore.Query.ShapedQueryCompilingExpressionVisitor.SingleOrDefaultAsync[TSource](IAsyncEnumerable`1 asyncEnumerable, CancellationToken cancellationToken)
   at Microsoft.EntityFrameworkCore.Query.ShapedQueryCompilingExpressionVisitor.SingleOrDefaultAsync[TSource](IAsyncEnumerable`1 asyncEnumerable, CancellationToken cancellationToken)
   at LoanDeductionPrediction.Repositories.Implementations.UserRepository.GetByEmailAsync(String email) in C:\Users\thang\OneDrive\Documents\React Projects\LoanDeductionPrediction\LoanDeductionPrediction.Repositories\Implementations\UserRepository.cs:line 18
   at LoanDeductionPrediction.Services.Implementations.UserService.AuthenticateAsync(String email, String password) in C:\Users\thang\OneDrive\Documents\React Projects\LoanDeductionPrediction\LoanDeductionPrediction.Services\Implementations\UserService.cs:line 27
   at LoanDeductionPrediction.API.Controllers.AuthController.Login(LoginRequest request) in C:\Users\thang\OneDrive\Documents\React Projects\LoanDeductionPrediction\LoanDeductionPrediction.API\Controllers\AuthController.cs:line 56
   at Microsoft.AspNetCore.Mvc.Infrastructure.ActionMethodExecutor.TaskOfIActionResultExecutor.Execute(ActionContext actionContext, IActionResultTypeMapper mapper, ObjectMethodExecutor executor, Object controller, Object[] arguments)
   at Microsoft.AspNetCore.Mvc.Infrastructure.ControllerActionInvoker.<InvokeActionMethodAsync>g__Awaited|12_0(ControllerActionInvoker invoker, ValueTask`1 actionResultValueTask)
   at Microsoft.AspNetCore.Mvc.Infrastructure.ControllerActionInvoker.<InvokeNextActionFilterAsync>g__Awaited|10_0(ControllerActionInvoker invoker, Task lastTask, State next, Scope scope, Object state, Boolean isCompleted)
   at Microsoft.AspNetCore.Mvc.Infrastructure.ControllerActionInvoker.Rethrow(ActionExecutedContextSealed context)
   at Microsoft.AspNetCore.Mvc.Infrastructure.ControllerActionInvoker.Next(State& next, Scope& scope, Object& state, Boolean& isCompleted)
   at Microsoft.AspNetCore.Mvc.Infrastructure.ControllerActionInvoker.<InvokeInnerFilterAsync>g__Awaited|13_0(ControllerActionInvoker invoker, Task lastTask, State next, Scope scope, Object state, Boolean isCompleted)
   at Microsoft.AspNetCore.Mvc.Infrastructure.ResourceInvoker.<InvokeFilterPipelineAsync>g__Awaited|20_0(ResourceInvoker invoker, Task lastTask, State next, Scope scope, Object state, Boolean isCompleted)
   at Microsoft.AspNetCore.Mvc.Infrastructure.ResourceInvoker.<InvokeAsync>g__Logged|17_1(ResourceInvoker invoker)
   at Microsoft.AspNetCore.Mvc.Infrastructure.ResourceInvoker.<InvokeAsync>g__Logged|17_1(ResourceInvoker invoker)
   at Microsoft.AspNetCore.Routing.EndpointMiddleware.<Invoke>g__AwaitRequestTask|7_0(Endpoint endpoint, Task requestTask, ILogger logger)
   at Microsoft.AspNetCore.Authorization.AuthorizationMiddleware.Invoke(HttpContext context)
   at Microsoft.AspNetCore.Authentication.AuthenticationMiddleware.Invoke(HttpContext context)
   at Swashbuckle.AspNetCore.SwaggerUI.SwaggerUIMiddleware.Invoke(HttpContext httpContext)
   at Swashbuckle.AspNetCore.Swagger.SwaggerMiddleware.Invoke(HttpContext httpContext, ISwaggerProvider swaggerProvider)
   at LoanDeductionPrediction.API.Middleware.GlobalExceptionMiddleware.InvokeAsync(HttpContext context) in C:\Users\thang\OneDrive\Documents\React Projects\LoanDeductionPrediction\LoanDeductionPrediction.API\Middleware\GlobalExceptionMiddleware.cs:line 23
ClientConnectionId:d640b084-1a54-415c-840a-1a04aafe9304
Error Number:-2,State:0,Class:11
2026-08-27 11:16:22.805 +05:30 [ERR] HTTP POST /api/Auth/login responded 500 in 15535.2798 ms
2026-08-27 11:16:22.854 +05:30 [INF] Request finished HTTP/1.1 POST http://localhost:5082/api/Auth/login - 500 null application/json 15641.466ms
2026-08-27 11:19:28.598 +05:30 [INF] Request starting HTTP/1.1 POST http://localhost:5082/api/Auth/login - application/json 69
2026-08-27 11:19:28.617 +05:30 [INF] CORS policy execution successful.
2026-08-27 11:19:28.623 +05:30 [INF] Executing endpoint 'LoanDeductionPrediction.API.Controllers.AuthController.Login (LoanDeductionPrediction.API)'
2026-08-27 11:19:28.626 +05:30 [INF] Route matched with {action = "Login", controller = "Auth"}. Executing controller action with signature System.Threading.Tasks.Task`1[Microsoft.AspNetCore.Mvc.IActionResult] Login(LoanDeductionPrediction.Models.DTOs.LoginRequest) on controller LoanDeductionPrediction.API.Controllers.AuthController (LoanDeductionPrediction.API).
2026-08-27 11:19:28.845 +05:30 [INF] Executed DbCommand (23ms) [Parameters=[@email='?' (Size = 150)], CommandType='"Text"', CommandTimeout='30']
SELECT TOP(1) [u].[UserId], [u].[CreatedAt], [u].[Email], [u].[FullName], [u].[IsActive], [u].[PasswordHash], [u].[Role]
FROM [Users] AS [u]
WHERE [u].[Email] = @email
2026-08-27 11:19:30.384 +05:30 [INF] Executed DbCommand (17ms) [Parameters=[@p0='?' (DbType = DateTime2), @p1='?' (DbType = DateTime2), @p2='?' (DbType = Boolean), @p3='?' (DbType = DateTime2), @p4='?' (Size = 500), @p5='?' (DbType = Int32)], CommandType='"Text"', CommandTimeout='30']
SET IMPLICIT_TRANSACTIONS OFF;
SET NOCOUNT ON;
INSERT INTO [RefreshTokens] ([CreatedAt], [ExpiresAt], [IsRevoked], [RevokedAt], [Token], [UserId])
OUTPUT INSERTED.[RefreshTokenId]
VALUES (@p0, @p1, @p2, @p3, @p4, @p5);
2026-08-27 11:19:30.451 +05:30 [INF] Executing OkObjectResult, writing value of type 'LoanDeductionPrediction.Models.DTOs.LoginResponse'.
2026-08-27 11:19:30.465 +05:30 [INF] Executed action LoanDeductionPrediction.API.Controllers.AuthController.Login (LoanDeductionPrediction.API) in 1833.1424ms
2026-08-27 11:19:30.467 +05:30 [INF] Executed endpoint 'LoanDeductionPrediction.API.Controllers.AuthController.Login (LoanDeductionPrediction.API)'
2026-08-27 11:19:30.470 +05:30 [INF] HTTP POST /api/Auth/login responded 200 in 1853.9897 ms
2026-08-27 11:19:30.474 +05:30 [INF] Request finished HTTP/1.1 POST http://localhost:5082/api/Auth/login - 200 null application/json; charset=utf-8 1875.8205ms
2026-08-27 12:09:54.568 +05:30 [INF] Executed DbCommand (73ms) [Parameters=[@today='?' (DbType = Date)], CommandType='"Text"', CommandTimeout='30']
SELECT [r].[ScheduleId], [r].[DueDate], [r].[EMIAmount], [r].[InstallmentNumber], [r].[InterestAmount], [r].[LoanId], [r].[PaidAmount], [r].[PaidDate], [r].[PrincipalAmount], [r].[Status]
FROM [RepaymentSchedules] AS [r]
WHERE [r].[DueDate] < @today AND [r].[PaidAmount] < [r].[EMIAmount] AND [r].[Status] <> N'PAID'
ORDER BY [r].[DueDate]
2026-08-27 12:09:54.992 +05:30 [INF] Executed DbCommand (23ms) [Parameters=[@scheduleId='?' (DbType = Int32)], CommandType='"Text"', CommandTimeout='30']
SELECT TOP(1) [p].[BehaviorLogId], [p].[BorrowerId], [p].[DaysLate], [p].[DueDate], [p].[LoanId], [p].[PaymentDate], [p].[PaymentStatus], [p].[RecordedAt], [p].[ScheduleId]
FROM [PaymentBehaviorLogs] AS [p]
WHERE [p].[ScheduleId] = @scheduleId
2026-08-27 12:09:55.040 +05:30 [INF] Executed DbCommand (7ms) [Parameters=[@scheduleId='?' (DbType = Int32)], CommandType='"Text"', CommandTimeout='30']
SELECT TOP(1) [p].[BehaviorLogId], [p].[BorrowerId], [p].[DaysLate], [p].[DueDate], [p].[LoanId], [p].[PaymentDate], [p].[PaymentStatus], [p].[RecordedAt], [p].[ScheduleId]
FROM [PaymentBehaviorLogs] AS [p]
WHERE [p].[ScheduleId] = @scheduleId
2026-08-27 12:09:55.175 +05:30 [INF] Executed DbCommand (6ms) [Parameters=[@scheduleId='?' (DbType = Int32)], CommandType='"Text"', CommandTimeout='30']
SELECT TOP(1) [p].[BehaviorLogId], [p].[BorrowerId], [p].[DaysLate], [p].[DueDate], [p].[LoanId], [p].[PaymentDate], [p].[PaymentStatus], [p].[RecordedAt], [p].[ScheduleId]
FROM [PaymentBehaviorLogs] AS [p]
WHERE [p].[ScheduleId] = @scheduleId
2026-08-27 12:43:59.145 +05:30 [INF] Request starting HTTP/1.1 GET http://localhost:5082/api/Dashboard/admin - null null
2026-08-27 12:43:59.511 +05:30 [INF] Failed to validate the token.
Microsoft.IdentityModel.Tokens.SecurityTokenExpiredException: IDX10223: Lifetime validation failed. The token is expired. ValidTo (UTC): '27-08-2026 06:19:29', Current time (UTC): '27-08-2026 07:13:59'.
   at Microsoft.IdentityModel.Tokens.ValidatorUtilities.ValidateLifetime(Nullable`1 notBefore, Nullable`1 expires, SecurityToken securityToken, TokenValidationParameters validationParameters)
   at Microsoft.IdentityModel.Tokens.Validators.ValidateLifetime(Nullable`1 notBefore, Nullable`1 expires, SecurityToken securityToken, TokenValidationParameters validationParameters)
   at Microsoft.IdentityModel.JsonWebTokens.JsonWebTokenHandler.ValidateTokenPayloadAsync(JsonWebToken jsonWebToken, TokenValidationParameters validationParameters, BaseConfiguration configuration)
   at Microsoft.IdentityModel.JsonWebTokens.JsonWebTokenHandler.ValidateJWSAsync(JsonWebToken jsonWebToken, TokenValidationParameters validationParameters, BaseConfiguration configuration)
2026-08-27 12:43:59.559 +05:30 [INF] Bearer was not authenticated. Failure message: IDX10223: Lifetime validation failed. The token is expired. ValidTo (UTC): '27-08-2026 06:19:29', Current time (UTC): '27-08-2026 07:13:59'.
2026-08-27 12:43:59.611 +05:30 [INF] Authorization failed. These requirements were not met:
DenyAnonymousAuthorizationRequirement: Requires an authenticated user.
RolesAuthorizationRequirement:User.IsInRole must be true for one of the following roles: (Admin)
2026-08-27 12:43:59.642 +05:30 [INF] AuthenticationScheme: Bearer was challenged.
2026-08-27 12:43:59.649 +05:30 [INF] HTTP GET /api/Dashboard/admin responded 401 in 464.3625 ms
2026-08-27 12:43:59.657 +05:30 [INF] Request finished HTTP/1.1 GET http://localhost:5082/api/Dashboard/admin - 401 0 null 519.0886ms
2026-08-27 12:44:41.692 +05:30 [INF] Request starting HTTP/1.1 POST http://localhost:5082/api/Auth/refresh - application/json 112
2026-08-27 12:44:41.707 +05:30 [INF] CORS policy execution successful.
2026-08-27 12:44:41.722 +05:30 [INF] Failed to validate the token.
Microsoft.IdentityModel.Tokens.SecurityTokenExpiredException: IDX10223: Lifetime validation failed. The token is expired. ValidTo (UTC): '27-08-2026 06:19:29', Current time (UTC): '27-08-2026 07:14:41'.
   at Microsoft.IdentityModel.Tokens.ValidatorUtilities.ValidateLifetime(Nullable`1 notBefore, Nullable`1 expires, SecurityToken securityToken, TokenValidationParameters validationParameters)
   at Microsoft.IdentityModel.Tokens.Validators.ValidateLifetime(Nullable`1 notBefore, Nullable`1 expires, SecurityToken securityToken, TokenValidationParameters validationParameters)
   at Microsoft.IdentityModel.JsonWebTokens.JsonWebTokenHandler.ValidateTokenPayloadAsync(JsonWebToken jsonWebToken, TokenValidationParameters validationParameters, BaseConfiguration configuration)
   at Microsoft.IdentityModel.JsonWebTokens.JsonWebTokenHandler.ValidateJWSAsync(JsonWebToken jsonWebToken, TokenValidationParameters validationParameters, BaseConfiguration configuration)
2026-08-27 12:44:41.833 +05:30 [INF] Bearer was not authenticated. Failure message: IDX10223: Lifetime validation failed. The token is expired. ValidTo (UTC): '27-08-2026 06:19:29', Current time (UTC): '27-08-2026 07:14:41'.
2026-08-27 12:44:41.840 +05:30 [INF] Executing endpoint 'LoanDeductionPrediction.API.Controllers.AuthController.Refresh (LoanDeductionPrediction.API)'
2026-08-27 12:44:41.994 +05:30 [INF] Route matched with {action = "Refresh", controller = "Auth"}. Executing controller action with signature System.Threading.Tasks.Task`1[Microsoft.AspNetCore.Mvc.IActionResult] Refresh(LoanDeductionPrediction.Models.DTOs.RefreshTokenRequest) on controller LoanDeductionPrediction.API.Controllers.AuthController (LoanDeductionPrediction.API).
2026-08-27 12:44:43.089 +05:30 [INF] Executed DbCommand (99ms) [Parameters=[@token='?' (Size = 500)], CommandType='"Text"', CommandTimeout='30']
SELECT TOP(1) [r].[RefreshTokenId], [r].[CreatedAt], [r].[ExpiresAt], [r].[IsRevoked], [r].[RevokedAt], [r].[Token], [r].[UserId], [u].[UserId], [u].[CreatedAt], [u].[Email], [u].[FullName], [u].[IsActive], [u].[PasswordHash], [u].[Role]
FROM [RefreshTokens] AS [r]
INNER JOIN [Users] AS [u] ON [r].[UserId] = [u].[UserId]
WHERE [r].[Token] = @token
2026-08-27 12:44:43.208 +05:30 [INF] Executed DbCommand (46ms) [Parameters=[@p6='?' (DbType = Int32), @p0='?' (DbType = DateTime2), @p1='?' (DbType = DateTime2), @p2='?' (DbType = Boolean), @p3='?' (DbType = DateTime2), @p4='?' (Size = 500), @p5='?' (DbType = Int32)], CommandType='"Text"', CommandTimeout='30']
SET IMPLICIT_TRANSACTIONS OFF;
SET NOCOUNT ON;
UPDATE [RefreshTokens] SET [CreatedAt] = @p0, [ExpiresAt] = @p1, [IsRevoked] = @p2, [RevokedAt] = @p3, [Token] = @p4, [UserId] = @p5
OUTPUT 1
WHERE [RefreshTokenId] = @p6;
2026-08-27 12:44:43.252 +05:30 [INF] Executed DbCommand (25ms) [Parameters=[@p0='?' (DbType = DateTime2), @p1='?' (DbType = DateTime2), @p2='?' (DbType = Boolean), @p3='?' (DbType = DateTime2), @p4='?' (Size = 500), @p5='?' (DbType = Int32)], CommandType='"Text"', CommandTimeout='30']
SET IMPLICIT_TRANSACTIONS OFF;
SET NOCOUNT ON;
INSERT INTO [RefreshTokens] ([CreatedAt], [ExpiresAt], [IsRevoked], [RevokedAt], [Token], [UserId])
OUTPUT INSERTED.[RefreshTokenId]
VALUES (@p0, @p1, @p2, @p3, @p4, @p5);
2026-08-27 12:44:43.260 +05:30 [INF] Executing OkObjectResult, writing value of type 'LoanDeductionPrediction.Models.DTOs.LoginResponse'.
2026-08-27 12:44:43.268 +05:30 [INF] Executed action LoanDeductionPrediction.API.Controllers.AuthController.Refresh (LoanDeductionPrediction.API) in 1262.6388ms
2026-08-27 12:44:43.273 +05:30 [INF] Executed endpoint 'LoanDeductionPrediction.API.Controllers.AuthController.Refresh (LoanDeductionPrediction.API)'
2026-08-27 12:44:43.279 +05:30 [INF] HTTP POST /api/Auth/refresh responded 200 in 1576.9131 ms
2026-08-27 12:44:43.286 +05:30 [INF] Request finished HTTP/1.1 POST http://localhost:5082/api/Auth/refresh - 200 null application/json; charset=utf-8 1593.7525ms
2026-08-27 12:45:17.444 +05:30 [INF] Request starting HTTP/1.1 GET http://localhost:5082/api/Dashboard/admin - null null
2026-08-27 12:45:17.507 +05:30 [INF] Executing endpoint 'LoanDeductionPrediction.API.Controllers.DashboardController.GetAdminDashboard (LoanDeductionPrediction.API)'
2026-08-27 12:45:17.532 +05:30 [INF] Route matched with {action = "GetAdminDashboard", controller = "Dashboard"}. Executing controller action with signature System.Threading.Tasks.Task`1[Microsoft.AspNetCore.Mvc.IActionResult] GetAdminDashboard() on controller LoanDeductionPrediction.API.Controllers.DashboardController (LoanDeductionPrediction.API).
2026-08-27 12:45:17.602 +05:30 [INF] Executed DbCommand (6ms) [Parameters=[], CommandType='"Text"', CommandTimeout='30']
SELECT [u].[UserId], [u].[CreatedAt], [u].[Email], [u].[FullName], [u].[IsActive], [u].[PasswordHash], [u].[Role]
FROM [Users] AS [u]
2026-08-27 12:45:17.668 +05:30 [INF] Executed DbCommand (6ms) [Parameters=[], CommandType='"Text"', CommandTimeout='30']
SELECT [l].[LoanId], [l].[BorrowerId], [l].[CreatedAt], [l].[EMIAmount], [l].[EndDate], [l].[InterestRate], [l].[LoanOfficerId], [l].[OutstandingAmount], [l].[PrincipalAmount], [l].[StartDate], [l].[Status], [l].[TenureMonths]
FROM [LoanAccounts] AS [l]
2026-08-27 12:45:17.729 +05:30 [INF] Executed DbCommand (6ms) [Parameters=[], CommandType='"Text"', CommandTimeout='30']
SELECT [r].[ScheduleId], [r].[DueDate], [r].[EMIAmount], [r].[InstallmentNumber], [r].[InterestAmount], [r].[LoanId], [r].[PaidAmount], [r].[PaidDate], [r].[PrincipalAmount], [r].[Status]
FROM [RepaymentSchedules] AS [r]
2026-08-27 12:45:17.780 +05:30 [INF] Executed DbCommand (9ms) [Parameters=[], CommandType='"Text"', CommandTimeout='30']
SELECT [p].[BehaviorLogId], [p].[BorrowerId], [p].[DaysLate], [p].[DueDate], [p].[LoanId], [p].[PaymentDate], [p].[PaymentStatus], [p].[RecordedAt], [p].[ScheduleId]
FROM [PaymentBehaviorLogs] AS [p]
2026-08-27 12:45:17.821 +05:30 [INF] Executed DbCommand (10ms) [Parameters=[], CommandType='"Text"', CommandTimeout='30']
SELECT [r].[RiskPredictionId], [r].[BorrowerId], [r].[LoanId], [r].[PredictionDate], [r].[Reason], [r].[RiskLevel], [r].[RiskScore]
FROM [RiskPredictions] AS [r]
2026-08-27 12:45:17.854 +05:30 [INF] Executing OkObjectResult, writing value of type '<>f__AnonymousType1`25[[System.Int32, System.Private.CoreLib, Version=10.0.0.0, Culture=neutral, PublicKeyToken=7cec85d7bea7798e],[System.Int32, System.Private.CoreLib, Version=10.0.0.0, Culture=neutral, PublicKeyToken=7cec85d7bea7798e],[System.Int32, System.Private.CoreLib, Version=10.0.0.0, Culture=neutral, PublicKeyToken=7cec85d7bea7798e],[System.Int32, System.Private.CoreLib, Version=10.0.0.0, Culture=neutral, PublicKeyToken=7cec85d7bea7798e],[System.Int32, System.Private.CoreLib, Version=10.0.0.0, Culture=neutral, PublicKeyToken=7cec85d7bea7798e],[System.Int32, System.Private.CoreLib, Version=10.0.0.0, Culture=neutral, PublicKeyToken=7cec85d7bea7798e],[System.Int32, System.Private.CoreLib, Version=10.0.0.0, Culture=neutral, PublicKeyToken=7cec85d7bea7798e],[System.Int32, System.Private.CoreLib, Version=10.0.0.0, Culture=neutral, PublicKeyToken=7cec85d7bea7798e],[System.Int32, System.Private.CoreLib, Version=10.0.0.0, Culture=neutral, PublicKeyToken=7cec85d7bea7798e],[System.Decimal, System.Private.CoreLib, Version=10.0.0.0, Culture=neutral, PublicKeyToken=7cec85d7bea7798e],[System.Decimal, System.Private.CoreLib, Version=10.0.0.0, Culture=neutral, PublicKeyToken=7cec85d7bea7798e],[System.Decimal, System.Private.CoreLib, Version=10.0.0.0, Culture=neutral, PublicKeyToken=7cec85d7bea7798e],[System.Int32, System.Private.CoreLib, Version=10.0.0.0, Culture=neutral, PublicKeyToken=7cec85d7bea7798e],[System.Int32, System.Private.CoreLib, Version=10.0.0.0, Culture=neutral, PublicKeyToken=7cec85d7bea7798e],[System.Int32, System.Private.CoreLib, Version=10.0.0.0, Culture=neutral, PublicKeyToken=7cec85d7bea7798e],[System.Int32, System.Private.CoreLib, Version=10.0.0.0, Culture=neutral, PublicKeyToken=7cec85d7bea7798e],[System.Decimal, System.Private.CoreLib, Version=10.0.0.0, Culture=neutral, PublicKeyToken=7cec85d7bea7798e],[System.Int32, System.Private.CoreLib, Version=10.0.0.0, Culture=neutral, PublicKeyToken=7cec85d7bea7798e],[System.Int32, System.Private.CoreLib, Version=10.0.0.0, Culture=neutral, PublicKeyToken=7cec85d7bea7798e],[System.Int32, System.Private.CoreLib, Version=10.0.0.0, Culture=neutral, PublicKeyToken=7cec85d7bea7798e],[System.Int32, System.Private.CoreLib, Version=10.0.0.0, Culture=neutral, PublicKeyToken=7cec85d7bea7798e],[System.Int32, System.Private.CoreLib, Version=10.0.0.0, Culture=neutral, PublicKeyToken=7cec85d7bea7798e],[System.Int32, System.Private.CoreLib, Version=10.0.0.0, Culture=neutral, PublicKeyToken=7cec85d7bea7798e],[System.Int32, System.Private.CoreLib, Version=10.0.0.0, Culture=neutral, PublicKeyToken=7cec85d7bea7798e],[System.Int32, System.Private.CoreLib, Version=10.0.0.0, Culture=neutral, PublicKeyToken=7cec85d7bea7798e]]'.
2026-08-27 12:45:17.898 +05:30 [INF] Executed action LoanDeductionPrediction.API.Controllers.DashboardController.GetAdminDashboard (LoanDeductionPrediction.API) in 359.8799ms
2026-08-27 12:45:17.902 +05:30 [INF] Executed endpoint 'LoanDeductionPrediction.API.Controllers.DashboardController.GetAdminDashboard (LoanDeductionPrediction.API)'
2026-08-27 12:45:17.904 +05:30 [INF] HTTP GET /api/Dashboard/admin responded 200 in 443.0581 ms
2026-08-27 12:45:17.910 +05:30 [INF] Request finished HTTP/1.1 GET http://localhost:5082/api/Dashboard/admin - 200 null application/json; charset=utf-8 466.1682ms
2026-08-27 13:11:49.584 +05:30 [INF] Request starting HTTP/1.1 POST http://localhost:5082/api/PaymentBehavior/record/12 - null 0
2026-08-27 13:11:49.608 +05:30 [INF] CORS policy execution successful.
2026-08-27 13:11:49.640 +05:30 [INF] Executing endpoint 'LoanDeductionPrediction.API.Controllers.PaymentBehaviorController.RecordBehavior (LoanDeductionPrediction.API)'
2026-08-27 13:11:49.706 +05:30 [INF] Route matched with {action = "RecordBehavior", controller = "PaymentBehavior"}. Executing controller action with signature System.Threading.Tasks.Task`1[Microsoft.AspNetCore.Mvc.IActionResult] RecordBehavior(Int32) on controller LoanDeductionPrediction.API.Controllers.PaymentBehaviorController (LoanDeductionPrediction.API).
2026-08-27 13:11:50.285 +05:30 [INF] Executed DbCommand (73ms) [Parameters=[@scheduleId='?' (DbType = Int32)], CommandType='"Text"', CommandTimeout='30']
SELECT TOP(1) [r].[ScheduleId], [r].[DueDate], [r].[EMIAmount], [r].[InstallmentNumber], [r].[InterestAmount], [r].[LoanId], [r].[PaidAmount], [r].[PaidDate], [r].[PrincipalAmount], [r].[Status]
FROM [RepaymentSchedules] AS [r]
WHERE [r].[ScheduleId] = @scheduleId
2026-08-27 13:11:50.356 +05:30 [INF] Executed DbCommand (11ms) [Parameters=[@loanId='?' (DbType = Int32)], CommandType='"Text"', CommandTimeout='30']
SELECT TOP(1) [l].[LoanId], [l].[BorrowerId], [l].[CreatedAt], [l].[EMIAmount], [l].[EndDate], [l].[InterestRate], [l].[LoanOfficerId], [l].[OutstandingAmount], [l].[PrincipalAmount], [l].[StartDate], [l].[Status], [l].[TenureMonths]
FROM [LoanAccounts] AS [l]
WHERE [l].[LoanId] = @loanId
2026-08-27 13:11:50.392 +05:30 [INF] Executed DbCommand (17ms) [Parameters=[@scheduleId='?' (DbType = Int32)], CommandType='"Text"', CommandTimeout='30']
SELECT TOP(1) [p].[BehaviorLogId], [p].[BorrowerId], [p].[DaysLate], [p].[DueDate], [p].[LoanId], [p].[PaymentDate], [p].[PaymentStatus], [p].[RecordedAt], [p].[ScheduleId]
FROM [PaymentBehaviorLogs] AS [p]
WHERE [p].[ScheduleId] = @scheduleId
2026-08-27 13:11:50.544 +05:30 [INF] Executed DbCommand (37ms) [Parameters=[@p0='?' (DbType = Int32), @p1='?' (DbType = Int32), @p2='?' (DbType = Date), @p3='?' (DbType = Int32), @p4='?' (DbType = Date), @p5='?' (Size = 30), @p6='?' (DbType = DateTime2), @p7='?' (DbType = Int32)], CommandType='"Text"', CommandTimeout='30']
SET IMPLICIT_TRANSACTIONS OFF;
SET NOCOUNT ON;
INSERT INTO [PaymentBehaviorLogs] ([BorrowerId], [DaysLate], [DueDate], [LoanId], [PaymentDate], [PaymentStatus], [RecordedAt], [ScheduleId])
OUTPUT INSERTED.[BehaviorLogId]
VALUES (@p0, @p1, @p2, @p3, @p4, @p5, @p6, @p7);
2026-08-27 13:11:50.587 +05:30 [INF] Executed DbCommand (1ms) [Parameters=[@loanId='?' (DbType = Int32)], CommandType='"Text"', CommandTimeout='30']
SELECT TOP(1) [l].[LoanId], [l].[BorrowerId], [l].[CreatedAt], [l].[EMIAmount], [l].[EndDate], [l].[InterestRate], [l].[LoanOfficerId], [l].[OutstandingAmount], [l].[PrincipalAmount], [l].[StartDate], [l].[Status], [l].[TenureMonths]
FROM [LoanAccounts] AS [l]
WHERE [l].[LoanId] = @loanId
2026-08-27 13:11:50.673 +05:30 [INF] Executing CreatedAtActionResult, writing value of type '<>f__AnonymousType8`3[[System.Boolean, System.Private.CoreLib, Version=10.0.0.0, Culture=neutral, PublicKeyToken=7cec85d7bea7798e],[System.String, System.Private.CoreLib, Version=10.0.0.0, Culture=neutral, PublicKeyToken=7cec85d7bea7798e],[<>f__AnonymousType7`9[[System.Int32, System.Private.CoreLib, Version=10.0.0.0, Culture=neutral, PublicKeyToken=7cec85d7bea7798e],[System.Int32, System.Private.CoreLib, Version=10.0.0.0, Culture=neutral, PublicKeyToken=7cec85d7bea7798e],[System.Int32, System.Private.CoreLib, Version=10.0.0.0, Culture=neutral, PublicKeyToken=7cec85d7bea7798e],[System.Int32, System.Private.CoreLib, Version=10.0.0.0, Culture=neutral, PublicKeyToken=7cec85d7bea7798e],[System.DateOnly, System.Private.CoreLib, Version=10.0.0.0, Culture=neutral, PublicKeyToken=7cec85d7bea7798e],[System.Nullable`1[[System.DateOnly, System.Private.CoreLib, Version=10.0.0.0, Culture=neutral, PublicKeyToken=7cec85d7bea7798e]], System.Private.CoreLib, Version=10.0.0.0, Culture=neutral, PublicKeyToken=7cec85d7bea7798e],[System.Int32, System.Private.CoreLib, Version=10.0.0.0, Culture=neutral, PublicKeyToken=7cec85d7bea7798e],[System.String, System.Private.CoreLib, Version=10.0.0.0, Culture=neutral, PublicKeyToken=7cec85d7bea7798e],[System.DateTime, System.Private.CoreLib, Version=10.0.0.0, Culture=neutral, PublicKeyToken=7cec85d7bea7798e]], LoanDeductionPrediction.API, Version=1.0.0.0, Culture=neutral, PublicKeyToken=null]]'.
2026-08-27 13:11:50.801 +05:30 [INF] Executed action LoanDeductionPrediction.API.Controllers.PaymentBehaviorController.RecordBehavior (LoanDeductionPrediction.API) in 1088.5191ms
2026-08-27 13:11:50.805 +05:30 [INF] Executed endpoint 'LoanDeductionPrediction.API.Controllers.PaymentBehaviorController.RecordBehavior (LoanDeductionPrediction.API)'
2026-08-27 13:11:50.811 +05:30 [INF] HTTP POST /api/PaymentBehavior/record/12 responded 201 in 1206.8334 ms
2026-08-27 13:11:50.952 +05:30 [INF] Request finished HTTP/1.1 POST http://localhost:5082/api/PaymentBehavior/record/12 - 201 null application/json; charset=utf-8 1368.5827ms
2026-08-27 13:13:24.896 +05:30 [INF] Request starting HTTP/1.1 POST http://localhost:5082/api/RepaymentSchedule/generate/8 - null 0
2026-08-27 13:13:24.907 +05:30 [INF] CORS policy execution successful.
2026-08-27 13:13:24.925 +05:30 [INF] Executing endpoint 'LoanDeductionPrediction.API.Controllers.RepaymentScheduleController.GenerateSchedule (LoanDeductionPrediction.API)'
2026-08-27 13:13:24.957 +05:30 [INF] Route matched with {action = "GenerateSchedule", controller = "RepaymentSchedule"}. Executing controller action with signature System.Threading.Tasks.Task`1[Microsoft.AspNetCore.Mvc.IActionResult] GenerateSchedule(Int32) on controller LoanDeductionPrediction.API.Controllers.RepaymentScheduleController (LoanDeductionPrediction.API).
2026-08-27 13:13:24.984 +05:30 [INF] Executed DbCommand (9ms) [Parameters=[@loanId='?' (DbType = Int32)], CommandType='"Text"', CommandTimeout='30']
SELECT TOP(1) [l].[LoanId], [l].[BorrowerId], [l].[CreatedAt], [l].[EMIAmount], [l].[EndDate], [l].[InterestRate], [l].[LoanOfficerId], [l].[OutstandingAmount], [l].[PrincipalAmount], [l].[StartDate], [l].[Status], [l].[TenureMonths]
FROM [LoanAccounts] AS [l]
WHERE [l].[LoanId] = @loanId
2026-08-27 13:13:25.010 +05:30 [INF] Executed DbCommand (1ms) [Parameters=[@loanId='?' (DbType = Int32)], CommandType='"Text"', CommandTimeout='30']
SELECT TOP(1) [l].[LoanId], [l].[BorrowerId], [l].[CreatedAt], [l].[EMIAmount], [l].[EndDate], [l].[InterestRate], [l].[LoanOfficerId], [l].[OutstandingAmount], [l].[PrincipalAmount], [l].[StartDate], [l].[Status], [l].[TenureMonths]
FROM [LoanAccounts] AS [l]
WHERE [l].[LoanId] = @loanId
2026-08-27 13:13:25.071 +05:30 [INF] Executed DbCommand (5ms) [Parameters=[@loanId='?' (DbType = Int32)], CommandType='"Text"', CommandTimeout='30']
SELECT CASE
    WHEN EXISTS (
        SELECT 1
        FROM [RepaymentSchedules] AS [r]
        WHERE [r].[LoanId] = @loanId) THEN CAST(1 AS bit)
    ELSE CAST(0 AS bit)
END
2026-08-27 13:13:25.084 +05:30 [INF] Executing ConflictObjectResult, writing value of type '<>f__AnonymousType0`1[[System.String, System.Private.CoreLib, Version=10.0.0.0, Culture=neutral, PublicKeyToken=7cec85d7bea7798e]]'.
2026-08-27 13:13:25.097 +05:30 [INF] Executed action LoanDeductionPrediction.API.Controllers.RepaymentScheduleController.GenerateSchedule (LoanDeductionPrediction.API) in 129.1109ms
2026-08-27 13:13:25.103 +05:30 [INF] Executed endpoint 'LoanDeductionPrediction.API.Controllers.RepaymentScheduleController.GenerateSchedule (LoanDeductionPrediction.API)'
2026-08-27 13:13:25.108 +05:30 [INF] HTTP POST /api/RepaymentSchedule/generate/8 responded 409 in 200.8083 ms
2026-08-27 13:13:25.118 +05:30 [INF] Request finished HTTP/1.1 POST http://localhost:5082/api/RepaymentSchedule/generate/8 - 409 null application/json; charset=utf-8 221.5266ms
2026-08-27 13:14:18.573 +05:30 [INF] Executed DbCommand (22ms) [Parameters=[@today='?' (DbType = Date)], CommandType='"Text"', CommandTimeout='30']
SELECT [r].[ScheduleId], [r].[DueDate], [r].[EMIAmount], [r].[InstallmentNumber], [r].[InterestAmount], [r].[LoanId], [r].[PaidAmount], [r].[PaidDate], [r].[PrincipalAmount], [r].[Status]
FROM [RepaymentSchedules] AS [r]
WHERE [r].[DueDate] < @today AND [r].[PaidAmount] < [r].[EMIAmount] AND [r].[Status] <> N'PAID'
ORDER BY [r].[DueDate]
2026-08-27 13:14:18.588 +05:30 [INF] Executed DbCommand (4ms) [Parameters=[@scheduleId='?' (DbType = Int32)], CommandType='"Text"', CommandTimeout='30']
SELECT TOP(1) [p].[BehaviorLogId], [p].[BorrowerId], [p].[DaysLate], [p].[DueDate], [p].[LoanId], [p].[PaymentDate], [p].[PaymentStatus], [p].[RecordedAt], [p].[ScheduleId]
FROM [PaymentBehaviorLogs] AS [p]
WHERE [p].[ScheduleId] = @scheduleId
2026-08-27 13:14:18.618 +05:30 [INF] Executed DbCommand (2ms) [Parameters=[@scheduleId='?' (DbType = Int32)], CommandType='"Text"', CommandTimeout='30']
SELECT TOP(1) [p].[BehaviorLogId], [p].[BorrowerId], [p].[DaysLate], [p].[DueDate], [p].[LoanId], [p].[PaymentDate], [p].[PaymentStatus], [p].[RecordedAt], [p].[ScheduleId]
FROM [PaymentBehaviorLogs] AS [p]
WHERE [p].[ScheduleId] = @scheduleId
2026-08-27 13:14:18.634 +05:30 [INF] Executed DbCommand (1ms) [Parameters=[@scheduleId='?' (DbType = Int32)], CommandType='"Text"', CommandTimeout='30']
SELECT TOP(1) [p].[BehaviorLogId], [p].[BorrowerId], [p].[DaysLate], [p].[DueDate], [p].[LoanId], [p].[PaymentDate], [p].[PaymentStatus], [p].[RecordedAt], [p].[ScheduleId]
FROM [PaymentBehaviorLogs] AS [p]
WHERE [p].[ScheduleId] = @scheduleId
2026-08-27 13:16:16.895 +05:30 [INF] Request starting HTTP/1.1 GET http://localhost:5082/api/User - null null
2026-08-27 13:16:16.912 +05:30 [INF] Failed to validate the token.
Microsoft.IdentityModel.Tokens.SecurityTokenExpiredException: IDX10223: Lifetime validation failed. The token is expired. ValidTo (UTC): '27-08-2026 07:44:43', Current time (UTC): '27-08-2026 07:46:16'.
   at Microsoft.IdentityModel.Tokens.ValidatorUtilities.ValidateLifetime(Nullable`1 notBefore, Nullable`1 expires, SecurityToken securityToken, TokenValidationParameters validationParameters)
   at Microsoft.IdentityModel.Tokens.Validators.ValidateLifetime(Nullable`1 notBefore, Nullable`1 expires, SecurityToken securityToken, TokenValidationParameters validationParameters)
   at Microsoft.IdentityModel.JsonWebTokens.JsonWebTokenHandler.ValidateTokenPayloadAsync(JsonWebToken jsonWebToken, TokenValidationParameters validationParameters, BaseConfiguration configuration)
   at Microsoft.IdentityModel.JsonWebTokens.JsonWebTokenHandler.ValidateJWSAsync(JsonWebToken jsonWebToken, TokenValidationParameters validationParameters, BaseConfiguration configuration)
2026-08-27 13:16:16.938 +05:30 [INF] Bearer was not authenticated. Failure message: IDX10223: Lifetime validation failed. The token is expired. ValidTo (UTC): '27-08-2026 07:44:43', Current time (UTC): '27-08-2026 07:46:16'.
2026-08-27 13:16:16.951 +05:30 [INF] Authorization failed. These requirements were not met:
RolesAuthorizationRequirement:User.IsInRole must be true for one of the following roles: (Admin)
2026-08-27 13:16:16.964 +05:30 [INF] AuthenticationScheme: Bearer was challenged.
2026-08-27 13:16:16.968 +05:30 [INF] HTTP GET /api/User responded 401 in 62.1063 ms
2026-08-27 13:16:16.979 +05:30 [INF] Request finished HTTP/1.1 GET http://localhost:5082/api/User - 401 0 null 84.4488ms
2026-08-27 13:16:42.979 +05:30 [INF] Request starting HTTP/1.1 POST http://localhost:5082/api/Auth/refresh - application/json 112
2026-08-27 13:16:42.983 +05:30 [INF] CORS policy execution successful.
2026-08-27 13:16:42.985 +05:30 [INF] Failed to validate the token.
Microsoft.IdentityModel.Tokens.SecurityTokenExpiredException: IDX10223: Lifetime validation failed. The token is expired. ValidTo (UTC): '27-08-2026 07:44:43', Current time (UTC): '27-08-2026 07:46:42'.
   at Microsoft.IdentityModel.Tokens.ValidatorUtilities.ValidateLifetime(Nullable`1 notBefore, Nullable`1 expires, SecurityToken securityToken, TokenValidationParameters validationParameters)
   at Microsoft.IdentityModel.Tokens.Validators.ValidateLifetime(Nullable`1 notBefore, Nullable`1 expires, SecurityToken securityToken, TokenValidationParameters validationParameters)
   at Microsoft.IdentityModel.JsonWebTokens.JsonWebTokenHandler.ValidateTokenPayloadAsync(JsonWebToken jsonWebToken, TokenValidationParameters validationParameters, BaseConfiguration configuration)
   at Microsoft.IdentityModel.JsonWebTokens.JsonWebTokenHandler.ValidateJWSAsync(JsonWebToken jsonWebToken, TokenValidationParameters validationParameters, BaseConfiguration configuration)
2026-08-27 13:16:42.997 +05:30 [INF] Bearer was not authenticated. Failure message: IDX10223: Lifetime validation failed. The token is expired. ValidTo (UTC): '27-08-2026 07:44:43', Current time (UTC): '27-08-2026 07:46:42'.
2026-08-27 13:16:43.034 +05:30 [INF] Executing endpoint 'LoanDeductionPrediction.API.Controllers.AuthController.Refresh (LoanDeductionPrediction.API)'
2026-08-27 13:16:43.143 +05:30 [INF] Route matched with {action = "Refresh", controller = "Auth"}. Executing controller action with signature System.Threading.Tasks.Task`1[Microsoft.AspNetCore.Mvc.IActionResult] Refresh(LoanDeductionPrediction.Models.DTOs.RefreshTokenRequest) on controller LoanDeductionPrediction.API.Controllers.AuthController (LoanDeductionPrediction.API).
2026-08-27 13:16:43.201 +05:30 [INF] Executed DbCommand (19ms) [Parameters=[@token='?' (Size = 500)], CommandType='"Text"', CommandTimeout='30']
SELECT TOP(1) [r].[RefreshTokenId], [r].[CreatedAt], [r].[ExpiresAt], [r].[IsRevoked], [r].[RevokedAt], [r].[Token], [r].[UserId], [u].[UserId], [u].[CreatedAt], [u].[Email], [u].[FullName], [u].[IsActive], [u].[PasswordHash], [u].[Role]
FROM [RefreshTokens] AS [r]
INNER JOIN [Users] AS [u] ON [r].[UserId] = [u].[UserId]
WHERE [r].[Token] = @token
2026-08-27 13:16:43.213 +05:30 [INF] Executing UnauthorizedObjectResult, writing value of type '<>f__AnonymousType0`1[[System.String, System.Private.CoreLib, Version=10.0.0.0, Culture=neutral, PublicKeyToken=7cec85d7bea7798e]]'.
2026-08-27 13:16:43.218 +05:30 [INF] Executed action LoanDeductionPrediction.API.Controllers.AuthController.Refresh (LoanDeductionPrediction.API) in 44.5417ms
2026-08-27 13:16:43.224 +05:30 [INF] Executed endpoint 'LoanDeductionPrediction.API.Controllers.AuthController.Refresh (LoanDeductionPrediction.API)'
2026-08-27 13:16:43.227 +05:30 [INF] HTTP POST /api/Auth/refresh responded 401 in 244.6582 ms
2026-08-27 13:16:43.235 +05:30 [INF] Request finished HTTP/1.1 POST http://localhost:5082/api/Auth/refresh - 401 null application/json; charset=utf-8 256.3764ms
2026-08-27 13:16:51.083 +05:30 [INF] Request starting HTTP/1.1 POST http://localhost:5082/api/Auth/refresh - application/json 112
2026-08-27 13:16:51.129 +05:30 [INF] CORS policy execution successful.
2026-08-27 13:16:51.141 +05:30 [INF] Failed to validate the token.
Microsoft.IdentityModel.Tokens.SecurityTokenExpiredException: IDX10223: Lifetime validation failed. The token is expired. ValidTo (UTC): '27-08-2026 07:44:43', Current time (UTC): '27-08-2026 07:46:51'.
   at Microsoft.IdentityModel.Tokens.ValidatorUtilities.ValidateLifetime(Nullable`1 notBefore, Nullable`1 expires, SecurityToken securityToken, TokenValidationParameters validationParameters)
   at Microsoft.IdentityModel.Tokens.Validators.ValidateLifetime(Nullable`1 notBefore, Nullable`1 expires, SecurityToken securityToken, TokenValidationParameters validationParameters)
   at Microsoft.IdentityModel.JsonWebTokens.JsonWebTokenHandler.ValidateTokenPayloadAsync(JsonWebToken jsonWebToken, TokenValidationParameters validationParameters, BaseConfiguration configuration)
   at Microsoft.IdentityModel.JsonWebTokens.JsonWebTokenHandler.ValidateJWSAsync(JsonWebToken jsonWebToken, TokenValidationParameters validationParameters, BaseConfiguration configuration)
2026-08-27 13:16:51.145 +05:30 [INF] Bearer was not authenticated. Failure message: IDX10223: Lifetime validation failed. The token is expired. ValidTo (UTC): '27-08-2026 07:44:43', Current time (UTC): '27-08-2026 07:46:51'.
2026-08-27 13:16:51.149 +05:30 [INF] Executing endpoint 'LoanDeductionPrediction.API.Controllers.AuthController.Refresh (LoanDeductionPrediction.API)'
2026-08-27 13:16:51.153 +05:30 [INF] Route matched with {action = "Refresh", controller = "Auth"}. Executing controller action with signature System.Threading.Tasks.Task`1[Microsoft.AspNetCore.Mvc.IActionResult] Refresh(LoanDeductionPrediction.Models.DTOs.RefreshTokenRequest) on controller LoanDeductionPrediction.API.Controllers.AuthController (LoanDeductionPrediction.API).
2026-08-27 13:16:51.169 +05:30 [INF] Executed DbCommand (8ms) [Parameters=[@token='?' (Size = 500)], CommandType='"Text"', CommandTimeout='30']
SELECT TOP(1) [r].[RefreshTokenId], [r].[CreatedAt], [r].[ExpiresAt], [r].[IsRevoked], [r].[RevokedAt], [r].[Token], [r].[UserId], [u].[UserId], [u].[CreatedAt], [u].[Email], [u].[FullName], [u].[IsActive], [u].[PasswordHash], [u].[Role]
FROM [RefreshTokens] AS [r]
INNER JOIN [Users] AS [u] ON [r].[UserId] = [u].[UserId]
WHERE [r].[Token] = @token
2026-08-27 13:16:51.180 +05:30 [INF] Executing UnauthorizedObjectResult, writing value of type '<>f__AnonymousType0`1[[System.String, System.Private.CoreLib, Version=10.0.0.0, Culture=neutral, PublicKeyToken=7cec85d7bea7798e]]'.
2026-08-27 13:16:51.184 +05:30 [INF] Executed action LoanDeductionPrediction.API.Controllers.AuthController.Refresh (LoanDeductionPrediction.API) in 25.6437ms
2026-08-27 13:16:51.187 +05:30 [INF] Executed endpoint 'LoanDeductionPrediction.API.Controllers.AuthController.Refresh (LoanDeductionPrediction.API)'
2026-08-27 13:16:51.188 +05:30 [INF] HTTP POST /api/Auth/refresh responded 401 in 59.8373 ms
2026-08-27 13:16:51.198 +05:30 [INF] Request finished HTTP/1.1 POST http://localhost:5082/api/Auth/refresh - 401 null application/json; charset=utf-8 114.5221ms
2026-08-27 13:17:03.821 +05:30 [INF] Request starting HTTP/1.1 POST http://localhost:5082/api/Auth/login - application/json 69
2026-08-27 13:17:03.837 +05:30 [INF] CORS policy execution successful.
2026-08-27 13:17:03.845 +05:30 [INF] Executing endpoint 'LoanDeductionPrediction.API.Controllers.AuthController.Login (LoanDeductionPrediction.API)'
2026-08-27 13:17:03.850 +05:30 [INF] Route matched with {action = "Login", controller = "Auth"}. Executing controller action with signature System.Threading.Tasks.Task`1[Microsoft.AspNetCore.Mvc.IActionResult] Login(LoanDeductionPrediction.Models.DTOs.LoginRequest) on controller LoanDeductionPrediction.API.Controllers.AuthController (LoanDeductionPrediction.API).
2026-08-27 13:17:03.869 +05:30 [INF] Executed DbCommand (6ms) [Parameters=[@email='?' (Size = 150)], CommandType='"Text"', CommandTimeout='30']
SELECT TOP(1) [u].[UserId], [u].[CreatedAt], [u].[Email], [u].[FullName], [u].[IsActive], [u].[PasswordHash], [u].[Role]
FROM [Users] AS [u]
WHERE [u].[Email] = @email
2026-08-27 13:17:04.281 +05:30 [INF] Executed DbCommand (15ms) [Parameters=[@p0='?' (DbType = DateTime2), @p1='?' (DbType = DateTime2), @p2='?' (DbType = Boolean), @p3='?' (DbType = DateTime2), @p4='?' (Size = 500), @p5='?' (DbType = Int32)], CommandType='"Text"', CommandTimeout='30']
SET IMPLICIT_TRANSACTIONS OFF;
SET NOCOUNT ON;
INSERT INTO [RefreshTokens] ([CreatedAt], [ExpiresAt], [IsRevoked], [RevokedAt], [Token], [UserId])
OUTPUT INSERTED.[RefreshTokenId]
VALUES (@p0, @p1, @p2, @p3, @p4, @p5);
2026-08-27 13:17:04.292 +05:30 [INF] Executing OkObjectResult, writing value of type 'LoanDeductionPrediction.Models.DTOs.LoginResponse'.
2026-08-27 13:17:04.369 +05:30 [INF] Executed action LoanDeductionPrediction.API.Controllers.AuthController.Login (LoanDeductionPrediction.API) in 509.8597ms
2026-08-27 13:17:04.448 +05:30 [INF] Executed endpoint 'LoanDeductionPrediction.API.Controllers.AuthController.Login (LoanDeductionPrediction.API)'
2026-08-27 13:17:04.479 +05:30 [INF] HTTP POST /api/Auth/login responded 200 in 642.3982 ms
2026-08-27 13:17:04.488 +05:30 [INF] Request finished HTTP/1.1 POST http://localhost:5082/api/Auth/login - 200 null application/json; charset=utf-8 673.0398ms
2026-08-27 13:17:29.957 +05:30 [INF] Request starting HTTP/1.1 GET http://localhost:5082/api/User - null null
2026-08-27 13:17:29.978 +05:30 [INF] Executing endpoint 'LoanDeductionPrediction.API.Controllers.UserController.GetUsers (LoanDeductionPrediction.API)'
2026-08-27 13:17:30.010 +05:30 [INF] Route matched with {action = "GetUsers", controller = "User"}. Executing controller action with signature System.Threading.Tasks.Task`1[Microsoft.AspNetCore.Mvc.IActionResult] GetUsers() on controller LoanDeductionPrediction.API.Controllers.UserController (LoanDeductionPrediction.API).
2026-08-27 13:17:30.100 +05:30 [INF] Executed DbCommand (6ms) [Parameters=[], CommandType='"Text"', CommandTimeout='30']
SELECT [u].[UserId], [u].[FullName], [u].[Email], [u].[Role], [u].[IsActive], [u].[CreatedAt]
FROM [Users] AS [u]
ORDER BY [u].[UserId]
2026-08-27 13:17:30.113 +05:30 [INF] Executing OkObjectResult, writing value of type 'System.Collections.Generic.List`1[[<>f__AnonymousType15`6[[System.Int32, System.Private.CoreLib, Version=10.0.0.0, Culture=neutral, PublicKeyToken=7cec85d7bea7798e],[System.String, System.Private.CoreLib, Version=10.0.0.0, Culture=neutral, PublicKeyToken=7cec85d7bea7798e],[System.String, System.Private.CoreLib, Version=10.0.0.0, Culture=neutral, PublicKeyToken=7cec85d7bea7798e],[System.String, System.Private.CoreLib, Version=10.0.0.0, Culture=neutral, PublicKeyToken=7cec85d7bea7798e],[System.Boolean, System.Private.CoreLib, Version=10.0.0.0, Culture=neutral, PublicKeyToken=7cec85d7bea7798e],[System.DateTime, System.Private.CoreLib, Version=10.0.0.0, Culture=neutral, PublicKeyToken=7cec85d7bea7798e]], LoanDeductionPrediction.API, Version=1.0.0.0, Culture=neutral, PublicKeyToken=null]]'.
2026-08-27 13:17:30.134 +05:30 [INF] Executed action LoanDeductionPrediction.API.Controllers.UserController.GetUsers (LoanDeductionPrediction.API) in 117.6706ms
2026-08-27 13:17:30.144 +05:30 [INF] Executed endpoint 'LoanDeductionPrediction.API.Controllers.UserController.GetUsers (LoanDeductionPrediction.API)'
2026-08-27 13:17:30.150 +05:30 [INF] HTTP GET /api/User responded 200 in 172.8269 ms
2026-08-27 13:17:30.169 +05:30 [INF] Request finished HTTP/1.1 GET http://localhost:5082/api/User - 200 null application/json; charset=utf-8 211.9398ms
2026-08-27 13:17:49.232 +05:30 [INF] Request starting HTTP/1.1 GET http://localhost:5082/api/User - null null
2026-08-27 13:17:49.258 +05:30 [INF] Executing endpoint 'LoanDeductionPrediction.API.Controllers.UserController.GetUsers (LoanDeductionPrediction.API)'
2026-08-27 13:17:49.264 +05:30 [INF] Route matched with {action = "GetUsers", controller = "User"}. Executing controller action with signature System.Threading.Tasks.Task`1[Microsoft.AspNetCore.Mvc.IActionResult] GetUsers() on controller LoanDeductionPrediction.API.Controllers.UserController (LoanDeductionPrediction.API).
2026-08-27 13:17:49.453 +05:30 [INF] Executed DbCommand (17ms) [Parameters=[], CommandType='"Text"', CommandTimeout='30']
SELECT [u].[UserId], [u].[FullName], [u].[Email], [u].[Role], [u].[IsActive], [u].[CreatedAt]
FROM [Users] AS [u]
ORDER BY [u].[UserId]
2026-08-27 13:17:49.464 +05:30 [INF] Executing OkObjectResult, writing value of type 'System.Collections.Generic.List`1[[<>f__AnonymousType15`6[[System.Int32, System.Private.CoreLib, Version=10.0.0.0, Culture=neutral, PublicKeyToken=7cec85d7bea7798e],[System.String, System.Private.CoreLib, Version=10.0.0.0, Culture=neutral, PublicKeyToken=7cec85d7bea7798e],[System.String, System.Private.CoreLib, Version=10.0.0.0, Culture=neutral, PublicKeyToken=7cec85d7bea7798e],[System.String, System.Private.CoreLib, Version=10.0.0.0, Culture=neutral, PublicKeyToken=7cec85d7bea7798e],[System.Boolean, System.Private.CoreLib, Version=10.0.0.0, Culture=neutral, PublicKeyToken=7cec85d7bea7798e],[System.DateTime, System.Private.CoreLib, Version=10.0.0.0, Culture=neutral, PublicKeyToken=7cec85d7bea7798e]], LoanDeductionPrediction.API, Version=1.0.0.0, Culture=neutral, PublicKeyToken=null]]'.
2026-08-27 13:17:49.469 +05:30 [INF] Executed action LoanDeductionPrediction.API.Controllers.UserController.GetUsers (LoanDeductionPrediction.API) in 35.681ms
2026-08-27 13:17:49.471 +05:30 [INF] Executed endpoint 'LoanDeductionPrediction.API.Controllers.UserController.GetUsers (LoanDeductionPrediction.API)'
2026-08-27 13:17:49.477 +05:30 [INF] HTTP GET /api/User responded 200 in 219.9751 ms
2026-08-27 13:17:49.486 +05:30 [INF] Request finished HTTP/1.1 GET http://localhost:5082/api/User - 200 null application/json; charset=utf-8 254.0821ms
2026-08-27 13:18:42.418 +05:30 [INF] Request starting HTTP/1.1 POST http://localhost:5082/api/User - application/json 106
2026-08-27 13:18:42.435 +05:30 [INF] CORS policy execution successful.
2026-08-27 13:18:42.445 +05:30 [INF] Executing endpoint 'LoanDeductionPrediction.API.Controllers.UserController.CreateUser (LoanDeductionPrediction.API)'
2026-08-27 13:18:42.475 +05:30 [INF] Route matched with {action = "CreateUser", controller = "User"}. Executing controller action with signature System.Threading.Tasks.Task`1[Microsoft.AspNetCore.Mvc.IActionResult] CreateUser(LoanDeductionPrediction.API.Controllers.CreateUserRequest) on controller LoanDeductionPrediction.API.Controllers.UserController (LoanDeductionPrediction.API).
2026-08-27 13:18:42.510 +05:30 [INF] Executed DbCommand (7ms) [Parameters=[@email='?' (Size = 150)], CommandType='"Text"', CommandTimeout='30']
SELECT TOP(1) [u].[UserId], [u].[CreatedAt], [u].[Email], [u].[FullName], [u].[IsActive], [u].[PasswordHash], [u].[Role]
FROM [Users] AS [u]
WHERE [u].[Email] = @email
2026-08-27 13:18:42.765 +05:30 [INF] Executed DbCommand (7ms) [Parameters=[@p0='?' (DbType = DateTime2), @p1='?' (Size = 150), @p2='?' (Size = 100), @p3='?' (DbType = Boolean), @p4='?' (Size = 255), @p5='?' (Size = 30)], CommandType='"Text"', CommandTimeout='30']
SET IMPLICIT_TRANSACTIONS OFF;
SET NOCOUNT ON;
INSERT INTO [Users] ([CreatedAt], [Email], [FullName], [IsActive], [PasswordHash], [Role])
OUTPUT INSERTED.[UserId]
VALUES (@p0, @p1, @p2, @p3, @p4, @p5);
2026-08-27 13:18:42.777 +05:30 [INF] Executing CreatedAtActionResult, writing value of type '<>f__AnonymousType16`2[[System.String, System.Private.CoreLib, Version=10.0.0.0, Culture=neutral, PublicKeyToken=7cec85d7bea7798e],[<>f__AnonymousType15`6[[System.Int32, System.Private.CoreLib, Version=10.0.0.0, Culture=neutral, PublicKeyToken=7cec85d7bea7798e],[System.String, System.Private.CoreLib, Version=10.0.0.0, Culture=neutral, PublicKeyToken=7cec85d7bea7798e],[System.String, System.Private.CoreLib, Version=10.0.0.0, Culture=neutral, PublicKeyToken=7cec85d7bea7798e],[System.String, System.Private.CoreLib, Version=10.0.0.0, Culture=neutral, PublicKeyToken=7cec85d7bea7798e],[System.Boolean, System.Private.CoreLib, Version=10.0.0.0, Culture=neutral, PublicKeyToken=7cec85d7bea7798e],[System.DateTime, System.Private.CoreLib, Version=10.0.0.0, Culture=neutral, PublicKeyToken=7cec85d7bea7798e]], LoanDeductionPrediction.API, Version=1.0.0.0, Culture=neutral, PublicKeyToken=null]]'.
2026-08-27 13:18:42.782 +05:30 [INF] Executed action LoanDeductionPrediction.API.Controllers.UserController.CreateUser (LoanDeductionPrediction.API) in 301.2165ms
2026-08-27 13:18:42.786 +05:30 [INF] Executed endpoint 'LoanDeductionPrediction.API.Controllers.UserController.CreateUser (LoanDeductionPrediction.API)'
2026-08-27 13:18:42.790 +05:30 [INF] HTTP POST /api/User responded 201 in 355.2195 ms
2026-08-27 13:18:42.797 +05:30 [INF] Request finished HTTP/1.1 POST http://localhost:5082/api/User - 201 null application/json; charset=utf-8 379.0812ms
2026-08-27 13:22:52.876 +05:30 [INF] Request starting HTTP/1.1 POST http://localhost:5082/api/Auth/login - application/json 75
2026-08-27 13:22:52.896 +05:30 [INF] CORS policy execution successful.
2026-08-27 13:22:52.909 +05:30 [INF] Executing endpoint 'LoanDeductionPrediction.API.Controllers.AuthController.Login (LoanDeductionPrediction.API)'
2026-08-27 13:22:52.927 +05:30 [INF] Route matched with {action = "Login", controller = "Auth"}. Executing controller action with signature System.Threading.Tasks.Task`1[Microsoft.AspNetCore.Mvc.IActionResult] Login(LoanDeductionPrediction.Models.DTOs.LoginRequest) on controller LoanDeductionPrediction.API.Controllers.AuthController (LoanDeductionPrediction.API).
2026-08-27 13:22:53.243 +05:30 [INF] Executed DbCommand (21ms) [Parameters=[@email='?' (Size = 150)], CommandType='"Text"', CommandTimeout='30']
SELECT TOP(1) [u].[UserId], [u].[CreatedAt], [u].[Email], [u].[FullName], [u].[IsActive], [u].[PasswordHash], [u].[Role]
FROM [Users] AS [u]
WHERE [u].[Email] = @email
2026-08-27 13:22:53.504 +05:30 [INF] Executed DbCommand (14ms) [Parameters=[@p0='?' (DbType = DateTime2), @p1='?' (DbType = DateTime2), @p2='?' (DbType = Boolean), @p3='?' (DbType = DateTime2), @p4='?' (Size = 500), @p5='?' (DbType = Int32)], CommandType='"Text"', CommandTimeout='30']
SET IMPLICIT_TRANSACTIONS OFF;
SET NOCOUNT ON;
INSERT INTO [RefreshTokens] ([CreatedAt], [ExpiresAt], [IsRevoked], [RevokedAt], [Token], [UserId])
OUTPUT INSERTED.[RefreshTokenId]
VALUES (@p0, @p1, @p2, @p3, @p4, @p5);
2026-08-27 13:22:53.512 +05:30 [INF] Executing OkObjectResult, writing value of type 'LoanDeductionPrediction.Models.DTOs.LoginResponse'.
2026-08-27 13:22:53.522 +05:30 [INF] Executed action LoanDeductionPrediction.API.Controllers.AuthController.Login (LoanDeductionPrediction.API) in 580.5812ms
2026-08-27 13:22:53.533 +05:30 [INF] Executed endpoint 'LoanDeductionPrediction.API.Controllers.AuthController.Login (LoanDeductionPrediction.API)'
2026-08-27 13:22:53.543 +05:30 [INF] HTTP POST /api/Auth/login responded 200 in 647.3056 ms
2026-08-27 13:22:53.555 +05:30 [INF] Request finished HTTP/1.1 POST http://localhost:5082/api/Auth/login - 200 null application/json; charset=utf-8 679.4761ms
2026-08-27 13:23:45.313 +05:30 [INF] Request starting HTTP/1.1 POST http://localhost:5082/api/User - application/json 104
2026-08-27 13:23:45.326 +05:30 [INF] CORS policy execution successful.
2026-08-27 13:23:45.331 +05:30 [INF] Authorization failed. These requirements were not met:
RolesAuthorizationRequirement:User.IsInRole must be true for one of the following roles: (Admin)
2026-08-27 13:23:45.348 +05:30 [INF] AuthenticationScheme: Bearer was forbidden.
2026-08-27 13:23:45.356 +05:30 [INF] HTTP POST /api/User responded 403 in 30.4839 ms
2026-08-27 13:23:45.363 +05:30 [INF] Request finished HTTP/1.1 POST http://localhost:5082/api/User - 403 0 null 49.9198ms
2026-08-27 13:35:48.447 +05:30 [INF] Request starting HTTP/1.1 POST http://localhost:5082/api/Auth/login - application/json 69
2026-08-27 13:35:48.454 +05:30 [INF] CORS policy execution successful.
2026-08-27 13:35:48.456 +05:30 [INF] Executing endpoint 'LoanDeductionPrediction.API.Controllers.AuthController.Login (LoanDeductionPrediction.API)'
2026-08-27 13:35:48.464 +05:30 [INF] Route matched with {action = "Login", controller = "Auth"}. Executing controller action with signature System.Threading.Tasks.Task`1[Microsoft.AspNetCore.Mvc.IActionResult] Login(LoanDeductionPrediction.Models.DTOs.LoginRequest) on controller LoanDeductionPrediction.API.Controllers.AuthController (LoanDeductionPrediction.API).
2026-08-27 13:35:48.678 +05:30 [INF] Executed DbCommand (21ms) [Parameters=[@email='?' (Size = 150)], CommandType='"Text"', CommandTimeout='30']
SELECT TOP(1) [u].[UserId], [u].[CreatedAt], [u].[Email], [u].[FullName], [u].[IsActive], [u].[PasswordHash], [u].[Role]
FROM [Users] AS [u]
WHERE [u].[Email] = @email
2026-08-27 13:35:48.912 +05:30 [INF] Executed DbCommand (13ms) [Parameters=[@p0='?' (DbType = DateTime2), @p1='?' (DbType = DateTime2), @p2='?' (DbType = Boolean), @p3='?' (DbType = DateTime2), @p4='?' (Size = 500), @p5='?' (DbType = Int32)], CommandType='"Text"', CommandTimeout='30']
SET IMPLICIT_TRANSACTIONS OFF;
SET NOCOUNT ON;
INSERT INTO [RefreshTokens] ([CreatedAt], [ExpiresAt], [IsRevoked], [RevokedAt], [Token], [UserId])
OUTPUT INSERTED.[RefreshTokenId]
VALUES (@p0, @p1, @p2, @p3, @p4, @p5);
2026-08-27 13:35:48.918 +05:30 [INF] Executing OkObjectResult, writing value of type 'LoanDeductionPrediction.Models.DTOs.LoginResponse'.
2026-08-27 13:35:48.922 +05:30 [INF] Executed action LoanDeductionPrediction.API.Controllers.AuthController.Login (LoanDeductionPrediction.API) in 448.3878ms
2026-08-27 13:35:48.927 +05:30 [INF] Executed endpoint 'LoanDeductionPrediction.API.Controllers.AuthController.Login (LoanDeductionPrediction.API)'
2026-08-27 13:35:48.929 +05:30 [INF] HTTP POST /api/Auth/login responded 200 in 474.3056 ms
2026-08-27 13:35:48.934 +05:30 [INF] Request finished HTTP/1.1 POST http://localhost:5082/api/Auth/login - 200 null application/json; charset=utf-8 486.0495ms
2026-08-27 13:36:07.880 +05:30 [INF] Request starting HTTP/1.1 GET http://localhost:5082/api/Dashboard/admin - null null
2026-08-27 13:36:07.929 +05:30 [INF] Executing endpoint 'LoanDeductionPrediction.API.Controllers.DashboardController.GetAdminDashboard (LoanDeductionPrediction.API)'
2026-08-27 13:36:07.941 +05:30 [INF] Route matched with {action = "GetAdminDashboard", controller = "Dashboard"}. Executing controller action with signature System.Threading.Tasks.Task`1[Microsoft.AspNetCore.Mvc.IActionResult] GetAdminDashboard() on controller LoanDeductionPrediction.API.Controllers.DashboardController (LoanDeductionPrediction.API).
2026-08-27 13:36:07.978 +05:30 [INF] Executed DbCommand (25ms) [Parameters=[], CommandType='"Text"', CommandTimeout='30']
SELECT [u].[UserId], [u].[CreatedAt], [u].[Email], [u].[FullName], [u].[IsActive], [u].[PasswordHash], [u].[Role]
FROM [Users] AS [u]
2026-08-27 13:36:07.989 +05:30 [INF] Executed DbCommand (7ms) [Parameters=[], CommandType='"Text"', CommandTimeout='30']
SELECT [l].[LoanId], [l].[BorrowerId], [l].[CreatedAt], [l].[EMIAmount], [l].[EndDate], [l].[InterestRate], [l].[LoanOfficerId], [l].[OutstandingAmount], [l].[PrincipalAmount], [l].[StartDate], [l].[Status], [l].[TenureMonths]
FROM [LoanAccounts] AS [l]
2026-08-27 13:36:08.007 +05:30 [INF] Executed DbCommand (5ms) [Parameters=[], CommandType='"Text"', CommandTimeout='30']
SELECT [r].[ScheduleId], [r].[DueDate], [r].[EMIAmount], [r].[InstallmentNumber], [r].[InterestAmount], [r].[LoanId], [r].[PaidAmount], [r].[PaidDate], [r].[PrincipalAmount], [r].[Status]
FROM [RepaymentSchedules] AS [r]
2026-08-27 13:36:08.022 +05:30 [INF] Executed DbCommand (4ms) [Parameters=[], CommandType='"Text"', CommandTimeout='30']
SELECT [p].[BehaviorLogId], [p].[BorrowerId], [p].[DaysLate], [p].[DueDate], [p].[LoanId], [p].[PaymentDate], [p].[PaymentStatus], [p].[RecordedAt], [p].[ScheduleId]
FROM [PaymentBehaviorLogs] AS [p]
2026-08-27 13:36:08.038 +05:30 [INF] Executed DbCommand (6ms) [Parameters=[], CommandType='"Text"', CommandTimeout='30']
SELECT [r].[RiskPredictionId], [r].[BorrowerId], [r].[LoanId], [r].[PredictionDate], [r].[Reason], [r].[RiskLevel], [r].[RiskScore]
FROM [RiskPredictions] AS [r]
2026-08-27 13:36:08.220 +05:30 [INF] Executing OkObjectResult, writing value of type '<>f__AnonymousType1`25[[System.Int32, System.Private.CoreLib, Version=10.0.0.0, Culture=neutral, PublicKeyToken=7cec85d7bea7798e],[System.Int32, System.Private.CoreLib, Version=10.0.0.0, Culture=neutral, PublicKeyToken=7cec85d7bea7798e],[System.Int32, System.Private.CoreLib, Version=10.0.0.0, Culture=neutral, PublicKeyToken=7cec85d7bea7798e],[System.Int32, System.Private.CoreLib, Version=10.0.0.0, Culture=neutral, PublicKeyToken=7cec85d7bea7798e],[System.Int32, System.Private.CoreLib, Version=10.0.0.0, Culture=neutral, PublicKeyToken=7cec85d7bea7798e],[System.Int32, System.Private.CoreLib, Version=10.0.0.0, Culture=neutral, PublicKeyToken=7cec85d7bea7798e],[System.Int32, System.Private.CoreLib, Version=10.0.0.0, Culture=neutral, PublicKeyToken=7cec85d7bea7798e],[System.Int32, System.Private.CoreLib, Version=10.0.0.0, Culture=neutral, PublicKeyToken=7cec85d7bea7798e],[System.Int32, System.Private.CoreLib, Version=10.0.0.0, Culture=neutral, PublicKeyToken=7cec85d7bea7798e],[System.Decimal, System.Private.CoreLib, Version=10.0.0.0, Culture=neutral, PublicKeyToken=7cec85d7bea7798e],[System.Decimal, System.Private.CoreLib, Version=10.0.0.0, Culture=neutral, PublicKeyToken=7cec85d7bea7798e],[System.Decimal, System.Private.CoreLib, Version=10.0.0.0, Culture=neutral, PublicKeyToken=7cec85d7bea7798e],[System.Int32, System.Private.CoreLib, Version=10.0.0.0, Culture=neutral, PublicKeyToken=7cec85d7bea7798e],[System.Int32, System.Private.CoreLib, Version=10.0.0.0, Culture=neutral, PublicKeyToken=7cec85d7bea7798e],[System.Int32, System.Private.CoreLib, Version=10.0.0.0, Culture=neutral, PublicKeyToken=7cec85d7bea7798e],[System.Int32, System.Private.CoreLib, Version=10.0.0.0, Culture=neutral, PublicKeyToken=7cec85d7bea7798e],[System.Decimal, System.Private.CoreLib, Version=10.0.0.0, Culture=neutral, PublicKeyToken=7cec85d7bea7798e],[System.Int32, System.Private.CoreLib, Version=10.0.0.0, Culture=neutral, PublicKeyToken=7cec85d7bea7798e],[System.Int32, System.Private.CoreLib, Version=10.0.0.0, Culture=neutral, PublicKeyToken=7cec85d7bea7798e],[System.Int32, System.Private.CoreLib, Version=10.0.0.0, Culture=neutral, PublicKeyToken=7cec85d7bea7798e],[System.Int32, System.Private.CoreLib, Version=10.0.0.0, Culture=neutral, PublicKeyToken=7cec85d7bea7798e],[System.Int32, System.Private.CoreLib, Version=10.0.0.0, Culture=neutral, PublicKeyToken=7cec85d7bea7798e],[System.Int32, System.Private.CoreLib, Version=10.0.0.0, Culture=neutral, PublicKeyToken=7cec85d7bea7798e],[System.Int32, System.Private.CoreLib, Version=10.0.0.0, Culture=neutral, PublicKeyToken=7cec85d7bea7798e],[System.Int32, System.Private.CoreLib, Version=10.0.0.0, Culture=neutral, PublicKeyToken=7cec85d7bea7798e]]'.
2026-08-27 13:36:08.227 +05:30 [INF] Executed action LoanDeductionPrediction.API.Controllers.DashboardController.GetAdminDashboard (LoanDeductionPrediction.API) in 277.1434ms
2026-08-27 13:36:08.234 +05:30 [INF] Executed endpoint 'LoanDeductionPrediction.API.Controllers.DashboardController.GetAdminDashboard (LoanDeductionPrediction.API)'
2026-08-27 13:36:08.242 +05:30 [INF] HTTP GET /api/Dashboard/admin responded 200 in 313.9449 ms
2026-08-27 13:36:08.250 +05:30 [INF] Request finished HTTP/1.1 GET http://localhost:5082/api/Dashboard/admin - 200 null application/json; charset=utf-8 369.8359ms
2026-08-27 13:51:10.295 +05:30 [INF] Application is shutting down...
2026-08-27 13:51:32.484 +05:30 [INF] Executed DbCommand (49ms) [Parameters=[], CommandType='"Text"', CommandTimeout='30']
SELECT CASE
    WHEN EXISTS (
        SELECT 1
        FROM [Users] AS [u]
        WHERE [u].[Role] = N'Admin') THEN CAST(1 AS bit)
    ELSE CAST(0 AS bit)
END
2026-08-27 13:51:32.644 +05:30 [INF] User profile is available. Using 'C:\Users\thang\AppData\Local\ASP.NET\DataProtection-Keys' as key repository and Windows DPAPI to encrypt keys at rest.
2026-08-27 13:51:32.666 +05:30 [INF] Payment Behavior Background Service started.
2026-08-27 13:51:32.758 +05:30 [INF] Now listening on: http://localhost:5082
2026-08-27 13:51:32.760 +05:30 [INF] Application started. Press Ctrl+C to shut down.
2026-08-27 13:51:32.761 +05:30 [INF] Hosting environment: Development
2026-08-27 13:51:32.762 +05:30 [INF] Content root path: C:\Users\thang\OneDrive\Documents\React Projects\LoanDeductionPrediction\LoanDeductionPrediction.API
2026-08-27 13:51:32.825 +05:30 [INF] Executed DbCommand (29ms) [Parameters=[@today='?' (DbType = Date)], CommandType='"Text"', CommandTimeout='30']
SELECT [r].[ScheduleId], [r].[DueDate], [r].[EMIAmount], [r].[InstallmentNumber], [r].[InterestAmount], [r].[LoanId], [r].[PaidAmount], [r].[PaidDate], [r].[PrincipalAmount], [r].[Status]
FROM [RepaymentSchedules] AS [r]
WHERE [r].[DueDate] < @today AND [r].[PaidAmount] < [r].[EMIAmount] AND [r].[Status] <> N'PAID'
ORDER BY [r].[DueDate]
2026-08-27 13:51:32.932 +05:30 [INF] Executed DbCommand (12ms) [Parameters=[@scheduleId='?' (DbType = Int32)], CommandType='"Text"', CommandTimeout='30']
SELECT TOP(1) [p].[BehaviorLogId], [p].[BorrowerId], [p].[DaysLate], [p].[DueDate], [p].[LoanId], [p].[PaymentDate], [p].[PaymentStatus], [p].[RecordedAt], [p].[ScheduleId]
FROM [PaymentBehaviorLogs] AS [p]
WHERE [p].[ScheduleId] = @scheduleId
2026-08-27 13:51:32.976 +05:30 [INF] Executed DbCommand (6ms) [Parameters=[@scheduleId='?' (DbType = Int32)], CommandType='"Text"', CommandTimeout='30']
SELECT TOP(1) [p].[BehaviorLogId], [p].[BorrowerId], [p].[DaysLate], [p].[DueDate], [p].[LoanId], [p].[PaymentDate], [p].[PaymentStatus], [p].[RecordedAt], [p].[ScheduleId]
FROM [PaymentBehaviorLogs] AS [p]
WHERE [p].[ScheduleId] = @scheduleId
2026-08-27 13:51:32.985 +05:30 [INF] Executed DbCommand (5ms) [Parameters=[@scheduleId='?' (DbType = Int32)], CommandType='"Text"', CommandTimeout='30']
SELECT TOP(1) [p].[BehaviorLogId], [p].[BorrowerId], [p].[DaysLate], [p].[DueDate], [p].[LoanId], [p].[PaymentDate], [p].[PaymentStatus], [p].[RecordedAt], [p].[ScheduleId]
FROM [PaymentBehaviorLogs] AS [p]
WHERE [p].[ScheduleId] = @scheduleId
2026-08-27 13:51:47.528 +05:30 [INF] Request starting HTTP/1.1 GET http://localhost:5082/swagger/index.html - null null
2026-08-27 13:51:47.827 +05:30 [INF] HTTP GET /swagger/index.html responded 304 in 197.7598 ms
2026-08-27 13:51:47.842 +05:30 [INF] Request finished HTTP/1.1 GET http://localhost:5082/swagger/index.html - 304 null null 316.8182ms
2026-08-27 13:51:47.882 +05:30 [INF] Request starting HTTP/1.1 GET http://localhost:5082/swagger/swagger-ui-standalone-preset.js - null null
2026-08-27 13:51:47.882 +05:30 [INF] Request starting HTTP/1.1 GET http://localhost:5082/swagger/swagger-ui.css - null null
2026-08-27 13:51:47.883 +05:30 [INF] Request starting HTTP/1.1 GET http://localhost:5082/swagger/swagger-ui-bundle.js - null null
2026-08-27 13:51:47.883 +05:30 [INF] Request starting HTTP/1.1 GET http://localhost:5082/swagger/index.js - null null
2026-08-27 13:51:47.891 +05:30 [INF] Request starting HTTP/1.1 GET http://localhost:5082/swagger/index.css - null null
2026-08-27 13:51:47.942 +05:30 [INF] HTTP GET /swagger/swagger-ui.css responded 304 in 20.3667 ms
2026-08-27 13:51:47.941 +05:30 [INF] HTTP GET /swagger/swagger-ui-standalone-preset.js responded 304 in 41.7852 ms
2026-08-27 13:51:47.947 +05:30 [INF] HTTP GET /swagger/index.js responded 304 in 1.2205 ms
2026-08-27 13:51:47.961 +05:30 [INF] HTTP GET /swagger/index.css responded 304 in 0.5408 ms
2026-08-27 13:51:47.961 +05:30 [INF] HTTP GET /swagger/swagger-ui-bundle.js responded 304 in 26.4356 ms
2026-08-27 13:51:47.978 +05:30 [INF] Request finished HTTP/1.1 GET http://localhost:5082/swagger/swagger-ui.css - 304 null null 95.949ms
2026-08-27 13:51:48.008 +05:30 [INF] Request finished HTTP/1.1 GET http://localhost:5082/swagger/swagger-ui-standalone-preset.js - 304 null null 125.731ms
2026-08-27 13:51:48.014 +05:30 [INF] Request finished HTTP/1.1 GET http://localhost:5082/swagger/index.js - 304 null null 129.7212ms
2026-08-27 13:51:48.024 +05:30 [INF] Request finished HTTP/1.1 GET http://localhost:5082/swagger/index.css - 304 null null 132.3553ms
2026-08-27 13:51:48.028 +05:30 [INF] Request finished HTTP/1.1 GET http://localhost:5082/swagger/swagger-ui-bundle.js - 304 null null 145.2243ms
2026-08-27 13:51:48.175 +05:30 [INF] Request starting HTTP/1.1 GET http://localhost:5082/swagger/v1/swagger.json - null null
2026-08-27 13:51:48.452 +05:30 [INF] HTTP GET /swagger/v1/swagger.json responded 200 in 262.2921 ms
2026-08-27 13:51:48.464 +05:30 [INF] Request finished HTTP/1.1 GET http://localhost:5082/swagger/v1/swagger.json - 200 null application/json;charset=utf-8 289.4554ms
2026-08-27 13:53:11.085 +05:30 [INF] Request starting HTTP/1.1 POST http://localhost:5082/api/Auth/login - application/json 75
2026-08-27 13:53:11.142 +05:30 [WRN] Failed to determine the https port for redirect.
2026-08-27 13:53:11.186 +05:30 [INF] CORS policy execution successful.
2026-08-27 13:53:11.261 +05:30 [INF] Executing endpoint 'LoanDeductionPrediction.API.Controllers.AuthController.Login (LoanDeductionPrediction.API)'
2026-08-27 13:53:11.327 +05:30 [INF] Route matched with {action = "Login", controller = "Auth"}. Executing controller action with signature System.Threading.Tasks.Task`1[Microsoft.AspNetCore.Mvc.IActionResult] Login(LoanDeductionPrediction.Models.DTOs.LoginRequest) on controller LoanDeductionPrediction.API.Controllers.AuthController (LoanDeductionPrediction.API).
2026-08-27 13:53:11.648 +05:30 [WRN] You do not have a valid license key for the Lucky Penny software AutoMapper. This is allowed for development and testing scenarios. If you are running in production you are required to have a licensed version. Please visit https://luckypennysoftware.com to obtain a valid license.
2026-08-27 13:53:11.918 +05:30 [INF] Executed DbCommand (7ms) [Parameters=[@email='?' (Size = 150)], CommandType='"Text"', CommandTimeout='30']
SELECT TOP(1) [u].[UserId], [u].[CreatedAt], [u].[Email], [u].[FullName], [u].[IsActive], [u].[PasswordHash], [u].[Role]
FROM [Users] AS [u]
WHERE [u].[Email] = @email
2026-08-27 13:53:12.834 +05:30 [INF] Executed DbCommand (42ms) [Parameters=[@p0='?' (DbType = DateTime2), @p1='?' (DbType = DateTime2), @p2='?' (DbType = Boolean), @p3='?' (DbType = DateTime2), @p4='?' (Size = 500), @p5='?' (DbType = Int32)], CommandType='"Text"', CommandTimeout='30']
SET IMPLICIT_TRANSACTIONS OFF;
SET NOCOUNT ON;
INSERT INTO [RefreshTokens] ([CreatedAt], [ExpiresAt], [IsRevoked], [RevokedAt], [Token], [UserId])
OUTPUT INSERTED.[RefreshTokenId]
VALUES (@p0, @p1, @p2, @p3, @p4, @p5);
2026-08-27 13:53:12.930 +05:30 [INF] Executing OkObjectResult, writing value of type 'LoanDeductionPrediction.Models.DTOs.LoginResponse'.
2026-08-27 13:53:12.967 +05:30 [INF] Executed action LoanDeductionPrediction.API.Controllers.AuthController.Login (LoanDeductionPrediction.API) in 1628.4171ms
2026-08-27 13:53:12.984 +05:30 [INF] Executed endpoint 'LoanDeductionPrediction.API.Controllers.AuthController.Login (LoanDeductionPrediction.API)'
2026-08-27 13:53:12.999 +05:30 [INF] HTTP POST /api/Auth/login responded 200 in 1867.2609 ms
2026-08-27 13:53:13.034 +05:30 [INF] Request finished HTTP/1.1 POST http://localhost:5082/api/Auth/login - 200 null application/json; charset=utf-8 1948.3019ms
2026-08-27 13:54:18.952 +05:30 [INF] Request starting HTTP/1.1 POST http://localhost:5082/api/User/borrower - application/json 90
2026-08-27 13:54:18.975 +05:30 [INF] CORS policy execution successful.
2026-08-27 13:54:19.105 +05:30 [INF] Executing endpoint 'LoanDeductionPrediction.API.Controllers.UserController.CreateBorrower (LoanDeductionPrediction.API)'
2026-08-27 13:54:19.125 +05:30 [INF] Route matched with {action = "CreateBorrower", controller = "User"}. Executing controller action with signature System.Threading.Tasks.Task`1[Microsoft.AspNetCore.Mvc.IActionResult] CreateBorrower(LoanDeductionPrediction.API.Controllers.CreateUserRequest) on controller LoanDeductionPrediction.API.Controllers.UserController (LoanDeductionPrediction.API).
2026-08-27 13:54:19.164 +05:30 [INF] Executed DbCommand (7ms) [Parameters=[@email='?' (Size = 150)], CommandType='"Text"', CommandTimeout='30']
SELECT TOP(1) [u].[UserId], [u].[CreatedAt], [u].[Email], [u].[FullName], [u].[IsActive], [u].[PasswordHash], [u].[Role]
FROM [Users] AS [u]
WHERE [u].[Email] = @email
2026-08-27 13:54:19.628 +05:30 [INF] Executed DbCommand (5ms) [Parameters=[@p0='?' (DbType = DateTime2), @p1='?' (Size = 150), @p2='?' (Size = 100), @p3='?' (DbType = Boolean), @p4='?' (Size = 255), @p5='?' (Size = 30)], CommandType='"Text"', CommandTimeout='30']
SET IMPLICIT_TRANSACTIONS OFF;
SET NOCOUNT ON;
INSERT INTO [Users] ([CreatedAt], [Email], [FullName], [IsActive], [PasswordHash], [Role])
OUTPUT INSERTED.[UserId]
VALUES (@p0, @p1, @p2, @p3, @p4, @p5);
2026-08-27 13:54:19.652 +05:30 [INF] Executing CreatedAtActionResult, writing value of type '<>f__AnonymousType16`2[[System.String, System.Private.CoreLib, Version=10.0.0.0, Culture=neutral, PublicKeyToken=7cec85d7bea7798e],[<>f__AnonymousType15`6[[System.Int32, System.Private.CoreLib, Version=10.0.0.0, Culture=neutral, PublicKeyToken=7cec85d7bea7798e],[System.String, System.Private.CoreLib, Version=10.0.0.0, Culture=neutral, PublicKeyToken=7cec85d7bea7798e],[System.String, System.Private.CoreLib, Version=10.0.0.0, Culture=neutral, PublicKeyToken=7cec85d7bea7798e],[System.String, System.Private.CoreLib, Version=10.0.0.0, Culture=neutral, PublicKeyToken=7cec85d7bea7798e],[System.Boolean, System.Private.CoreLib, Version=10.0.0.0, Culture=neutral, PublicKeyToken=7cec85d7bea7798e],[System.DateTime, System.Private.CoreLib, Version=10.0.0.0, Culture=neutral, PublicKeyToken=7cec85d7bea7798e]], LoanDeductionPrediction.API, Version=1.0.0.0, Culture=neutral, PublicKeyToken=null]]'.
2026-08-27 13:54:19.719 +05:30 [INF] Executed action LoanDeductionPrediction.API.Controllers.UserController.CreateBorrower (LoanDeductionPrediction.API) in 581.4167ms
2026-08-27 13:54:19.725 +05:30 [INF] Executed endpoint 'LoanDeductionPrediction.API.Controllers.UserController.CreateBorrower (LoanDeductionPrediction.API)'
2026-08-27 13:54:19.729 +05:30 [INF] HTTP POST /api/User/borrower responded 201 in 755.3002 ms
2026-08-27 13:54:19.739 +05:30 [INF] Request finished HTTP/1.1 POST http://localhost:5082/api/User/borrower - 201 null application/json; charset=utf-8 787.8402ms
2026-08-27 13:59:51.448 +05:30 [INF] Request starting HTTP/1.1 POST http://localhost:5082/api/Auth/login - application/json 69
2026-08-27 13:59:51.494 +05:30 [INF] CORS policy execution successful.
2026-08-27 13:59:51.523 +05:30 [INF] Executing endpoint 'LoanDeductionPrediction.API.Controllers.AuthController.Login (LoanDeductionPrediction.API)'
2026-08-27 13:59:51.536 +05:30 [INF] Route matched with {action = "Login", controller = "Auth"}. Executing controller action with signature System.Threading.Tasks.Task`1[Microsoft.AspNetCore.Mvc.IActionResult] Login(LoanDeductionPrediction.Models.DTOs.LoginRequest) on controller LoanDeductionPrediction.API.Controllers.AuthController (LoanDeductionPrediction.API).
2026-08-27 14:00:05.619 +05:30 [ERR] An error occurred using the connection to database 'LoanDeductionPredictionDb' on server '.\SQLEXPRESS'.
2026-08-27 14:00:05.690 +05:30 [ERR] An exception occurred while iterating over the results of a query for context type 'LoanDeductionPrediction.Repositories.Entities.LoanDeductionDbContext'.
Microsoft.Data.SqlClient.SqlException (0x80131904): Connection Timeout Expired.  The timeout period elapsed during the post-login phase.  The connection could have timed out while waiting for server to complete the login process and respond; Or it could have timed out while attempting to create multiple active connections.  The duration spent while attempting to connect to this server was - [Pre-Login] initialization=1; handshake=1; [Login] initialization=0; authentication=1; [Post-Login] complete=14022; 
 ---> System.ComponentModel.Win32Exception (258): The wait operation timed out.
   at Microsoft.Data.SqlClient.SqlInternalConnection.OnError(SqlException exception, Boolean breakConnection, Action`1 wrapCloseInAction)
   at Microsoft.Data.SqlClient.TdsParser.ThrowExceptionAndWarning(TdsParserStateObject stateObj, SqlCommand command, Boolean callerHasConnectionLock, Boolean asyncClose)
   at Microsoft.Data.SqlClient.TdsParserStateObject.ThrowExceptionAndWarning(Boolean callerHasConnectionLock, Boolean asyncClose)
   at Microsoft.Data.SqlClient.TdsParserStateObject.ReadSniError(TdsParserStateObject stateObj, UInt32 error)
   at Microsoft.Data.SqlClient.TdsParserStateObject.ReadSniSyncOverAsync()
   at Microsoft.Data.SqlClient.TdsParserStateObject.TryReadNetworkPacket()
   at Microsoft.Data.SqlClient.TdsParserStateObject.TryPrepareBuffer()
   at Microsoft.Data.SqlClient.TdsParserStateObject.TryReadByte(Byte& value)
   at Microsoft.Data.SqlClient.TdsParser.TryRun(RunBehavior runBehavior, SqlCommand cmdHandler, SqlDataReader dataStream, BulkCopySimpleResultSet bulkCopyHandler, TdsParserStateObject stateObj, Boolean& dataReady)
   at Microsoft.Data.SqlClient.TdsParser.Run(RunBehavior runBehavior, SqlCommand cmdHandler, SqlDataReader dataStream, BulkCopySimpleResultSet bulkCopyHandler, TdsParserStateObject stateObj)
   at Microsoft.Data.SqlClient.SqlInternalConnectionTds.CompleteLogin(Boolean enlistOK)
   at Microsoft.Data.SqlClient.SqlInternalConnectionTds.AttemptOneLogin(ServerInfo serverInfo, String newPassword, SecureString newSecurePassword, TimeoutTimer timeout, Boolean withFailover)
   at Microsoft.Data.SqlClient.SqlInternalConnectionTds.LoginNoFailover(ServerInfo serverInfo, String newPassword, SecureString newSecurePassword, Boolean redirectedUserInstance, SqlConnectionString connectionOptions, SqlCredential credential, TimeoutTimer timeout)
   at Microsoft.Data.SqlClient.SqlInternalConnectionTds.OpenLoginEnlist(TimeoutTimer timeout, SqlConnectionString connectionOptions, SqlCredential credential, String newPassword, SecureString newSecurePassword, Boolean redirectedUserInstance)
   at Microsoft.Data.SqlClient.SqlInternalConnectionTds..ctor(DbConnectionPoolIdentity identity, SqlConnectionString connectionOptions, SqlCredential credential, Object providerInfo, String newPassword, SecureString newSecurePassword, Boolean redirectedUserInstance, SqlConnectionString userConnectionOptions, SessionData reconnectSessionData, Boolean applyTransientFaultHandling, String accessToken, IDbConnectionPool pool, Func`3 accessTokenCallback)
   at Microsoft.Data.SqlClient.SqlConnectionFactory.CreateConnection(DbConnectionOptions options, DbConnectionPoolKey poolKey, DbConnectionPoolGroupProviderInfo poolGroupProviderInfo, IDbConnectionPool pool, DbConnection owningConnection, DbConnectionOptions userOptions)
   at Microsoft.Data.ProviderBase.DbConnectionFactory.CreatePooledConnection(IDbConnectionPool pool, DbConnection owningObject, DbConnectionOptions options, DbConnectionPoolKey poolKey, DbConnectionOptions userOptions)
   at Microsoft.Data.SqlClient.ConnectionPool.WaitHandleDbConnectionPool.CreateObject(DbConnection owningObject, DbConnectionOptions userOptions, DbConnectionInternal oldConnection)
   at Microsoft.Data.SqlClient.ConnectionPool.WaitHandleDbConnectionPool.UserCreateRequest(DbConnection owningObject, DbConnectionOptions userOptions, DbConnectionInternal oldConnection)
   at Microsoft.Data.SqlClient.ConnectionPool.WaitHandleDbConnectionPool.TryGetConnection(DbConnection owningObject, UInt32 waitForMultipleObjectsTimeout, Boolean allowCreate, Boolean onlyOneCheckConnection, DbConnectionOptions userOptions, DbConnectionInternal& connection)
   at Microsoft.Data.SqlClient.ConnectionPool.WaitHandleDbConnectionPool.WaitForPendingOpen()
--- End of stack trace from previous location ---
   at Microsoft.EntityFrameworkCore.Storage.RelationalConnection.OpenInternalAsync(Boolean errorsExpected, CancellationToken cancellationToken)
   at Microsoft.EntityFrameworkCore.Storage.RelationalConnection.OpenInternalAsync(Boolean errorsExpected, CancellationToken cancellationToken)
   at Microsoft.EntityFrameworkCore.Storage.RelationalConnection.OpenAsync(CancellationToken cancellationToken, Boolean errorsExpected)
   at Microsoft.EntityFrameworkCore.Storage.RelationalCommand.ExecuteReaderAsync(RelationalCommandParameterObject parameterObject, CancellationToken cancellationToken)
   at Microsoft.EntityFrameworkCore.Query.Internal.SingleQueryingEnumerable`1.AsyncEnumerator.InitializeReaderAsync(AsyncEnumerator enumerator, CancellationToken cancellationToken)
   at Microsoft.EntityFrameworkCore.Storage.ExecutionStrategy.<>c__DisplayClass30_0`2.<<ExecuteAsync>b__0>d.MoveNext()
--- End of stack trace from previous location ---
   at Microsoft.EntityFrameworkCore.Storage.ExecutionStrategy.ExecuteImplementationAsync[TState,TResult](Func`4 operation, Func`4 verifySucceeded, TState state, CancellationToken cancellationToken)
   at Microsoft.EntityFrameworkCore.Storage.ExecutionStrategy.ExecuteImplementationAsync[TState,TResult](Func`4 operation, Func`4 verifySucceeded, TState state, CancellationToken cancellationToken)
   at Microsoft.EntityFrameworkCore.Storage.ExecutionStrategy.ExecuteAsync[TState,TResult](TState state, Func`4 operation, Func`4 verifySucceeded, CancellationToken cancellationToken)
   at Microsoft.EntityFrameworkCore.Query.Internal.SingleQueryingEnumerable`1.AsyncEnumerator.MoveNextAsync()
ClientConnectionId:fdab09f4-2b0d-460d-85ec-558b82242988
Error Number:-2,State:0,Class:11
Microsoft.Data.SqlClient.SqlException (0x80131904): Connection Timeout Expired.  The timeout period elapsed during the post-login phase.  The connection could have timed out while waiting for server to complete the login process and respond; Or it could have timed out while attempting to create multiple active connections.  The duration spent while attempting to connect to this server was - [Pre-Login] initialization=1; handshake=1; [Login] initialization=0; authentication=1; [Post-Login] complete=14022; 
 ---> System.ComponentModel.Win32Exception (258): The wait operation timed out.
   at Microsoft.Data.SqlClient.SqlInternalConnection.OnError(SqlException exception, Boolean breakConnection, Action`1 wrapCloseInAction)
   at Microsoft.Data.SqlClient.TdsParser.ThrowExceptionAndWarning(TdsParserStateObject stateObj, SqlCommand command, Boolean callerHasConnectionLock, Boolean asyncClose)
   at Microsoft.Data.SqlClient.TdsParserStateObject.ThrowExceptionAndWarning(Boolean callerHasConnectionLock, Boolean asyncClose)
   at Microsoft.Data.SqlClient.TdsParserStateObject.ReadSniError(TdsParserStateObject stateObj, UInt32 error)
   at Microsoft.Data.SqlClient.TdsParserStateObject.ReadSniSyncOverAsync()
   at Microsoft.Data.SqlClient.TdsParserStateObject.TryReadNetworkPacket()
   at Microsoft.Data.SqlClient.TdsParserStateObject.TryPrepareBuffer()
   at Microsoft.Data.SqlClient.TdsParserStateObject.TryReadByte(Byte& value)
   at Microsoft.Data.SqlClient.TdsParser.TryRun(RunBehavior runBehavior, SqlCommand cmdHandler, SqlDataReader dataStream, BulkCopySimpleResultSet bulkCopyHandler, TdsParserStateObject stateObj, Boolean& dataReady)
   at Microsoft.Data.SqlClient.TdsParser.Run(RunBehavior runBehavior, SqlCommand cmdHandler, SqlDataReader dataStream, BulkCopySimpleResultSet bulkCopyHandler, TdsParserStateObject stateObj)
   at Microsoft.Data.SqlClient.SqlInternalConnectionTds.CompleteLogin(Boolean enlistOK)
   at Microsoft.Data.SqlClient.SqlInternalConnectionTds.AttemptOneLogin(ServerInfo serverInfo, String newPassword, SecureString newSecurePassword, TimeoutTimer timeout, Boolean withFailover)
   at Microsoft.Data.SqlClient.SqlInternalConnectionTds.LoginNoFailover(ServerInfo serverInfo, String newPassword, SecureString newSecurePassword, Boolean redirectedUserInstance, SqlConnectionString connectionOptions, SqlCredential credential, TimeoutTimer timeout)
   at Microsoft.Data.SqlClient.SqlInternalConnectionTds.OpenLoginEnlist(TimeoutTimer timeout, SqlConnectionString connectionOptions, SqlCredential credential, String newPassword, SecureString newSecurePassword, Boolean redirectedUserInstance)
   at Microsoft.Data.SqlClient.SqlInternalConnectionTds..ctor(DbConnectionPoolIdentity identity, SqlConnectionString connectionOptions, SqlCredential credential, Object providerInfo, String newPassword, SecureString newSecurePassword, Boolean redirectedUserInstance, SqlConnectionString userConnectionOptions, SessionData reconnectSessionData, Boolean applyTransientFaultHandling, String accessToken, IDbConnectionPool pool, Func`3 accessTokenCallback)
   at Microsoft.Data.SqlClient.SqlConnectionFactory.CreateConnection(DbConnectionOptions options, DbConnectionPoolKey poolKey, DbConnectionPoolGroupProviderInfo poolGroupProviderInfo, IDbConnectionPool pool, DbConnection owningConnection, DbConnectionOptions userOptions)
   at Microsoft.Data.ProviderBase.DbConnectionFactory.CreatePooledConnection(IDbConnectionPool pool, DbConnection owningObject, DbConnectionOptions options, DbConnectionPoolKey poolKey, DbConnectionOptions userOptions)
   at Microsoft.Data.SqlClient.ConnectionPool.WaitHandleDbConnectionPool.CreateObject(DbConnection owningObject, DbConnectionOptions userOptions, DbConnectionInternal oldConnection)
   at Microsoft.Data.SqlClient.ConnectionPool.WaitHandleDbConnectionPool.UserCreateRequest(DbConnection owningObject, DbConnectionOptions userOptions, DbConnectionInternal oldConnection)
   at Microsoft.Data.SqlClient.ConnectionPool.WaitHandleDbConnectionPool.TryGetConnection(DbConnection owningObject, UInt32 waitForMultipleObjectsTimeout, Boolean allowCreate, Boolean onlyOneCheckConnection, DbConnectionOptions userOptions, DbConnectionInternal& connection)
   at Microsoft.Data.SqlClient.ConnectionPool.WaitHandleDbConnectionPool.WaitForPendingOpen()
--- End of stack trace from previous location ---
   at Microsoft.EntityFrameworkCore.Storage.RelationalConnection.OpenInternalAsync(Boolean errorsExpected, CancellationToken cancellationToken)
   at Microsoft.EntityFrameworkCore.Storage.RelationalConnection.OpenInternalAsync(Boolean errorsExpected, CancellationToken cancellationToken)
   at Microsoft.EntityFrameworkCore.Storage.RelationalConnection.OpenAsync(CancellationToken cancellationToken, Boolean errorsExpected)
   at Microsoft.EntityFrameworkCore.Storage.RelationalCommand.ExecuteReaderAsync(RelationalCommandParameterObject parameterObject, CancellationToken cancellationToken)
   at Microsoft.EntityFrameworkCore.Query.Internal.SingleQueryingEnumerable`1.AsyncEnumerator.InitializeReaderAsync(AsyncEnumerator enumerator, CancellationToken cancellationToken)
   at Microsoft.EntityFrameworkCore.Storage.ExecutionStrategy.<>c__DisplayClass30_0`2.<<ExecuteAsync>b__0>d.MoveNext()
--- End of stack trace from previous location ---
   at Microsoft.EntityFrameworkCore.Storage.ExecutionStrategy.ExecuteImplementationAsync[TState,TResult](Func`4 operation, Func`4 verifySucceeded, TState state, CancellationToken cancellationToken)
   at Microsoft.EntityFrameworkCore.Storage.ExecutionStrategy.ExecuteImplementationAsync[TState,TResult](Func`4 operation, Func`4 verifySucceeded, TState state, CancellationToken cancellationToken)
   at Microsoft.EntityFrameworkCore.Storage.ExecutionStrategy.ExecuteAsync[TState,TResult](TState state, Func`4 operation, Func`4 verifySucceeded, CancellationToken cancellationToken)
   at Microsoft.EntityFrameworkCore.Query.Internal.SingleQueryingEnumerable`1.AsyncEnumerator.MoveNextAsync()
ClientConnectionId:fdab09f4-2b0d-460d-85ec-558b82242988
Error Number:-2,State:0,Class:11
2026-08-27 14:00:05.781 +05:30 [INF] Executed action LoanDeductionPrediction.API.Controllers.AuthController.Login (LoanDeductionPrediction.API) in 14226.1604ms
2026-08-27 14:00:05.784 +05:30 [INF] Executed endpoint 'LoanDeductionPrediction.API.Controllers.AuthController.Login (LoanDeductionPrediction.API)'
2026-08-27 14:00:05.787 +05:30 [ERR] Unhandled exception occurred.
Microsoft.Data.SqlClient.SqlException (0x80131904): Connection Timeout Expired.  The timeout period elapsed during the post-login phase.  The connection could have timed out while waiting for server to complete the login process and respond; Or it could have timed out while attempting to create multiple active connections.  The duration spent while attempting to connect to this server was - [Pre-Login] initialization=1; handshake=1; [Login] initialization=0; authentication=1; [Post-Login] complete=14022; 
 ---> System.ComponentModel.Win32Exception (258): The wait operation timed out.
   at Microsoft.Data.SqlClient.SqlInternalConnection.OnError(SqlException exception, Boolean breakConnection, Action`1 wrapCloseInAction)
   at Microsoft.Data.SqlClient.TdsParser.ThrowExceptionAndWarning(TdsParserStateObject stateObj, SqlCommand command, Boolean callerHasConnectionLock, Boolean asyncClose)
   at Microsoft.Data.SqlClient.TdsParserStateObject.ThrowExceptionAndWarning(Boolean callerHasConnectionLock, Boolean asyncClose)
   at Microsoft.Data.SqlClient.TdsParserStateObject.ReadSniError(TdsParserStateObject stateObj, UInt32 error)
   at Microsoft.Data.SqlClient.TdsParserStateObject.ReadSniSyncOverAsync()
   at Microsoft.Data.SqlClient.TdsParserStateObject.TryReadNetworkPacket()
   at Microsoft.Data.SqlClient.TdsParserStateObject.TryPrepareBuffer()
   at Microsoft.Data.SqlClient.TdsParserStateObject.TryReadByte(Byte& value)
   at Microsoft.Data.SqlClient.TdsParser.TryRun(RunBehavior runBehavior, SqlCommand cmdHandler, SqlDataReader dataStream, BulkCopySimpleResultSet bulkCopyHandler, TdsParserStateObject stateObj, Boolean& dataReady)
   at Microsoft.Data.SqlClient.TdsParser.Run(RunBehavior runBehavior, SqlCommand cmdHandler, SqlDataReader dataStream, BulkCopySimpleResultSet bulkCopyHandler, TdsParserStateObject stateObj)
   at Microsoft.Data.SqlClient.SqlInternalConnectionTds.CompleteLogin(Boolean enlistOK)
   at Microsoft.Data.SqlClient.SqlInternalConnectionTds.AttemptOneLogin(ServerInfo serverInfo, String newPassword, SecureString newSecurePassword, TimeoutTimer timeout, Boolean withFailover)
   at Microsoft.Data.SqlClient.SqlInternalConnectionTds.LoginNoFailover(ServerInfo serverInfo, String newPassword, SecureString newSecurePassword, Boolean redirectedUserInstance, SqlConnectionString connectionOptions, SqlCredential credential, TimeoutTimer timeout)
   at Microsoft.Data.SqlClient.SqlInternalConnectionTds.OpenLoginEnlist(TimeoutTimer timeout, SqlConnectionString connectionOptions, SqlCredential credential, String newPassword, SecureString newSecurePassword, Boolean redirectedUserInstance)
   at Microsoft.Data.SqlClient.SqlInternalConnectionTds..ctor(DbConnectionPoolIdentity identity, SqlConnectionString connectionOptions, SqlCredential credential, Object providerInfo, String newPassword, SecureString newSecurePassword, Boolean redirectedUserInstance, SqlConnectionString userConnectionOptions, SessionData reconnectSessionData, Boolean applyTransientFaultHandling, String accessToken, IDbConnectionPool pool, Func`3 accessTokenCallback)
   at Microsoft.Data.SqlClient.SqlConnectionFactory.CreateConnection(DbConnectionOptions options, DbConnectionPoolKey poolKey, DbConnectionPoolGroupProviderInfo poolGroupProviderInfo, IDbConnectionPool pool, DbConnection owningConnection, DbConnectionOptions userOptions)
   at Microsoft.Data.ProviderBase.DbConnectionFactory.CreatePooledConnection(IDbConnectionPool pool, DbConnection owningObject, DbConnectionOptions options, DbConnectionPoolKey poolKey, DbConnectionOptions userOptions)
   at Microsoft.Data.SqlClient.ConnectionPool.WaitHandleDbConnectionPool.CreateObject(DbConnection owningObject, DbConnectionOptions userOptions, DbConnectionInternal oldConnection)
   at Microsoft.Data.SqlClient.ConnectionPool.WaitHandleDbConnectionPool.UserCreateRequest(DbConnection owningObject, DbConnectionOptions userOptions, DbConnectionInternal oldConnection)
   at Microsoft.Data.SqlClient.ConnectionPool.WaitHandleDbConnectionPool.TryGetConnection(DbConnection owningObject, UInt32 waitForMultipleObjectsTimeout, Boolean allowCreate, Boolean onlyOneCheckConnection, DbConnectionOptions userOptions, DbConnectionInternal& connection)
   at Microsoft.Data.SqlClient.ConnectionPool.WaitHandleDbConnectionPool.WaitForPendingOpen()
--- End of stack trace from previous location ---
   at Microsoft.EntityFrameworkCore.Storage.RelationalConnection.OpenInternalAsync(Boolean errorsExpected, CancellationToken cancellationToken)
   at Microsoft.EntityFrameworkCore.Storage.RelationalConnection.OpenInternalAsync(Boolean errorsExpected, CancellationToken cancellationToken)
   at Microsoft.EntityFrameworkCore.Storage.RelationalConnection.OpenAsync(CancellationToken cancellationToken, Boolean errorsExpected)
   at Microsoft.EntityFrameworkCore.Storage.RelationalCommand.ExecuteReaderAsync(RelationalCommandParameterObject parameterObject, CancellationToken cancellationToken)
   at Microsoft.EntityFrameworkCore.Query.Internal.SingleQueryingEnumerable`1.AsyncEnumerator.InitializeReaderAsync(AsyncEnumerator enumerator, CancellationToken cancellationToken)
   at Microsoft.EntityFrameworkCore.Storage.ExecutionStrategy.<>c__DisplayClass30_0`2.<<ExecuteAsync>b__0>d.MoveNext()
--- End of stack trace from previous location ---
   at Microsoft.EntityFrameworkCore.Storage.ExecutionStrategy.ExecuteImplementationAsync[TState,TResult](Func`4 operation, Func`4 verifySucceeded, TState state, CancellationToken cancellationToken)
   at Microsoft.EntityFrameworkCore.Storage.ExecutionStrategy.ExecuteImplementationAsync[TState,TResult](Func`4 operation, Func`4 verifySucceeded, TState state, CancellationToken cancellationToken)
   at Microsoft.EntityFrameworkCore.Storage.ExecutionStrategy.ExecuteAsync[TState,TResult](TState state, Func`4 operation, Func`4 verifySucceeded, CancellationToken cancellationToken)
   at Microsoft.EntityFrameworkCore.Query.Internal.SingleQueryingEnumerable`1.AsyncEnumerator.MoveNextAsync()
   at Microsoft.EntityFrameworkCore.Query.ShapedQueryCompilingExpressionVisitor.SingleOrDefaultAsync[TSource](IAsyncEnumerable`1 asyncEnumerable, CancellationToken cancellationToken)
   at Microsoft.EntityFrameworkCore.Query.ShapedQueryCompilingExpressionVisitor.SingleOrDefaultAsync[TSource](IAsyncEnumerable`1 asyncEnumerable, CancellationToken cancellationToken)
   at LoanDeductionPrediction.Repositories.Implementations.UserRepository.GetByEmailAsync(String email) in C:\Users\thang\OneDrive\Documents\React Projects\LoanDeductionPrediction\LoanDeductionPrediction.Repositories\Implementations\UserRepository.cs:line 18
   at LoanDeductionPrediction.Services.Implementations.UserService.AuthenticateAsync(String email, String password) in C:\Users\thang\OneDrive\Documents\React Projects\LoanDeductionPrediction\LoanDeductionPrediction.Services\Implementations\UserService.cs:line 27
   at LoanDeductionPrediction.API.Controllers.AuthController.Login(LoginRequest request) in C:\Users\thang\OneDrive\Documents\React Projects\LoanDeductionPrediction\LoanDeductionPrediction.API\Controllers\AuthController.cs:line 56
   at Microsoft.AspNetCore.Mvc.Infrastructure.ActionMethodExecutor.TaskOfIActionResultExecutor.Execute(ActionContext actionContext, IActionResultTypeMapper mapper, ObjectMethodExecutor executor, Object controller, Object[] arguments)
   at Microsoft.AspNetCore.Mvc.Infrastructure.ControllerActionInvoker.<InvokeActionMethodAsync>g__Awaited|12_0(ControllerActionInvoker invoker, ValueTask`1 actionResultValueTask)
   at Microsoft.AspNetCore.Mvc.Infrastructure.ControllerActionInvoker.<InvokeNextActionFilterAsync>g__Awaited|10_0(ControllerActionInvoker invoker, Task lastTask, State next, Scope scope, Object state, Boolean isCompleted)
   at Microsoft.AspNetCore.Mvc.Infrastructure.ControllerActionInvoker.Rethrow(ActionExecutedContextSealed context)
   at Microsoft.AspNetCore.Mvc.Infrastructure.ControllerActionInvoker.Next(State& next, Scope& scope, Object& state, Boolean& isCompleted)
   at Microsoft.AspNetCore.Mvc.Infrastructure.ControllerActionInvoker.<InvokeInnerFilterAsync>g__Awaited|13_0(ControllerActionInvoker invoker, Task lastTask, State next, Scope scope, Object state, Boolean isCompleted)
   at Microsoft.AspNetCore.Mvc.Infrastructure.ResourceInvoker.<InvokeFilterPipelineAsync>g__Awaited|20_0(ResourceInvoker invoker, Task lastTask, State next, Scope scope, Object state, Boolean isCompleted)
   at Microsoft.AspNetCore.Mvc.Infrastructure.ResourceInvoker.<InvokeAsync>g__Logged|17_1(ResourceInvoker invoker)
   at Microsoft.AspNetCore.Mvc.Infrastructure.ResourceInvoker.<InvokeAsync>g__Logged|17_1(ResourceInvoker invoker)
   at Microsoft.AspNetCore.Routing.EndpointMiddleware.<Invoke>g__AwaitRequestTask|7_0(Endpoint endpoint, Task requestTask, ILogger logger)
   at Microsoft.AspNetCore.Authorization.AuthorizationMiddleware.Invoke(HttpContext context)
   at Microsoft.AspNetCore.Authentication.AuthenticationMiddleware.Invoke(HttpContext context)
   at Swashbuckle.AspNetCore.SwaggerUI.SwaggerUIMiddleware.Invoke(HttpContext httpContext)
   at Swashbuckle.AspNetCore.Swagger.SwaggerMiddleware.Invoke(HttpContext httpContext, ISwaggerProvider swaggerProvider)
   at LoanDeductionPrediction.API.Middleware.GlobalExceptionMiddleware.InvokeAsync(HttpContext context) in C:\Users\thang\OneDrive\Documents\React Projects\LoanDeductionPrediction\LoanDeductionPrediction.API\Middleware\GlobalExceptionMiddleware.cs:line 23
ClientConnectionId:fdab09f4-2b0d-460d-85ec-558b82242988
Error Number:-2,State:0,Class:11
2026-08-27 14:00:05.883 +05:30 [ERR] HTTP POST /api/Auth/login responded 500 in 14389.2842 ms
2026-08-27 14:00:05.897 +05:30 [INF] Request finished HTTP/1.1 POST http://localhost:5082/api/Auth/login - 500 null application/json 14449.032ms
2026-08-27 14:03:43.344 +05:30 [INF] Request starting HTTP/1.1 POST http://localhost:5082/api/Auth/login - application/json 69
2026-08-27 14:03:43.390 +05:30 [INF] CORS policy execution successful.
2026-08-27 14:03:43.426 +05:30 [INF] Executing endpoint 'LoanDeductionPrediction.API.Controllers.AuthController.Login (LoanDeductionPrediction.API)'
2026-08-27 14:03:43.458 +05:30 [INF] Route matched with {action = "Login", controller = "Auth"}. Executing controller action with signature System.Threading.Tasks.Task`1[Microsoft.AspNetCore.Mvc.IActionResult] Login(LoanDeductionPrediction.Models.DTOs.LoginRequest) on controller LoanDeductionPrediction.API.Controllers.AuthController (LoanDeductionPrediction.API).
2026-08-27 14:03:43.708 +05:30 [INF] Executed DbCommand (30ms) [Parameters=[@email='?' (Size = 150)], CommandType='"Text"', CommandTimeout='30']
SELECT TOP(1) [u].[UserId], [u].[CreatedAt], [u].[Email], [u].[FullName], [u].[IsActive], [u].[PasswordHash], [u].[Role]
FROM [Users] AS [u]
WHERE [u].[Email] = @email
2026-08-27 14:03:43.971 +05:30 [INF] Executed DbCommand (13ms) [Parameters=[@p0='?' (DbType = DateTime2), @p1='?' (DbType = DateTime2), @p2='?' (DbType = Boolean), @p3='?' (DbType = DateTime2), @p4='?' (Size = 500), @p5='?' (DbType = Int32)], CommandType='"Text"', CommandTimeout='30']
SET IMPLICIT_TRANSACTIONS OFF;
SET NOCOUNT ON;
INSERT INTO [RefreshTokens] ([CreatedAt], [ExpiresAt], [IsRevoked], [RevokedAt], [Token], [UserId])
OUTPUT INSERTED.[RefreshTokenId]
VALUES (@p0, @p1, @p2, @p3, @p4, @p5);
2026-08-27 14:03:43.987 +05:30 [INF] Executing OkObjectResult, writing value of type 'LoanDeductionPrediction.Models.DTOs.LoginResponse'.
2026-08-27 14:03:44.019 +05:30 [INF] Executed action LoanDeductionPrediction.API.Controllers.AuthController.Login (LoanDeductionPrediction.API) in 544.2076ms
2026-08-27 14:03:44.023 +05:30 [INF] Executed endpoint 'LoanDeductionPrediction.API.Controllers.AuthController.Login (LoanDeductionPrediction.API)'
2026-08-27 14:03:44.037 +05:30 [INF] HTTP POST /api/Auth/login responded 200 in 647.1574 ms
2026-08-27 14:03:44.051 +05:30 [INF] Request finished HTTP/1.1 POST http://localhost:5082/api/Auth/login - 200 null application/json; charset=utf-8 707.0302ms
2026-08-27 14:04:10.240 +05:30 [INF] Request starting HTTP/1.1 GET http://localhost:5082/api/Loan - null null
2026-08-27 14:04:10.257 +05:30 [INF] Executing endpoint 'LoanDeductionPrediction.API.Controllers.LoanController.GetAll (LoanDeductionPrediction.API)'
2026-08-27 14:04:10.299 +05:30 [INF] Route matched with {action = "GetAll", controller = "Loan"}. Executing controller action with signature System.Threading.Tasks.Task`1[Microsoft.AspNetCore.Mvc.IActionResult] GetAll() on controller LoanDeductionPrediction.API.Controllers.LoanController (LoanDeductionPrediction.API).
2026-08-27 14:04:10.468 +05:30 [INF] Executed DbCommand (13ms) [Parameters=[], CommandType='"Text"', CommandTimeout='30']
SELECT [l].[LoanId], [l].[BorrowerId], [l].[CreatedAt], [l].[EMIAmount], [l].[EndDate], [l].[InterestRate], [l].[LoanOfficerId], [l].[OutstandingAmount], [l].[PrincipalAmount], [l].[StartDate], [l].[Status], [l].[TenureMonths]
FROM [LoanAccounts] AS [l]
ORDER BY [l].[LoanId] DESC
2026-08-27 14:04:10.526 +05:30 [INF] Executing OkObjectResult, writing value of type 'System.Collections.Generic.List`1[[LoanDeductionPrediction.Models.DTOs.LoanDto, LoanDeductionPrediction.Models, Version=1.0.0.0, Culture=neutral, PublicKeyToken=null]]'.
2026-08-27 14:04:10.564 +05:30 [INF] Executed action LoanDeductionPrediction.API.Controllers.LoanController.GetAll (LoanDeductionPrediction.API) in 259.9228ms
2026-08-27 14:04:10.568 +05:30 [INF] Executed endpoint 'LoanDeductionPrediction.API.Controllers.LoanController.GetAll (LoanDeductionPrediction.API)'
2026-08-27 14:04:10.589 +05:30 [INF] HTTP GET /api/Loan responded 200 in 338.4877 ms
2026-08-27 14:04:10.611 +05:30 [INF] Request finished HTTP/1.1 GET http://localhost:5082/api/Loan - 200 null application/json; charset=utf-8 371.0399ms
2026-08-27 14:04:38.861 +05:30 [INF] Request starting HTTP/1.1 GET http://localhost:5082/api/User - null null
2026-08-27 14:04:38.874 +05:30 [INF] Executing endpoint 'LoanDeductionPrediction.API.Controllers.UserController.GetUsers (LoanDeductionPrediction.API)'
2026-08-27 14:04:38.907 +05:30 [INF] Route matched with {action = "GetUsers", controller = "User"}. Executing controller action with signature System.Threading.Tasks.Task`1[Microsoft.AspNetCore.Mvc.IActionResult] GetUsers() on controller LoanDeductionPrediction.API.Controllers.UserController (LoanDeductionPrediction.API).
2026-08-27 14:04:39.025 +05:30 [INF] Executed DbCommand (3ms) [Parameters=[], CommandType='"Text"', CommandTimeout='30']
SELECT [u].[UserId], [u].[FullName], [u].[Email], [u].[Role], [u].[IsActive], [u].[CreatedAt]
FROM [Users] AS [u]
ORDER BY [u].[UserId]
2026-08-27 14:04:39.035 +05:30 [INF] Executing OkObjectResult, writing value of type 'System.Collections.Generic.List`1[[<>f__AnonymousType15`6[[System.Int32, System.Private.CoreLib, Version=10.0.0.0, Culture=neutral, PublicKeyToken=7cec85d7bea7798e],[System.String, System.Private.CoreLib, Version=10.0.0.0, Culture=neutral, PublicKeyToken=7cec85d7bea7798e],[System.String, System.Private.CoreLib, Version=10.0.0.0, Culture=neutral, PublicKeyToken=7cec85d7bea7798e],[System.String, System.Private.CoreLib, Version=10.0.0.0, Culture=neutral, PublicKeyToken=7cec85d7bea7798e],[System.Boolean, System.Private.CoreLib, Version=10.0.0.0, Culture=neutral, PublicKeyToken=7cec85d7bea7798e],[System.DateTime, System.Private.CoreLib, Version=10.0.0.0, Culture=neutral, PublicKeyToken=7cec85d7bea7798e]], LoanDeductionPrediction.API, Version=1.0.0.0, Culture=neutral, PublicKeyToken=null]]'.
2026-08-27 14:04:39.044 +05:30 [INF] Executed action LoanDeductionPrediction.API.Controllers.UserController.GetUsers (LoanDeductionPrediction.API) in 124.1827ms
2026-08-27 14:04:39.058 +05:30 [INF] Executed endpoint 'LoanDeductionPrediction.API.Controllers.UserController.GetUsers (LoanDeductionPrediction.API)'
2026-08-27 14:04:39.064 +05:30 [INF] HTTP GET /api/User responded 200 in 193.7468 ms
2026-08-27 14:04:39.077 +05:30 [INF] Request finished HTTP/1.1 GET http://localhost:5082/api/User - 200 null application/json; charset=utf-8 216.1756ms
2026-08-27 14:04:59.294 +05:30 [INF] Request starting HTTP/1.1 DELETE http://localhost:5082/api/User/5 - null null
2026-08-27 14:04:59.377 +05:30 [INF] CORS policy execution successful.
2026-08-27 14:04:59.383 +05:30 [INF] Executing endpoint 'LoanDeductionPrediction.API.Controllers.UserController.DeleteUser (LoanDeductionPrediction.API)'
2026-08-27 14:04:59.448 +05:30 [INF] Route matched with {action = "DeleteUser", controller = "User"}. Executing controller action with signature System.Threading.Tasks.Task`1[Microsoft.AspNetCore.Mvc.IActionResult] DeleteUser(Int32) on controller LoanDeductionPrediction.API.Controllers.UserController (LoanDeductionPrediction.API).
2026-08-27 14:04:59.605 +05:30 [INF] Executed DbCommand (4ms) [Parameters=[@id='?' (DbType = Int32)], CommandType='"Text"', CommandTimeout='30']
SELECT TOP(1) [u].[UserId], [u].[CreatedAt], [u].[Email], [u].[FullName], [u].[IsActive], [u].[PasswordHash], [u].[Role]
FROM [Users] AS [u]
WHERE [u].[UserId] = @id
2026-08-27 14:04:59.626 +05:30 [INF] Executed DbCommand (5ms) [Parameters=[@p1='?' (DbType = Int32), @p0='?' (DbType = Boolean)], CommandType='"Text"', CommandTimeout='30']
SET IMPLICIT_TRANSACTIONS OFF;
SET NOCOUNT ON;
UPDATE [Users] SET [IsActive] = @p0
OUTPUT 1
WHERE [UserId] = @p1;
2026-08-27 14:04:59.635 +05:30 [INF] Executing OkObjectResult, writing value of type '<>f__AnonymousType0`1[[System.String, System.Private.CoreLib, Version=10.0.0.0, Culture=neutral, PublicKeyToken=7cec85d7bea7798e]]'.
2026-08-27 14:04:59.656 +05:30 [INF] Executed action LoanDeductionPrediction.API.Controllers.UserController.DeleteUser (LoanDeductionPrediction.API) in 104.8132ms
2026-08-27 14:04:59.660 +05:30 [INF] Executed endpoint 'LoanDeductionPrediction.API.Controllers.UserController.DeleteUser (LoanDeductionPrediction.API)'
2026-08-27 14:04:59.667 +05:30 [INF] HTTP DELETE /api/User/5 responded 200 in 289.6952 ms
2026-08-27 14:04:59.678 +05:30 [INF] Request finished HTTP/1.1 DELETE http://localhost:5082/api/User/5 - 200 null application/json; charset=utf-8 384.1679ms
2026-08-27 14:05:19.137 +05:30 [INF] Request starting HTTP/1.1 GET http://localhost:5082/api/RiskPrediction/12 - null null
2026-08-27 14:05:19.162 +05:30 [INF] Executing endpoint 'LoanDeductionPrediction.API.Controllers.RiskPredictionController.GetPrediction (LoanDeductionPrediction.API)'
2026-08-27 14:05:19.208 +05:30 [INF] Route matched with {action = "GetPrediction", controller = "RiskPrediction"}. Executing controller action with signature System.Threading.Tasks.Task`1[Microsoft.AspNetCore.Mvc.IActionResult] GetPrediction(Int32) on controller LoanDeductionPrediction.API.Controllers.RiskPredictionController (LoanDeductionPrediction.API).
2026-08-27 14:05:19.405 +05:30 [INF] Executed DbCommand (11ms) [Parameters=[@id='?' (DbType = Int32)], CommandType='"Text"', CommandTimeout='30']
SELECT TOP(1) [r].[RiskPredictionId], [r].[BorrowerId], [r].[LoanId], [r].[PredictionDate], [r].[Reason], [r].[RiskLevel], [r].[RiskScore], [l].[LoanId], [l].[BorrowerId], [l].[CreatedAt], [l].[EMIAmount], [l].[EndDate], [l].[InterestRate], [l].[LoanOfficerId], [l].[OutstandingAmount], [l].[PrincipalAmount], [l].[StartDate], [l].[Status], [l].[TenureMonths]
FROM [RiskPredictions] AS [r]
INNER JOIN [LoanAccounts] AS [l] ON [r].[LoanId] = [l].[LoanId]
WHERE [r].[RiskPredictionId] = @id
2026-08-27 14:05:19.416 +05:30 [INF] Executing NotFoundObjectResult, writing value of type '<>f__AnonymousType0`1[[System.String, System.Private.CoreLib, Version=10.0.0.0, Culture=neutral, PublicKeyToken=7cec85d7bea7798e]]'.
2026-08-27 14:05:19.471 +05:30 [INF] Executed action LoanDeductionPrediction.API.Controllers.RiskPredictionController.GetPrediction (LoanDeductionPrediction.API) in 258.7512ms
2026-08-27 14:05:19.490 +05:30 [INF] Executed endpoint 'LoanDeductionPrediction.API.Controllers.RiskPredictionController.GetPrediction (LoanDeductionPrediction.API)'
2026-08-27 14:05:19.500 +05:30 [INF] HTTP GET /api/RiskPrediction/12 responded 404 in 339.5755 ms
2026-08-27 14:05:19.508 +05:30 [INF] Request finished HTTP/1.1 GET http://localhost:5082/api/RiskPrediction/12 - 404 null application/json; charset=utf-8 370.7291ms
2026-08-27 14:10:58.495 +05:30 [INF] Request starting HTTP/1.1 GET http://localhost:5082/api/User - null null
2026-08-27 14:10:58.517 +05:30 [INF] Executing endpoint 'LoanDeductionPrediction.API.Controllers.UserController.GetUsers (LoanDeductionPrediction.API)'
2026-08-27 14:10:58.554 +05:30 [INF] Route matched with {action = "GetUsers", controller = "User"}. Executing controller action with signature System.Threading.Tasks.Task`1[Microsoft.AspNetCore.Mvc.IActionResult] GetUsers() on controller LoanDeductionPrediction.API.Controllers.UserController (LoanDeductionPrediction.API).
2026-08-27 14:10:58.727 +05:30 [INF] Executed DbCommand (19ms) [Parameters=[], CommandType='"Text"', CommandTimeout='30']
SELECT [u].[UserId], [u].[FullName], [u].[Email], [u].[Role], [u].[IsActive], [u].[CreatedAt]
FROM [Users] AS [u]
ORDER BY [u].[UserId]
2026-08-27 14:10:58.733 +05:30 [INF] Executing OkObjectResult, writing value of type 'System.Collections.Generic.List`1[[<>f__AnonymousType15`6[[System.Int32, System.Private.CoreLib, Version=10.0.0.0, Culture=neutral, PublicKeyToken=7cec85d7bea7798e],[System.String, System.Private.CoreLib, Version=10.0.0.0, Culture=neutral, PublicKeyToken=7cec85d7bea7798e],[System.String, System.Private.CoreLib, Version=10.0.0.0, Culture=neutral, PublicKeyToken=7cec85d7bea7798e],[System.String, System.Private.CoreLib, Version=10.0.0.0, Culture=neutral, PublicKeyToken=7cec85d7bea7798e],[System.Boolean, System.Private.CoreLib, Version=10.0.0.0, Culture=neutral, PublicKeyToken=7cec85d7bea7798e],[System.DateTime, System.Private.CoreLib, Version=10.0.0.0, Culture=neutral, PublicKeyToken=7cec85d7bea7798e]], LoanDeductionPrediction.API, Version=1.0.0.0, Culture=neutral, PublicKeyToken=null]]'.
2026-08-27 14:10:58.756 +05:30 [INF] Executed action LoanDeductionPrediction.API.Controllers.UserController.GetUsers (LoanDeductionPrediction.API) in 191.0449ms
2026-08-27 14:10:58.795 +05:30 [INF] Executed endpoint 'LoanDeductionPrediction.API.Controllers.UserController.GetUsers (LoanDeductionPrediction.API)'
2026-08-27 14:10:58.833 +05:30 [INF] HTTP GET /api/User responded 200 in 317.1472 ms
2026-08-27 14:10:58.867 +05:30 [INF] Request finished HTTP/1.1 GET http://localhost:5082/api/User - 200 null application/json; charset=utf-8 372.2319ms
2026-08-27 14:11:54.743 +05:30 [INF] Request starting HTTP/1.1 POST http://localhost:5082/api/Auth/login - application/json 75
2026-08-27 14:11:54.749 +05:30 [INF] CORS policy execution successful.
2026-08-27 14:11:54.755 +05:30 [INF] Executing endpoint 'LoanDeductionPrediction.API.Controllers.AuthController.Login (LoanDeductionPrediction.API)'
2026-08-27 14:11:54.772 +05:30 [INF] Route matched with {action = "Login", controller = "Auth"}. Executing controller action with signature System.Threading.Tasks.Task`1[Microsoft.AspNetCore.Mvc.IActionResult] Login(LoanDeductionPrediction.Models.DTOs.LoginRequest) on controller LoanDeductionPrediction.API.Controllers.AuthController (LoanDeductionPrediction.API).
2026-08-27 14:11:54.831 +05:30 [INF] Executed DbCommand (26ms) [Parameters=[@email='?' (Size = 150)], CommandType='"Text"', CommandTimeout='30']
SELECT TOP(1) [u].[UserId], [u].[CreatedAt], [u].[Email], [u].[FullName], [u].[IsActive], [u].[PasswordHash], [u].[Role]
FROM [Users] AS [u]
WHERE [u].[Email] = @email
2026-08-27 14:11:55.108 +05:30 [INF] Executed DbCommand (18ms) [Parameters=[@p0='?' (DbType = DateTime2), @p1='?' (DbType = DateTime2), @p2='?' (DbType = Boolean), @p3='?' (DbType = DateTime2), @p4='?' (Size = 500), @p5='?' (DbType = Int32)], CommandType='"Text"', CommandTimeout='30']
SET IMPLICIT_TRANSACTIONS OFF;
SET NOCOUNT ON;
INSERT INTO [RefreshTokens] ([CreatedAt], [ExpiresAt], [IsRevoked], [RevokedAt], [Token], [UserId])
OUTPUT INSERTED.[RefreshTokenId]
VALUES (@p0, @p1, @p2, @p3, @p4, @p5);
2026-08-27 14:11:55.115 +05:30 [INF] Executing OkObjectResult, writing value of type 'LoanDeductionPrediction.Models.DTOs.LoginResponse'.
2026-08-27 14:11:55.120 +05:30 [INF] Executed action LoanDeductionPrediction.API.Controllers.AuthController.Login (LoanDeductionPrediction.API) in 317.8051ms
2026-08-27 14:11:55.146 +05:30 [INF] Executed endpoint 'LoanDeductionPrediction.API.Controllers.AuthController.Login (LoanDeductionPrediction.API)'
2026-08-27 14:11:55.153 +05:30 [INF] HTTP POST /api/Auth/login responded 200 in 404.1551 ms
2026-08-27 14:11:55.170 +05:30 [INF] Request finished HTTP/1.1 POST http://localhost:5082/api/Auth/login - 200 null application/json; charset=utf-8 427.2341ms
2026-08-27 14:12:50.612 +05:30 [INF] Request starting HTTP/1.1 POST http://localhost:5082/api/Loan - application/json 146
2026-08-27 14:12:50.621 +05:30 [INF] CORS policy execution successful.
2026-08-27 14:12:50.641 +05:30 [INF] Executing endpoint 'LoanDeductionPrediction.API.Controllers.LoanController.Create (LoanDeductionPrediction.API)'
2026-08-27 14:12:50.732 +05:30 [INF] Route matched with {action = "Create", controller = "Loan"}. Executing controller action with signature System.Threading.Tasks.Task`1[Microsoft.AspNetCore.Mvc.IActionResult] Create(LoanDeductionPrediction.Models.DTOs.CreateLoanRequest) on controller LoanDeductionPrediction.API.Controllers.LoanController (LoanDeductionPrediction.API).
2026-08-27 14:12:50.810 +05:30 [INF] Executed DbCommand (8ms) [Parameters=[@userId='?' (DbType = Int32)], CommandType='"Text"', CommandTimeout='30']
SELECT TOP(1) [u].[UserId], [u].[CreatedAt], [u].[Email], [u].[FullName], [u].[IsActive], [u].[PasswordHash], [u].[Role]
FROM [Users] AS [u]
WHERE [u].[UserId] = @userId
2026-08-27 14:12:50.820 +05:30 [INF] Executed DbCommand (1ms) [Parameters=[@userId='?' (DbType = Int32)], CommandType='"Text"', CommandTimeout='30']
SELECT TOP(1) [u].[UserId], [u].[CreatedAt], [u].[Email], [u].[FullName], [u].[IsActive], [u].[PasswordHash], [u].[Role]
FROM [Users] AS [u]
WHERE [u].[UserId] = @userId
2026-08-27 14:12:50.964 +05:30 [INF] Executed DbCommand (16ms) [Parameters=[@p0='?' (DbType = Int32), @p1='?' (DbType = DateTime2), @p2='?' (Precision = 18) (Scale = 2) (DbType = Decimal), @p3='?' (DbType = Date), @p4='?' (Precision = 5) (Scale = 2) (DbType = Decimal), @p5='?' (DbType = Int32), @p6='?' (Precision = 18) (Scale = 2) (DbType = Decimal), @p7='?' (Precision = 18) (Scale = 2) (DbType = Decimal), @p8='?' (DbType = Date), @p9='?' (Size = 30), @p10='?' (DbType = Int32)], CommandType='"Text"', CommandTimeout='30']
SET IMPLICIT_TRANSACTIONS OFF;
SET NOCOUNT ON;
INSERT INTO [LoanAccounts] ([BorrowerId], [CreatedAt], [EMIAmount], [EndDate], [InterestRate], [LoanOfficerId], [OutstandingAmount], [PrincipalAmount], [StartDate], [Status], [TenureMonths])
OUTPUT INSERTED.[LoanId]
VALUES (@p0, @p1, @p2, @p3, @p4, @p5, @p6, @p7, @p8, @p9, @p10);
2026-08-27 14:12:50.986 +05:30 [INF] Executing CreatedAtActionResult, writing value of type 'LoanDeductionPrediction.Models.DTOs.LoanDto'.
2026-08-27 14:12:51.006 +05:30 [INF] Executed action LoanDeductionPrediction.API.Controllers.LoanController.Create (LoanDeductionPrediction.API) in 268.8491ms
2026-08-27 14:12:51.019 +05:30 [INF] Executed endpoint 'LoanDeductionPrediction.API.Controllers.LoanController.Create (LoanDeductionPrediction.API)'
2026-08-27 14:12:51.022 +05:30 [INF] HTTP POST /api/Loan responded 201 in 400.8440 ms
2026-08-27 14:12:51.032 +05:30 [INF] Request finished HTTP/1.1 POST http://localhost:5082/api/Loan - 201 null application/json; charset=utf-8 419.4626ms
2026-08-27 14:17:16.213 +05:30 [INF] Request starting HTTP/1.1 POST http://localhost:5082/api/RepaymentSchedule/generate/13 - null 0
2026-08-27 14:17:16.238 +05:30 [INF] CORS policy execution successful.
2026-08-27 14:17:16.248 +05:30 [INF] Executing endpoint 'LoanDeductionPrediction.API.Controllers.RepaymentScheduleController.GenerateSchedule (LoanDeductionPrediction.API)'
2026-08-27 14:17:16.390 +05:30 [INF] Route matched with {action = "GenerateSchedule", controller = "RepaymentSchedule"}. Executing controller action with signature System.Threading.Tasks.Task`1[Microsoft.AspNetCore.Mvc.IActionResult] GenerateSchedule(Int32) on controller LoanDeductionPrediction.API.Controllers.RepaymentScheduleController (LoanDeductionPrediction.API).
2026-08-27 14:17:16.680 +05:30 [INF] Executed DbCommand (20ms) [Parameters=[@loanId='?' (DbType = Int32)], CommandType='"Text"', CommandTimeout='30']
SELECT TOP(1) [l].[LoanId], [l].[BorrowerId], [l].[CreatedAt], [l].[EMIAmount], [l].[EndDate], [l].[InterestRate], [l].[LoanOfficerId], [l].[OutstandingAmount], [l].[PrincipalAmount], [l].[StartDate], [l].[Status], [l].[TenureMonths]
FROM [LoanAccounts] AS [l]
WHERE [l].[LoanId] = @loanId
2026-08-27 14:17:16.727 +05:30 [INF] Executed DbCommand (5ms) [Parameters=[@loanId='?' (DbType = Int32)], CommandType='"Text"', CommandTimeout='30']
SELECT TOP(1) [l].[LoanId], [l].[BorrowerId], [l].[CreatedAt], [l].[EMIAmount], [l].[EndDate], [l].[InterestRate], [l].[LoanOfficerId], [l].[OutstandingAmount], [l].[PrincipalAmount], [l].[StartDate], [l].[Status], [l].[TenureMonths]
FROM [LoanAccounts] AS [l]
WHERE [l].[LoanId] = @loanId
2026-08-27 14:17:16.785 +05:30 [INF] Executed DbCommand (9ms) [Parameters=[@loanId='?' (DbType = Int32)], CommandType='"Text"', CommandTimeout='30']
SELECT CASE
    WHEN EXISTS (
        SELECT 1
        FROM [RepaymentSchedules] AS [r]
        WHERE [r].[LoanId] = @loanId) THEN CAST(1 AS bit)
    ELSE CAST(0 AS bit)
END
2026-08-27 14:17:16.907 +05:30 [INF] Executed DbCommand (69ms) [Parameters=[@p0='?' (DbType = Date), @p1='?' (Precision = 18) (Scale = 2) (DbType = Decimal), @p2='?' (DbType = Int32), @p3='?' (Precision = 18) (Scale = 2) (DbType = Decimal), @p4='?' (DbType = Int32), @p5='?' (Precision = 18) (Scale = 2) (DbType = Decimal), @p6='?' (DbType = Date), @p7='?' (Precision = 18) (Scale = 2) (DbType = Decimal), @p8='?' (Size = 30), @p9='?' (DbType = Date), @p10='?' (Precision = 18) (Scale = 2) (DbType = Decimal), @p11='?' (DbType = Int32), @p12='?' (Precision = 18) (Scale = 2) (DbType = Decimal), @p13='?' (DbType = Int32), @p14='?' (Precision = 18) (Scale = 2) (DbType = Decimal), @p15='?' (DbType = Date), @p16='?' (Precision = 18) (Scale = 2) (DbType = Decimal), @p17='?' (Size = 30), @p18='?' (DbType = Date), @p19='?' (Precision = 18) (Scale = 2) (DbType = Decimal), @p20='?' (DbType = Int32), @p21='?' (Precision = 18) (Scale = 2) (DbType = Decimal), @p22='?' (DbType = Int32), @p23='?' (Precision = 18) (Scale = 2) (DbType = Decimal), @p24='?' (DbType = Date), @p25='?' (Precision = 18) (Scale = 2) (DbType = Decimal), @p26='?' (Size = 30), @p27='?' (DbType = Date), @p28='?' (Precision = 18) (Scale = 2) (DbType = Decimal), @p29='?' (DbType = Int32), @p30='?' (Precision = 18) (Scale = 2) (DbType = Decimal), @p31='?' (DbType = Int32), @p32='?' (Precision = 18) (Scale = 2) (DbType = Decimal), @p33='?' (DbType = Date), @p34='?' (Precision = 18) (Scale = 2) (DbType = Decimal), @p35='?' (Size = 30), @p36='?' (DbType = Date), @p37='?' (Precision = 18) (Scale = 2) (DbType = Decimal), @p38='?' (DbType = Int32), @p39='?' (Precision = 18) (Scale = 2) (DbType = Decimal), @p40='?' (DbType = Int32), @p41='?' (Precision = 18) (Scale = 2) (DbType = Decimal), @p42='?' (DbType = Date), @p43='?' (Precision = 18) (Scale = 2) (DbType = Decimal), @p44='?' (Size = 30), @p45='?' (DbType = Date), @p46='?' (Precision = 18) (Scale = 2) (DbType = Decimal), @p47='?' (DbType = Int32), @p48='?' (Precision = 18) (Scale = 2) (DbType = Decimal), @p49='?' (DbType = Int32), @p50='?' (Precision = 18) (Scale = 2) (DbType = Decimal), @p51='?' (DbType = Date), @p52='?' (Precision = 18) (Scale = 2) (DbType = Decimal), @p53='?' (Size = 30), @p54='?' (DbType = Date), @p55='?' (Precision = 18) (Scale = 2) (DbType = Decimal), @p56='?' (DbType = Int32), @p57='?' (Precision = 18) (Scale = 2) (DbType = Decimal), @p58='?' (DbType = Int32), @p59='?' (Precision = 18) (Scale = 2) (DbType = Decimal), @p60='?' (DbType = Date), @p61='?' (Precision = 18) (Scale = 2) (DbType = Decimal), @p62='?' (Size = 30), @p63='?' (DbType = Date), @p64='?' (Precision = 18) (Scale = 2) (DbType = Decimal), @p65='?' (DbType = Int32), @p66='?' (Precision = 18) (Scale = 2) (DbType = Decimal), @p67='?' (DbType = Int32), @p68='?' (Precision = 18) (Scale = 2) (DbType = Decimal), @p69='?' (DbType = Date), @p70='?' (Precision = 18) (Scale = 2) (DbType = Decimal), @p71='?' (Size = 30), @p72='?' (DbType = Date), @p73='?' (Precision = 18) (Scale = 2) (DbType = Decimal), @p74='?' (DbType = Int32), @p75='?' (Precision = 18) (Scale = 2) (DbType = Decimal), @p76='?' (DbType = Int32), @p77='?' (Precision = 18) (Scale = 2) (DbType = Decimal), @p78='?' (DbType = Date), @p79='?' (Precision = 18) (Scale = 2) (DbType = Decimal), @p80='?' (Size = 30), @p81='?' (DbType = Date), @p82='?' (Precision = 18) (Scale = 2) (DbType = Decimal), @p83='?' (DbType = Int32), @p84='?' (Precision = 18) (Scale = 2) (DbType = Decimal), @p85='?' (DbType = Int32), @p86='?' (Precision = 18) (Scale = 2) (DbType = Decimal), @p87='?' (DbType = Date), @p88='?' (Precision = 18) (Scale = 2) (DbType = Decimal), @p89='?' (Size = 30), @p90='?' (DbType = Date), @p91='?' (Precision = 18) (Scale = 2) (DbType = Decimal), @p92='?' (DbType = Int32), @p93='?' (Precision = 18) (Scale = 2) (DbType = Decimal), @p94='?' (DbType = Int32), @p95='?' (Precision = 18) (Scale = 2) (DbType = Decimal), @p96='?' (DbType = Date), @p97='?' (Precision = 18) (Scale = 2) (DbType = Decimal), @p98='?' (Size = 30), @p99='?' (DbType = Date), @p100='?' (Precision = 18) (Scale = 2) (DbType = Decimal), @p101='?' (DbType = Int32), @p102='?' (Precision = 18) (Scale = 2) (DbType = Decimal), @p103='?' (DbType = Int32), @p104='?' (Precision = 18) (Scale = 2) (DbType = Decimal), @p105='?' (DbType = Date), @p106='?' (Precision = 18) (Scale = 2) (DbType = Decimal), @p107='?' (Size = 30)], CommandType='"Text"', CommandTimeout='30']
SET IMPLICIT_TRANSACTIONS OFF;
SET NOCOUNT ON;
MERGE [RepaymentSchedules] USING (
VALUES (@p0, @p1, @p2, @p3, @p4, @p5, @p6, @p7, @p8, 0),
(@p9, @p10, @p11, @p12, @p13, @p14, @p15, @p16, @p17, 1),
(@p18, @p19, @p20, @p21, @p22, @p23, @p24, @p25, @p26, 2),
(@p27, @p28, @p29, @p30, @p31, @p32, @p33, @p34, @p35, 3),
(@p36, @p37, @p38, @p39, @p40, @p41, @p42, @p43, @p44, 4),
(@p45, @p46, @p47, @p48, @p49, @p50, @p51, @p52, @p53, 5),
(@p54, @p55, @p56, @p57, @p58, @p59, @p60, @p61, @p62, 6),
(@p63, @p64, @p65, @p66, @p67, @p68, @p69, @p70, @p71, 7),
(@p72, @p73, @p74, @p75, @p76, @p77, @p78, @p79, @p80, 8),
(@p81, @p82, @p83, @p84, @p85, @p86, @p87, @p88, @p89, 9),
(@p90, @p91, @p92, @p93, @p94, @p95, @p96, @p97, @p98, 10),
(@p99, @p100, @p101, @p102, @p103, @p104, @p105, @p106, @p107, 11)) AS i ([DueDate], [EMIAmount], [InstallmentNumber], [InterestAmount], [LoanId], [PaidAmount], [PaidDate], [PrincipalAmount], [Status], _Position) ON 1=0
WHEN NOT MATCHED THEN
INSERT ([DueDate], [EMIAmount], [InstallmentNumber], [InterestAmount], [LoanId], [PaidAmount], [PaidDate], [PrincipalAmount], [Status])
VALUES (i.[DueDate], i.[EMIAmount], i.[InstallmentNumber], i.[InterestAmount], i.[LoanId], i.[PaidAmount], i.[PaidDate], i.[PrincipalAmount], i.[Status])
OUTPUT INSERTED.[ScheduleId], i._Position;
2026-08-27 14:17:16.963 +05:30 [INF] Executing OkObjectResult, writing value of type '<>f__AnonymousType10`5[[System.String, System.Private.CoreLib, Version=10.0.0.0, Culture=neutral, PublicKeyToken=7cec85d7bea7798e],[System.Int32, System.Private.CoreLib, Version=10.0.0.0, Culture=neutral, PublicKeyToken=7cec85d7bea7798e],[System.Int32, System.Private.CoreLib, Version=10.0.0.0, Culture=neutral, PublicKeyToken=7cec85d7bea7798e],[System.Decimal, System.Private.CoreLib, Version=10.0.0.0, Culture=neutral, PublicKeyToken=7cec85d7bea7798e],[System.Collections.Generic.List`1[[LoanDeductionPrediction.Models.DTOs.RepaymentScheduleDto, LoanDeductionPrediction.Models, Version=1.0.0.0, Culture=neutral, PublicKeyToken=null]], System.Private.CoreLib, Version=10.0.0.0, Culture=neutral, PublicKeyToken=7cec85d7bea7798e]]'.
2026-08-27 14:17:16.987 +05:30 [INF] Executed action LoanDeductionPrediction.API.Controllers.RepaymentScheduleController.GenerateSchedule (LoanDeductionPrediction.API) in 481.3529ms
2026-08-27 14:17:16.989 +05:30 [INF] Executed endpoint 'LoanDeductionPrediction.API.Controllers.RepaymentScheduleController.GenerateSchedule (LoanDeductionPrediction.API)'
2026-08-27 14:17:16.992 +05:30 [INF] HTTP POST /api/RepaymentSchedule/generate/13 responded 200 in 754.1920 ms
2026-08-27 14:17:17.000 +05:30 [INF] Request finished HTTP/1.1 POST http://localhost:5082/api/RepaymentSchedule/generate/13 - 200 null application/json; charset=utf-8 786.9777ms
2026-08-27 14:17:37.843 +05:30 [INF] Request starting HTTP/1.1 POST http://localhost:5082/api/RepaymentSchedule/generate/13 - null 0
2026-08-27 14:17:37.853 +05:30 [INF] CORS policy execution successful.
2026-08-27 14:17:37.856 +05:30 [INF] Executing endpoint 'LoanDeductionPrediction.API.Controllers.RepaymentScheduleController.GenerateSchedule (LoanDeductionPrediction.API)'
2026-08-27 14:17:37.889 +05:30 [INF] Route matched with {action = "GenerateSchedule", controller = "RepaymentSchedule"}. Executing controller action with signature System.Threading.Tasks.Task`1[Microsoft.AspNetCore.Mvc.IActionResult] GenerateSchedule(Int32) on controller LoanDeductionPrediction.API.Controllers.RepaymentScheduleController (LoanDeductionPrediction.API).
2026-08-27 14:17:37.921 +05:30 [INF] Executed DbCommand (14ms) [Parameters=[@loanId='?' (DbType = Int32)], CommandType='"Text"', CommandTimeout='30']
SELECT TOP(1) [l].[LoanId], [l].[BorrowerId], [l].[CreatedAt], [l].[EMIAmount], [l].[EndDate], [l].[InterestRate], [l].[LoanOfficerId], [l].[OutstandingAmount], [l].[PrincipalAmount], [l].[StartDate], [l].[Status], [l].[TenureMonths]
FROM [LoanAccounts] AS [l]
WHERE [l].[LoanId] = @loanId
2026-08-27 14:17:37.941 +05:30 [INF] Executed DbCommand (1ms) [Parameters=[@loanId='?' (DbType = Int32)], CommandType='"Text"', CommandTimeout='30']
SELECT TOP(1) [l].[LoanId], [l].[BorrowerId], [l].[CreatedAt], [l].[EMIAmount], [l].[EndDate], [l].[InterestRate], [l].[LoanOfficerId], [l].[OutstandingAmount], [l].[PrincipalAmount], [l].[StartDate], [l].[Status], [l].[TenureMonths]
FROM [LoanAccounts] AS [l]
WHERE [l].[LoanId] = @loanId
2026-08-27 14:17:37.974 +05:30 [INF] Executed DbCommand (13ms) [Parameters=[@loanId='?' (DbType = Int32)], CommandType='"Text"', CommandTimeout='30']
SELECT CASE
    WHEN EXISTS (
        SELECT 1
        FROM [RepaymentSchedules] AS [r]
        WHERE [r].[LoanId] = @loanId) THEN CAST(1 AS bit)
    ELSE CAST(0 AS bit)
END
2026-08-27 14:17:37.998 +05:30 [INF] Executing ConflictObjectResult, writing value of type '<>f__AnonymousType0`1[[System.String, System.Private.CoreLib, Version=10.0.0.0, Culture=neutral, PublicKeyToken=7cec85d7bea7798e]]'.
2026-08-27 14:17:38.008 +05:30 [INF] Executed action LoanDeductionPrediction.API.Controllers.RepaymentScheduleController.GenerateSchedule (LoanDeductionPrediction.API) in 104.302ms
2026-08-27 14:17:38.015 +05:30 [INF] Executed endpoint 'LoanDeductionPrediction.API.Controllers.RepaymentScheduleController.GenerateSchedule (LoanDeductionPrediction.API)'
2026-08-27 14:17:38.021 +05:30 [INF] HTTP POST /api/RepaymentSchedule/generate/13 responded 409 in 167.2934 ms
2026-08-27 14:17:38.027 +05:30 [INF] Request finished HTTP/1.1 POST http://localhost:5082/api/RepaymentSchedule/generate/13 - 409 null application/json; charset=utf-8 184.421ms
2026-08-27 14:18:55.342 +05:30 [INF] Request starting HTTP/1.1 PUT http://localhost:5082/api/RepaymentSchedule/193/payment - application/json 59
2026-08-27 14:18:55.352 +05:30 [INF] CORS policy execution successful.
2026-08-27 14:18:55.367 +05:30 [INF] Executing endpoint 'LoanDeductionPrediction.API.Controllers.RepaymentScheduleController.RecordPayment (LoanDeductionPrediction.API)'
2026-08-27 14:18:55.430 +05:30 [INF] Route matched with {action = "RecordPayment", controller = "RepaymentSchedule"}. Executing controller action with signature System.Threading.Tasks.Task`1[Microsoft.AspNetCore.Mvc.IActionResult] RecordPayment(Int32, LoanDeductionPrediction.Models.DTOs.RecordPaymentRequest) on controller LoanDeductionPrediction.API.Controllers.RepaymentScheduleController (LoanDeductionPrediction.API).
2026-08-27 14:18:55.629 +05:30 [INF] Executed DbCommand (6ms) [Parameters=[@scheduleId='?' (DbType = Int32)], CommandType='"Text"', CommandTimeout='30']
SELECT TOP(1) [r].[ScheduleId], [r].[DueDate], [r].[EMIAmount], [r].[InstallmentNumber], [r].[InterestAmount], [r].[LoanId], [r].[PaidAmount], [r].[PaidDate], [r].[PrincipalAmount], [r].[Status]
FROM [RepaymentSchedules] AS [r]
WHERE [r].[ScheduleId] = @scheduleId
2026-08-27 14:18:55.641 +05:30 [INF] Executed DbCommand (1ms) [Parameters=[@loanId='?' (DbType = Int32)], CommandType='"Text"', CommandTimeout='30']
SELECT TOP(1) [l].[LoanId], [l].[BorrowerId], [l].[CreatedAt], [l].[EMIAmount], [l].[EndDate], [l].[InterestRate], [l].[LoanOfficerId], [l].[OutstandingAmount], [l].[PrincipalAmount], [l].[StartDate], [l].[Status], [l].[TenureMonths]
FROM [LoanAccounts] AS [l]
WHERE [l].[LoanId] = @loanId
2026-08-27 14:18:55.657 +05:30 [INF] Executed DbCommand (1ms) [Parameters=[@scheduleId='?' (DbType = Int32)], CommandType='"Text"', CommandTimeout='30']
SELECT TOP(1) [r].[ScheduleId], [r].[DueDate], [r].[EMIAmount], [r].[InstallmentNumber], [r].[InterestAmount], [r].[LoanId], [r].[PaidAmount], [r].[PaidDate], [r].[PrincipalAmount], [r].[Status]
FROM [RepaymentSchedules] AS [r]
WHERE [r].[ScheduleId] = @scheduleId
2026-08-27 14:18:55.671 +05:30 [INF] Executed DbCommand (2ms) [Parameters=[@loanId='?' (DbType = Int32)], CommandType='"Text"', CommandTimeout='30']
SELECT TOP(1) [l].[LoanId], [l].[BorrowerId], [l].[CreatedAt], [l].[EMIAmount], [l].[EndDate], [l].[InterestRate], [l].[LoanOfficerId], [l].[OutstandingAmount], [l].[PrincipalAmount], [l].[StartDate], [l].[Status], [l].[TenureMonths]
FROM [LoanAccounts] AS [l]
WHERE [l].[LoanId] = @loanId
2026-08-27 14:18:55.739 +05:30 [INF] Executed DbCommand (7ms) [Parameters=[@scheduleId='?' (DbType = Int32)], CommandType='"Text"', CommandTimeout='30']
SELECT TOP(1) [p].[BehaviorLogId], [p].[BorrowerId], [p].[DaysLate], [p].[DueDate], [p].[LoanId], [p].[PaymentDate], [p].[PaymentStatus], [p].[RecordedAt], [p].[ScheduleId]
FROM [PaymentBehaviorLogs] AS [p]
WHERE [p].[ScheduleId] = @scheduleId
2026-08-27 14:18:55.778 +05:30 [WRN] Savepoints are disabled because Multiple Active Result Sets (MARS) is enabled. If 'SaveChanges' fails, then the transaction cannot be automatically rolled back to a known clean state. Instead, the transaction should be rolled back by the application before retrying 'SaveChanges'. See https://go.microsoft.com/fwlink/?linkid=2149338 for more information and examples. To identify the code which triggers this warning, call 'ConfigureWarnings(w => w.Throw(SqlServerEventId.SavepointsDisabledBecauseOfMARS))'.
2026-08-27 14:18:55.804 +05:30 [INF] Executed DbCommand (23ms) [Parameters=[@p11='?' (DbType = Int32), @p0='?' (DbType = Int32), @p1='?' (DbType = DateTime2), @p2='?' (Precision = 18) (Scale = 2) (DbType = Decimal), @p3='?' (DbType = Date), @p4='?' (Precision = 5) (Scale = 2) (DbType = Decimal), @p5='?' (DbType = Int32), @p6='?' (Precision = 18) (Scale = 2) (DbType = Decimal), @p7='?' (Precision = 18) (Scale = 2) (DbType = Decimal), @p8='?' (DbType = Date), @p9='?' (Size = 30), @p10='?' (DbType = Int32), @p12='?' (DbType = Int32), @p13='?' (DbType = Int32), @p14='?' (DbType = Date), @p15='?' (DbType = Int32), @p16='?' (DbType = Date), @p17='?' (Size = 30), @p18='?' (DbType = DateTime2), @p19='?' (DbType = Int32), @p29='?' (DbType = Int32), @p20='?' (DbType = Date), @p21='?' (Precision = 18) (Scale = 2) (DbType = Decimal), @p22='?' (DbType = Int32), @p23='?' (Precision = 18) (Scale = 2) (DbType = Decimal), @p24='?' (DbType = Int32), @p25='?' (Precision = 18) (Scale = 2) (DbType = Decimal), @p26='?' (DbType = Date), @p27='?' (Precision = 18) (Scale = 2) (DbType = Decimal), @p28='?' (Size = 30)], CommandType='"Text"', CommandTimeout='30']
SET NOCOUNT ON;
UPDATE [LoanAccounts] SET [BorrowerId] = @p0, [CreatedAt] = @p1, [EMIAmount] = @p2, [EndDate] = @p3, [InterestRate] = @p4, [LoanOfficerId] = @p5, [OutstandingAmount] = @p6, [PrincipalAmount] = @p7, [StartDate] = @p8, [Status] = @p9, [TenureMonths] = @p10
OUTPUT 1
WHERE [LoanId] = @p11;
INSERT INTO [PaymentBehaviorLogs] ([BorrowerId], [DaysLate], [DueDate], [LoanId], [PaymentDate], [PaymentStatus], [RecordedAt], [ScheduleId])
OUTPUT INSERTED.[BehaviorLogId]
VALUES (@p12, @p13, @p14, @p15, @p16, @p17, @p18, @p19);
UPDATE [RepaymentSchedules] SET [DueDate] = @p20, [EMIAmount] = @p21, [InstallmentNumber] = @p22, [InterestAmount] = @p23, [LoanId] = @p24, [PaidAmount] = @p25, [PaidDate] = @p26, [PrincipalAmount] = @p27, [Status] = @p28
OUTPUT 1
WHERE [ScheduleId] = @p29;
2026-08-27 14:18:55.870 +05:30 [INF] Executing OkObjectResult, writing value of type '<>f__AnonymousType12`2[[System.String, System.Private.CoreLib, Version=10.0.0.0, Culture=neutral, PublicKeyToken=7cec85d7bea7798e],[LoanDeductionPrediction.Models.DTOs.RepaymentScheduleDto, LoanDeductionPrediction.Models, Version=1.0.0.0, Culture=neutral, PublicKeyToken=null]]'.
2026-08-27 14:18:55.876 +05:30 [INF] Executed action LoanDeductionPrediction.API.Controllers.RepaymentScheduleController.RecordPayment (LoanDeductionPrediction.API) in 354.3947ms
2026-08-27 14:18:55.881 +05:30 [INF] Executed endpoint 'LoanDeductionPrediction.API.Controllers.RepaymentScheduleController.RecordPayment (LoanDeductionPrediction.API)'
2026-08-27 14:18:55.883 +05:30 [INF] HTTP PUT /api/RepaymentSchedule/193/payment responded 200 in 531.1529 ms
2026-08-27 14:18:55.889 +05:30 [INF] Request finished HTTP/1.1 PUT http://localhost:5082/api/RepaymentSchedule/193/payment - 200 null application/json; charset=utf-8 546.5253ms
2026-08-27 14:39:45.431 +05:30 [INF] Application is shutting down...
2026-08-27 14:40:13.442 +05:30 [INF] Executed DbCommand (76ms) [Parameters=[], CommandType='"Text"', CommandTimeout='30']
SELECT CASE
    WHEN EXISTS (
        SELECT 1
        FROM [Users] AS [u]
        WHERE [u].[Role] = N'Admin') THEN CAST(1 AS bit)
    ELSE CAST(0 AS bit)
END
2026-08-27 14:40:13.683 +05:30 [INF] User profile is available. Using 'C:\Users\thang\AppData\Local\ASP.NET\DataProtection-Keys' as key repository and Windows DPAPI to encrypt keys at rest.
2026-08-27 14:40:13.713 +05:30 [INF] Payment Behavior Background Service started.
2026-08-27 14:40:13.829 +05:30 [INF] Now listening on: http://localhost:5082
2026-08-27 14:40:13.832 +05:30 [INF] Application started. Press Ctrl+C to shut down.
2026-08-27 14:40:13.834 +05:30 [INF] Hosting environment: Development
2026-08-27 14:40:13.836 +05:30 [INF] Content root path: C:\Users\thang\OneDrive\Documents\React Projects\LoanDeductionPrediction\LoanDeductionPrediction.API
2026-08-27 14:40:13.957 +05:30 [INF] Executed DbCommand (76ms) [Parameters=[@today='?' (DbType = Date)], CommandType='"Text"', CommandTimeout='30']
SELECT [r].[ScheduleId], [r].[DueDate], [r].[EMIAmount], [r].[InstallmentNumber], [r].[InterestAmount], [r].[LoanId], [r].[PaidAmount], [r].[PaidDate], [r].[PrincipalAmount], [r].[Status]
FROM [RepaymentSchedules] AS [r]
WHERE [r].[DueDate] < @today AND [r].[PaidAmount] < [r].[EMIAmount] AND [r].[Status] <> N'PAID'
ORDER BY [r].[DueDate]
2026-08-27 14:40:14.076 +05:30 [INF] Executed DbCommand (8ms) [Parameters=[@scheduleId='?' (DbType = Int32)], CommandType='"Text"', CommandTimeout='30']
SELECT TOP(1) [p].[BehaviorLogId], [p].[BorrowerId], [p].[DaysLate], [p].[DueDate], [p].[LoanId], [p].[PaymentDate], [p].[PaymentStatus], [p].[RecordedAt], [p].[ScheduleId]
FROM [PaymentBehaviorLogs] AS [p]
WHERE [p].[ScheduleId] = @scheduleId
2026-08-27 14:40:14.124 +05:30 [INF] Executed DbCommand (1ms) [Parameters=[@scheduleId='?' (DbType = Int32)], CommandType='"Text"', CommandTimeout='30']
SELECT TOP(1) [p].[BehaviorLogId], [p].[BorrowerId], [p].[DaysLate], [p].[DueDate], [p].[LoanId], [p].[PaymentDate], [p].[PaymentStatus], [p].[RecordedAt], [p].[ScheduleId]
FROM [PaymentBehaviorLogs] AS [p]
WHERE [p].[ScheduleId] = @scheduleId
2026-08-27 14:40:14.133 +05:30 [INF] Executed DbCommand (2ms) [Parameters=[@scheduleId='?' (DbType = Int32)], CommandType='"Text"', CommandTimeout='30']
SELECT TOP(1) [p].[BehaviorLogId], [p].[BorrowerId], [p].[DaysLate], [p].[DueDate], [p].[LoanId], [p].[PaymentDate], [p].[PaymentStatus], [p].[RecordedAt], [p].[ScheduleId]
FROM [PaymentBehaviorLogs] AS [p]
WHERE [p].[ScheduleId] = @scheduleId
2026-08-27 14:40:37.111 +05:30 [INF] Request starting HTTP/1.1 GET http://localhost:5082/swagger/index.html - null null
2026-08-27 14:40:37.439 +05:30 [INF] Request starting HTTP/1.1 GET http://localhost:5082/swagger/index.html - null null
2026-08-27 14:40:37.571 +05:30 [ERR] Unhandled exception occurred.
System.Threading.Tasks.TaskCanceledException: A task was canceled.
   at System.IO.StreamReader.ReadBufferAsync(CancellationToken cancellationToken)
   at System.IO.StreamReader.ReadToEndAsyncInternal(CancellationToken cancellationToken)
   at Swashbuckle.AspNetCore.SwaggerUI.SwaggerUIMiddleware.RespondWithFile(HttpContext context, String fileName)
   at Swashbuckle.AspNetCore.SwaggerUI.SwaggerUIMiddleware.Invoke(HttpContext httpContext)
   at Swashbuckle.AspNetCore.Swagger.SwaggerMiddleware.Invoke(HttpContext httpContext, ISwaggerProvider swaggerProvider)
   at LoanDeductionPrediction.API.Middleware.GlobalExceptionMiddleware.InvokeAsync(HttpContext context) in C:\Users\thang\OneDrive\Documents\React Projects\LoanDeductionPrediction\LoanDeductionPrediction.API\Middleware\GlobalExceptionMiddleware.cs:line 23
2026-08-27 14:40:37.698 +05:30 [ERR] HTTP GET /swagger/index.html responded 500 in 183.2773 ms
2026-08-27 14:40:37.710 +05:30 [INF] Request finished HTTP/1.1 GET http://localhost:5082/swagger/index.html - 500 null application/json 602.4579ms
2026-08-27 14:40:37.886 +05:30 [INF] HTTP GET /swagger/index.html responded 200 in 376.8688 ms
2026-08-27 14:40:37.924 +05:30 [INF] Request starting HTTP/1.1 GET http://localhost:5082/swagger/index.css - null null
2026-08-27 14:40:37.925 +05:30 [INF] Request starting HTTP/1.1 GET http://localhost:5082/swagger/swagger-ui.css - null null
2026-08-27 14:40:37.938 +05:30 [INF] Request starting HTTP/1.1 GET http://localhost:5082/swagger/swagger-ui-bundle.js - null null
2026-08-27 14:40:37.938 +05:30 [INF] Request starting HTTP/1.1 GET http://localhost:5082/swagger/swagger-ui-standalone-preset.js - null null
2026-08-27 14:40:37.941 +05:30 [INF] Request starting HTTP/1.1 GET http://localhost:5082/swagger/index.js - null null
2026-08-27 14:40:37.988 +05:30 [INF] Request finished HTTP/1.1 GET http://localhost:5082/swagger/index.html - 200 null text/html;charset=utf-8 549.2956ms
2026-08-27 14:40:38.083 +05:30 [INF] HTTP GET /swagger/swagger-ui.css responded 304 in 27.1059 ms
2026-08-27 14:40:38.085 +05:30 [INF] HTTP GET /swagger/index.css responded 304 in 51.8933 ms
2026-08-27 14:40:38.109 +05:30 [INF] HTTP GET /swagger/swagger-ui-standalone-preset.js responded 304 in 7.3630 ms
2026-08-27 14:40:38.113 +05:30 [INF] HTTP GET /swagger/swagger-ui-bundle.js responded 304 in 31.7420 ms
2026-08-27 14:40:38.126 +05:30 [INF] HTTP GET /swagger/index.js responded 304 in 0.9407 ms
2026-08-27 14:40:38.149 +05:30 [INF] Request finished HTTP/1.1 GET http://localhost:5082/swagger/swagger-ui.css - 304 null null 224.6132ms
2026-08-27 14:40:38.161 +05:30 [INF] Request finished HTTP/1.1 GET http://localhost:5082/swagger/index.css - 304 null null 236.2135ms
2026-08-27 14:40:38.167 +05:30 [INF] Request finished HTTP/1.1 GET http://localhost:5082/swagger/swagger-ui-standalone-preset.js - 304 null null 228.5694ms
2026-08-27 14:40:38.177 +05:30 [INF] Request finished HTTP/1.1 GET http://localhost:5082/swagger/swagger-ui-bundle.js - 304 null null 239.3329ms
2026-08-27 14:40:38.196 +05:30 [INF] Request finished HTTP/1.1 GET http://localhost:5082/swagger/index.js - 304 null null 255.0093ms
2026-08-27 14:40:38.299 +05:30 [INF] Request starting HTTP/1.1 GET http://localhost:5082/swagger/v1/swagger.json - null null
2026-08-27 14:40:38.657 +05:30 [INF] HTTP GET /swagger/v1/swagger.json responded 200 in 346.5245 ms
2026-08-27 14:40:38.678 +05:30 [INF] Request finished HTTP/1.1 GET http://localhost:5082/swagger/v1/swagger.json - 200 null application/json;charset=utf-8 378.769ms
2026-08-27 14:52:01.063 +05:30 [INF] Application is shutting down...
2026-08-27 14:54:36.476 +05:30 [INF] Executed DbCommand (49ms) [Parameters=[], CommandType='"Text"', CommandTimeout='30']
SELECT CASE
    WHEN EXISTS (
        SELECT 1
        FROM [Users] AS [u]
        WHERE [u].[Role] = N'Admin') THEN CAST(1 AS bit)
    ELSE CAST(0 AS bit)
END
2026-08-27 14:54:36.717 +05:30 [INF] User profile is available. Using 'C:\Users\thang\AppData\Local\ASP.NET\DataProtection-Keys' as key repository and Windows DPAPI to encrypt keys at rest.
2026-08-27 14:54:36.733 +05:30 [INF] Payment Behavior Background Service started.
2026-08-27 14:54:36.852 +05:30 [INF] Now listening on: http://localhost:5082
2026-08-27 14:54:36.854 +05:30 [INF] Application started. Press Ctrl+C to shut down.
2026-08-27 14:54:36.856 +05:30 [INF] Hosting environment: Development
2026-08-27 14:54:36.858 +05:30 [INF] Content root path: C:\Users\thang\OneDrive\Documents\React Projects\LoanDeductionPrediction\LoanDeductionPrediction.API
2026-08-27 14:54:36.952 +05:30 [INF] Executed DbCommand (39ms) [Parameters=[@today='?' (DbType = Date)], CommandType='"Text"', CommandTimeout='30']
SELECT [r].[ScheduleId], [r].[DueDate], [r].[EMIAmount], [r].[InstallmentNumber], [r].[InterestAmount], [r].[LoanId], [r].[PaidAmount], [r].[PaidDate], [r].[PrincipalAmount], [r].[Status]
FROM [RepaymentSchedules] AS [r]
WHERE [r].[DueDate] < @today AND [r].[PaidAmount] < [r].[EMIAmount] AND [r].[Status] <> N'PAID'
ORDER BY [r].[DueDate]
2026-08-27 14:54:37.088 +05:30 [INF] Executed DbCommand (9ms) [Parameters=[@scheduleId='?' (DbType = Int32)], CommandType='"Text"', CommandTimeout='30']
SELECT TOP(1) [p].[BehaviorLogId], [p].[BorrowerId], [p].[DaysLate], [p].[DueDate], [p].[LoanId], [p].[PaymentDate], [p].[PaymentStatus], [p].[RecordedAt], [p].[ScheduleId]
FROM [PaymentBehaviorLogs] AS [p]
WHERE [p].[ScheduleId] = @scheduleId
2026-08-27 14:54:37.180 +05:30 [INF] Executed DbCommand (7ms) [Parameters=[@scheduleId='?' (DbType = Int32)], CommandType='"Text"', CommandTimeout='30']
SELECT TOP(1) [p].[BehaviorLogId], [p].[BorrowerId], [p].[DaysLate], [p].[DueDate], [p].[LoanId], [p].[PaymentDate], [p].[PaymentStatus], [p].[RecordedAt], [p].[ScheduleId]
FROM [PaymentBehaviorLogs] AS [p]
WHERE [p].[ScheduleId] = @scheduleId
2026-08-27 14:54:37.190 +05:30 [INF] Executed DbCommand (5ms) [Parameters=[@scheduleId='?' (DbType = Int32)], CommandType='"Text"', CommandTimeout='30']
SELECT TOP(1) [p].[BehaviorLogId], [p].[BorrowerId], [p].[DaysLate], [p].[DueDate], [p].[LoanId], [p].[PaymentDate], [p].[PaymentStatus], [p].[RecordedAt], [p].[ScheduleId]
FROM [PaymentBehaviorLogs] AS [p]
WHERE [p].[ScheduleId] = @scheduleId
2026-08-27 14:54:48.949 +05:30 [INF] Request starting HTTP/1.1 GET http://localhost:5082/swagger/v1/swagger.json - null null
2026-08-27 14:54:49.493 +05:30 [INF] HTTP GET /swagger/v1/swagger.json responded 200 in 432.7944 ms
2026-08-27 14:54:49.544 +05:30 [INF] Request finished HTTP/1.1 GET http://localhost:5082/swagger/v1/swagger.json - 200 null application/json;charset=utf-8 616.2382ms
2026-08-27 14:54:54.921 +05:30 [INF] Request starting HTTP/1.1 GET http://localhost:5082/swagger/index.html - null null
2026-08-27 14:54:55.165 +05:30 [INF] Request starting HTTP/1.1 GET http://localhost:5082/swagger/index.html - null null
2026-08-27 14:54:55.230 +05:30 [INF] HTTP GET /swagger/index.html responded 304 in 297.8369 ms
2026-08-27 14:54:55.250 +05:30 [INF] HTTP GET /swagger/index.html responded 200 in 33.5084 ms
2026-08-27 14:54:55.255 +05:30 [INF] Request finished HTTP/1.1 GET http://localhost:5082/swagger/index.html - 499 null null 333.0604ms
2026-08-27 14:54:55.278 +05:30 [INF] Request starting HTTP/1.1 GET http://localhost:5082/swagger/swagger-ui.css - null null
2026-08-27 14:54:55.286 +05:30 [INF] Request starting HTTP/1.1 GET http://localhost:5082/swagger/index.css - null null
2026-08-27 14:54:55.292 +05:30 [INF] Request starting HTTP/1.1 GET http://localhost:5082/swagger/swagger-ui-standalone-preset.js - null null
2026-08-27 14:54:55.294 +05:30 [INF] Request starting HTTP/1.1 GET http://localhost:5082/swagger/swagger-ui-bundle.js - null null
2026-08-27 14:54:55.295 +05:30 [INF] Request starting HTTP/1.1 GET http://localhost:5082/swagger/index.js - null null
2026-08-27 14:54:55.298 +05:30 [INF] Request finished HTTP/1.1 GET http://localhost:5082/swagger/index.html - 200 null text/html;charset=utf-8 132.3112ms
2026-08-27 14:54:55.386 +05:30 [INF] HTTP GET /swagger/swagger-ui.css responded 304 in 51.9923 ms
2026-08-27 14:54:55.386 +05:30 [INF] HTTP GET /swagger/index.css responded 304 in 16.1318 ms
2026-08-27 14:54:55.394 +05:30 [INF] HTTP GET /swagger/swagger-ui-standalone-preset.js responded 304 in 10.9224 ms
2026-08-27 14:54:55.429 +05:30 [INF] HTTP GET /swagger/index.js responded 304 in 0.7646 ms
2026-08-27 14:54:55.432 +05:30 [INF] HTTP GET /swagger/swagger-ui-bundle.js responded 304 in 32.6502 ms
2026-08-27 14:54:55.449 +05:30 [INF] Request finished HTTP/1.1 GET http://localhost:5082/swagger/swagger-ui.css - 304 null null 170.6649ms
2026-08-27 14:54:55.456 +05:30 [INF] Request finished HTTP/1.1 GET http://localhost:5082/swagger/index.css - 304 null null 169.9983ms
2026-08-27 14:54:55.466 +05:30 [INF] Request finished HTTP/1.1 GET http://localhost:5082/swagger/swagger-ui-standalone-preset.js - 304 null null 174.1137ms
2026-08-27 14:54:55.497 +05:30 [INF] Request finished HTTP/1.1 GET http://localhost:5082/swagger/index.js - 304 null null 201.5257ms
2026-08-27 14:54:55.665 +05:30 [INF] Request finished HTTP/1.1 GET http://localhost:5082/swagger/swagger-ui-bundle.js - 304 null null 370.6831ms
2026-08-27 14:54:55.839 +05:30 [INF] Request starting HTTP/1.1 GET http://localhost:5082/swagger/v1/swagger.json - null null
2026-08-27 14:54:55.883 +05:30 [INF] HTTP GET /swagger/v1/swagger.json responded 200 in 29.7026 ms
2026-08-27 14:54:55.894 +05:30 [INF] Request finished HTTP/1.1 GET http://localhost:5082/swagger/v1/swagger.json - 200 null application/json;charset=utf-8 54.044ms
2026-08-27 14:57:15.574 +05:30 [INF] Application is shutting down...
2026-08-27 14:57:37.113 +05:30 [INF] Executed DbCommand (36ms) [Parameters=[], CommandType='"Text"', CommandTimeout='30']
SELECT CASE
    WHEN EXISTS (
        SELECT 1
        FROM [Users] AS [u]
        WHERE [u].[Role] = N'Admin') THEN CAST(1 AS bit)
    ELSE CAST(0 AS bit)
END
2026-08-27 14:57:37.406 +05:30 [INF] User profile is available. Using 'C:\Users\thang\AppData\Local\ASP.NET\DataProtection-Keys' as key repository and Windows DPAPI to encrypt keys at rest.
2026-08-27 14:57:37.416 +05:30 [INF] Payment Behavior Background Service started.
2026-08-27 14:57:37.493 +05:30 [INF] Now listening on: http://localhost:5082
2026-08-27 14:57:37.495 +05:30 [INF] Application started. Press Ctrl+C to shut down.
2026-08-27 14:57:37.496 +05:30 [INF] Hosting environment: Development
2026-08-27 14:57:37.497 +05:30 [INF] Content root path: C:\Users\thang\OneDrive\Documents\React Projects\LoanDeductionPrediction\LoanDeductionPrediction.API
2026-08-27 14:57:37.585 +05:30 [INF] Executed DbCommand (29ms) [Parameters=[@today='?' (DbType = Date)], CommandType='"Text"', CommandTimeout='30']
SELECT [r].[ScheduleId], [r].[DueDate], [r].[EMIAmount], [r].[InstallmentNumber], [r].[InterestAmount], [r].[LoanId], [r].[PaidAmount], [r].[PaidDate], [r].[PrincipalAmount], [r].[Status]
FROM [RepaymentSchedules] AS [r]
WHERE [r].[DueDate] < @today AND [r].[PaidAmount] < [r].[EMIAmount] AND [r].[Status] <> N'PAID'
ORDER BY [r].[DueDate]
2026-08-27 14:57:37.698 +05:30 [INF] Executed DbCommand (7ms) [Parameters=[@scheduleId='?' (DbType = Int32)], CommandType='"Text"', CommandTimeout='30']
SELECT TOP(1) [p].[BehaviorLogId], [p].[BorrowerId], [p].[DaysLate], [p].[DueDate], [p].[LoanId], [p].[PaymentDate], [p].[PaymentStatus], [p].[RecordedAt], [p].[ScheduleId]
FROM [PaymentBehaviorLogs] AS [p]
WHERE [p].[ScheduleId] = @scheduleId
2026-08-27 14:57:37.741 +05:30 [INF] Executed DbCommand (1ms) [Parameters=[@scheduleId='?' (DbType = Int32)], CommandType='"Text"', CommandTimeout='30']
SELECT TOP(1) [p].[BehaviorLogId], [p].[BorrowerId], [p].[DaysLate], [p].[DueDate], [p].[LoanId], [p].[PaymentDate], [p].[PaymentStatus], [p].[RecordedAt], [p].[ScheduleId]
FROM [PaymentBehaviorLogs] AS [p]
WHERE [p].[ScheduleId] = @scheduleId
2026-08-27 14:57:37.745 +05:30 [INF] Executed DbCommand (1ms) [Parameters=[@scheduleId='?' (DbType = Int32)], CommandType='"Text"', CommandTimeout='30']
SELECT TOP(1) [p].[BehaviorLogId], [p].[BorrowerId], [p].[DaysLate], [p].[DueDate], [p].[LoanId], [p].[PaymentDate], [p].[PaymentStatus], [p].[RecordedAt], [p].[ScheduleId]
FROM [PaymentBehaviorLogs] AS [p]
WHERE [p].[ScheduleId] = @scheduleId
2026-08-27 14:57:50.409 +05:30 [INF] Request starting HTTP/1.1 GET http://localhost:5082/swagger/index.html - null null
2026-08-27 14:57:50.675 +05:30 [INF] Request starting HTTP/1.1 GET http://localhost:5082/swagger/index.html - null null
2026-08-27 14:57:50.797 +05:30 [ERR] Unhandled exception occurred.
System.Threading.Tasks.TaskCanceledException: A task was canceled.
   at System.IO.StreamReader.ReadBufferAsync(CancellationToken cancellationToken)
   at System.IO.StreamReader.ReadToEndAsyncInternal(CancellationToken cancellationToken)
   at Swashbuckle.AspNetCore.SwaggerUI.SwaggerUIMiddleware.RespondWithFile(HttpContext context, String fileName)
   at Swashbuckle.AspNetCore.SwaggerUI.SwaggerUIMiddleware.Invoke(HttpContext httpContext)
   at Swashbuckle.AspNetCore.Swagger.SwaggerMiddleware.Invoke(HttpContext httpContext, ISwaggerProvider swaggerProvider)
   at LoanDeductionPrediction.API.Middleware.GlobalExceptionMiddleware.InvokeAsync(HttpContext context) in C:\Users\thang\OneDrive\Documents\React Projects\LoanDeductionPrediction\LoanDeductionPrediction.API\Middleware\GlobalExceptionMiddleware.cs:line 23
2026-08-27 14:57:50.930 +05:30 [ERR] HTTP GET /swagger/index.html responded 500 in 370.6345 ms
2026-08-27 14:57:50.989 +05:30 [INF] Request finished HTTP/1.1 GET http://localhost:5082/swagger/index.html - 500 null application/json 580.8119ms
2026-08-27 14:57:51.063 +05:30 [INF] HTTP GET /swagger/index.html responded 200 in 287.4243 ms
2026-08-27 14:57:51.102 +05:30 [INF] Request starting HTTP/1.1 GET http://localhost:5082/swagger/swagger-ui-standalone-preset.js - null null
2026-08-27 14:57:51.096 +05:30 [INF] Request starting HTTP/1.1 GET http://localhost:5082/swagger/index.css - null null
2026-08-27 14:57:51.096 +05:30 [INF] Request starting HTTP/1.1 GET http://localhost:5082/swagger/swagger-ui-bundle.js - null null
2026-08-27 14:57:51.093 +05:30 [INF] Request starting HTTP/1.1 GET http://localhost:5082/swagger/swagger-ui.css - null null
2026-08-27 14:57:51.103 +05:30 [INF] Request finished HTTP/1.1 GET http://localhost:5082/swagger/index.html - 200 null text/html;charset=utf-8 428.4156ms
2026-08-27 14:57:51.103 +05:30 [INF] Request starting HTTP/1.1 GET http://localhost:5082/swagger/index.js - null null
2026-08-27 14:57:51.184 +05:30 [INF] HTTP GET /swagger/index.css responded 304 in 8.4606 ms
2026-08-27 14:57:51.189 +05:30 [INF] HTTP GET /swagger/swagger-ui-standalone-preset.js responded 304 in 52.0352 ms
2026-08-27 14:57:51.219 +05:30 [INF] HTTP GET /swagger/swagger-ui-bundle.js responded 304 in 22.2941 ms
2026-08-27 14:57:51.463 +05:30 [INF] HTTP GET /swagger/swagger-ui.css responded 304 in 32.3924 ms
2026-08-27 14:57:51.541 +05:30 [INF] HTTP GET /swagger/index.js responded 304 in 0.9904 ms
2026-08-27 14:57:51.549 +05:30 [INF] Request finished HTTP/1.1 GET http://localhost:5082/swagger/index.css - 304 null null 452.6042ms
2026-08-27 14:57:51.565 +05:30 [INF] Request finished HTTP/1.1 GET http://localhost:5082/swagger/swagger-ui-standalone-preset.js - 304 null null 463.2926ms
2026-08-27 14:57:51.592 +05:30 [INF] Request finished HTTP/1.1 GET http://localhost:5082/swagger/swagger-ui-bundle.js - 304 null null 496.3409ms
2026-08-27 14:57:51.622 +05:30 [INF] Request finished HTTP/1.1 GET http://localhost:5082/swagger/swagger-ui.css - 304 null null 528.3103ms
2026-08-27 14:57:51.642 +05:30 [INF] Request finished HTTP/1.1 GET http://localhost:5082/swagger/index.js - 304 null null 538.9824ms
2026-08-27 14:57:51.858 +05:30 [INF] Request starting HTTP/1.1 GET http://localhost:5082/swagger/v1/swagger.json - null null
2026-08-27 14:57:52.214 +05:30 [INF] HTTP GET /swagger/v1/swagger.json responded 200 in 335.6087 ms
2026-08-27 14:57:52.231 +05:30 [INF] Request finished HTTP/1.1 GET http://localhost:5082/swagger/v1/swagger.json - 200 null application/json;charset=utf-8 373.5324ms
2026-08-27 14:58:43.083 +05:30 [INF] Request starting HTTP/1.1 POST http://localhost:5082/api/Auth/login - application/json 80
2026-08-27 14:58:43.191 +05:30 [WRN] Failed to determine the https port for redirect.
2026-08-27 14:58:43.318 +05:30 [INF] CORS policy execution successful.
2026-08-27 14:58:43.530 +05:30 [INF] Executing endpoint 'LoanDeductionPrediction.API.Controllers.AuthController.Login (LoanDeductionPrediction.API)'
2026-08-27 14:58:43.582 +05:30 [INF] Route matched with {action = "Login", controller = "Auth"}. Executing controller action with signature System.Threading.Tasks.Task`1[Microsoft.AspNetCore.Mvc.IActionResult] Login(LoanDeductionPrediction.Models.DTOs.LoginRequest) on controller LoanDeductionPrediction.API.Controllers.AuthController (LoanDeductionPrediction.API).
2026-08-27 14:58:43.952 +05:30 [WRN] You do not have a valid license key for the Lucky Penny software AutoMapper. This is allowed for development and testing scenarios. If you are running in production you are required to have a licensed version. Please visit https://luckypennysoftware.com to obtain a valid license.
2026-08-27 14:58:44.302 +05:30 [INF] Executed DbCommand (42ms) [Parameters=[@email='?' (Size = 150)], CommandType='"Text"', CommandTimeout='30']
SELECT TOP(1) [u].[UserId], [u].[CreatedAt], [u].[Email], [u].[FullName], [u].[IsActive], [u].[PasswordHash], [u].[Role]
FROM [Users] AS [u]
WHERE [u].[Email] = @email
2026-08-27 14:58:46.268 +05:30 [INF] Executed DbCommand (63ms) [Parameters=[@p0='?' (DbType = DateTime2), @p1='?' (DbType = DateTime2), @p2='?' (DbType = Boolean), @p3='?' (DbType = DateTime2), @p4='?' (Size = 500), @p5='?' (DbType = Int32)], CommandType='"Text"', CommandTimeout='30']
SET IMPLICIT_TRANSACTIONS OFF;
SET NOCOUNT ON;
INSERT INTO [RefreshTokens] ([CreatedAt], [ExpiresAt], [IsRevoked], [RevokedAt], [Token], [UserId])
OUTPUT INSERTED.[RefreshTokenId]
VALUES (@p0, @p1, @p2, @p3, @p4, @p5);
2026-08-27 14:58:46.388 +05:30 [INF] Executing OkObjectResult, writing value of type 'LoanDeductionPrediction.Models.DTOs.LoginResponse'.
2026-08-27 14:58:46.423 +05:30 [INF] Executed action LoanDeductionPrediction.API.Controllers.AuthController.Login (LoanDeductionPrediction.API) in 2824.8504ms
2026-08-27 14:58:46.436 +05:30 [INF] Executed endpoint 'LoanDeductionPrediction.API.Controllers.AuthController.Login (LoanDeductionPrediction.API)'
2026-08-27 14:58:46.446 +05:30 [INF] HTTP POST /api/Auth/login responded 200 in 3282.9173 ms
2026-08-27 14:58:46.493 +05:30 [INF] Request finished HTTP/1.1 POST http://localhost:5082/api/Auth/login - 200 null application/json; charset=utf-8 3410.144ms
2026-08-27 14:59:14.004 +05:30 [INF] Request starting HTTP/1.1 GET http://localhost:5082/api/Dashboard/borrower - null null
2026-08-27 14:59:14.150 +05:30 [INF] Executing endpoint 'LoanDeductionPrediction.API.Controllers.DashboardController.GetBorrowerDashboard (LoanDeductionPrediction.API)'
2026-08-27 14:59:14.174 +05:30 [INF] Route matched with {action = "GetBorrowerDashboard", controller = "Dashboard"}. Executing controller action with signature System.Threading.Tasks.Task`1[Microsoft.AspNetCore.Mvc.IActionResult] GetBorrowerDashboard() on controller LoanDeductionPrediction.API.Controllers.DashboardController (LoanDeductionPrediction.API).
2026-08-27 14:59:14.260 +05:30 [INF] Executed DbCommand (8ms) [Parameters=[@borrowerId='?' (DbType = Int32)], CommandType='"Text"', CommandTimeout='30']
SELECT [l].[LoanId], [l].[BorrowerId], [l].[CreatedAt], [l].[EMIAmount], [l].[EndDate], [l].[InterestRate], [l].[LoanOfficerId], [l].[OutstandingAmount], [l].[PrincipalAmount], [l].[StartDate], [l].[Status], [l].[TenureMonths]
FROM [LoanAccounts] AS [l]
WHERE [l].[BorrowerId] = @borrowerId
2026-08-27 14:59:14.459 +05:30 [INF] Executed DbCommand (23ms) [Parameters=[@loanIds1='?' (DbType = Int32), @loanIds2='?' (DbType = Int32)], CommandType='"Text"', CommandTimeout='30']
SELECT [r].[ScheduleId], [r].[DueDate], [r].[EMIAmount], [r].[InstallmentNumber], [r].[InterestAmount], [r].[LoanId], [r].[PaidAmount], [r].[PaidDate], [r].[PrincipalAmount], [r].[Status]
FROM [RepaymentSchedules] AS [r]
WHERE [r].[LoanId] IN (@loanIds1, @loanIds2)
2026-08-27 14:59:14.501 +05:30 [INF] Executed DbCommand (11ms) [Parameters=[@borrowerId='?' (DbType = Int32)], CommandType='"Text"', CommandTimeout='30']
SELECT [p].[BehaviorLogId], [p].[BorrowerId], [p].[DaysLate], [p].[DueDate], [p].[LoanId], [p].[PaymentDate], [p].[PaymentStatus], [p].[RecordedAt], [p].[ScheduleId]
FROM [PaymentBehaviorLogs] AS [p]
WHERE [p].[BorrowerId] = @borrowerId
2026-08-27 14:59:14.571 +05:30 [INF] Executed DbCommand (13ms) [Parameters=[@borrowerId='?' (DbType = Int32)], CommandType='"Text"', CommandTimeout='30']
SELECT [r].[RiskPredictionId], [r].[BorrowerId], [r].[LoanId], [r].[PredictionDate], [r].[Reason], [r].[RiskLevel], [r].[RiskScore]
FROM [RiskPredictions] AS [r]
WHERE [r].[BorrowerId] = @borrowerId
2026-08-27 14:59:14.624 +05:30 [INF] Executing OkObjectResult, writing value of type '<>f__AnonymousType2`21[[System.Int32, System.Private.CoreLib, Version=10.0.0.0, Culture=neutral, PublicKeyToken=7cec85d7bea7798e],[System.Int32, System.Private.CoreLib, Version=10.0.0.0, Culture=neutral, PublicKeyToken=7cec85d7bea7798e],[System.Int32, System.Private.CoreLib, Version=10.0.0.0, Culture=neutral, PublicKeyToken=7cec85d7bea7798e],[System.Int32, System.Private.CoreLib, Version=10.0.0.0, Culture=neutral, PublicKeyToken=7cec85d7bea7798e],[System.Int32, System.Private.CoreLib, Version=10.0.0.0, Culture=neutral, PublicKeyToken=7cec85d7bea7798e],[System.Int32, System.Private.CoreLib, Version=10.0.0.0, Culture=neutral, PublicKeyToken=7cec85d7bea7798e],[System.Decimal, System.Private.CoreLib, Version=10.0.0.0, Culture=neutral, PublicKeyToken=7cec85d7bea7798e],[System.Decimal, System.Private.CoreLib, Version=10.0.0.0, Culture=neutral, PublicKeyToken=7cec85d7bea7798e],[System.Decimal, System.Private.CoreLib, Version=10.0.0.0, Culture=neutral, PublicKeyToken=7cec85d7bea7798e],[System.Int32, System.Private.CoreLib, Version=10.0.0.0, Culture=neutral, PublicKeyToken=7cec85d7bea7798e],[System.Int32, System.Private.CoreLib, Version=10.0.0.0, Culture=neutral, PublicKeyToken=7cec85d7bea7798e],[System.Int32, System.Private.CoreLib, Version=10.0.0.0, Culture=neutral, PublicKeyToken=7cec85d7bea7798e],[System.Int32, System.Private.CoreLib, Version=10.0.0.0, Culture=neutral, PublicKeyToken=7cec85d7bea7798e],[System.Decimal, System.Private.CoreLib, Version=10.0.0.0, Culture=neutral, PublicKeyToken=7cec85d7bea7798e],[System.Int32, System.Private.CoreLib, Version=10.0.0.0, Culture=neutral, PublicKeyToken=7cec85d7bea7798e],[System.Int32, System.Private.CoreLib, Version=10.0.0.0, Culture=neutral, PublicKeyToken=7cec85d7bea7798e],[System.Int32, System.Private.CoreLib, Version=10.0.0.0, Culture=neutral, PublicKeyToken=7cec85d7bea7798e],[System.Int32, System.Private.CoreLib, Version=10.0.0.0, Culture=neutral, PublicKeyToken=7cec85d7bea7798e],[System.Int32, System.Private.CoreLib, Version=10.0.0.0, Culture=neutral, PublicKeyToken=7cec85d7bea7798e],[System.Collections.Generic.List`1[[<>f__AnonymousType3`10[[System.Int32, System.Private.CoreLib, Version=10.0.0.0, Culture=neutral, PublicKeyToken=7cec85d7bea7798e],[System.Int32, System.Private.CoreLib, Version=10.0.0.0, Culture=neutral, PublicKeyToken=7cec85d7bea7798e],[System.Int32, System.Private.CoreLib, Version=10.0.0.0, Culture=neutral, PublicKeyToken=7cec85d7bea7798e],[System.DateOnly, System.Private.CoreLib, Version=10.0.0.0, Culture=neutral, PublicKeyToken=7cec85d7bea7798e],[System.Decimal, System.Private.CoreLib, Version=10.0.0.0, Culture=neutral, PublicKeyToken=7cec85d7bea7798e],[System.Decimal, System.Private.CoreLib, Version=10.0.0.0, Culture=neutral, PublicKeyToken=7cec85d7bea7798e],[System.Decimal, System.Private.CoreLib, Version=10.0.0.0, Culture=neutral, PublicKeyToken=7cec85d7bea7798e],[System.Decimal, System.Private.CoreLib, Version=10.0.0.0, Culture=neutral, PublicKeyToken=7cec85d7bea7798e],[System.Nullable`1[[System.DateOnly, System.Private.CoreLib, Version=10.0.0.0, Culture=neutral, PublicKeyToken=7cec85d7bea7798e]], System.Private.CoreLib, Version=10.0.0.0, Culture=neutral, PublicKeyToken=7cec85d7bea7798e],[System.String, System.Private.CoreLib, Version=10.0.0.0, Culture=neutral, PublicKeyToken=7cec85d7bea7798e]], LoanDeductionPrediction.Services, Version=1.0.0.0, Culture=neutral, PublicKeyToken=null]], System.Private.CoreLib, Version=10.0.0.0, Culture=neutral, PublicKeyToken=7cec85d7bea7798e],[System.Collections.Generic.List`1[[<>f__AnonymousType4`6[[System.Int32, System.Private.CoreLib, Version=10.0.0.0, Culture=neutral, PublicKeyToken=7cec85d7bea7798e],[System.Int32, System.Private.CoreLib, Version=10.0.0.0, Culture=neutral, PublicKeyToken=7cec85d7bea7798e],[System.Decimal, System.Private.CoreLib, Version=10.0.0.0, Culture=neutral, PublicKeyToken=7cec85d7bea7798e],[System.String, System.Private.CoreLib, Version=10.0.0.0, Culture=neutral, PublicKeyToken=7cec85d7bea7798e],[System.DateTime, System.Private.CoreLib, Version=10.0.0.0, Culture=neutral, PublicKeyToken=7cec85d7bea7798e],[System.String, System.Private.CoreLib, Version=10.0.0.0, Culture=neutral, PublicKeyToken=7cec85d7bea7798e]], LoanDeductionPrediction.Services, Version=1.0.0.0, Culture=neutral, PublicKeyToken=null]], System.Private.CoreLib, Version=10.0.0.0, Culture=neutral, PublicKeyToken=7cec85d7bea7798e]]'.
2026-08-27 14:59:15.306 +05:30 [INF] Executed action LoanDeductionPrediction.API.Controllers.DashboardController.GetBorrowerDashboard (LoanDeductionPrediction.API) in 1128.9111ms
2026-08-27 14:59:15.311 +05:30 [INF] Executed endpoint 'LoanDeductionPrediction.API.Controllers.DashboardController.GetBorrowerDashboard (LoanDeductionPrediction.API)'
2026-08-27 14:59:15.319 +05:30 [INF] HTTP GET /api/Dashboard/borrower responded 200 in 1293.8520 ms
2026-08-27 14:59:15.326 +05:30 [INF] Request finished HTTP/1.1 GET http://localhost:5082/api/Dashboard/borrower - 200 null application/json; charset=utf-8 1321.9693ms
2026-08-27 15:00:23.604 +05:30 [INF] Request starting HTTP/1.1 POST http://localhost:5082/api/Auth/login - application/json 63
2026-08-27 15:00:23.646 +05:30 [INF] CORS policy execution successful.
2026-08-27 15:00:23.689 +05:30 [INF] Executing endpoint 'LoanDeductionPrediction.API.Controllers.AuthController.Login (LoanDeductionPrediction.API)'
2026-08-27 15:00:23.692 +05:30 [INF] Route matched with {action = "Login", controller = "Auth"}. Executing controller action with signature System.Threading.Tasks.Task`1[Microsoft.AspNetCore.Mvc.IActionResult] Login(LoanDeductionPrediction.Models.DTOs.LoginRequest) on controller LoanDeductionPrediction.API.Controllers.AuthController (LoanDeductionPrediction.API).
2026-08-27 15:00:23.770 +05:30 [INF] Executed DbCommand (42ms) [Parameters=[@email='?' (Size = 150)], CommandType='"Text"', CommandTimeout='30']
SELECT TOP(1) [u].[UserId], [u].[CreatedAt], [u].[Email], [u].[FullName], [u].[IsActive], [u].[PasswordHash], [u].[Role]
FROM [Users] AS [u]
WHERE [u].[Email] = @email
2026-08-27 15:00:24.368 +05:30 [INF] Executed DbCommand (42ms) [Parameters=[@p0='?' (DbType = DateTime2), @p1='?' (DbType = DateTime2), @p2='?' (DbType = Boolean), @p3='?' (DbType = DateTime2), @p4='?' (Size = 500), @p5='?' (DbType = Int32)], CommandType='"Text"', CommandTimeout='30']
SET IMPLICIT_TRANSACTIONS OFF;
SET NOCOUNT ON;
INSERT INTO [RefreshTokens] ([CreatedAt], [ExpiresAt], [IsRevoked], [RevokedAt], [Token], [UserId])
OUTPUT INSERTED.[RefreshTokenId]
VALUES (@p0, @p1, @p2, @p3, @p4, @p5);
2026-08-27 15:00:24.395 +05:30 [INF] Executing OkObjectResult, writing value of type 'LoanDeductionPrediction.Models.DTOs.LoginResponse'.
2026-08-27 15:00:24.454 +05:30 [INF] Executed action LoanDeductionPrediction.API.Controllers.AuthController.Login (LoanDeductionPrediction.API) in 735.4671ms
2026-08-27 15:00:24.476 +05:30 [INF] Executed endpoint 'LoanDeductionPrediction.API.Controllers.AuthController.Login (LoanDeductionPrediction.API)'
2026-08-27 15:00:25.039 +05:30 [INF] HTTP POST /api/Auth/login responded 200 in 1393.0739 ms
2026-08-27 15:00:25.306 +05:30 [INF] Request finished HTTP/1.1 POST http://localhost:5082/api/Auth/login - 200 null application/json; charset=utf-8 1701.6483ms
2026-08-27 15:00:48.429 +05:30 [INF] Request starting HTTP/1.1 GET http://localhost:5082/api/Dashboard/borrower - null null
2026-08-27 15:00:48.559 +05:30 [INF] Executing endpoint 'LoanDeductionPrediction.API.Controllers.DashboardController.GetBorrowerDashboard (LoanDeductionPrediction.API)'
2026-08-27 15:00:48.572 +05:30 [INF] Route matched with {action = "GetBorrowerDashboard", controller = "Dashboard"}. Executing controller action with signature System.Threading.Tasks.Task`1[Microsoft.AspNetCore.Mvc.IActionResult] GetBorrowerDashboard() on controller LoanDeductionPrediction.API.Controllers.DashboardController (LoanDeductionPrediction.API).
2026-08-27 15:00:48.607 +05:30 [INF] Executed DbCommand (6ms) [Parameters=[@borrowerId='?' (DbType = Int32)], CommandType='"Text"', CommandTimeout='30']
SELECT [l].[LoanId], [l].[BorrowerId], [l].[CreatedAt], [l].[EMIAmount], [l].[EndDate], [l].[InterestRate], [l].[LoanOfficerId], [l].[OutstandingAmount], [l].[PrincipalAmount], [l].[StartDate], [l].[Status], [l].[TenureMonths]
FROM [LoanAccounts] AS [l]
WHERE [l].[BorrowerId] = @borrowerId
2026-08-27 15:00:48.629 +05:30 [INF] Executed DbCommand (5ms) [Parameters=[@loanIds1='?' (DbType = Int32)], CommandType='"Text"', CommandTimeout='30']
SELECT [r].[ScheduleId], [r].[DueDate], [r].[EMIAmount], [r].[InstallmentNumber], [r].[InterestAmount], [r].[LoanId], [r].[PaidAmount], [r].[PaidDate], [r].[PrincipalAmount], [r].[Status]
FROM [RepaymentSchedules] AS [r]
WHERE [r].[LoanId] = @loanIds1
2026-08-27 15:00:48.654 +05:30 [INF] Executed DbCommand (8ms) [Parameters=[@borrowerId='?' (DbType = Int32)], CommandType='"Text"', CommandTimeout='30']
SELECT [p].[BehaviorLogId], [p].[BorrowerId], [p].[DaysLate], [p].[DueDate], [p].[LoanId], [p].[PaymentDate], [p].[PaymentStatus], [p].[RecordedAt], [p].[ScheduleId]
FROM [PaymentBehaviorLogs] AS [p]
WHERE [p].[BorrowerId] = @borrowerId
2026-08-27 15:00:48.821 +05:30 [INF] Executed DbCommand (14ms) [Parameters=[@borrowerId='?' (DbType = Int32)], CommandType='"Text"', CommandTimeout='30']
SELECT [r].[RiskPredictionId], [r].[BorrowerId], [r].[LoanId], [r].[PredictionDate], [r].[Reason], [r].[RiskLevel], [r].[RiskScore]
FROM [RiskPredictions] AS [r]
WHERE [r].[BorrowerId] = @borrowerId
2026-08-27 15:00:49.225 +05:30 [INF] Executing OkObjectResult, writing value of type '<>f__AnonymousType2`21[[System.Int32, System.Private.CoreLib, Version=10.0.0.0, Culture=neutral, PublicKeyToken=7cec85d7bea7798e],[System.Int32, System.Private.CoreLib, Version=10.0.0.0, Culture=neutral, PublicKeyToken=7cec85d7bea7798e],[System.Int32, System.Private.CoreLib, Version=10.0.0.0, Culture=neutral, PublicKeyToken=7cec85d7bea7798e],[System.Int32, System.Private.CoreLib, Version=10.0.0.0, Culture=neutral, PublicKeyToken=7cec85d7bea7798e],[System.Int32, System.Private.CoreLib, Version=10.0.0.0, Culture=neutral, PublicKeyToken=7cec85d7bea7798e],[System.Int32, System.Private.CoreLib, Version=10.0.0.0, Culture=neutral, PublicKeyToken=7cec85d7bea7798e],[System.Decimal, System.Private.CoreLib, Version=10.0.0.0, Culture=neutral, PublicKeyToken=7cec85d7bea7798e],[System.Decimal, System.Private.CoreLib, Version=10.0.0.0, Culture=neutral, PublicKeyToken=7cec85d7bea7798e],[System.Decimal, System.Private.CoreLib, Version=10.0.0.0, Culture=neutral, PublicKeyToken=7cec85d7bea7798e],[System.Int32, System.Private.CoreLib, Version=10.0.0.0, Culture=neutral, PublicKeyToken=7cec85d7bea7798e],[System.Int32, System.Private.CoreLib, Version=10.0.0.0, Culture=neutral, PublicKeyToken=7cec85d7bea7798e],[System.Int32, System.Private.CoreLib, Version=10.0.0.0, Culture=neutral, PublicKeyToken=7cec85d7bea7798e],[System.Int32, System.Private.CoreLib, Version=10.0.0.0, Culture=neutral, PublicKeyToken=7cec85d7bea7798e],[System.Decimal, System.Private.CoreLib, Version=10.0.0.0, Culture=neutral, PublicKeyToken=7cec85d7bea7798e],[System.Int32, System.Private.CoreLib, Version=10.0.0.0, Culture=neutral, PublicKeyToken=7cec85d7bea7798e],[System.Int32, System.Private.CoreLib, Version=10.0.0.0, Culture=neutral, PublicKeyToken=7cec85d7bea7798e],[System.Int32, System.Private.CoreLib, Version=10.0.0.0, Culture=neutral, PublicKeyToken=7cec85d7bea7798e],[System.Int32, System.Private.CoreLib, Version=10.0.0.0, Culture=neutral, PublicKeyToken=7cec85d7bea7798e],[System.Int32, System.Private.CoreLib, Version=10.0.0.0, Culture=neutral, PublicKeyToken=7cec85d7bea7798e],[System.Collections.Generic.List`1[[<>f__AnonymousType3`10[[System.Int32, System.Private.CoreLib, Version=10.0.0.0, Culture=neutral, PublicKeyToken=7cec85d7bea7798e],[System.Int32, System.Private.CoreLib, Version=10.0.0.0, Culture=neutral, PublicKeyToken=7cec85d7bea7798e],[System.Int32, System.Private.CoreLib, Version=10.0.0.0, Culture=neutral, PublicKeyToken=7cec85d7bea7798e],[System.DateOnly, System.Private.CoreLib, Version=10.0.0.0, Culture=neutral, PublicKeyToken=7cec85d7bea7798e],[System.Decimal, System.Private.CoreLib, Version=10.0.0.0, Culture=neutral, PublicKeyToken=7cec85d7bea7798e],[System.Decimal, System.Private.CoreLib, Version=10.0.0.0, Culture=neutral, PublicKeyToken=7cec85d7bea7798e],[System.Decimal, System.Private.CoreLib, Version=10.0.0.0, Culture=neutral, PublicKeyToken=7cec85d7bea7798e],[System.Decimal, System.Private.CoreLib, Version=10.0.0.0, Culture=neutral, PublicKeyToken=7cec85d7bea7798e],[System.Nullable`1[[System.DateOnly, System.Private.CoreLib, Version=10.0.0.0, Culture=neutral, PublicKeyToken=7cec85d7bea7798e]], System.Private.CoreLib, Version=10.0.0.0, Culture=neutral, PublicKeyToken=7cec85d7bea7798e],[System.String, System.Private.CoreLib, Version=10.0.0.0, Culture=neutral, PublicKeyToken=7cec85d7bea7798e]], LoanDeductionPrediction.Services, Version=1.0.0.0, Culture=neutral, PublicKeyToken=null]], System.Private.CoreLib, Version=10.0.0.0, Culture=neutral, PublicKeyToken=7cec85d7bea7798e],[System.Collections.Generic.List`1[[<>f__AnonymousType4`6[[System.Int32, System.Private.CoreLib, Version=10.0.0.0, Culture=neutral, PublicKeyToken=7cec85d7bea7798e],[System.Int32, System.Private.CoreLib, Version=10.0.0.0, Culture=neutral, PublicKeyToken=7cec85d7bea7798e],[System.Decimal, System.Private.CoreLib, Version=10.0.0.0, Culture=neutral, PublicKeyToken=7cec85d7bea7798e],[System.String, System.Private.CoreLib, Version=10.0.0.0, Culture=neutral, PublicKeyToken=7cec85d7bea7798e],[System.DateTime, System.Private.CoreLib, Version=10.0.0.0, Culture=neutral, PublicKeyToken=7cec85d7bea7798e],[System.String, System.Private.CoreLib, Version=10.0.0.0, Culture=neutral, PublicKeyToken=7cec85d7bea7798e]], LoanDeductionPrediction.Services, Version=1.0.0.0, Culture=neutral, PublicKeyToken=null]], System.Private.CoreLib, Version=10.0.0.0, Culture=neutral, PublicKeyToken=7cec85d7bea7798e]]'.
2026-08-27 15:00:49.292 +05:30 [INF] Executed action LoanDeductionPrediction.API.Controllers.DashboardController.GetBorrowerDashboard (LoanDeductionPrediction.API) in 698.5903ms
2026-08-27 15:00:49.625 +05:30 [INF] Executed endpoint 'LoanDeductionPrediction.API.Controllers.DashboardController.GetBorrowerDashboard (LoanDeductionPrediction.API)'
2026-08-27 15:00:49.935 +05:30 [INF] HTTP GET /api/Dashboard/borrower responded 200 in 1381.8677 ms
2026-08-27 15:00:50.354 +05:30 [INF] Request finished HTTP/1.1 GET http://localhost:5082/api/Dashboard/borrower - 200 null application/json; charset=utf-8 1924.516ms
2026-08-27 15:17:01.377 +05:30 [INF] Application is shutting down...
2026-08-27 15:29:25.129 +05:30 [WRN] No store type was specified for the decimal property 'InterestRate' on entity type 'LoanRequest'. This will cause values to be silently truncated if they do not fit in the default precision and scale. Explicitly specify the SQL server column type that can accommodate all the values in 'OnModelCreating' using 'HasColumnType', specify precision and scale using 'HasPrecision', or configure a value converter using 'HasConversion'.
2026-08-27 15:29:25.180 +05:30 [WRN] No store type was specified for the decimal property 'RequestedAmount' on entity type 'LoanRequest'. This will cause values to be silently truncated if they do not fit in the default precision and scale. Explicitly specify the SQL server column type that can accommodate all the values in 'OnModelCreating' using 'HasColumnType', specify precision and scale using 'HasPrecision', or configure a value converter using 'HasConversion'.
2026-08-27 15:29:26.208 +05:30 [INF] Executed DbCommand (78ms) [Parameters=[], CommandType='"Text"', CommandTimeout='30']
SELECT CASE
    WHEN EXISTS (
        SELECT 1
        FROM [Users] AS [u]
        WHERE [u].[Role] = N'Admin') THEN CAST(1 AS bit)
    ELSE CAST(0 AS bit)
END
2026-08-27 15:29:26.384 +05:30 [INF] User profile is available. Using 'C:\Users\thang\AppData\Local\ASP.NET\DataProtection-Keys' as key repository and Windows DPAPI to encrypt keys at rest.
2026-08-27 15:29:26.408 +05:30 [INF] Payment Behavior Background Service started.
2026-08-27 15:29:26.519 +05:30 [INF] Now listening on: http://localhost:5082
2026-08-27 15:29:26.522 +05:30 [INF] Application started. Press Ctrl+C to shut down.
2026-08-27 15:29:26.524 +05:30 [INF] Hosting environment: Development
2026-08-27 15:29:26.525 +05:30 [INF] Content root path: C:\Users\thang\OneDrive\Documents\React Projects\LoanDeductionPrediction\LoanDeductionPrediction.API
2026-08-27 15:29:26.717 +05:30 [INF] Executed DbCommand (64ms) [Parameters=[@today='?' (DbType = Date)], CommandType='"Text"', CommandTimeout='30']
SELECT [r].[ScheduleId], [r].[DueDate], [r].[EMIAmount], [r].[InstallmentNumber], [r].[InterestAmount], [r].[LoanId], [r].[PaidAmount], [r].[PaidDate], [r].[PrincipalAmount], [r].[Status]
FROM [RepaymentSchedules] AS [r]
WHERE [r].[DueDate] < @today AND [r].[PaidAmount] < [r].[EMIAmount] AND [r].[Status] <> N'PAID'
ORDER BY [r].[DueDate]
2026-08-27 15:29:26.835 +05:30 [INF] Executed DbCommand (14ms) [Parameters=[@scheduleId='?' (DbType = Int32)], CommandType='"Text"', CommandTimeout='30']
SELECT TOP(1) [p].[BehaviorLogId], [p].[BorrowerId], [p].[DaysLate], [p].[DueDate], [p].[LoanId], [p].[PaymentDate], [p].[PaymentStatus], [p].[RecordedAt], [p].[ScheduleId]
FROM [PaymentBehaviorLogs] AS [p]
WHERE [p].[ScheduleId] = @scheduleId
2026-08-27 15:29:26.880 +05:30 [INF] Executed DbCommand (2ms) [Parameters=[@scheduleId='?' (DbType = Int32)], CommandType='"Text"', CommandTimeout='30']
SELECT TOP(1) [p].[BehaviorLogId], [p].[BorrowerId], [p].[DaysLate], [p].[DueDate], [p].[LoanId], [p].[PaymentDate], [p].[PaymentStatus], [p].[RecordedAt], [p].[ScheduleId]
FROM [PaymentBehaviorLogs] AS [p]
WHERE [p].[ScheduleId] = @scheduleId
2026-08-27 15:29:26.883 +05:30 [INF] Executed DbCommand (1ms) [Parameters=[@scheduleId='?' (DbType = Int32)], CommandType='"Text"', CommandTimeout='30']
SELECT TOP(1) [p].[BehaviorLogId], [p].[BorrowerId], [p].[DaysLate], [p].[DueDate], [p].[LoanId], [p].[PaymentDate], [p].[PaymentStatus], [p].[RecordedAt], [p].[ScheduleId]
FROM [PaymentBehaviorLogs] AS [p]
WHERE [p].[ScheduleId] = @scheduleId
2026-08-27 15:29:54.615 +05:30 [INF] Application is shutting down...
2026-08-27 15:30:03.329 +05:30 [WRN] No store type was specified for the decimal property 'InterestRate' on entity type 'LoanRequest'. This will cause values to be silently truncated if they do not fit in the default precision and scale. Explicitly specify the SQL server column type that can accommodate all the values in 'OnModelCreating' using 'HasColumnType', specify precision and scale using 'HasPrecision', or configure a value converter using 'HasConversion'.
2026-08-27 15:30:03.409 +05:30 [WRN] No store type was specified for the decimal property 'RequestedAmount' on entity type 'LoanRequest'. This will cause values to be silently truncated if they do not fit in the default precision and scale. Explicitly specify the SQL server column type that can accommodate all the values in 'OnModelCreating' using 'HasColumnType', specify precision and scale using 'HasPrecision', or configure a value converter using 'HasConversion'.
2026-08-27 15:30:04.064 +05:30 [INF] Executed DbCommand (32ms) [Parameters=[], CommandType='"Text"', CommandTimeout='30']
SELECT CASE
    WHEN EXISTS (
        SELECT 1
        FROM [Users] AS [u]
        WHERE [u].[Role] = N'Admin') THEN CAST(1 AS bit)
    ELSE CAST(0 AS bit)
END
2026-08-27 15:30:04.195 +05:30 [INF] User profile is available. Using 'C:\Users\thang\AppData\Local\ASP.NET\DataProtection-Keys' as key repository and Windows DPAPI to encrypt keys at rest.
2026-08-27 15:30:04.205 +05:30 [INF] Payment Behavior Background Service started.
2026-08-27 15:30:04.305 +05:30 [INF] Now listening on: http://localhost:5082
2026-08-27 15:30:04.309 +05:30 [INF] Application started. Press Ctrl+C to shut down.
2026-08-27 15:30:04.312 +05:30 [INF] Hosting environment: Development
2026-08-27 15:30:04.313 +05:30 [INF] Content root path: C:\Users\thang\OneDrive\Documents\React Projects\LoanDeductionPrediction\LoanDeductionPrediction.API
2026-08-27 15:30:04.415 +05:30 [INF] Executed DbCommand (28ms) [Parameters=[@today='?' (DbType = Date)], CommandType='"Text"', CommandTimeout='30']
SELECT [r].[ScheduleId], [r].[DueDate], [r].[EMIAmount], [r].[InstallmentNumber], [r].[InterestAmount], [r].[LoanId], [r].[PaidAmount], [r].[PaidDate], [r].[PrincipalAmount], [r].[Status]
FROM [RepaymentSchedules] AS [r]
WHERE [r].[DueDate] < @today AND [r].[PaidAmount] < [r].[EMIAmount] AND [r].[Status] <> N'PAID'
ORDER BY [r].[DueDate]
2026-08-27 15:30:04.515 +05:30 [INF] Executed DbCommand (11ms) [Parameters=[@scheduleId='?' (DbType = Int32)], CommandType='"Text"', CommandTimeout='30']
SELECT TOP(1) [p].[BehaviorLogId], [p].[BorrowerId], [p].[DaysLate], [p].[DueDate], [p].[LoanId], [p].[PaymentDate], [p].[PaymentStatus], [p].[RecordedAt], [p].[ScheduleId]
FROM [PaymentBehaviorLogs] AS [p]
WHERE [p].[ScheduleId] = @scheduleId
2026-08-27 15:30:04.609 +05:30 [INF] Executed DbCommand (8ms) [Parameters=[@scheduleId='?' (DbType = Int32)], CommandType='"Text"', CommandTimeout='30']
SELECT TOP(1) [p].[BehaviorLogId], [p].[BorrowerId], [p].[DaysLate], [p].[DueDate], [p].[LoanId], [p].[PaymentDate], [p].[PaymentStatus], [p].[RecordedAt], [p].[ScheduleId]
FROM [PaymentBehaviorLogs] AS [p]
WHERE [p].[ScheduleId] = @scheduleId
2026-08-27 15:30:04.614 +05:30 [INF] Executed DbCommand (1ms) [Parameters=[@scheduleId='?' (DbType = Int32)], CommandType='"Text"', CommandTimeout='30']
SELECT TOP(1) [p].[BehaviorLogId], [p].[BorrowerId], [p].[DaysLate], [p].[DueDate], [p].[LoanId], [p].[PaymentDate], [p].[PaymentStatus], [p].[RecordedAt], [p].[ScheduleId]
FROM [PaymentBehaviorLogs] AS [p]
WHERE [p].[ScheduleId] = @scheduleId
2026-08-27 15:30:17.952 +05:30 [INF] Request starting HTTP/1.1 GET http://localhost:5082/swagger/index.html - null null
2026-08-27 15:30:18.530 +05:30 [INF] HTTP GET /swagger/index.html responded 304 in 272.0372 ms
2026-08-27 15:30:18.559 +05:30 [INF] Request finished HTTP/1.1 GET http://localhost:5082/swagger/index.html - 304 null null 609.9236ms
2026-08-27 15:30:18.601 +05:30 [INF] Request starting HTTP/1.1 GET http://localhost:5082/swagger/index.css - null null
2026-08-27 15:30:18.601 +05:30 [INF] Request starting HTTP/1.1 GET http://localhost:5082/swagger/swagger-ui-bundle.js - null null
2026-08-27 15:30:18.604 +05:30 [INF] Request starting HTTP/1.1 GET http://localhost:5082/swagger/swagger-ui-standalone-preset.js - null null
2026-08-27 15:30:18.604 +05:30 [INF] Request starting HTTP/1.1 GET http://localhost:5082/swagger/index.js - null null
2026-08-27 15:30:18.626 +05:30 [INF] Request starting HTTP/1.1 GET http://localhost:5082/swagger/swagger-ui.css - null null
2026-08-27 15:30:18.682 +05:30 [INF] HTTP GET /swagger/swagger-ui-standalone-preset.js responded 304 in 14.3438 ms
2026-08-27 15:30:18.682 +05:30 [INF] HTTP GET /swagger/index.css responded 304 in 50.8036 ms
2026-08-27 15:30:18.706 +05:30 [INF] HTTP GET /swagger/swagger-ui-bundle.js responded 304 in 53.3038 ms
2026-08-27 15:30:18.744 +05:30 [INF] HTTP GET /swagger/index.js responded 304 in 53.6930 ms
2026-08-27 15:30:18.756 +05:30 [INF] HTTP GET /swagger/swagger-ui.css responded 304 in 36.9945 ms
2026-08-27 15:30:18.972 +05:30 [INF] Request finished HTTP/1.1 GET http://localhost:5082/swagger/swagger-ui-standalone-preset.js - 304 null null 367.926ms
2026-08-27 15:30:19.079 +05:30 [INF] Request finished HTTP/1.1 GET http://localhost:5082/swagger/index.css - 304 null null 478.0998ms
2026-08-27 15:30:19.106 +05:30 [INF] Request finished HTTP/1.1 GET http://localhost:5082/swagger/swagger-ui-bundle.js - 304 null null 505.141ms
2026-08-27 15:30:19.120 +05:30 [INF] Request finished HTTP/1.1 GET http://localhost:5082/swagger/index.js - 304 null null 516.0876ms
2026-08-27 15:30:19.162 +05:30 [INF] Request finished HTTP/1.1 GET http://localhost:5082/swagger/swagger-ui.css - 304 null null 536.3969ms
2026-08-27 15:30:19.317 +05:30 [INF] Request starting HTTP/1.1 GET http://localhost:5082/swagger/v1/swagger.json - null null
2026-08-27 15:30:19.657 +05:30 [INF] HTTP GET /swagger/v1/swagger.json responded 200 in 325.8769 ms
2026-08-27 15:30:19.669 +05:30 [INF] Request finished HTTP/1.1 GET http://localhost:5082/swagger/v1/swagger.json - 200 null application/json;charset=utf-8 351.5476ms
2026-08-27 15:31:25.350 +05:30 [INF] Request starting HTTP/1.1 POST http://localhost:5082/api/Auth/login - application/json 63
2026-08-27 15:31:25.412 +05:30 [WRN] Failed to determine the https port for redirect.
2026-08-27 15:31:25.428 +05:30 [INF] CORS policy execution successful.
2026-08-27 15:31:26.956 +05:30 [INF] Executing endpoint 'LoanDeductionPrediction.API.Controllers.AuthController.Login (LoanDeductionPrediction.API)'
2026-08-27 15:31:27.025 +05:30 [INF] Route matched with {action = "Login", controller = "Auth"}. Executing controller action with signature System.Threading.Tasks.Task`1[Microsoft.AspNetCore.Mvc.IActionResult] Login(LoanDeductionPrediction.Models.DTOs.LoginRequest) on controller LoanDeductionPrediction.API.Controllers.AuthController (LoanDeductionPrediction.API).
2026-08-27 15:31:27.363 +05:30 [WRN] You do not have a valid license key for the Lucky Penny software AutoMapper. This is allowed for development and testing scenarios. If you are running in production you are required to have a licensed version. Please visit https://luckypennysoftware.com to obtain a valid license.
2026-08-27 15:31:27.727 +05:30 [INF] Executed DbCommand (47ms) [Parameters=[@email='?' (Size = 150)], CommandType='"Text"', CommandTimeout='30']
SELECT TOP(1) [u].[UserId], [u].[CreatedAt], [u].[Email], [u].[FullName], [u].[IsActive], [u].[PasswordHash], [u].[Role]
FROM [Users] AS [u]
WHERE [u].[Email] = @email
2026-08-27 15:31:29.156 +05:30 [INF] Executed DbCommand (44ms) [Parameters=[@p0='?' (DbType = DateTime2), @p1='?' (DbType = DateTime2), @p2='?' (DbType = Boolean), @p3='?' (DbType = DateTime2), @p4='?' (Size = 500), @p5='?' (DbType = Int32)], CommandType='"Text"', CommandTimeout='30']
SET IMPLICIT_TRANSACTIONS OFF;
SET NOCOUNT ON;
INSERT INTO [RefreshTokens] ([CreatedAt], [ExpiresAt], [IsRevoked], [RevokedAt], [Token], [UserId])
OUTPUT INSERTED.[RefreshTokenId]
VALUES (@p0, @p1, @p2, @p3, @p4, @p5);
2026-08-27 15:31:29.246 +05:30 [INF] Executing OkObjectResult, writing value of type 'LoanDeductionPrediction.Models.DTOs.LoginResponse'.
2026-08-27 15:31:29.292 +05:30 [INF] Executed action LoanDeductionPrediction.API.Controllers.AuthController.Login (LoanDeductionPrediction.API) in 2251.0045ms
2026-08-27 15:31:29.296 +05:30 [INF] Executed endpoint 'LoanDeductionPrediction.API.Controllers.AuthController.Login (LoanDeductionPrediction.API)'
2026-08-27 15:31:29.304 +05:30 [INF] HTTP POST /api/Auth/login responded 200 in 3920.4539 ms
2026-08-27 15:31:29.336 +05:30 [INF] Request finished HTTP/1.1 POST http://localhost:5082/api/Auth/login - 200 null application/json; charset=utf-8 3985.8007ms
2026-08-27 15:33:04.737 +05:30 [INF] Request starting HTTP/1.1 POST http://localhost:5082/api/LoanRequest - application/json 88
2026-08-27 15:33:04.771 +05:30 [INF] CORS policy execution successful.
2026-08-27 15:33:04.917 +05:30 [INF] Executing endpoint 'LoanDeductionPrediction.API.Controllers.LoanRequestController.CreateRequest (LoanDeductionPrediction.API)'
2026-08-27 15:33:04.936 +05:30 [INF] Route matched with {action = "CreateRequest", controller = "LoanRequest"}. Executing controller action with signature System.Threading.Tasks.Task`1[Microsoft.AspNetCore.Mvc.IActionResult] CreateRequest(LoanDeductionPrediction.Models.DTOs.CreateLoanRequestDto) on controller LoanDeductionPrediction.API.Controllers.LoanRequestController (LoanDeductionPrediction.API).
2026-08-27 15:33:05.153 +05:30 [ERR] Failed executing DbCommand (33ms) [Parameters=[@p0='?' (DbType = Int32), @p1='?' (Precision = 18) (Scale = 2) (DbType = Decimal), @p2='?' (DbType = Int32), @p3='?' (Size = 4000), @p4='?' (Precision = 18) (Scale = 2) (DbType = Decimal), @p5='?' (DbType = DateTime2), @p6='?' (DbType = DateTime2), @p7='?' (DbType = Int32), @p8='?' (Size = 4000), @p9='?' (DbType = Int32)], CommandType='"Text"', CommandTimeout='30']
SET IMPLICIT_TRANSACTIONS OFF;
SET NOCOUNT ON;
INSERT INTO [LoanRequests] ([BorrowerId], [InterestRate], [LoanOfficerUserId], [Remarks], [RequestedAmount], [RequestedAt], [ReviewedAt], [ReviewedByLoanOfficerId], [Status], [TenureMonths])
OUTPUT INSERTED.[LoanRequestId]
VALUES (@p0, @p1, @p2, @p3, @p4, @p5, @p6, @p7, @p8, @p9);
2026-08-27 15:33:05.217 +05:30 [ERR] An exception occurred in the database while saving changes for context type 'LoanDeductionPrediction.Repositories.Entities.LoanDeductionDbContext'.
Microsoft.EntityFrameworkCore.DbUpdateException: An error occurred while saving the entity changes. See the inner exception for details.
 ---> Microsoft.Data.SqlClient.SqlException (0x80131904): Invalid object name 'LoanRequests'.
   at Microsoft.Data.SqlClient.SqlCommand.<>c.<ExecuteDbDataReaderAsync>b__195_0(Task`1 result)
   at System.Threading.Tasks.ContinuationResultTaskFromResultTask`2.InnerInvoke()
   at System.Threading.ExecutionContext.RunInternal(ExecutionContext executionContext, ContextCallback callback, Object state)
--- End of stack trace from previous location ---
   at System.Threading.ExecutionContext.RunInternal(ExecutionContext executionContext, ContextCallback callback, Object state)
   at System.Threading.Tasks.Task.ExecuteWithThreadLocal(Task& currentTaskSlot, Thread threadPoolThread)
--- End of stack trace from previous location ---
   at Microsoft.EntityFrameworkCore.Storage.RelationalCommand.ExecuteReaderAsync(RelationalCommandParameterObject parameterObject, CancellationToken cancellationToken)
   at Microsoft.EntityFrameworkCore.Storage.RelationalCommand.ExecuteReaderAsync(RelationalCommandParameterObject parameterObject, CancellationToken cancellationToken)
   at Microsoft.EntityFrameworkCore.Update.ReaderModificationCommandBatch.ExecuteAsync(IRelationalConnection connection, CancellationToken cancellationToken)
ClientConnectionId:64b9520b-f730-4632-b5ad-0f9273454a32
Error Number:208,State:1,Class:16
   --- End of inner exception stack trace ---
   at Microsoft.EntityFrameworkCore.Update.ReaderModificationCommandBatch.ExecuteAsync(IRelationalConnection connection, CancellationToken cancellationToken)
   at Microsoft.EntityFrameworkCore.SqlServer.Update.Internal.SqlServerModificationCommandBatch.ExecuteAsync(IRelationalConnection connection, CancellationToken cancellationToken)
   at Microsoft.EntityFrameworkCore.Update.Internal.BatchExecutor.ExecuteAsync(IEnumerable`1 commandBatches, IRelationalConnection connection, CancellationToken cancellationToken)
   at Microsoft.EntityFrameworkCore.Update.Internal.BatchExecutor.ExecuteAsync(IEnumerable`1 commandBatches, IRelationalConnection connection, CancellationToken cancellationToken)
   at Microsoft.EntityFrameworkCore.Update.Internal.BatchExecutor.ExecuteAsync(IEnumerable`1 commandBatches, IRelationalConnection connection, CancellationToken cancellationToken)
   at Microsoft.EntityFrameworkCore.Storage.RelationalDatabase.SaveChangesAsync(IList`1 entries, CancellationToken cancellationToken)
   at Microsoft.EntityFrameworkCore.ChangeTracking.Internal.StateManager.SaveChangesAsync(IList`1 entriesToSave, CancellationToken cancellationToken)
   at Microsoft.EntityFrameworkCore.ChangeTracking.Internal.StateManager.SaveChangesAsync(StateManager stateManager, Boolean acceptAllChangesOnSuccess, CancellationToken cancellationToken)
   at Microsoft.EntityFrameworkCore.Storage.ExecutionStrategy.<>c__DisplayClass30_0`2.<<ExecuteAsync>b__0>d.MoveNext()
--- End of stack trace from previous location ---
   at Microsoft.EntityFrameworkCore.Storage.ExecutionStrategy.ExecuteImplementationAsync[TState,TResult](Func`4 operation, Func`4 verifySucceeded, TState state, CancellationToken cancellationToken)
   at Microsoft.EntityFrameworkCore.Storage.ExecutionStrategy.ExecuteImplementationAsync[TState,TResult](Func`4 operation, Func`4 verifySucceeded, TState state, CancellationToken cancellationToken)
   at Microsoft.EntityFrameworkCore.Storage.ExecutionStrategy.ExecuteAsync[TState,TResult](TState state, Func`4 operation, Func`4 verifySucceeded, CancellationToken cancellationToken)
   at Microsoft.EntityFrameworkCore.DbContext.SaveChangesAsync(Boolean acceptAllChangesOnSuccess, CancellationToken cancellationToken)
Microsoft.EntityFrameworkCore.DbUpdateException: An error occurred while saving the entity changes. See the inner exception for details.
 ---> Microsoft.Data.SqlClient.SqlException (0x80131904): Invalid object name 'LoanRequests'.
   at Microsoft.Data.SqlClient.SqlCommand.<>c.<ExecuteDbDataReaderAsync>b__195_0(Task`1 result)
   at System.Threading.Tasks.ContinuationResultTaskFromResultTask`2.InnerInvoke()
   at System.Threading.ExecutionContext.RunInternal(ExecutionContext executionContext, ContextCallback callback, Object state)
--- End of stack trace from previous location ---
   at System.Threading.ExecutionContext.RunInternal(ExecutionContext executionContext, ContextCallback callback, Object state)
   at System.Threading.Tasks.Task.ExecuteWithThreadLocal(Task& currentTaskSlot, Thread threadPoolThread)
--- End of stack trace from previous location ---
   at Microsoft.EntityFrameworkCore.Storage.RelationalCommand.ExecuteReaderAsync(RelationalCommandParameterObject parameterObject, CancellationToken cancellationToken)
   at Microsoft.EntityFrameworkCore.Storage.RelationalCommand.ExecuteReaderAsync(RelationalCommandParameterObject parameterObject, CancellationToken cancellationToken)
   at Microsoft.EntityFrameworkCore.Update.ReaderModificationCommandBatch.ExecuteAsync(IRelationalConnection connection, CancellationToken cancellationToken)
ClientConnectionId:64b9520b-f730-4632-b5ad-0f9273454a32
Error Number:208,State:1,Class:16
   --- End of inner exception stack trace ---
   at Microsoft.EntityFrameworkCore.Update.ReaderModificationCommandBatch.ExecuteAsync(IRelationalConnection connection, CancellationToken cancellationToken)
   at Microsoft.EntityFrameworkCore.SqlServer.Update.Internal.SqlServerModificationCommandBatch.ExecuteAsync(IRelationalConnection connection, CancellationToken cancellationToken)
   at Microsoft.EntityFrameworkCore.Update.Internal.BatchExecutor.ExecuteAsync(IEnumerable`1 commandBatches, IRelationalConnection connection, CancellationToken cancellationToken)
   at Microsoft.EntityFrameworkCore.Update.Internal.BatchExecutor.ExecuteAsync(IEnumerable`1 commandBatches, IRelationalConnection connection, CancellationToken cancellationToken)
   at Microsoft.EntityFrameworkCore.Update.Internal.BatchExecutor.ExecuteAsync(IEnumerable`1 commandBatches, IRelationalConnection connection, CancellationToken cancellationToken)
   at Microsoft.EntityFrameworkCore.Storage.RelationalDatabase.SaveChangesAsync(IList`1 entries, CancellationToken cancellationToken)
   at Microsoft.EntityFrameworkCore.ChangeTracking.Internal.StateManager.SaveChangesAsync(IList`1 entriesToSave, CancellationToken cancellationToken)
   at Microsoft.EntityFrameworkCore.ChangeTracking.Internal.StateManager.SaveChangesAsync(StateManager stateManager, Boolean acceptAllChangesOnSuccess, CancellationToken cancellationToken)
   at Microsoft.EntityFrameworkCore.Storage.ExecutionStrategy.<>c__DisplayClass30_0`2.<<ExecuteAsync>b__0>d.MoveNext()
--- End of stack trace from previous location ---
   at Microsoft.EntityFrameworkCore.Storage.ExecutionStrategy.ExecuteImplementationAsync[TState,TResult](Func`4 operation, Func`4 verifySucceeded, TState state, CancellationToken cancellationToken)
   at Microsoft.EntityFrameworkCore.Storage.ExecutionStrategy.ExecuteImplementationAsync[TState,TResult](Func`4 operation, Func`4 verifySucceeded, TState state, CancellationToken cancellationToken)
   at Microsoft.EntityFrameworkCore.Storage.ExecutionStrategy.ExecuteAsync[TState,TResult](TState state, Func`4 operation, Func`4 verifySucceeded, CancellationToken cancellationToken)
   at Microsoft.EntityFrameworkCore.DbContext.SaveChangesAsync(Boolean acceptAllChangesOnSuccess, CancellationToken cancellationToken)
2026-08-27 15:33:05.697 +05:30 [INF] Executed action LoanDeductionPrediction.API.Controllers.LoanRequestController.CreateRequest (LoanDeductionPrediction.API) in 737.8202ms
2026-08-27 15:33:05.705 +05:30 [INF] Executed endpoint 'LoanDeductionPrediction.API.Controllers.LoanRequestController.CreateRequest (LoanDeductionPrediction.API)'
2026-08-27 15:33:05.721 +05:30 [ERR] Unhandled exception occurred.
Microsoft.EntityFrameworkCore.DbUpdateException: An error occurred while saving the entity changes. See the inner exception for details.
 ---> Microsoft.Data.SqlClient.SqlException (0x80131904): Invalid object name 'LoanRequests'.
   at Microsoft.Data.SqlClient.SqlCommand.<>c.<ExecuteDbDataReaderAsync>b__195_0(Task`1 result)
   at System.Threading.Tasks.ContinuationResultTaskFromResultTask`2.InnerInvoke()
   at System.Threading.ExecutionContext.RunInternal(ExecutionContext executionContext, ContextCallback callback, Object state)
--- End of stack trace from previous location ---
   at System.Threading.ExecutionContext.RunInternal(ExecutionContext executionContext, ContextCallback callback, Object state)
   at System.Threading.Tasks.Task.ExecuteWithThreadLocal(Task& currentTaskSlot, Thread threadPoolThread)
--- End of stack trace from previous location ---
   at Microsoft.EntityFrameworkCore.Storage.RelationalCommand.ExecuteReaderAsync(RelationalCommandParameterObject parameterObject, CancellationToken cancellationToken)
   at Microsoft.EntityFrameworkCore.Storage.RelationalCommand.ExecuteReaderAsync(RelationalCommandParameterObject parameterObject, CancellationToken cancellationToken)
   at Microsoft.EntityFrameworkCore.Update.ReaderModificationCommandBatch.ExecuteAsync(IRelationalConnection connection, CancellationToken cancellationToken)
ClientConnectionId:64b9520b-f730-4632-b5ad-0f9273454a32
Error Number:208,State:1,Class:16
   --- End of inner exception stack trace ---
   at Microsoft.EntityFrameworkCore.Update.ReaderModificationCommandBatch.ExecuteAsync(IRelationalConnection connection, CancellationToken cancellationToken)
   at Microsoft.EntityFrameworkCore.SqlServer.Update.Internal.SqlServerModificationCommandBatch.ExecuteAsync(IRelationalConnection connection, CancellationToken cancellationToken)
   at Microsoft.EntityFrameworkCore.Update.Internal.BatchExecutor.ExecuteAsync(IEnumerable`1 commandBatches, IRelationalConnection connection, CancellationToken cancellationToken)
   at Microsoft.EntityFrameworkCore.Update.Internal.BatchExecutor.ExecuteAsync(IEnumerable`1 commandBatches, IRelationalConnection connection, CancellationToken cancellationToken)
   at Microsoft.EntityFrameworkCore.Update.Internal.BatchExecutor.ExecuteAsync(IEnumerable`1 commandBatches, IRelationalConnection connection, CancellationToken cancellationToken)
   at Microsoft.EntityFrameworkCore.Storage.RelationalDatabase.SaveChangesAsync(IList`1 entries, CancellationToken cancellationToken)
   at Microsoft.EntityFrameworkCore.ChangeTracking.Internal.StateManager.SaveChangesAsync(IList`1 entriesToSave, CancellationToken cancellationToken)
   at Microsoft.EntityFrameworkCore.ChangeTracking.Internal.StateManager.SaveChangesAsync(StateManager stateManager, Boolean acceptAllChangesOnSuccess, CancellationToken cancellationToken)
   at Microsoft.EntityFrameworkCore.Storage.ExecutionStrategy.<>c__DisplayClass30_0`2.<<ExecuteAsync>b__0>d.MoveNext()
--- End of stack trace from previous location ---
   at Microsoft.EntityFrameworkCore.Storage.ExecutionStrategy.ExecuteImplementationAsync[TState,TResult](Func`4 operation, Func`4 verifySucceeded, TState state, CancellationToken cancellationToken)
   at Microsoft.EntityFrameworkCore.Storage.ExecutionStrategy.ExecuteImplementationAsync[TState,TResult](Func`4 operation, Func`4 verifySucceeded, TState state, CancellationToken cancellationToken)
   at Microsoft.EntityFrameworkCore.Storage.ExecutionStrategy.ExecuteAsync[TState,TResult](TState state, Func`4 operation, Func`4 verifySucceeded, CancellationToken cancellationToken)
   at Microsoft.EntityFrameworkCore.DbContext.SaveChangesAsync(Boolean acceptAllChangesOnSuccess, CancellationToken cancellationToken)
   at Microsoft.EntityFrameworkCore.DbContext.SaveChangesAsync(Boolean acceptAllChangesOnSuccess, CancellationToken cancellationToken)
   at LoanDeductionPrediction.Repositories.Implementations.LoanRequestRepository.SaveChangesAsync() in C:\Users\thang\OneDrive\Documents\React Projects\LoanDeductionPrediction\LoanDeductionPrediction.Repositories\Implementations\LoanRequestRepository.cs:line 69
   at LoanDeductionPrediction.Services.Implementations.LoanRequestService.CreateRequestAsync(Int32 borrowerId, CreateLoanRequestDto request) in C:\Users\thang\OneDrive\Documents\React Projects\LoanDeductionPrediction\LoanDeductionPrediction.Services\Implementations\LoanRequestService.cs:line 78
   at LoanDeductionPrediction.API.Controllers.LoanRequestController.CreateRequest(CreateLoanRequestDto request) in C:\Users\thang\OneDrive\Documents\React Projects\LoanDeductionPrediction\LoanDeductionPrediction.API\Controllers\LoanRequestController.cs:line 50
   at Microsoft.AspNetCore.Mvc.Infrastructure.ActionMethodExecutor.TaskOfIActionResultExecutor.Execute(ActionContext actionContext, IActionResultTypeMapper mapper, ObjectMethodExecutor executor, Object controller, Object[] arguments)
   at Microsoft.AspNetCore.Mvc.Infrastructure.ControllerActionInvoker.<InvokeActionMethodAsync>g__Awaited|12_0(ControllerActionInvoker invoker, ValueTask`1 actionResultValueTask)
   at Microsoft.AspNetCore.Mvc.Infrastructure.ControllerActionInvoker.<InvokeNextActionFilterAsync>g__Awaited|10_0(ControllerActionInvoker invoker, Task lastTask, State next, Scope scope, Object state, Boolean isCompleted)
   at Microsoft.AspNetCore.Mvc.Infrastructure.ControllerActionInvoker.Rethrow(ActionExecutedContextSealed context)
   at Microsoft.AspNetCore.Mvc.Infrastructure.ControllerActionInvoker.Next(State& next, Scope& scope, Object& state, Boolean& isCompleted)
   at Microsoft.AspNetCore.Mvc.Infrastructure.ControllerActionInvoker.<InvokeInnerFilterAsync>g__Awaited|13_0(ControllerActionInvoker invoker, Task lastTask, State next, Scope scope, Object state, Boolean isCompleted)
   at Microsoft.AspNetCore.Mvc.Infrastructure.ResourceInvoker.<InvokeFilterPipelineAsync>g__Awaited|20_0(ResourceInvoker invoker, Task lastTask, State next, Scope scope, Object state, Boolean isCompleted)
   at Microsoft.AspNetCore.Mvc.Infrastructure.ResourceInvoker.<InvokeAsync>g__Logged|17_1(ResourceInvoker invoker)
   at Microsoft.AspNetCore.Mvc.Infrastructure.ResourceInvoker.<InvokeAsync>g__Logged|17_1(ResourceInvoker invoker)
   at Microsoft.AspNetCore.Routing.EndpointMiddleware.<Invoke>g__AwaitRequestTask|7_0(Endpoint endpoint, Task requestTask, ILogger logger)
   at Microsoft.AspNetCore.Authorization.AuthorizationMiddleware.Invoke(HttpContext context)
   at Microsoft.AspNetCore.Authentication.AuthenticationMiddleware.Invoke(HttpContext context)
   at Swashbuckle.AspNetCore.SwaggerUI.SwaggerUIMiddleware.Invoke(HttpContext httpContext)
   at Swashbuckle.AspNetCore.Swagger.SwaggerMiddleware.Invoke(HttpContext httpContext, ISwaggerProvider swaggerProvider)
   at LoanDeductionPrediction.API.Middleware.GlobalExceptionMiddleware.InvokeAsync(HttpContext context) in C:\Users\thang\OneDrive\Documents\React Projects\LoanDeductionPrediction\LoanDeductionPrediction.API\Middleware\GlobalExceptionMiddleware.cs:line 23
2026-08-27 15:33:07.020 +05:30 [ERR] HTTP POST /api/LoanRequest responded 500 in 2250.5645 ms
2026-08-27 15:33:07.027 +05:30 [INF] Request finished HTTP/1.1 POST http://localhost:5082/api/LoanRequest - 500 null application/json 2290.5415ms
2026-08-27 15:37:46.615 +05:30 [INF] Application is shutting down...
2026-08-27 15:40:12.166 +05:30 [WRN] No store type was specified for the decimal property 'InterestRate' on entity type 'LoanRequest'. This will cause values to be silently truncated if they do not fit in the default precision and scale. Explicitly specify the SQL server column type that can accommodate all the values in 'OnModelCreating' using 'HasColumnType', specify precision and scale using 'HasPrecision', or configure a value converter using 'HasConversion'.
2026-08-27 15:40:12.243 +05:30 [WRN] No store type was specified for the decimal property 'RequestedAmount' on entity type 'LoanRequest'. This will cause values to be silently truncated if they do not fit in the default precision and scale. Explicitly specify the SQL server column type that can accommodate all the values in 'OnModelCreating' using 'HasColumnType', specify precision and scale using 'HasPrecision', or configure a value converter using 'HasConversion'.
2026-08-27 15:40:26.168 +05:30 [WRN] No store type was specified for the decimal property 'InterestRate' on entity type 'LoanRequest'. This will cause values to be silently truncated if they do not fit in the default precision and scale. Explicitly specify the SQL server column type that can accommodate all the values in 'OnModelCreating' using 'HasColumnType', specify precision and scale using 'HasPrecision', or configure a value converter using 'HasConversion'.
2026-08-27 15:40:26.242 +05:30 [WRN] No store type was specified for the decimal property 'RequestedAmount' on entity type 'LoanRequest'. This will cause values to be silently truncated if they do not fit in the default precision and scale. Explicitly specify the SQL server column type that can accommodate all the values in 'OnModelCreating' using 'HasColumnType', specify precision and scale using 'HasPrecision', or configure a value converter using 'HasConversion'.
2026-08-27 15:40:26.890 +05:30 [INF] Executed DbCommand (21ms) [Parameters=[], CommandType='"Text"', CommandTimeout='30']
SELECT 1
2026-08-27 15:40:26.911 +05:30 [INF] Acquiring an exclusive lock for migration application. See https://aka.ms/efcore-docs-migrations-lock for more information if this takes too long.
2026-08-27 15:40:26.990 +05:30 [INF] Executed DbCommand (60ms) [Parameters=[], CommandType='"Text"', CommandTimeout='30']
DECLARE @result int;
EXEC @result = sp_getapplock @Resource = '__EFMigrationsLock', @LockOwner = 'Session', @LockMode = 'Exclusive';
SELECT @result
2026-08-27 15:40:27.105 +05:30 [INF] Executed DbCommand (19ms) [Parameters=[], CommandType='"Text"', CommandTimeout='30']
IF OBJECT_ID(N'[__EFMigrationsHistory]') IS NULL
BEGIN
    CREATE TABLE [__EFMigrationsHistory] (
        [MigrationId] nvarchar(150) NOT NULL,
        [ProductVersion] nvarchar(32) NOT NULL,
        CONSTRAINT [PK___EFMigrationsHistory] PRIMARY KEY ([MigrationId])
    );
END;
2026-08-27 15:40:27.119 +05:30 [INF] Executed DbCommand (1ms) [Parameters=[], CommandType='"Text"', CommandTimeout='30']
SELECT 1
2026-08-27 15:40:27.128 +05:30 [INF] Executed DbCommand (2ms) [Parameters=[], CommandType='"Text"', CommandTimeout='30']
SELECT OBJECT_ID(N'[__EFMigrationsHistory]');
2026-08-27 15:40:27.179 +05:30 [INF] Executed DbCommand (45ms) [Parameters=[], CommandType='"Text"', CommandTimeout='30']
SELECT [MigrationId], [ProductVersion]
FROM [__EFMigrationsHistory]
ORDER BY [MigrationId];
2026-08-27 15:40:27.196 +05:30 [INF] Applying migration '20260827101012_MakeLoanRequestInterestRateNullable'.
2026-08-27 15:40:27.344 +05:30 [INF] Executed DbCommand (49ms) [Parameters=[], CommandType='"Text"', CommandTimeout='30']
CREATE TABLE [LoanRequests] (
    [LoanRequestId] int NOT NULL IDENTITY,
    [BorrowerId] int NOT NULL,
    [RequestedAmount] decimal(18,2) NOT NULL,
    [InterestRate] decimal(18,2) NULL,
    [TenureMonths] int NOT NULL,
    [Status] nvarchar(max) NOT NULL,
    [RequestedAt] datetime2 NOT NULL,
    [ReviewedAt] datetime2 NULL,
    [ReviewedByLoanOfficerId] int NULL,
    [Remarks] nvarchar(max) NULL,
    [LoanOfficerUserId] int NULL,
    CONSTRAINT [PK_LoanRequests] PRIMARY KEY ([LoanRequestId]),
    CONSTRAINT [FK_LoanRequests_Users_BorrowerId] FOREIGN KEY ([BorrowerId]) REFERENCES [Users] ([UserId]) ON DELETE CASCADE,
    CONSTRAINT [FK_LoanRequests_Users_LoanOfficerUserId] FOREIGN KEY ([LoanOfficerUserId]) REFERENCES [Users] ([UserId])
);
2026-08-27 15:40:27.488 +05:30 [INF] Executed DbCommand (139ms) [Parameters=[], CommandType='"Text"', CommandTimeout='30']
CREATE INDEX [IX_LoanRequests_BorrowerId] ON [LoanRequests] ([BorrowerId]);
2026-08-27 15:40:27.506 +05:30 [INF] Executed DbCommand (13ms) [Parameters=[], CommandType='"Text"', CommandTimeout='30']
CREATE INDEX [IX_LoanRequests_LoanOfficerUserId] ON [LoanRequests] ([LoanOfficerUserId]);
2026-08-27 15:40:27.533 +05:30 [INF] Executed DbCommand (22ms) [Parameters=[], CommandType='"Text"', CommandTimeout='30']
INSERT INTO [__EFMigrationsHistory] ([MigrationId], [ProductVersion])
VALUES (N'20260827101012_MakeLoanRequestInterestRateNullable', N'10.0.11');
2026-08-27 15:40:27.594 +05:30 [INF] Executed DbCommand (47ms) [Parameters=[], CommandType='"Text"', CommandTimeout='30']
DECLARE @result int;
EXEC @result = sp_releaseapplock @Resource = '__EFMigrationsLock', @LockOwner = 'Session';
SELECT @result
2026-08-27 15:44:07.158 +05:30 [WRN] No store type was specified for the decimal property 'InterestRate' on entity type 'LoanRequest'. This will cause values to be silently truncated if they do not fit in the default precision and scale. Explicitly specify the SQL server column type that can accommodate all the values in 'OnModelCreating' using 'HasColumnType', specify precision and scale using 'HasPrecision', or configure a value converter using 'HasConversion'.
2026-08-27 15:44:07.208 +05:30 [WRN] No store type was specified for the decimal property 'RequestedAmount' on entity type 'LoanRequest'. This will cause values to be silently truncated if they do not fit in the default precision and scale. Explicitly specify the SQL server column type that can accommodate all the values in 'OnModelCreating' using 'HasColumnType', specify precision and scale using 'HasPrecision', or configure a value converter using 'HasConversion'.
2026-08-27 15:44:49.399 +05:30 [WRN] No store type was specified for the decimal property 'InterestRate' on entity type 'LoanRequest'. This will cause values to be silently truncated if they do not fit in the default precision and scale. Explicitly specify the SQL server column type that can accommodate all the values in 'OnModelCreating' using 'HasColumnType', specify precision and scale using 'HasPrecision', or configure a value converter using 'HasConversion'.
2026-08-27 15:44:49.489 +05:30 [WRN] No store type was specified for the decimal property 'RequestedAmount' on entity type 'LoanRequest'. This will cause values to be silently truncated if they do not fit in the default precision and scale. Explicitly specify the SQL server column type that can accommodate all the values in 'OnModelCreating' using 'HasColumnType', specify precision and scale using 'HasPrecision', or configure a value converter using 'HasConversion'.
2026-08-27 15:44:50.421 +05:30 [INF] Executed DbCommand (22ms) [Parameters=[], CommandType='"Text"', CommandTimeout='30']
SELECT 1
2026-08-27 15:44:50.439 +05:30 [INF] Acquiring an exclusive lock for migration application. See https://aka.ms/efcore-docs-migrations-lock for more information if this takes too long.
2026-08-27 15:44:50.478 +05:30 [INF] Executed DbCommand (35ms) [Parameters=[], CommandType='"Text"', CommandTimeout='30']
DECLARE @result int;
EXEC @result = sp_getapplock @Resource = '__EFMigrationsLock', @LockOwner = 'Session', @LockMode = 'Exclusive';
SELECT @result
2026-08-27 15:44:50.568 +05:30 [INF] Executed DbCommand (8ms) [Parameters=[], CommandType='"Text"', CommandTimeout='30']
IF OBJECT_ID(N'[__EFMigrationsHistory]') IS NULL
BEGIN
    CREATE TABLE [__EFMigrationsHistory] (
        [MigrationId] nvarchar(150) NOT NULL,
        [ProductVersion] nvarchar(32) NOT NULL,
        CONSTRAINT [PK___EFMigrationsHistory] PRIMARY KEY ([MigrationId])
    );
END;
2026-08-27 15:44:50.583 +05:30 [INF] Executed DbCommand (1ms) [Parameters=[], CommandType='"Text"', CommandTimeout='30']
SELECT 1
2026-08-27 15:44:50.590 +05:30 [INF] Executed DbCommand (1ms) [Parameters=[], CommandType='"Text"', CommandTimeout='30']
SELECT OBJECT_ID(N'[__EFMigrationsHistory]');
2026-08-27 15:44:50.629 +05:30 [INF] Executed DbCommand (26ms) [Parameters=[], CommandType='"Text"', CommandTimeout='30']
SELECT [MigrationId], [ProductVersion]
FROM [__EFMigrationsHistory]
ORDER BY [MigrationId];
2026-08-27 15:44:50.646 +05:30 [INF] Applying migration '20260827101407_FixLoanRequestRelationships'.
2026-08-27 15:44:50.714 +05:30 [INF] Executed DbCommand (29ms) [Parameters=[], CommandType='"Text"', CommandTimeout='30']
ALTER TABLE [LoanRequests] DROP CONSTRAINT [FK_LoanRequests_Users_BorrowerId];
2026-08-27 15:44:50.719 +05:30 [INF] Executed DbCommand (2ms) [Parameters=[], CommandType='"Text"', CommandTimeout='30']
ALTER TABLE [LoanRequests] DROP CONSTRAINT [FK_LoanRequests_Users_LoanOfficerUserId];
2026-08-27 15:44:50.738 +05:30 [INF] Executed DbCommand (14ms) [Parameters=[], CommandType='"Text"', CommandTimeout='30']
DROP INDEX [IX_LoanRequests_LoanOfficerUserId] ON [LoanRequests];
2026-08-27 15:44:50.910 +05:30 [INF] Executed DbCommand (164ms) [Parameters=[], CommandType='"Text"', CommandTimeout='30']
DECLARE @var nvarchar(max);
SELECT @var = QUOTENAME([d].[name])
FROM [sys].[default_constraints] [d]
INNER JOIN [sys].[columns] [c] ON [d].[parent_column_id] = [c].[column_id] AND [d].[parent_object_id] = [c].[object_id]
WHERE ([d].[parent_object_id] = OBJECT_ID(N'[LoanRequests]') AND [c].[name] = N'LoanOfficerUserId');
IF @var IS NOT NULL EXEC(N'ALTER TABLE [LoanRequests] DROP CONSTRAINT ' + @var + ';');
ALTER TABLE [LoanRequests] DROP COLUMN [LoanOfficerUserId];
2026-08-27 15:44:50.998 +05:30 [INF] Executed DbCommand (85ms) [Parameters=[], CommandType='"Text"', CommandTimeout='30']
CREATE INDEX [IX_LoanRequests_ReviewedByLoanOfficerId] ON [LoanRequests] ([ReviewedByLoanOfficerId]);
2026-08-27 15:44:51.013 +05:30 [INF] Executed DbCommand (12ms) [Parameters=[], CommandType='"Text"', CommandTimeout='30']
ALTER TABLE [LoanRequests] ADD CONSTRAINT [FK_LoanRequests_Users_BorrowerId] FOREIGN KEY ([BorrowerId]) REFERENCES [Users] ([UserId]) ON DELETE NO ACTION;
2026-08-27 15:44:51.021 +05:30 [INF] Executed DbCommand (3ms) [Parameters=[], CommandType='"Text"', CommandTimeout='30']
ALTER TABLE [LoanRequests] ADD CONSTRAINT [FK_LoanRequests_Users_ReviewedByLoanOfficerId] FOREIGN KEY ([ReviewedByLoanOfficerId]) REFERENCES [Users] ([UserId]) ON DELETE NO ACTION;
2026-08-27 15:44:51.046 +05:30 [INF] Executed DbCommand (23ms) [Parameters=[], CommandType='"Text"', CommandTimeout='30']
INSERT INTO [__EFMigrationsHistory] ([MigrationId], [ProductVersion])
VALUES (N'20260827101407_FixLoanRequestRelationships', N'10.0.11');
2026-08-27 15:44:51.076 +05:30 [INF] Executed DbCommand (21ms) [Parameters=[], CommandType='"Text"', CommandTimeout='30']
DECLARE @result int;
EXEC @result = sp_releaseapplock @Resource = '__EFMigrationsLock', @LockOwner = 'Session';
SELECT @result
2026-08-27 15:45:24.546 +05:30 [WRN] No store type was specified for the decimal property 'InterestRate' on entity type 'LoanRequest'. This will cause values to be silently truncated if they do not fit in the default precision and scale. Explicitly specify the SQL server column type that can accommodate all the values in 'OnModelCreating' using 'HasColumnType', specify precision and scale using 'HasPrecision', or configure a value converter using 'HasConversion'.
2026-08-27 15:45:24.585 +05:30 [WRN] No store type was specified for the decimal property 'RequestedAmount' on entity type 'LoanRequest'. This will cause values to be silently truncated if they do not fit in the default precision and scale. Explicitly specify the SQL server column type that can accommodate all the values in 'OnModelCreating' using 'HasColumnType', specify precision and scale using 'HasPrecision', or configure a value converter using 'HasConversion'.
2026-08-27 15:45:25.222 +05:30 [INF] Executed DbCommand (34ms) [Parameters=[], CommandType='"Text"', CommandTimeout='30']
SELECT CASE
    WHEN EXISTS (
        SELECT 1
        FROM [Users] AS [u]
        WHERE [u].[Role] = N'Admin') THEN CAST(1 AS bit)
    ELSE CAST(0 AS bit)
END
2026-08-27 15:45:25.372 +05:30 [INF] User profile is available. Using 'C:\Users\thang\AppData\Local\ASP.NET\DataProtection-Keys' as key repository and Windows DPAPI to encrypt keys at rest.
2026-08-27 15:45:25.385 +05:30 [INF] Payment Behavior Background Service started.
2026-08-27 15:45:25.486 +05:30 [INF] Now listening on: http://localhost:5082
2026-08-27 15:45:25.489 +05:30 [INF] Application started. Press Ctrl+C to shut down.
2026-08-27 15:45:25.490 +05:30 [INF] Hosting environment: Development
2026-08-27 15:45:25.491 +05:30 [INF] Content root path: C:\Users\thang\OneDrive\Documents\React Projects\LoanDeductionPrediction\LoanDeductionPrediction.API
2026-08-27 15:45:25.579 +05:30 [INF] Executed DbCommand (48ms) [Parameters=[@today='?' (DbType = Date)], CommandType='"Text"', CommandTimeout='30']
SELECT [r].[ScheduleId], [r].[DueDate], [r].[EMIAmount], [r].[InstallmentNumber], [r].[InterestAmount], [r].[LoanId], [r].[PaidAmount], [r].[PaidDate], [r].[PrincipalAmount], [r].[Status]
FROM [RepaymentSchedules] AS [r]
WHERE [r].[DueDate] < @today AND [r].[PaidAmount] < [r].[EMIAmount] AND [r].[Status] <> N'PAID'
ORDER BY [r].[DueDate]
2026-08-27 15:45:25.709 +05:30 [INF] Executed DbCommand (9ms) [Parameters=[@scheduleId='?' (DbType = Int32)], CommandType='"Text"', CommandTimeout='30']
SELECT TOP(1) [p].[BehaviorLogId], [p].[BorrowerId], [p].[DaysLate], [p].[DueDate], [p].[LoanId], [p].[PaymentDate], [p].[PaymentStatus], [p].[RecordedAt], [p].[ScheduleId]
FROM [PaymentBehaviorLogs] AS [p]
WHERE [p].[ScheduleId] = @scheduleId
2026-08-27 15:45:25.752 +05:30 [INF] Executed DbCommand (1ms) [Parameters=[@scheduleId='?' (DbType = Int32)], CommandType='"Text"', CommandTimeout='30']
SELECT TOP(1) [p].[BehaviorLogId], [p].[BorrowerId], [p].[DaysLate], [p].[DueDate], [p].[LoanId], [p].[PaymentDate], [p].[PaymentStatus], [p].[RecordedAt], [p].[ScheduleId]
FROM [PaymentBehaviorLogs] AS [p]
WHERE [p].[ScheduleId] = @scheduleId
2026-08-27 15:45:25.756 +05:30 [INF] Executed DbCommand (1ms) [Parameters=[@scheduleId='?' (DbType = Int32)], CommandType='"Text"', CommandTimeout='30']
SELECT TOP(1) [p].[BehaviorLogId], [p].[BorrowerId], [p].[DaysLate], [p].[DueDate], [p].[LoanId], [p].[PaymentDate], [p].[PaymentStatus], [p].[RecordedAt], [p].[ScheduleId]
FROM [PaymentBehaviorLogs] AS [p]
WHERE [p].[ScheduleId] = @scheduleId
2026-08-27 15:45:41.998 +05:30 [INF] Request starting HTTP/1.1 GET http://localhost:5082/swagger/index.html - null null
2026-08-27 15:45:42.383 +05:30 [INF] HTTP GET /swagger/index.html responded 304 in 207.5283 ms
2026-08-27 15:45:42.395 +05:30 [INF] Request finished HTTP/1.1 GET http://localhost:5082/swagger/index.html - 304 null null 400.5297ms
2026-08-27 15:45:42.426 +05:30 [INF] Request starting HTTP/1.1 GET http://localhost:5082/swagger/swagger-ui-bundle.js - null null
2026-08-27 15:45:42.426 +05:30 [INF] Request starting HTTP/1.1 GET http://localhost:5082/swagger/swagger-ui.css - null null
2026-08-27 15:45:42.433 +05:30 [INF] Request starting HTTP/1.1 GET http://localhost:5082/swagger/index.css - null null
2026-08-27 15:45:42.437 +05:30 [INF] Request starting HTTP/1.1 GET http://localhost:5082/swagger/index.js - null null
2026-08-27 15:45:42.437 +05:30 [INF] Request starting HTTP/1.1 GET http://localhost:5082/swagger/swagger-ui-standalone-preset.js - null null
2026-08-27 15:45:42.506 +05:30 [INF] HTTP GET /swagger/swagger-ui.css responded 304 in 48.1605 ms
2026-08-27 15:45:42.506 +05:30 [INF] HTTP GET /swagger/index.css responded 304 in 12.1065 ms
2026-08-27 15:45:42.511 +05:30 [INF] HTTP GET /swagger/swagger-ui-bundle.js responded 304 in 59.4095 ms
2026-08-27 15:45:42.512 +05:30 [INF] HTTP GET /swagger/index.js responded 304 in 0.8082 ms
2026-08-27 15:45:42.529 +05:30 [INF] HTTP GET /swagger/swagger-ui-standalone-preset.js responded 304 in 5.6239 ms
2026-08-27 15:45:42.533 +05:30 [INF] Request finished HTTP/1.1 GET http://localhost:5082/swagger/swagger-ui.css - 304 null null 107.1271ms
2026-08-27 15:45:42.537 +05:30 [INF] Request finished HTTP/1.1 GET http://localhost:5082/swagger/index.css - 304 null null 104.1563ms
2026-08-27 15:45:42.551 +05:30 [INF] Request finished HTTP/1.1 GET http://localhost:5082/swagger/swagger-ui-bundle.js - 304 null null 123.9526ms
2026-08-27 15:45:42.562 +05:30 [INF] Request finished HTTP/1.1 GET http://localhost:5082/swagger/index.js - 304 null null 120.8866ms
2026-08-27 15:45:42.585 +05:30 [INF] Request finished HTTP/1.1 GET http://localhost:5082/swagger/swagger-ui-standalone-preset.js - 304 null null 147.7679ms
2026-08-27 15:45:42.673 +05:30 [INF] Request starting HTTP/1.1 GET http://localhost:5082/swagger/v1/swagger.json - null null
2026-08-27 15:45:42.974 +05:30 [INF] HTTP GET /swagger/v1/swagger.json responded 200 in 285.3194 ms
2026-08-27 15:45:42.984 +05:30 [INF] Request finished HTTP/1.1 GET http://localhost:5082/swagger/v1/swagger.json - 200 null application/json;charset=utf-8 311.1477ms
2026-08-27 15:46:06.396 +05:30 [INF] Request starting HTTP/1.1 POST http://localhost:5082/api/Auth/login - application/json 63
2026-08-27 15:46:06.460 +05:30 [WRN] Failed to determine the https port for redirect.
2026-08-27 15:46:06.502 +05:30 [INF] CORS policy execution successful.
2026-08-27 15:46:06.577 +05:30 [INF] Executing endpoint 'LoanDeductionPrediction.API.Controllers.AuthController.Login (LoanDeductionPrediction.API)'
2026-08-27 15:46:06.625 +05:30 [INF] Route matched with {action = "Login", controller = "Auth"}. Executing controller action with signature System.Threading.Tasks.Task`1[Microsoft.AspNetCore.Mvc.IActionResult] Login(LoanDeductionPrediction.Models.DTOs.LoginRequest) on controller LoanDeductionPrediction.API.Controllers.AuthController (LoanDeductionPrediction.API).
2026-08-27 15:46:06.918 +05:30 [WRN] You do not have a valid license key for the Lucky Penny software AutoMapper. This is allowed for development and testing scenarios. If you are running in production you are required to have a licensed version. Please visit https://luckypennysoftware.com to obtain a valid license.
2026-08-27 15:46:07.174 +05:30 [INF] Executed DbCommand (8ms) [Parameters=[@email='?' (Size = 150)], CommandType='"Text"', CommandTimeout='30']
SELECT TOP(1) [u].[UserId], [u].[CreatedAt], [u].[Email], [u].[FullName], [u].[IsActive], [u].[PasswordHash], [u].[Role]
FROM [Users] AS [u]
WHERE [u].[Email] = @email
2026-08-27 15:46:08.128 +05:30 [INF] Executed DbCommand (27ms) [Parameters=[@p0='?' (DbType = DateTime2), @p1='?' (DbType = DateTime2), @p2='?' (DbType = Boolean), @p3='?' (DbType = DateTime2), @p4='?' (Size = 500), @p5='?' (DbType = Int32)], CommandType='"Text"', CommandTimeout='30']
SET IMPLICIT_TRANSACTIONS OFF;
SET NOCOUNT ON;
INSERT INTO [RefreshTokens] ([CreatedAt], [ExpiresAt], [IsRevoked], [RevokedAt], [Token], [UserId])
OUTPUT INSERTED.[RefreshTokenId]
VALUES (@p0, @p1, @p2, @p3, @p4, @p5);
2026-08-27 15:46:08.239 +05:30 [INF] Executing OkObjectResult, writing value of type 'LoanDeductionPrediction.Models.DTOs.LoginResponse'.
2026-08-27 15:46:08.281 +05:30 [INF] Executed action LoanDeductionPrediction.API.Controllers.AuthController.Login (LoanDeductionPrediction.API) in 1640.5298ms
2026-08-27 15:46:08.285 +05:30 [INF] Executed endpoint 'LoanDeductionPrediction.API.Controllers.AuthController.Login (LoanDeductionPrediction.API)'
2026-08-27 15:46:08.291 +05:30 [INF] HTTP POST /api/Auth/login responded 200 in 1836.2298 ms
2026-08-27 15:46:08.308 +05:30 [INF] Request finished HTTP/1.1 POST http://localhost:5082/api/Auth/login - 200 null application/json; charset=utf-8 1911.7153ms
2026-08-27 15:46:45.245 +05:30 [INF] Request starting HTTP/1.1 POST http://localhost:5082/api/LoanRequest - application/json 88
2026-08-27 15:46:45.264 +05:30 [INF] CORS policy execution successful.
2026-08-27 15:46:45.392 +05:30 [INF] Executing endpoint 'LoanDeductionPrediction.API.Controllers.LoanRequestController.CreateRequest (LoanDeductionPrediction.API)'
2026-08-27 15:46:45.408 +05:30 [INF] Route matched with {action = "CreateRequest", controller = "LoanRequest"}. Executing controller action with signature System.Threading.Tasks.Task`1[Microsoft.AspNetCore.Mvc.IActionResult] CreateRequest(LoanDeductionPrediction.Models.DTOs.CreateLoanRequestDto) on controller LoanDeductionPrediction.API.Controllers.LoanRequestController (LoanDeductionPrediction.API).
2026-08-27 15:46:45.602 +05:30 [INF] Executed DbCommand (49ms) [Parameters=[@p0='?' (DbType = Int32), @p1='?' (Precision = 18) (Scale = 2) (DbType = Decimal), @p2='?' (Size = 4000), @p3='?' (Precision = 18) (Scale = 2) (DbType = Decimal), @p4='?' (DbType = DateTime2), @p5='?' (DbType = DateTime2), @p6='?' (DbType = Int32), @p7='?' (Size = 4000), @p8='?' (DbType = Int32)], CommandType='"Text"', CommandTimeout='30']
SET IMPLICIT_TRANSACTIONS OFF;
SET NOCOUNT ON;
INSERT INTO [LoanRequests] ([BorrowerId], [InterestRate], [Remarks], [RequestedAmount], [RequestedAt], [ReviewedAt], [ReviewedByLoanOfficerId], [Status], [TenureMonths])
OUTPUT INSERTED.[LoanRequestId]
VALUES (@p0, @p1, @p2, @p3, @p4, @p5, @p6, @p7, @p8);
2026-08-27 15:46:45.618 +05:30 [INF] Executing CreatedAtActionResult, writing value of type '<>f__AnonymousType5`7[[System.String, System.Private.CoreLib, Version=10.0.0.0, Culture=neutral, PublicKeyToken=7cec85d7bea7798e],[System.Int32, System.Private.CoreLib, Version=10.0.0.0, Culture=neutral, PublicKeyToken=7cec85d7bea7798e],[System.String, System.Private.CoreLib, Version=10.0.0.0, Culture=neutral, PublicKeyToken=7cec85d7bea7798e],[System.Decimal, System.Private.CoreLib, Version=10.0.0.0, Culture=neutral, PublicKeyToken=7cec85d7bea7798e],[System.Nullable`1[[System.Decimal, System.Private.CoreLib, Version=10.0.0.0, Culture=neutral, PublicKeyToken=7cec85d7bea7798e]], System.Private.CoreLib, Version=10.0.0.0, Culture=neutral, PublicKeyToken=7cec85d7bea7798e],[System.Int32, System.Private.CoreLib, Version=10.0.0.0, Culture=neutral, PublicKeyToken=7cec85d7bea7798e],[System.DateTime, System.Private.CoreLib, Version=10.0.0.0, Culture=neutral, PublicKeyToken=7cec85d7bea7798e]]'.
2026-08-27 15:46:45.687 +05:30 [INF] Executed action LoanDeductionPrediction.API.Controllers.LoanRequestController.CreateRequest (LoanDeductionPrediction.API) in 272.973ms
2026-08-27 15:46:45.702 +05:30 [INF] Executed endpoint 'LoanDeductionPrediction.API.Controllers.LoanRequestController.CreateRequest (LoanDeductionPrediction.API)'
2026-08-27 15:46:45.740 +05:30 [INF] HTTP POST /api/LoanRequest responded 201 in 477.9658 ms
2026-08-27 15:46:45.759 +05:30 [INF] Request finished HTTP/1.1 POST http://localhost:5082/api/LoanRequest - 201 null application/json; charset=utf-8 514.3544ms
2026-08-27 15:47:16.976 +05:30 [INF] Request starting HTTP/1.1 GET http://localhost:5082/api/LoanRequest/my - null null
2026-08-27 15:47:17.011 +05:30 [INF] Executing endpoint 'LoanDeductionPrediction.API.Controllers.LoanRequestController.GetMyRequests (LoanDeductionPrediction.API)'
2026-08-27 15:47:17.052 +05:30 [INF] Route matched with {action = "GetMyRequests", controller = "LoanRequest"}. Executing controller action with signature System.Threading.Tasks.Task`1[Microsoft.AspNetCore.Mvc.IActionResult] GetMyRequests() on controller LoanDeductionPrediction.API.Controllers.LoanRequestController (LoanDeductionPrediction.API).
2026-08-27 15:47:17.155 +05:30 [INF] Executed DbCommand (36ms) [Parameters=[@borrowerId='?' (DbType = Int32)], CommandType='"Text"', CommandTimeout='30']
SELECT [l].[LoanRequestId], [l].[BorrowerId], [l].[InterestRate], [l].[Remarks], [l].[RequestedAmount], [l].[RequestedAt], [l].[ReviewedAt], [l].[ReviewedByLoanOfficerId], [l].[Status], [l].[TenureMonths]
FROM [LoanRequests] AS [l]
WHERE [l].[BorrowerId] = @borrowerId
ORDER BY [l].[RequestedAt] DESC
2026-08-27 15:47:17.170 +05:30 [INF] Executing OkObjectResult, writing value of type 'System.Collections.Generic.List`1[[LoanRequest, LoanDeductionPrediction.Repositories, Version=1.0.0.0, Culture=neutral, PublicKeyToken=null]]'.
2026-08-27 15:47:17.248 +05:30 [INF] Executed action LoanDeductionPrediction.API.Controllers.LoanRequestController.GetMyRequests (LoanDeductionPrediction.API) in 183.6337ms
2026-08-27 15:47:17.251 +05:30 [INF] Executed endpoint 'LoanDeductionPrediction.API.Controllers.LoanRequestController.GetMyRequests (LoanDeductionPrediction.API)'
2026-08-27 15:47:17.254 +05:30 [INF] HTTP GET /api/LoanRequest/my responded 200 in 258.4532 ms
2026-08-27 15:47:17.261 +05:30 [INF] Request finished HTTP/1.1 GET http://localhost:5082/api/LoanRequest/my - 200 null application/json; charset=utf-8 284.6016ms
2026-08-27 15:49:05.800 +05:30 [INF] Request starting HTTP/1.1 POST http://localhost:5082/api/Auth/login - application/json 69
2026-08-27 15:49:05.834 +05:30 [INF] CORS policy execution successful.
2026-08-27 15:49:05.873 +05:30 [INF] Executing endpoint 'LoanDeductionPrediction.API.Controllers.AuthController.Login (LoanDeductionPrediction.API)'
2026-08-27 15:49:05.889 +05:30 [INF] Route matched with {action = "Login", controller = "Auth"}. Executing controller action with signature System.Threading.Tasks.Task`1[Microsoft.AspNetCore.Mvc.IActionResult] Login(LoanDeductionPrediction.Models.DTOs.LoginRequest) on controller LoanDeductionPrediction.API.Controllers.AuthController (LoanDeductionPrediction.API).
2026-08-27 15:49:05.917 +05:30 [INF] Executed DbCommand (7ms) [Parameters=[@email='?' (Size = 150)], CommandType='"Text"', CommandTimeout='30']
SELECT TOP(1) [u].[UserId], [u].[CreatedAt], [u].[Email], [u].[FullName], [u].[IsActive], [u].[PasswordHash], [u].[Role]
FROM [Users] AS [u]
WHERE [u].[Email] = @email
2026-08-27 15:49:06.329 +05:30 [INF] Executed DbCommand (8ms) [Parameters=[@p0='?' (DbType = DateTime2), @p1='?' (DbType = DateTime2), @p2='?' (DbType = Boolean), @p3='?' (DbType = DateTime2), @p4='?' (Size = 500), @p5='?' (DbType = Int32)], CommandType='"Text"', CommandTimeout='30']
SET IMPLICIT_TRANSACTIONS OFF;
SET NOCOUNT ON;
INSERT INTO [RefreshTokens] ([CreatedAt], [ExpiresAt], [IsRevoked], [RevokedAt], [Token], [UserId])
OUTPUT INSERTED.[RefreshTokenId]
VALUES (@p0, @p1, @p2, @p3, @p4, @p5);
2026-08-27 15:49:06.335 +05:30 [INF] Executing OkObjectResult, writing value of type 'LoanDeductionPrediction.Models.DTOs.LoginResponse'.
2026-08-27 15:49:06.343 +05:30 [INF] Executed action LoanDeductionPrediction.API.Controllers.AuthController.Login (LoanDeductionPrediction.API) in 438.7721ms
2026-08-27 15:49:06.355 +05:30 [INF] Executed endpoint 'LoanDeductionPrediction.API.Controllers.AuthController.Login (LoanDeductionPrediction.API)'
2026-08-27 15:49:06.359 +05:30 [INF] HTTP POST /api/Auth/login responded 200 in 524.7508 ms
2026-08-27 15:49:06.371 +05:30 [INF] Request finished HTTP/1.1 POST http://localhost:5082/api/Auth/login - 200 null application/json; charset=utf-8 570.661ms
2026-08-27 15:49:33.572 +05:30 [INF] Request starting HTTP/1.1 GET http://localhost:5082/api/Loan - null null
2026-08-27 15:49:33.619 +05:30 [INF] Executing endpoint 'LoanDeductionPrediction.API.Controllers.LoanController.GetAll (LoanDeductionPrediction.API)'
2026-08-27 15:49:33.653 +05:30 [INF] Route matched with {action = "GetAll", controller = "Loan"}. Executing controller action with signature System.Threading.Tasks.Task`1[Microsoft.AspNetCore.Mvc.IActionResult] GetAll() on controller LoanDeductionPrediction.API.Controllers.LoanController (LoanDeductionPrediction.API).
2026-08-27 15:49:33.716 +05:30 [INF] Executed DbCommand (8ms) [Parameters=[], CommandType='"Text"', CommandTimeout='30']
SELECT [l].[LoanId], [l].[BorrowerId], [l].[CreatedAt], [l].[EMIAmount], [l].[EndDate], [l].[InterestRate], [l].[LoanOfficerId], [l].[OutstandingAmount], [l].[PrincipalAmount], [l].[StartDate], [l].[Status], [l].[TenureMonths]
FROM [LoanAccounts] AS [l]
ORDER BY [l].[LoanId] DESC
2026-08-27 15:49:33.754 +05:30 [INF] Executing OkObjectResult, writing value of type 'System.Collections.Generic.List`1[[LoanDeductionPrediction.Models.DTOs.LoanDto, LoanDeductionPrediction.Models, Version=1.0.0.0, Culture=neutral, PublicKeyToken=null]]'.
2026-08-27 15:49:33.766 +05:30 [INF] Executed action LoanDeductionPrediction.API.Controllers.LoanController.GetAll (LoanDeductionPrediction.API) in 103.2962ms
2026-08-27 15:49:33.779 +05:30 [INF] Executed endpoint 'LoanDeductionPrediction.API.Controllers.LoanController.GetAll (LoanDeductionPrediction.API)'
2026-08-27 15:49:33.785 +05:30 [INF] HTTP GET /api/Loan responded 200 in 169.5402 ms
2026-08-27 15:49:33.803 +05:30 [INF] Request finished HTTP/1.1 GET http://localhost:5082/api/Loan - 200 null application/json; charset=utf-8 231.3843ms
2026-08-27 15:49:52.771 +05:30 [INF] Request starting HTTP/1.1 GET http://localhost:5082/api/User - null null
2026-08-27 15:49:52.791 +05:30 [INF] Executing endpoint 'LoanDeductionPrediction.API.Controllers.UserController.GetUsers (LoanDeductionPrediction.API)'
2026-08-27 15:49:52.825 +05:30 [INF] Route matched with {action = "GetUsers", controller = "User"}. Executing controller action with signature System.Threading.Tasks.Task`1[Microsoft.AspNetCore.Mvc.IActionResult] GetUsers() on controller LoanDeductionPrediction.API.Controllers.UserController (LoanDeductionPrediction.API).
2026-08-27 15:49:52.930 +05:30 [INF] Executed DbCommand (4ms) [Parameters=[], CommandType='"Text"', CommandTimeout='30']
SELECT [u].[UserId], [u].[FullName], [u].[Email], [u].[Role], [u].[IsActive], [u].[CreatedAt]
FROM [Users] AS [u]
ORDER BY [u].[UserId]
2026-08-27 15:49:52.938 +05:30 [INF] Executing OkObjectResult, writing value of type 'System.Collections.Generic.List`1[[<>f__AnonymousType16`6[[System.Int32, System.Private.CoreLib, Version=10.0.0.0, Culture=neutral, PublicKeyToken=7cec85d7bea7798e],[System.String, System.Private.CoreLib, Version=10.0.0.0, Culture=neutral, PublicKeyToken=7cec85d7bea7798e],[System.String, System.Private.CoreLib, Version=10.0.0.0, Culture=neutral, PublicKeyToken=7cec85d7bea7798e],[System.String, System.Private.CoreLib, Version=10.0.0.0, Culture=neutral, PublicKeyToken=7cec85d7bea7798e],[System.Boolean, System.Private.CoreLib, Version=10.0.0.0, Culture=neutral, PublicKeyToken=7cec85d7bea7798e],[System.DateTime, System.Private.CoreLib, Version=10.0.0.0, Culture=neutral, PublicKeyToken=7cec85d7bea7798e]], LoanDeductionPrediction.API, Version=1.0.0.0, Culture=neutral, PublicKeyToken=null]]'.
2026-08-27 15:49:52.954 +05:30 [INF] Executed action LoanDeductionPrediction.API.Controllers.UserController.GetUsers (LoanDeductionPrediction.API) in 111.0563ms
2026-08-27 15:49:53.106 +05:30 [INF] Executed endpoint 'LoanDeductionPrediction.API.Controllers.UserController.GetUsers (LoanDeductionPrediction.API)'
2026-08-27 15:49:53.152 +05:30 [INF] HTTP GET /api/User responded 200 in 361.8993 ms
2026-08-27 15:49:53.179 +05:30 [INF] Request finished HTTP/1.1 GET http://localhost:5082/api/User - 200 null application/json; charset=utf-8 408.36ms
2026-08-27 15:50:25.275 +05:30 [INF] Request starting HTTP/1.1 GET http://localhost:5082/api/Loan/16 - null null
2026-08-27 15:50:25.311 +05:30 [INF] Executing endpoint 'LoanDeductionPrediction.API.Controllers.LoanController.GetById (LoanDeductionPrediction.API)'
2026-08-27 15:50:25.361 +05:30 [INF] Route matched with {action = "GetById", controller = "Loan"}. Executing controller action with signature System.Threading.Tasks.Task`1[Microsoft.AspNetCore.Mvc.IActionResult] GetById(Int32) on controller LoanDeductionPrediction.API.Controllers.LoanController (LoanDeductionPrediction.API).
2026-08-27 15:50:25.420 +05:30 [INF] Executed DbCommand (6ms) [Parameters=[@loanId='?' (DbType = Int32)], CommandType='"Text"', CommandTimeout='30']
SELECT TOP(1) [l].[LoanId], [l].[BorrowerId], [l].[CreatedAt], [l].[EMIAmount], [l].[EndDate], [l].[InterestRate], [l].[LoanOfficerId], [l].[OutstandingAmount], [l].[PrincipalAmount], [l].[StartDate], [l].[Status], [l].[TenureMonths]
FROM [LoanAccounts] AS [l]
WHERE [l].[LoanId] = @loanId
2026-08-27 15:50:25.424 +05:30 [INF] Executing NotFoundObjectResult, writing value of type '<>f__AnonymousType0`1[[System.String, System.Private.CoreLib, Version=10.0.0.0, Culture=neutral, PublicKeyToken=7cec85d7bea7798e]]'.
2026-08-27 15:50:25.431 +05:30 [INF] Executed action LoanDeductionPrediction.API.Controllers.LoanController.GetById (LoanDeductionPrediction.API) in 59.8345ms
2026-08-27 15:50:25.436 +05:30 [INF] Executed endpoint 'LoanDeductionPrediction.API.Controllers.LoanController.GetById (LoanDeductionPrediction.API)'
2026-08-27 15:50:25.441 +05:30 [INF] HTTP GET /api/Loan/16 responded 404 in 131.7137 ms
2026-08-27 15:50:25.447 +05:30 [INF] Request finished HTTP/1.1 GET http://localhost:5082/api/Loan/16 - 404 null application/json; charset=utf-8 171.6124ms
2026-08-27 15:54:33.924 +05:30 [INF] Request starting HTTP/1.1 POST http://localhost:5082/api/Auth/login - application/json 75
2026-08-27 15:54:33.979 +05:30 [INF] CORS policy execution successful.
2026-08-27 15:54:33.996 +05:30 [INF] Executing endpoint 'LoanDeductionPrediction.API.Controllers.AuthController.Login (LoanDeductionPrediction.API)'
2026-08-27 15:54:34.010 +05:30 [INF] Route matched with {action = "Login", controller = "Auth"}. Executing controller action with signature System.Threading.Tasks.Task`1[Microsoft.AspNetCore.Mvc.IActionResult] Login(LoanDeductionPrediction.Models.DTOs.LoginRequest) on controller LoanDeductionPrediction.API.Controllers.AuthController (LoanDeductionPrediction.API).
2026-08-27 15:54:34.084 +05:30 [INF] Executed DbCommand (33ms) [Parameters=[@email='?' (Size = 150)], CommandType='"Text"', CommandTimeout='30']
SELECT TOP(1) [u].[UserId], [u].[CreatedAt], [u].[Email], [u].[FullName], [u].[IsActive], [u].[PasswordHash], [u].[Role]
FROM [Users] AS [u]
WHERE [u].[Email] = @email
2026-08-27 15:54:34.338 +05:30 [INF] Executed DbCommand (19ms) [Parameters=[@p0='?' (DbType = DateTime2), @p1='?' (DbType = DateTime2), @p2='?' (DbType = Boolean), @p3='?' (DbType = DateTime2), @p4='?' (Size = 500), @p5='?' (DbType = Int32)], CommandType='"Text"', CommandTimeout='30']
SET IMPLICIT_TRANSACTIONS OFF;
SET NOCOUNT ON;
INSERT INTO [RefreshTokens] ([CreatedAt], [ExpiresAt], [IsRevoked], [RevokedAt], [Token], [UserId])
OUTPUT INSERTED.[RefreshTokenId]
VALUES (@p0, @p1, @p2, @p3, @p4, @p5);
2026-08-27 15:54:34.380 +05:30 [INF] Executing OkObjectResult, writing value of type 'LoanDeductionPrediction.Models.DTOs.LoginResponse'.
2026-08-27 15:54:34.385 +05:30 [INF] Executed action LoanDeductionPrediction.API.Controllers.AuthController.Login (LoanDeductionPrediction.API) in 354.1125ms
2026-08-27 15:54:34.392 +05:30 [INF] Executed endpoint 'LoanDeductionPrediction.API.Controllers.AuthController.Login (LoanDeductionPrediction.API)'
2026-08-27 15:54:34.395 +05:30 [INF] HTTP POST /api/Auth/login responded 200 in 415.8755 ms
2026-08-27 15:54:34.400 +05:30 [INF] Request finished HTTP/1.1 POST http://localhost:5082/api/Auth/login - 200 null application/json; charset=utf-8 475.5955ms
2026-08-27 15:55:10.563 +05:30 [INF] Request starting HTTP/1.1 GET http://localhost:5082/api/LoanRequest/pending - null null
2026-08-27 15:55:10.570 +05:30 [INF] Executing endpoint 'LoanDeductionPrediction.API.Controllers.LoanRequestController.GetPendingRequests (LoanDeductionPrediction.API)'
2026-08-27 15:55:10.613 +05:30 [INF] Route matched with {action = "GetPendingRequests", controller = "LoanRequest"}. Executing controller action with signature System.Threading.Tasks.Task`1[Microsoft.AspNetCore.Mvc.IActionResult] GetPendingRequests() on controller LoanDeductionPrediction.API.Controllers.LoanRequestController (LoanDeductionPrediction.API).
2026-08-27 15:55:10.712 +05:30 [INF] Executed DbCommand (49ms) [Parameters=[], CommandType='"Text"', CommandTimeout='30']
SELECT [l].[LoanRequestId], [l].[BorrowerId], [l].[InterestRate], [l].[Remarks], [l].[RequestedAmount], [l].[RequestedAt], [l].[ReviewedAt], [l].[ReviewedByLoanOfficerId], [l].[Status], [l].[TenureMonths]
FROM [LoanRequests] AS [l]
WHERE [l].[Status] = N'PENDING'
ORDER BY [l].[RequestedAt]
2026-08-27 15:55:10.721 +05:30 [INF] Executing OkObjectResult, writing value of type 'System.Collections.Generic.List`1[[LoanRequest, LoanDeductionPrediction.Repositories, Version=1.0.0.0, Culture=neutral, PublicKeyToken=null]]'.
2026-08-27 15:55:10.728 +05:30 [INF] Executed action LoanDeductionPrediction.API.Controllers.LoanRequestController.GetPendingRequests (LoanDeductionPrediction.API) in 95.3049ms
2026-08-27 15:55:10.733 +05:30 [INF] Executed endpoint 'LoanDeductionPrediction.API.Controllers.LoanRequestController.GetPendingRequests (LoanDeductionPrediction.API)'
2026-08-27 15:55:10.747 +05:30 [INF] HTTP GET /api/LoanRequest/pending responded 200 in 178.1281 ms
2026-08-27 15:55:10.774 +05:30 [INF] Request finished HTTP/1.1 GET http://localhost:5082/api/LoanRequest/pending - 200 null application/json; charset=utf-8 210.4993ms
2026-08-27 15:55:54.503 +05:30 [INF] Request starting HTTP/1.1 POST http://localhost:5082/api/LoanRequest/1/approve - application/json 24
2026-08-27 15:55:54.533 +05:30 [INF] CORS policy execution successful.
2026-08-27 15:55:54.538 +05:30 [INF] Executing endpoint 'LoanDeductionPrediction.API.Controllers.LoanRequestController.ApproveRequest (LoanDeductionPrediction.API)'
2026-08-27 15:55:54.583 +05:30 [INF] Route matched with {action = "ApproveRequest", controller = "LoanRequest"}. Executing controller action with signature System.Threading.Tasks.Task`1[Microsoft.AspNetCore.Mvc.IActionResult] ApproveRequest(Int32, LoanDeductionPrediction.Models.DTOs.ApproveLoanRequestDto) on controller LoanDeductionPrediction.API.Controllers.LoanRequestController (LoanDeductionPrediction.API).
2026-08-27 15:55:54.659 +05:30 [INF] Executed DbCommand (25ms) [Parameters=[@loanRequestId='?' (DbType = Int32)], CommandType='"Text"', CommandTimeout='30']
SELECT TOP(1) [l].[LoanRequestId], [l].[BorrowerId], [l].[InterestRate], [l].[Remarks], [l].[RequestedAmount], [l].[RequestedAt], [l].[ReviewedAt], [l].[ReviewedByLoanOfficerId], [l].[Status], [l].[TenureMonths]
FROM [LoanRequests] AS [l]
WHERE [l].[LoanRequestId] = @loanRequestId
2026-08-27 15:55:54.714 +05:30 [INF] Executed DbCommand (32ms) [Parameters=[@p4='?' (DbType = Int32), @p0='?' (Precision = 18) (Scale = 2) (DbType = Decimal), @p1='?' (DbType = DateTime2), @p2='?' (DbType = Int32), @p3='?' (Size = 4000)], CommandType='"Text"', CommandTimeout='30']
SET IMPLICIT_TRANSACTIONS OFF;
SET NOCOUNT ON;
UPDATE [LoanRequests] SET [InterestRate] = @p0, [ReviewedAt] = @p1, [ReviewedByLoanOfficerId] = @p2, [Status] = @p3
OUTPUT 1
WHERE [LoanRequestId] = @p4;
2026-08-27 15:55:54.732 +05:30 [INF] Executing OkObjectResult, writing value of type '<>f__AnonymousType0`1[[System.String, System.Private.CoreLib, Version=10.0.0.0, Culture=neutral, PublicKeyToken=7cec85d7bea7798e]]'.
2026-08-27 15:55:54.745 +05:30 [INF] Executed action LoanDeductionPrediction.API.Controllers.LoanRequestController.ApproveRequest (LoanDeductionPrediction.API) in 149.8381ms
2026-08-27 15:55:54.771 +05:30 [INF] Executed endpoint 'LoanDeductionPrediction.API.Controllers.LoanRequestController.ApproveRequest (LoanDeductionPrediction.API)'
2026-08-27 15:55:54.789 +05:30 [INF] HTTP POST /api/LoanRequest/1/approve responded 200 in 255.8713 ms
2026-08-27 15:55:54.794 +05:30 [INF] Request finished HTTP/1.1 POST http://localhost:5082/api/LoanRequest/1/approve - 200 null application/json; charset=utf-8 290.8646ms
2026-08-27 15:56:37.810 +05:30 [INF] Request starting HTTP/1.1 POST http://localhost:5082/api/Auth/login - application/json 63
2026-08-27 15:56:37.821 +05:30 [INF] CORS policy execution successful.
2026-08-27 15:56:37.825 +05:30 [INF] Executing endpoint 'LoanDeductionPrediction.API.Controllers.AuthController.Login (LoanDeductionPrediction.API)'
2026-08-27 15:56:37.836 +05:30 [INF] Route matched with {action = "Login", controller = "Auth"}. Executing controller action with signature System.Threading.Tasks.Task`1[Microsoft.AspNetCore.Mvc.IActionResult] Login(LoanDeductionPrediction.Models.DTOs.LoginRequest) on controller LoanDeductionPrediction.API.Controllers.AuthController (LoanDeductionPrediction.API).
2026-08-27 15:56:37.899 +05:30 [INF] Executed DbCommand (32ms) [Parameters=[@email='?' (Size = 150)], CommandType='"Text"', CommandTimeout='30']
SELECT TOP(1) [u].[UserId], [u].[CreatedAt], [u].[Email], [u].[FullName], [u].[IsActive], [u].[PasswordHash], [u].[Role]
FROM [Users] AS [u]
WHERE [u].[Email] = @email
2026-08-27 15:56:38.143 +05:30 [INF] Executed DbCommand (9ms) [Parameters=[@p0='?' (DbType = DateTime2), @p1='?' (DbType = DateTime2), @p2='?' (DbType = Boolean), @p3='?' (DbType = DateTime2), @p4='?' (Size = 500), @p5='?' (DbType = Int32)], CommandType='"Text"', CommandTimeout='30']
SET IMPLICIT_TRANSACTIONS OFF;
SET NOCOUNT ON;
INSERT INTO [RefreshTokens] ([CreatedAt], [ExpiresAt], [IsRevoked], [RevokedAt], [Token], [UserId])
OUTPUT INSERTED.[RefreshTokenId]
VALUES (@p0, @p1, @p2, @p3, @p4, @p5);
2026-08-27 15:56:38.149 +05:30 [INF] Executing OkObjectResult, writing value of type 'LoanDeductionPrediction.Models.DTOs.LoginResponse'.
2026-08-27 15:56:38.165 +05:30 [INF] Executed action LoanDeductionPrediction.API.Controllers.AuthController.Login (LoanDeductionPrediction.API) in 299.7128ms
2026-08-27 15:56:38.182 +05:30 [INF] Executed endpoint 'LoanDeductionPrediction.API.Controllers.AuthController.Login (LoanDeductionPrediction.API)'
2026-08-27 15:56:38.197 +05:30 [INF] HTTP POST /api/Auth/login responded 200 in 375.8076 ms
2026-08-27 15:56:38.207 +05:30 [INF] Request finished HTTP/1.1 POST http://localhost:5082/api/Auth/login - 200 null application/json; charset=utf-8 397.4739ms
2026-08-27 15:56:57.568 +05:30 [INF] Request starting HTTP/1.1 GET http://localhost:5082/api/LoanRequest/my - null null
2026-08-27 15:56:57.590 +05:30 [INF] Executing endpoint 'LoanDeductionPrediction.API.Controllers.LoanRequestController.GetMyRequests (LoanDeductionPrediction.API)'
2026-08-27 15:56:57.596 +05:30 [INF] Route matched with {action = "GetMyRequests", controller = "LoanRequest"}. Executing controller action with signature System.Threading.Tasks.Task`1[Microsoft.AspNetCore.Mvc.IActionResult] GetMyRequests() on controller LoanDeductionPrediction.API.Controllers.LoanRequestController (LoanDeductionPrediction.API).
2026-08-27 15:56:57.634 +05:30 [INF] Executed DbCommand (24ms) [Parameters=[@borrowerId='?' (DbType = Int32)], CommandType='"Text"', CommandTimeout='30']
SELECT [l].[LoanRequestId], [l].[BorrowerId], [l].[InterestRate], [l].[Remarks], [l].[RequestedAmount], [l].[RequestedAt], [l].[ReviewedAt], [l].[ReviewedByLoanOfficerId], [l].[Status], [l].[TenureMonths]
FROM [LoanRequests] AS [l]
WHERE [l].[BorrowerId] = @borrowerId
ORDER BY [l].[RequestedAt] DESC
2026-08-27 15:56:57.671 +05:30 [INF] Executing OkObjectResult, writing value of type 'System.Collections.Generic.List`1[[LoanRequest, LoanDeductionPrediction.Repositories, Version=1.0.0.0, Culture=neutral, PublicKeyToken=null]]'.
2026-08-27 15:56:57.686 +05:30 [INF] Executed action LoanDeductionPrediction.API.Controllers.LoanRequestController.GetMyRequests (LoanDeductionPrediction.API) in 78.2679ms
2026-08-27 15:56:57.694 +05:30 [INF] Executed endpoint 'LoanDeductionPrediction.API.Controllers.LoanRequestController.GetMyRequests (LoanDeductionPrediction.API)'
2026-08-27 15:56:57.704 +05:30 [INF] HTTP GET /api/LoanRequest/my responded 200 in 116.5402 ms
2026-08-27 15:56:57.709 +05:30 [INF] Request finished HTTP/1.1 GET http://localhost:5082/api/LoanRequest/my - 200 null application/json; charset=utf-8 141.5484ms
2026-08-27 15:58:39.089 +05:30 [INF] Request starting HTTP/1.1 GET http://localhost:5082/api/Loan - null null
2026-08-27 15:58:39.113 +05:30 [INF] Authorization failed. These requirements were not met:
RolesAuthorizationRequirement:User.IsInRole must be true for one of the following roles: (Admin|LoanOfficer)
2026-08-27 15:58:39.131 +05:30 [INF] AuthenticationScheme: Bearer was forbidden.
2026-08-27 15:58:39.136 +05:30 [INF] HTTP GET /api/Loan responded 403 in 28.9675 ms
2026-08-27 15:58:39.142 +05:30 [INF] Request finished HTTP/1.1 GET http://localhost:5082/api/Loan - 403 0 null 53.4869ms
2026-08-27 15:58:50.525 +05:30 [INF] Request starting HTTP/1.1 GET http://localhost:5082/api/Loan/16 - null null
2026-08-27 15:58:50.543 +05:30 [INF] Executing endpoint 'LoanDeductionPrediction.API.Controllers.LoanController.GetById (LoanDeductionPrediction.API)'
2026-08-27 15:58:50.608 +05:30 [INF] Route matched with {action = "GetById", controller = "Loan"}. Executing controller action with signature System.Threading.Tasks.Task`1[Microsoft.AspNetCore.Mvc.IActionResult] GetById(Int32) on controller LoanDeductionPrediction.API.Controllers.LoanController (LoanDeductionPrediction.API).
2026-08-27 15:58:50.663 +05:30 [INF] Executed DbCommand (35ms) [Parameters=[@loanId='?' (DbType = Int32)], CommandType='"Text"', CommandTimeout='30']
SELECT TOP(1) [l].[LoanId], [l].[BorrowerId], [l].[CreatedAt], [l].[EMIAmount], [l].[EndDate], [l].[InterestRate], [l].[LoanOfficerId], [l].[OutstandingAmount], [l].[PrincipalAmount], [l].[StartDate], [l].[Status], [l].[TenureMonths]
FROM [LoanAccounts] AS [l]
WHERE [l].[LoanId] = @loanId
2026-08-27 15:58:50.675 +05:30 [INF] Executing NotFoundObjectResult, writing value of type '<>f__AnonymousType0`1[[System.String, System.Private.CoreLib, Version=10.0.0.0, Culture=neutral, PublicKeyToken=7cec85d7bea7798e]]'.
2026-08-27 15:58:50.681 +05:30 [INF] Executed action LoanDeductionPrediction.API.Controllers.LoanController.GetById (LoanDeductionPrediction.API) in 59.1014ms
2026-08-27 15:58:50.691 +05:30 [INF] Executed endpoint 'LoanDeductionPrediction.API.Controllers.LoanController.GetById (LoanDeductionPrediction.API)'
2026-08-27 15:58:50.694 +05:30 [INF] HTTP GET /api/Loan/16 responded 404 in 151.4592 ms
2026-08-27 15:58:50.700 +05:30 [INF] Request finished HTTP/1.1 GET http://localhost:5082/api/Loan/16 - 404 null application/json; charset=utf-8 174.6781ms
2026-08-27 16:00:15.335 +05:30 [INF] Request starting HTTP/1.1 GET http://localhost:5082/api/LoanRequest/pending - null null
2026-08-27 16:00:15.364 +05:30 [INF] Authorization failed. These requirements were not met:
RolesAuthorizationRequirement:User.IsInRole must be true for one of the following roles: (LoanOfficer)
2026-08-27 16:00:15.376 +05:30 [INF] AuthenticationScheme: Bearer was forbidden.
2026-08-27 16:00:15.399 +05:30 [INF] HTTP GET /api/LoanRequest/pending responded 403 in 35.5349 ms
2026-08-27 16:00:15.428 +05:30 [INF] Request finished HTTP/1.1 GET http://localhost:5082/api/LoanRequest/pending - 403 0 null 92.8548ms
2026-08-27 16:00:42.407 +05:30 [INF] Request starting HTTP/1.1 GET http://localhost:5082/api/LoanRequest/my - null null
2026-08-27 16:00:42.423 +05:30 [INF] Executing endpoint 'LoanDeductionPrediction.API.Controllers.LoanRequestController.GetMyRequests (LoanDeductionPrediction.API)'
2026-08-27 16:00:42.442 +05:30 [INF] Route matched with {action = "GetMyRequests", controller = "LoanRequest"}. Executing controller action with signature System.Threading.Tasks.Task`1[Microsoft.AspNetCore.Mvc.IActionResult] GetMyRequests() on controller LoanDeductionPrediction.API.Controllers.LoanRequestController (LoanDeductionPrediction.API).
2026-08-27 16:00:42.512 +05:30 [INF] Executed DbCommand (10ms) [Parameters=[@borrowerId='?' (DbType = Int32)], CommandType='"Text"', CommandTimeout='30']
SELECT [l].[LoanRequestId], [l].[BorrowerId], [l].[InterestRate], [l].[Remarks], [l].[RequestedAmount], [l].[RequestedAt], [l].[ReviewedAt], [l].[ReviewedByLoanOfficerId], [l].[Status], [l].[TenureMonths]
FROM [LoanRequests] AS [l]
WHERE [l].[BorrowerId] = @borrowerId
ORDER BY [l].[RequestedAt] DESC
2026-08-27 16:00:42.534 +05:30 [INF] Executing OkObjectResult, writing value of type 'System.Collections.Generic.List`1[[LoanRequest, LoanDeductionPrediction.Repositories, Version=1.0.0.0, Culture=neutral, PublicKeyToken=null]]'.
2026-08-27 16:00:42.569 +05:30 [INF] Executed action LoanDeductionPrediction.API.Controllers.LoanRequestController.GetMyRequests (LoanDeductionPrediction.API) in 69.1935ms
2026-08-27 16:00:42.687 +05:30 [INF] Executed endpoint 'LoanDeductionPrediction.API.Controllers.LoanRequestController.GetMyRequests (LoanDeductionPrediction.API)'
2026-08-27 16:00:42.690 +05:30 [INF] HTTP GET /api/LoanRequest/my responded 200 in 268.2140 ms
2026-08-27 16:00:42.731 +05:30 [INF] Request finished HTTP/1.1 GET http://localhost:5082/api/LoanRequest/my - 200 null application/json; charset=utf-8 324.5697ms
2026-08-27 16:01:24.073 +05:30 [INF] Request starting HTTP/1.1 POST http://localhost:5082/api/Auth/login - application/json 75
2026-08-27 16:01:24.077 +05:30 [INF] CORS policy execution successful.
2026-08-27 16:01:24.080 +05:30 [INF] Executing endpoint 'LoanDeductionPrediction.API.Controllers.AuthController.Login (LoanDeductionPrediction.API)'
2026-08-27 16:01:24.083 +05:30 [INF] Route matched with {action = "Login", controller = "Auth"}. Executing controller action with signature System.Threading.Tasks.Task`1[Microsoft.AspNetCore.Mvc.IActionResult] Login(LoanDeductionPrediction.Models.DTOs.LoginRequest) on controller LoanDeductionPrediction.API.Controllers.AuthController (LoanDeductionPrediction.API).
2026-08-27 16:01:24.109 +05:30 [INF] Executed DbCommand (17ms) [Parameters=[@email='?' (Size = 150)], CommandType='"Text"', CommandTimeout='30']
SELECT TOP(1) [u].[UserId], [u].[CreatedAt], [u].[Email], [u].[FullName], [u].[IsActive], [u].[PasswordHash], [u].[Role]
FROM [Users] AS [u]
WHERE [u].[Email] = @email
2026-08-27 16:01:24.436 +05:30 [INF] Executed DbCommand (41ms) [Parameters=[@p0='?' (DbType = DateTime2), @p1='?' (DbType = DateTime2), @p2='?' (DbType = Boolean), @p3='?' (DbType = DateTime2), @p4='?' (Size = 500), @p5='?' (DbType = Int32)], CommandType='"Text"', CommandTimeout='30']
SET IMPLICIT_TRANSACTIONS OFF;
SET NOCOUNT ON;
INSERT INTO [RefreshTokens] ([CreatedAt], [ExpiresAt], [IsRevoked], [RevokedAt], [Token], [UserId])
OUTPUT INSERTED.[RefreshTokenId]
VALUES (@p0, @p1, @p2, @p3, @p4, @p5);
2026-08-27 16:01:24.473 +05:30 [INF] Executing OkObjectResult, writing value of type 'LoanDeductionPrediction.Models.DTOs.LoginResponse'.
2026-08-27 16:01:24.508 +05:30 [INF] Executed action LoanDeductionPrediction.API.Controllers.AuthController.Login (LoanDeductionPrediction.API) in 420.4011ms
2026-08-27 16:01:24.540 +05:30 [INF] Executed endpoint 'LoanDeductionPrediction.API.Controllers.AuthController.Login (LoanDeductionPrediction.API)'
2026-08-27 16:01:24.549 +05:30 [INF] HTTP POST /api/Auth/login responded 200 in 472.0686 ms
2026-08-27 16:01:24.694 +05:30 [INF] Request finished HTTP/1.1 POST http://localhost:5082/api/Auth/login - 200 null application/json; charset=utf-8 620.2149ms
2026-08-27 16:02:36.178 +05:30 [INF] Request starting HTTP/1.1 GET http://localhost:5082/api/LoanRequest/16 - null null
2026-08-27 16:02:36.205 +05:30 [INF] Executing endpoint 'LoanDeductionPrediction.API.Controllers.LoanRequestController.GetById (LoanDeductionPrediction.API)'
2026-08-27 16:02:36.262 +05:30 [INF] Route matched with {action = "GetById", controller = "LoanRequest"}. Executing controller action with signature System.Threading.Tasks.Task`1[Microsoft.AspNetCore.Mvc.IActionResult] GetById(Int32) on controller LoanDeductionPrediction.API.Controllers.LoanRequestController (LoanDeductionPrediction.API).
2026-08-27 16:02:36.300 +05:30 [INF] Executed DbCommand (17ms) [Parameters=[@loanRequestId='?' (DbType = Int32)], CommandType='"Text"', CommandTimeout='30']
SELECT TOP(1) [l].[LoanRequestId], [l].[BorrowerId], [l].[InterestRate], [l].[Remarks], [l].[RequestedAmount], [l].[RequestedAt], [l].[ReviewedAt], [l].[ReviewedByLoanOfficerId], [l].[Status], [l].[TenureMonths]
FROM [LoanRequests] AS [l]
WHERE [l].[LoanRequestId] = @loanRequestId
2026-08-27 16:02:36.312 +05:30 [INF] Executing NotFoundObjectResult, writing value of type '<>f__AnonymousType0`1[[System.String, System.Private.CoreLib, Version=10.0.0.0, Culture=neutral, PublicKeyToken=7cec85d7bea7798e]]'.
2026-08-27 16:02:36.316 +05:30 [INF] Executed action LoanDeductionPrediction.API.Controllers.LoanRequestController.GetById (LoanDeductionPrediction.API) in 40.3693ms
2026-08-27 16:02:36.320 +05:30 [INF] Executed endpoint 'LoanDeductionPrediction.API.Controllers.LoanRequestController.GetById (LoanDeductionPrediction.API)'
2026-08-27 16:02:36.323 +05:30 [INF] HTTP GET /api/LoanRequest/16 responded 404 in 119.0244 ms
2026-08-27 16:02:36.335 +05:30 [INF] Request finished HTTP/1.1 GET http://localhost:5082/api/LoanRequest/16 - 404 null application/json; charset=utf-8 157.6968ms
2026-08-27 16:03:05.733 +05:30 [INF] Request starting HTTP/1.1 POST http://localhost:5082/api/RepaymentSchedule/generate/1 - null 0
2026-08-27 16:03:05.745 +05:30 [INF] CORS policy execution successful.
2026-08-27 16:03:05.759 +05:30 [INF] Executing endpoint 'LoanDeductionPrediction.API.Controllers.RepaymentScheduleController.GenerateSchedule (LoanDeductionPrediction.API)'
2026-08-27 16:03:06.000 +05:30 [INF] Route matched with {action = "GenerateSchedule", controller = "RepaymentSchedule"}. Executing controller action with signature System.Threading.Tasks.Task`1[Microsoft.AspNetCore.Mvc.IActionResult] GenerateSchedule(Int32) on controller LoanDeductionPrediction.API.Controllers.RepaymentScheduleController (LoanDeductionPrediction.API).
2026-08-27 16:03:06.058 +05:30 [INF] Executed DbCommand (25ms) [Parameters=[@loanId='?' (DbType = Int32)], CommandType='"Text"', CommandTimeout='30']
SELECT TOP(1) [l].[LoanId], [l].[BorrowerId], [l].[CreatedAt], [l].[EMIAmount], [l].[EndDate], [l].[InterestRate], [l].[LoanOfficerId], [l].[OutstandingAmount], [l].[PrincipalAmount], [l].[StartDate], [l].[Status], [l].[TenureMonths]
FROM [LoanAccounts] AS [l]
WHERE [l].[LoanId] = @loanId
2026-08-27 16:03:06.074 +05:30 [INF] Executed DbCommand (1ms) [Parameters=[@loanId='?' (DbType = Int32)], CommandType='"Text"', CommandTimeout='30']
SELECT TOP(1) [l].[LoanId], [l].[BorrowerId], [l].[CreatedAt], [l].[EMIAmount], [l].[EndDate], [l].[InterestRate], [l].[LoanOfficerId], [l].[OutstandingAmount], [l].[PrincipalAmount], [l].[StartDate], [l].[Status], [l].[TenureMonths]
FROM [LoanAccounts] AS [l]
WHERE [l].[LoanId] = @loanId
2026-08-27 16:03:06.124 +05:30 [INF] Executed DbCommand (7ms) [Parameters=[@loanId='?' (DbType = Int32)], CommandType='"Text"', CommandTimeout='30']
SELECT CASE
    WHEN EXISTS (
        SELECT 1
        FROM [RepaymentSchedules] AS [r]
        WHERE [r].[LoanId] = @loanId) THEN CAST(1 AS bit)
    ELSE CAST(0 AS bit)
END
2026-08-27 16:03:06.138 +05:30 [INF] Executing ConflictObjectResult, writing value of type '<>f__AnonymousType0`1[[System.String, System.Private.CoreLib, Version=10.0.0.0, Culture=neutral, PublicKeyToken=7cec85d7bea7798e]]'.
2026-08-27 16:03:06.142 +05:30 [INF] Executed action LoanDeductionPrediction.API.Controllers.RepaymentScheduleController.GenerateSchedule (LoanDeductionPrediction.API) in 118.2759ms
2026-08-27 16:03:06.145 +05:30 [INF] Executed endpoint 'LoanDeductionPrediction.API.Controllers.RepaymentScheduleController.GenerateSchedule (LoanDeductionPrediction.API)'
2026-08-27 16:03:06.148 +05:30 [INF] HTTP POST /api/RepaymentSchedule/generate/1 responded 409 in 403.1024 ms
2026-08-27 16:03:06.153 +05:30 [INF] Request finished HTTP/1.1 POST http://localhost:5082/api/RepaymentSchedule/generate/1 - 409 null application/json; charset=utf-8 420.0323ms
2026-08-27 16:03:23.594 +05:30 [INF] Request starting HTTP/1.1 GET http://localhost:5082/api/Loan/16 - null null
2026-08-27 16:03:23.620 +05:30 [INF] Executing endpoint 'LoanDeductionPrediction.API.Controllers.LoanController.GetById (LoanDeductionPrediction.API)'
2026-08-27 16:03:23.622 +05:30 [INF] Route matched with {action = "GetById", controller = "Loan"}. Executing controller action with signature System.Threading.Tasks.Task`1[Microsoft.AspNetCore.Mvc.IActionResult] GetById(Int32) on controller LoanDeductionPrediction.API.Controllers.LoanController (LoanDeductionPrediction.API).
2026-08-27 16:03:23.641 +05:30 [INF] Executed DbCommand (9ms) [Parameters=[@loanId='?' (DbType = Int32)], CommandType='"Text"', CommandTimeout='30']
SELECT TOP(1) [l].[LoanId], [l].[BorrowerId], [l].[CreatedAt], [l].[EMIAmount], [l].[EndDate], [l].[InterestRate], [l].[LoanOfficerId], [l].[OutstandingAmount], [l].[PrincipalAmount], [l].[StartDate], [l].[Status], [l].[TenureMonths]
FROM [LoanAccounts] AS [l]
WHERE [l].[LoanId] = @loanId
2026-08-27 16:03:23.658 +05:30 [INF] Executing NotFoundObjectResult, writing value of type '<>f__AnonymousType0`1[[System.String, System.Private.CoreLib, Version=10.0.0.0, Culture=neutral, PublicKeyToken=7cec85d7bea7798e]]'.
2026-08-27 16:03:23.678 +05:30 [INF] Executed action LoanDeductionPrediction.API.Controllers.LoanController.GetById (LoanDeductionPrediction.API) in 48.1849ms
2026-08-27 16:03:23.708 +05:30 [INF] Executed endpoint 'LoanDeductionPrediction.API.Controllers.LoanController.GetById (LoanDeductionPrediction.API)'
2026-08-27 16:03:23.712 +05:30 [INF] HTTP GET /api/Loan/16 responded 404 in 92.2869 ms
2026-08-27 16:03:23.739 +05:30 [INF] Request finished HTTP/1.1 GET http://localhost:5082/api/Loan/16 - 404 null application/json; charset=utf-8 144.7663ms
2026-08-27 16:08:35.100 +05:30 [INF] Request starting HTTP/1.1 POST http://localhost:5082/api/Loan - application/json 146
2026-08-27 16:08:35.151 +05:30 [INF] CORS policy execution successful.
2026-08-27 16:08:35.202 +05:30 [INF] Executing endpoint 'LoanDeductionPrediction.API.Controllers.LoanController.Create (LoanDeductionPrediction.API)'
2026-08-27 16:08:35.347 +05:30 [INF] Route matched with {action = "Create", controller = "Loan"}. Executing controller action with signature System.Threading.Tasks.Task`1[Microsoft.AspNetCore.Mvc.IActionResult] Create(LoanDeductionPrediction.Models.DTOs.CreateLoanRequest) on controller LoanDeductionPrediction.API.Controllers.LoanController (LoanDeductionPrediction.API).
2026-08-27 16:08:35.631 +05:30 [INF] Executed DbCommand (31ms) [Parameters=[@userId='?' (DbType = Int32)], CommandType='"Text"', CommandTimeout='30']
SELECT TOP(1) [u].[UserId], [u].[CreatedAt], [u].[Email], [u].[FullName], [u].[IsActive], [u].[PasswordHash], [u].[Role]
FROM [Users] AS [u]
WHERE [u].[UserId] = @userId
2026-08-27 16:08:35.640 +05:30 [INF] Executed DbCommand (1ms) [Parameters=[@userId='?' (DbType = Int32)], CommandType='"Text"', CommandTimeout='30']
SELECT TOP(1) [u].[UserId], [u].[CreatedAt], [u].[Email], [u].[FullName], [u].[IsActive], [u].[PasswordHash], [u].[Role]
FROM [Users] AS [u]
WHERE [u].[UserId] = @userId
2026-08-27 16:08:35.801 +05:30 [INF] Executed DbCommand (47ms) [Parameters=[@p0='?' (DbType = Int32), @p1='?' (DbType = DateTime2), @p2='?' (Precision = 18) (Scale = 2) (DbType = Decimal), @p3='?' (DbType = Date), @p4='?' (Precision = 5) (Scale = 2) (DbType = Decimal), @p5='?' (DbType = Int32), @p6='?' (Precision = 18) (Scale = 2) (DbType = Decimal), @p7='?' (Precision = 18) (Scale = 2) (DbType = Decimal), @p8='?' (DbType = Date), @p9='?' (Size = 30), @p10='?' (DbType = Int32)], CommandType='"Text"', CommandTimeout='30']
SET IMPLICIT_TRANSACTIONS OFF;
SET NOCOUNT ON;
INSERT INTO [LoanAccounts] ([BorrowerId], [CreatedAt], [EMIAmount], [EndDate], [InterestRate], [LoanOfficerId], [OutstandingAmount], [PrincipalAmount], [StartDate], [Status], [TenureMonths])
OUTPUT INSERTED.[LoanId]
VALUES (@p0, @p1, @p2, @p3, @p4, @p5, @p6, @p7, @p8, @p9, @p10);
2026-08-27 16:08:35.860 +05:30 [INF] Executing CreatedAtActionResult, writing value of type 'LoanDeductionPrediction.Models.DTOs.LoanDto'.
2026-08-27 16:08:35.877 +05:30 [INF] Executed action LoanDeductionPrediction.API.Controllers.LoanController.Create (LoanDeductionPrediction.API) in 503.4011ms
2026-08-27 16:08:35.887 +05:30 [INF] Executed endpoint 'LoanDeductionPrediction.API.Controllers.LoanController.Create (LoanDeductionPrediction.API)'
2026-08-27 16:08:35.901 +05:30 [INF] HTTP POST /api/Loan responded 201 in 750.2427 ms
2026-08-27 16:08:35.916 +05:30 [INF] Request finished HTTP/1.1 POST http://localhost:5082/api/Loan - 201 null application/json; charset=utf-8 815.7354ms
2026-08-27 16:09:15.426 +05:30 [INF] Request starting HTTP/1.1 POST http://localhost:5082/api/RepaymentSchedule/generate/16 - null 0
2026-08-27 16:09:15.443 +05:30 [INF] CORS policy execution successful.
2026-08-27 16:09:15.451 +05:30 [INF] Executing endpoint 'LoanDeductionPrediction.API.Controllers.RepaymentScheduleController.GenerateSchedule (LoanDeductionPrediction.API)'
2026-08-27 16:09:15.456 +05:30 [INF] Route matched with {action = "GenerateSchedule", controller = "RepaymentSchedule"}. Executing controller action with signature System.Threading.Tasks.Task`1[Microsoft.AspNetCore.Mvc.IActionResult] GenerateSchedule(Int32) on controller LoanDeductionPrediction.API.Controllers.RepaymentScheduleController (LoanDeductionPrediction.API).
2026-08-27 16:09:15.714 +05:30 [INF] Executed DbCommand (235ms) [Parameters=[@loanId='?' (DbType = Int32)], CommandType='"Text"', CommandTimeout='30']
SELECT TOP(1) [l].[LoanId], [l].[BorrowerId], [l].[CreatedAt], [l].[EMIAmount], [l].[EndDate], [l].[InterestRate], [l].[LoanOfficerId], [l].[OutstandingAmount], [l].[PrincipalAmount], [l].[StartDate], [l].[Status], [l].[TenureMonths]
FROM [LoanAccounts] AS [l]
WHERE [l].[LoanId] = @loanId
2026-08-27 16:09:15.771 +05:30 [INF] Executing NotFoundObjectResult, writing value of type '<>f__AnonymousType0`1[[System.String, System.Private.CoreLib, Version=10.0.0.0, Culture=neutral, PublicKeyToken=7cec85d7bea7798e]]'.
2026-08-27 16:09:15.796 +05:30 [INF] Executed action LoanDeductionPrediction.API.Controllers.RepaymentScheduleController.GenerateSchedule (LoanDeductionPrediction.API) in 324.495ms
2026-08-27 16:09:15.990 +05:30 [INF] Executed endpoint 'LoanDeductionPrediction.API.Controllers.RepaymentScheduleController.GenerateSchedule (LoanDeductionPrediction.API)'
2026-08-27 16:09:16.079 +05:30 [INF] HTTP POST /api/RepaymentSchedule/generate/16 responded 404 in 636.1845 ms
2026-08-27 16:09:16.126 +05:30 [INF] Request finished HTTP/1.1 POST http://localhost:5082/api/RepaymentSchedule/generate/16 - 404 null application/json; charset=utf-8 700.1063ms
2026-08-27 16:09:45.004 +05:30 [INF] Request starting HTTP/1.1 POST http://localhost:5082/api/RepaymentSchedule/generate/14 - null 0
2026-08-27 16:09:45.012 +05:30 [INF] CORS policy execution successful.
2026-08-27 16:09:45.016 +05:30 [INF] Executing endpoint 'LoanDeductionPrediction.API.Controllers.RepaymentScheduleController.GenerateSchedule (LoanDeductionPrediction.API)'
2026-08-27 16:09:45.046 +05:30 [INF] Route matched with {action = "GenerateSchedule", controller = "RepaymentSchedule"}. Executing controller action with signature System.Threading.Tasks.Task`1[Microsoft.AspNetCore.Mvc.IActionResult] GenerateSchedule(Int32) on controller LoanDeductionPrediction.API.Controllers.RepaymentScheduleController (LoanDeductionPrediction.API).
2026-08-27 16:09:45.107 +05:30 [INF] Executed DbCommand (8ms) [Parameters=[@loanId='?' (DbType = Int32)], CommandType='"Text"', CommandTimeout='30']
SELECT TOP(1) [l].[LoanId], [l].[BorrowerId], [l].[CreatedAt], [l].[EMIAmount], [l].[EndDate], [l].[InterestRate], [l].[LoanOfficerId], [l].[OutstandingAmount], [l].[PrincipalAmount], [l].[StartDate], [l].[Status], [l].[TenureMonths]
FROM [LoanAccounts] AS [l]
WHERE [l].[LoanId] = @loanId
2026-08-27 16:09:45.118 +05:30 [INF] Executed DbCommand (1ms) [Parameters=[@loanId='?' (DbType = Int32)], CommandType='"Text"', CommandTimeout='30']
SELECT TOP(1) [l].[LoanId], [l].[BorrowerId], [l].[CreatedAt], [l].[EMIAmount], [l].[EndDate], [l].[InterestRate], [l].[LoanOfficerId], [l].[OutstandingAmount], [l].[PrincipalAmount], [l].[StartDate], [l].[Status], [l].[TenureMonths]
FROM [LoanAccounts] AS [l]
WHERE [l].[LoanId] = @loanId
2026-08-27 16:09:45.136 +05:30 [INF] Executed DbCommand (12ms) [Parameters=[@loanId='?' (DbType = Int32)], CommandType='"Text"', CommandTimeout='30']
SELECT CASE
    WHEN EXISTS (
        SELECT 1
        FROM [RepaymentSchedules] AS [r]
        WHERE [r].[LoanId] = @loanId) THEN CAST(1 AS bit)
    ELSE CAST(0 AS bit)
END
2026-08-27 16:09:45.246 +05:30 [INF] Executed DbCommand (46ms) [Parameters=[@p0='?' (DbType = Date), @p1='?' (Precision = 18) (Scale = 2) (DbType = Decimal), @p2='?' (DbType = Int32), @p3='?' (Precision = 18) (Scale = 2) (DbType = Decimal), @p4='?' (DbType = Int32), @p5='?' (Precision = 18) (Scale = 2) (DbType = Decimal), @p6='?' (DbType = Date), @p7='?' (Precision = 18) (Scale = 2) (DbType = Decimal), @p8='?' (Size = 30), @p9='?' (DbType = Date), @p10='?' (Precision = 18) (Scale = 2) (DbType = Decimal), @p11='?' (DbType = Int32), @p12='?' (Precision = 18) (Scale = 2) (DbType = Decimal), @p13='?' (DbType = Int32), @p14='?' (Precision = 18) (Scale = 2) (DbType = Decimal), @p15='?' (DbType = Date), @p16='?' (Precision = 18) (Scale = 2) (DbType = Decimal), @p17='?' (Size = 30), @p18='?' (DbType = Date), @p19='?' (Precision = 18) (Scale = 2) (DbType = Decimal), @p20='?' (DbType = Int32), @p21='?' (Precision = 18) (Scale = 2) (DbType = Decimal), @p22='?' (DbType = Int32), @p23='?' (Precision = 18) (Scale = 2) (DbType = Decimal), @p24='?' (DbType = Date), @p25='?' (Precision = 18) (Scale = 2) (DbType = Decimal), @p26='?' (Size = 30), @p27='?' (DbType = Date), @p28='?' (Precision = 18) (Scale = 2) (DbType = Decimal), @p29='?' (DbType = Int32), @p30='?' (Precision = 18) (Scale = 2) (DbType = Decimal), @p31='?' (DbType = Int32), @p32='?' (Precision = 18) (Scale = 2) (DbType = Decimal), @p33='?' (DbType = Date), @p34='?' (Precision = 18) (Scale = 2) (DbType = Decimal), @p35='?' (Size = 30), @p36='?' (DbType = Date), @p37='?' (Precision = 18) (Scale = 2) (DbType = Decimal), @p38='?' (DbType = Int32), @p39='?' (Precision = 18) (Scale = 2) (DbType = Decimal), @p40='?' (DbType = Int32), @p41='?' (Precision = 18) (Scale = 2) (DbType = Decimal), @p42='?' (DbType = Date), @p43='?' (Precision = 18) (Scale = 2) (DbType = Decimal), @p44='?' (Size = 30), @p45='?' (DbType = Date), @p46='?' (Precision = 18) (Scale = 2) (DbType = Decimal), @p47='?' (DbType = Int32), @p48='?' (Precision = 18) (Scale = 2) (DbType = Decimal), @p49='?' (DbType = Int32), @p50='?' (Precision = 18) (Scale = 2) (DbType = Decimal), @p51='?' (DbType = Date), @p52='?' (Precision = 18) (Scale = 2) (DbType = Decimal), @p53='?' (Size = 30), @p54='?' (DbType = Date), @p55='?' (Precision = 18) (Scale = 2) (DbType = Decimal), @p56='?' (DbType = Int32), @p57='?' (Precision = 18) (Scale = 2) (DbType = Decimal), @p58='?' (DbType = Int32), @p59='?' (Precision = 18) (Scale = 2) (DbType = Decimal), @p60='?' (DbType = Date), @p61='?' (Precision = 18) (Scale = 2) (DbType = Decimal), @p62='?' (Size = 30), @p63='?' (DbType = Date), @p64='?' (Precision = 18) (Scale = 2) (DbType = Decimal), @p65='?' (DbType = Int32), @p66='?' (Precision = 18) (Scale = 2) (DbType = Decimal), @p67='?' (DbType = Int32), @p68='?' (Precision = 18) (Scale = 2) (DbType = Decimal), @p69='?' (DbType = Date), @p70='?' (Precision = 18) (Scale = 2) (DbType = Decimal), @p71='?' (Size = 30), @p72='?' (DbType = Date), @p73='?' (Precision = 18) (Scale = 2) (DbType = Decimal), @p74='?' (DbType = Int32), @p75='?' (Precision = 18) (Scale = 2) (DbType = Decimal), @p76='?' (DbType = Int32), @p77='?' (Precision = 18) (Scale = 2) (DbType = Decimal), @p78='?' (DbType = Date), @p79='?' (Precision = 18) (Scale = 2) (DbType = Decimal), @p80='?' (Size = 30), @p81='?' (DbType = Date), @p82='?' (Precision = 18) (Scale = 2) (DbType = Decimal), @p83='?' (DbType = Int32), @p84='?' (Precision = 18) (Scale = 2) (DbType = Decimal), @p85='?' (DbType = Int32), @p86='?' (Precision = 18) (Scale = 2) (DbType = Decimal), @p87='?' (DbType = Date), @p88='?' (Precision = 18) (Scale = 2) (DbType = Decimal), @p89='?' (Size = 30), @p90='?' (DbType = Date), @p91='?' (Precision = 18) (Scale = 2) (DbType = Decimal), @p92='?' (DbType = Int32), @p93='?' (Precision = 18) (Scale = 2) (DbType = Decimal), @p94='?' (DbType = Int32), @p95='?' (Precision = 18) (Scale = 2) (DbType = Decimal), @p96='?' (DbType = Date), @p97='?' (Precision = 18) (Scale = 2) (DbType = Decimal), @p98='?' (Size = 30), @p99='?' (DbType = Date), @p100='?' (Precision = 18) (Scale = 2) (DbType = Decimal), @p101='?' (DbType = Int32), @p102='?' (Precision = 18) (Scale = 2) (DbType = Decimal), @p103='?' (DbType = Int32), @p104='?' (Precision = 18) (Scale = 2) (DbType = Decimal), @p105='?' (DbType = Date), @p106='?' (Precision = 18) (Scale = 2) (DbType = Decimal), @p107='?' (Size = 30)], CommandType='"Text"', CommandTimeout='30']
SET IMPLICIT_TRANSACTIONS OFF;
SET NOCOUNT ON;
MERGE [RepaymentSchedules] USING (
VALUES (@p0, @p1, @p2, @p3, @p4, @p5, @p6, @p7, @p8, 0),
(@p9, @p10, @p11, @p12, @p13, @p14, @p15, @p16, @p17, 1),
(@p18, @p19, @p20, @p21, @p22, @p23, @p24, @p25, @p26, 2),
(@p27, @p28, @p29, @p30, @p31, @p32, @p33, @p34, @p35, 3),
(@p36, @p37, @p38, @p39, @p40, @p41, @p42, @p43, @p44, 4),
(@p45, @p46, @p47, @p48, @p49, @p50, @p51, @p52, @p53, 5),
(@p54, @p55, @p56, @p57, @p58, @p59, @p60, @p61, @p62, 6),
(@p63, @p64, @p65, @p66, @p67, @p68, @p69, @p70, @p71, 7),
(@p72, @p73, @p74, @p75, @p76, @p77, @p78, @p79, @p80, 8),
(@p81, @p82, @p83, @p84, @p85, @p86, @p87, @p88, @p89, 9),
(@p90, @p91, @p92, @p93, @p94, @p95, @p96, @p97, @p98, 10),
(@p99, @p100, @p101, @p102, @p103, @p104, @p105, @p106, @p107, 11)) AS i ([DueDate], [EMIAmount], [InstallmentNumber], [InterestAmount], [LoanId], [PaidAmount], [PaidDate], [PrincipalAmount], [Status], _Position) ON 1=0
WHEN NOT MATCHED THEN
INSERT ([DueDate], [EMIAmount], [InstallmentNumber], [InterestAmount], [LoanId], [PaidAmount], [PaidDate], [PrincipalAmount], [Status])
VALUES (i.[DueDate], i.[EMIAmount], i.[InstallmentNumber], i.[InterestAmount], i.[LoanId], i.[PaidAmount], i.[PaidDate], i.[PrincipalAmount], i.[Status])
OUTPUT INSERTED.[ScheduleId], i._Position;
2026-08-27 16:09:45.284 +05:30 [INF] Executing OkObjectResult, writing value of type '<>f__AnonymousType11`5[[System.String, System.Private.CoreLib, Version=10.0.0.0, Culture=neutral, PublicKeyToken=7cec85d7bea7798e],[System.Int32, System.Private.CoreLib, Version=10.0.0.0, Culture=neutral, PublicKeyToken=7cec85d7bea7798e],[System.Int32, System.Private.CoreLib, Version=10.0.0.0, Culture=neutral, PublicKeyToken=7cec85d7bea7798e],[System.Decimal, System.Private.CoreLib, Version=10.0.0.0, Culture=neutral, PublicKeyToken=7cec85d7bea7798e],[System.Collections.Generic.List`1[[LoanDeductionPrediction.Models.DTOs.RepaymentScheduleDto, LoanDeductionPrediction.Models, Version=1.0.0.0, Culture=neutral, PublicKeyToken=null]], System.Private.CoreLib, Version=10.0.0.0, Culture=neutral, PublicKeyToken=7cec85d7bea7798e]]'.
2026-08-27 16:09:45.303 +05:30 [INF] Executed action LoanDeductionPrediction.API.Controllers.RepaymentScheduleController.GenerateSchedule (LoanDeductionPrediction.API) in 221.7518ms
2026-08-27 16:09:45.313 +05:30 [INF] Executed endpoint 'LoanDeductionPrediction.API.Controllers.RepaymentScheduleController.GenerateSchedule (LoanDeductionPrediction.API)'
2026-08-27 16:09:45.317 +05:30 [INF] HTTP POST /api/RepaymentSchedule/generate/14 responded 200 in 305.4889 ms
2026-08-27 16:09:45.334 +05:30 [INF] Request finished HTTP/1.1 POST http://localhost:5082/api/RepaymentSchedule/generate/14 - 200 null application/json; charset=utf-8 330.6344ms
2026-08-27 16:47:41.200 +05:30 [INF] Executed DbCommand (24ms) [Parameters=[@today='?' (DbType = Date)], CommandType='"Text"', CommandTimeout='30']
SELECT [r].[ScheduleId], [r].[DueDate], [r].[EMIAmount], [r].[InstallmentNumber], [r].[InterestAmount], [r].[LoanId], [r].[PaidAmount], [r].[PaidDate], [r].[PrincipalAmount], [r].[Status]
FROM [RepaymentSchedules] AS [r]
WHERE [r].[DueDate] < @today AND [r].[PaidAmount] < [r].[EMIAmount] AND [r].[Status] <> N'PAID'
ORDER BY [r].[DueDate]
2026-08-27 16:47:41.255 +05:30 [INF] Executed DbCommand (14ms) [Parameters=[@scheduleId='?' (DbType = Int32)], CommandType='"Text"', CommandTimeout='30']
SELECT TOP(1) [p].[BehaviorLogId], [p].[BorrowerId], [p].[DaysLate], [p].[DueDate], [p].[LoanId], [p].[PaymentDate], [p].[PaymentStatus], [p].[RecordedAt], [p].[ScheduleId]
FROM [PaymentBehaviorLogs] AS [p]
WHERE [p].[ScheduleId] = @scheduleId
2026-08-27 16:47:41.902 +05:30 [INF] Executed DbCommand (1ms) [Parameters=[@scheduleId='?' (DbType = Int32)], CommandType='"Text"', CommandTimeout='30']
SELECT TOP(1) [p].[BehaviorLogId], [p].[BorrowerId], [p].[DaysLate], [p].[DueDate], [p].[LoanId], [p].[PaymentDate], [p].[PaymentStatus], [p].[RecordedAt], [p].[ScheduleId]
FROM [PaymentBehaviorLogs] AS [p]
WHERE [p].[ScheduleId] = @scheduleId
2026-08-27 16:47:41.909 +05:30 [INF] Executed DbCommand (2ms) [Parameters=[@scheduleId='?' (DbType = Int32)], CommandType='"Text"', CommandTimeout='30']
SELECT TOP(1) [p].[BehaviorLogId], [p].[BorrowerId], [p].[DaysLate], [p].[DueDate], [p].[LoanId], [p].[PaymentDate], [p].[PaymentStatus], [p].[RecordedAt], [p].[ScheduleId]
FROM [PaymentBehaviorLogs] AS [p]
WHERE [p].[ScheduleId] = @scheduleId
2026-08-27 17:16:29.409 +05:30 [WRN] No store type was specified for the decimal property 'InterestRate' on entity type 'LoanRequest'. This will cause values to be silently truncated if they do not fit in the default precision and scale. Explicitly specify the SQL server column type that can accommodate all the values in 'OnModelCreating' using 'HasColumnType', specify precision and scale using 'HasPrecision', or configure a value converter using 'HasConversion'.
2026-08-27 17:16:29.451 +05:30 [WRN] No store type was specified for the decimal property 'RequestedAmount' on entity type 'LoanRequest'. This will cause values to be silently truncated if they do not fit in the default precision and scale. Explicitly specify the SQL server column type that can accommodate all the values in 'OnModelCreating' using 'HasColumnType', specify precision and scale using 'HasPrecision', or configure a value converter using 'HasConversion'.
2026-08-27 17:17:16.509 +05:30 [WRN] No store type was specified for the decimal property 'InterestRate' on entity type 'LoanRequest'. This will cause values to be silently truncated if they do not fit in the default precision and scale. Explicitly specify the SQL server column type that can accommodate all the values in 'OnModelCreating' using 'HasColumnType', specify precision and scale using 'HasPrecision', or configure a value converter using 'HasConversion'.
2026-08-27 17:17:16.548 +05:30 [WRN] No store type was specified for the decimal property 'RequestedAmount' on entity type 'LoanRequest'. This will cause values to be silently truncated if they do not fit in the default precision and scale. Explicitly specify the SQL server column type that can accommodate all the values in 'OnModelCreating' using 'HasColumnType', specify precision and scale using 'HasPrecision', or configure a value converter using 'HasConversion'.
2026-08-27 17:23:58.544 +05:30 [WRN] No store type was specified for the decimal property 'InterestRate' on entity type 'LoanRequest'. This will cause values to be silently truncated if they do not fit in the default precision and scale. Explicitly specify the SQL server column type that can accommodate all the values in 'OnModelCreating' using 'HasColumnType', specify precision and scale using 'HasPrecision', or configure a value converter using 'HasConversion'.
2026-08-27 17:23:58.585 +05:30 [WRN] No store type was specified for the decimal property 'RequestedAmount' on entity type 'LoanRequest'. This will cause values to be silently truncated if they do not fit in the default precision and scale. Explicitly specify the SQL server column type that can accommodate all the values in 'OnModelCreating' using 'HasColumnType', specify precision and scale using 'HasPrecision', or configure a value converter using 'HasConversion'.
2026-08-27 17:23:59.379 +05:30 [INF] Executed DbCommand (300ms) [Parameters=[], CommandType='"Text"', CommandTimeout='60']
CREATE DATABASE [LoanDeductionPredictionDb];
2026-08-27 17:25:04.469 +05:30 [ERR] Failed executing DbCommand (65,083ms) [Parameters=[], CommandType='"Text"', CommandTimeout='60']
IF SERVERPROPERTY('EngineEdition') <> 5
BEGIN
    ALTER DATABASE [LoanDeductionPredictionDb] SET READ_COMMITTED_SNAPSHOT ON;
END;
2026-08-27 17:28:42.356 +05:30 [WRN] No store type was specified for the decimal property 'InterestRate' on entity type 'LoanRequest'. This will cause values to be silently truncated if they do not fit in the default precision and scale. Explicitly specify the SQL server column type that can accommodate all the values in 'OnModelCreating' using 'HasColumnType', specify precision and scale using 'HasPrecision', or configure a value converter using 'HasConversion'.
2026-08-27 17:28:42.409 +05:30 [WRN] No store type was specified for the decimal property 'RequestedAmount' on entity type 'LoanRequest'. This will cause values to be silently truncated if they do not fit in the default precision and scale. Explicitly specify the SQL server column type that can accommodate all the values in 'OnModelCreating' using 'HasColumnType', specify precision and scale using 'HasPrecision', or configure a value converter using 'HasConversion'.
2026-08-27 17:28:42.880 +05:30 [INF] Executed DbCommand (21ms) [Parameters=[], CommandType='"Text"', CommandTimeout='30']
SELECT 1
2026-08-27 17:28:42.894 +05:30 [INF] Acquiring an exclusive lock for migration application. See https://aka.ms/efcore-docs-migrations-lock for more information if this takes too long.
2026-08-27 17:28:42.957 +05:30 [INF] Executed DbCommand (59ms) [Parameters=[], CommandType='"Text"', CommandTimeout='30']
DECLARE @result int;
EXEC @result = sp_getapplock @Resource = '__EFMigrationsLock', @LockOwner = 'Session', @LockMode = 'Exclusive';
SELECT @result
2026-08-27 17:28:43.051 +05:30 [INF] Executed DbCommand (22ms) [Parameters=[], CommandType='"Text"', CommandTimeout='30']
IF OBJECT_ID(N'[__EFMigrationsHistory]') IS NULL
BEGIN
    CREATE TABLE [__EFMigrationsHistory] (
        [MigrationId] nvarchar(150) NOT NULL,
        [ProductVersion] nvarchar(32) NOT NULL,
        CONSTRAINT [PK___EFMigrationsHistory] PRIMARY KEY ([MigrationId])
    );
END;
2026-08-27 17:28:43.066 +05:30 [INF] Executed DbCommand (1ms) [Parameters=[], CommandType='"Text"', CommandTimeout='30']
SELECT 1
2026-08-27 17:28:43.067 +05:30 [INF] Executed DbCommand (1ms) [Parameters=[], CommandType='"Text"', CommandTimeout='30']
SELECT OBJECT_ID(N'[__EFMigrationsHistory]');
2026-08-27 17:28:43.089 +05:30 [INF] Executed DbCommand (18ms) [Parameters=[], CommandType='"Text"', CommandTimeout='30']
SELECT [MigrationId], [ProductVersion]
FROM [__EFMigrationsHistory]
ORDER BY [MigrationId];
2026-08-27 17:28:43.103 +05:30 [INF] Applying migration '20260819070447_InitialCreate'.
2026-08-27 17:28:43.157 +05:30 [INF] Executed DbCommand (7ms) [Parameters=[], CommandType='"Text"', CommandTimeout='30']
CREATE TABLE [Users] (
    [UserId] int NOT NULL IDENTITY,
    [FullName] nvarchar(100) NOT NULL,
    [Email] nvarchar(150) NOT NULL,
    [PasswordHash] nvarchar(255) NOT NULL,
    [Role] nvarchar(30) NOT NULL,
    [IsActive] bit NOT NULL,
    [CreatedAt] datetime2 NOT NULL DEFAULT ((getdate())),
    CONSTRAINT [PK_Users] PRIMARY KEY ([UserId])
);
2026-08-27 17:28:43.164 +05:30 [INF] Executed DbCommand (6ms) [Parameters=[], CommandType='"Text"', CommandTimeout='30']
CREATE TABLE [LoanAccounts] (
    [LoanId] int NOT NULL IDENTITY,
    [BorrowerId] int NOT NULL,
    [LoanOfficerId] int NOT NULL,
    [PrincipalAmount] decimal(18,2) NOT NULL,
    [InterestRate] decimal(5,2) NOT NULL,
    [TenureMonths] int NOT NULL,
    [EMIAmount] decimal(18,2) NOT NULL,
    [StartDate] date NOT NULL,
    [EndDate] date NOT NULL,
    [OutstandingAmount] decimal(18,2) NOT NULL,
    [Status] nvarchar(30) NOT NULL,
    [CreatedAt] datetime2 NOT NULL DEFAULT ((getdate())),
    CONSTRAINT [PK_LoanAccounts] PRIMARY KEY ([LoanId]),
    CONSTRAINT [FK_LoanAccounts_Users_BorrowerId] FOREIGN KEY ([BorrowerId]) REFERENCES [Users] ([UserId]),
    CONSTRAINT [FK_LoanAccounts_Users_LoanOfficerId] FOREIGN KEY ([LoanOfficerId]) REFERENCES [Users] ([UserId])
);
2026-08-27 17:28:43.168 +05:30 [INF] Executed DbCommand (4ms) [Parameters=[], CommandType='"Text"', CommandTimeout='30']
CREATE TABLE [RefreshTokens] (
    [RefreshTokenId] int NOT NULL IDENTITY,
    [UserId] int NOT NULL,
    [Token] nvarchar(500) NOT NULL,
    [ExpiresAt] datetime2 NOT NULL,
    [CreatedAt] datetime2 NOT NULL,
    [RevokedAt] datetime2 NULL,
    [IsRevoked] bit NOT NULL,
    CONSTRAINT [PK_RefreshTokens] PRIMARY KEY ([RefreshTokenId]),
    CONSTRAINT [FK_RefreshTokens_Users_UserId] FOREIGN KEY ([UserId]) REFERENCES [Users] ([UserId]) ON DELETE CASCADE
);
2026-08-27 17:28:43.170 +05:30 [INF] Executed DbCommand (2ms) [Parameters=[], CommandType='"Text"', CommandTimeout='30']
CREATE TABLE [RepaymentSchedules] (
    [ScheduleId] int NOT NULL IDENTITY,
    [LoanId] int NOT NULL,
    [InstallmentNumber] int NOT NULL,
    [DueDate] date NOT NULL,
    [PrincipalAmount] decimal(18,2) NOT NULL,
    [InterestAmount] decimal(18,2) NOT NULL,
    [EMIAmount] decimal(18,2) NOT NULL,
    [PaidAmount] decimal(18,2) NOT NULL,
    [PaidDate] date NULL,
    [Status] nvarchar(30) NOT NULL,
    CONSTRAINT [PK_RepaymentSchedules] PRIMARY KEY ([ScheduleId]),
    CONSTRAINT [FK_RepaymentSchedules_LoanAccounts_LoanId] FOREIGN KEY ([LoanId]) REFERENCES [LoanAccounts] ([LoanId]) ON DELETE CASCADE
);
2026-08-27 17:28:43.177 +05:30 [INF] Executed DbCommand (6ms) [Parameters=[], CommandType='"Text"', CommandTimeout='30']
CREATE TABLE [RiskPredictions] (
    [RiskPredictionId] int NOT NULL IDENTITY,
    [BorrowerId] int NOT NULL,
    [LoanId] int NOT NULL,
    [RiskScore] decimal(5,2) NOT NULL,
    [RiskLevel] nvarchar(30) NOT NULL,
    [PredictionDate] datetime2 NOT NULL,
    [Reason] nvarchar(max) NULL,
    CONSTRAINT [PK_RiskPredictions] PRIMARY KEY ([RiskPredictionId]),
    CONSTRAINT [FK_RiskPredictions_LoanAccounts_LoanId] FOREIGN KEY ([LoanId]) REFERENCES [LoanAccounts] ([LoanId]),
    CONSTRAINT [FK_RiskPredictions_Users_BorrowerId] FOREIGN KEY ([BorrowerId]) REFERENCES [Users] ([UserId])
);
2026-08-27 17:28:43.185 +05:30 [INF] Executed DbCommand (7ms) [Parameters=[], CommandType='"Text"', CommandTimeout='30']
CREATE TABLE [PaymentBehaviorLogs] (
    [BehaviorLogId] int NOT NULL IDENTITY,
    [BorrowerId] int NOT NULL,
    [LoanId] int NOT NULL,
    [ScheduleId] int NOT NULL,
    [DueDate] date NOT NULL,
    [PaymentDate] date NULL,
    [DaysLate] int NOT NULL,
    [PaymentStatus] nvarchar(30) NOT NULL,
    [RecordedAt] datetime2 NOT NULL DEFAULT ((getdate())),
    CONSTRAINT [PK_PaymentBehaviorLogs] PRIMARY KEY ([BehaviorLogId]),
    CONSTRAINT [FK_PaymentBehaviorLogs_LoanAccounts_LoanId] FOREIGN KEY ([LoanId]) REFERENCES [LoanAccounts] ([LoanId]),
    CONSTRAINT [FK_PaymentBehaviorLogs_RepaymentSchedules_ScheduleId] FOREIGN KEY ([ScheduleId]) REFERENCES [RepaymentSchedules] ([ScheduleId]),
    CONSTRAINT [FK_PaymentBehaviorLogs_Users_BorrowerId] FOREIGN KEY ([BorrowerId]) REFERENCES [Users] ([UserId])
);
2026-08-27 17:28:43.193 +05:30 [INF] Executed DbCommand (8ms) [Parameters=[], CommandType='"Text"', CommandTimeout='30']
CREATE INDEX [IX_LoanAccounts_BorrowerId] ON [LoanAccounts] ([BorrowerId]);
2026-08-27 17:28:43.195 +05:30 [INF] Executed DbCommand (2ms) [Parameters=[], CommandType='"Text"', CommandTimeout='30']
CREATE INDEX [IX_LoanAccounts_LoanOfficerId] ON [LoanAccounts] ([LoanOfficerId]);
2026-08-27 17:28:43.198 +05:30 [INF] Executed DbCommand (3ms) [Parameters=[], CommandType='"Text"', CommandTimeout='30']
CREATE INDEX [IX_PaymentBehaviorLogs_BorrowerId] ON [PaymentBehaviorLogs] ([BorrowerId]);
2026-08-27 17:28:43.201 +05:30 [INF] Executed DbCommand (2ms) [Parameters=[], CommandType='"Text"', CommandTimeout='30']
CREATE INDEX [IX_PaymentBehaviorLogs_LoanId] ON [PaymentBehaviorLogs] ([LoanId]);
2026-08-27 17:28:43.203 +05:30 [INF] Executed DbCommand (2ms) [Parameters=[], CommandType='"Text"', CommandTimeout='30']
CREATE INDEX [IX_PaymentBehaviorLogs_ScheduleId] ON [PaymentBehaviorLogs] ([ScheduleId]);
2026-08-27 17:28:43.205 +05:30 [INF] Executed DbCommand (1ms) [Parameters=[], CommandType='"Text"', CommandTimeout='30']
CREATE UNIQUE INDEX [IX_RefreshTokens_Token] ON [RefreshTokens] ([Token]);
2026-08-27 17:28:43.208 +05:30 [INF] Executed DbCommand (2ms) [Parameters=[], CommandType='"Text"', CommandTimeout='30']
CREATE INDEX [IX_RefreshTokens_UserId] ON [RefreshTokens] ([UserId]);
2026-08-27 17:28:43.210 +05:30 [INF] Executed DbCommand (3ms) [Parameters=[], CommandType='"Text"', CommandTimeout='30']
CREATE INDEX [IX_RepaymentSchedules_LoanId] ON [RepaymentSchedules] ([LoanId]);
2026-08-27 17:28:43.212 +05:30 [INF] Executed DbCommand (2ms) [Parameters=[], CommandType='"Text"', CommandTimeout='30']
CREATE INDEX [IX_RiskPredictions_BorrowerId] ON [RiskPredictions] ([BorrowerId]);
2026-08-27 17:28:43.214 +05:30 [INF] Executed DbCommand (1ms) [Parameters=[], CommandType='"Text"', CommandTimeout='30']
CREATE INDEX [IX_RiskPredictions_LoanId] ON [RiskPredictions] ([LoanId]);
2026-08-27 17:28:43.228 +05:30 [INF] Executed DbCommand (14ms) [Parameters=[], CommandType='"Text"', CommandTimeout='30']
INSERT INTO [__EFMigrationsHistory] ([MigrationId], [ProductVersion])
VALUES (N'20260819070447_InitialCreate', N'10.0.11');
2026-08-27 17:28:43.229 +05:30 [INF] Applying migration '20260827101012_MakeLoanRequestInterestRateNullable'.
2026-08-27 17:28:43.253 +05:30 [INF] Executed DbCommand (2ms) [Parameters=[], CommandType='"Text"', CommandTimeout='30']
CREATE TABLE [LoanRequests] (
    [LoanRequestId] int NOT NULL IDENTITY,
    [BorrowerId] int NOT NULL,
    [RequestedAmount] decimal(18,2) NOT NULL,
    [InterestRate] decimal(18,2) NULL,
    [TenureMonths] int NOT NULL,
    [Status] nvarchar(max) NOT NULL,
    [RequestedAt] datetime2 NOT NULL,
    [ReviewedAt] datetime2 NULL,
    [ReviewedByLoanOfficerId] int NULL,
    [Remarks] nvarchar(max) NULL,
    [LoanOfficerUserId] int NULL,
    CONSTRAINT [PK_LoanRequests] PRIMARY KEY ([LoanRequestId]),
    CONSTRAINT [FK_LoanRequests_Users_BorrowerId] FOREIGN KEY ([BorrowerId]) REFERENCES [Users] ([UserId]) ON DELETE CASCADE,
    CONSTRAINT [FK_LoanRequests_Users_LoanOfficerUserId] FOREIGN KEY ([LoanOfficerUserId]) REFERENCES [Users] ([UserId])
);
2026-08-27 17:28:43.255 +05:30 [INF] Executed DbCommand (2ms) [Parameters=[], CommandType='"Text"', CommandTimeout='30']
CREATE INDEX [IX_LoanRequests_BorrowerId] ON [LoanRequests] ([BorrowerId]);
2026-08-27 17:28:43.256 +05:30 [INF] Executed DbCommand (2ms) [Parameters=[], CommandType='"Text"', CommandTimeout='30']
CREATE INDEX [IX_LoanRequests_LoanOfficerUserId] ON [LoanRequests] ([LoanOfficerUserId]);
2026-08-27 17:28:43.258 +05:30 [INF] Executed DbCommand (1ms) [Parameters=[], CommandType='"Text"', CommandTimeout='30']
INSERT INTO [__EFMigrationsHistory] ([MigrationId], [ProductVersion])
VALUES (N'20260827101012_MakeLoanRequestInterestRateNullable', N'10.0.11');
2026-08-27 17:28:43.260 +05:30 [INF] Applying migration '20260827101407_FixLoanRequestRelationships'.
2026-08-27 17:28:43.299 +05:30 [INF] Executed DbCommand (18ms) [Parameters=[], CommandType='"Text"', CommandTimeout='30']
ALTER TABLE [LoanRequests] DROP CONSTRAINT [FK_LoanRequests_Users_BorrowerId];
2026-08-27 17:28:43.301 +05:30 [INF] Executed DbCommand (1ms) [Parameters=[], CommandType='"Text"', CommandTimeout='30']
ALTER TABLE [LoanRequests] DROP CONSTRAINT [FK_LoanRequests_Users_LoanOfficerUserId];
2026-08-27 17:28:43.305 +05:30 [INF] Executed DbCommand (4ms) [Parameters=[], CommandType='"Text"', CommandTimeout='30']
DROP INDEX [IX_LoanRequests_LoanOfficerUserId] ON [LoanRequests];
2026-08-27 17:29:18.324 +05:30 [ERR] Failed executing DbCommand (35,017ms) [Parameters=[], CommandType='"Text"', CommandTimeout='30']
DECLARE @var nvarchar(max);
SELECT @var = QUOTENAME([d].[name])
FROM [sys].[default_constraints] [d]
INNER JOIN [sys].[columns] [c] ON [d].[parent_column_id] = [c].[column_id] AND [d].[parent_object_id] = [c].[object_id]
WHERE ([d].[parent_object_id] = OBJECT_ID(N'[LoanRequests]') AND [c].[name] = N'LoanOfficerUserId');
IF @var IS NOT NULL EXEC(N'ALTER TABLE [LoanRequests] DROP CONSTRAINT ' + @var + ';');
ALTER TABLE [LoanRequests] DROP COLUMN [LoanOfficerUserId];
2026-08-27 17:29:33.336 +05:30 [ERR] An error occurred using the connection to database 'LoanDeductionPredictionDb' on server '.\SQLEXPRESS'.
2026-08-27 17:29:48.283 +05:30 [WRN] No store type was specified for the decimal property 'InterestRate' on entity type 'LoanRequest'. This will cause values to be silently truncated if they do not fit in the default precision and scale. Explicitly specify the SQL server column type that can accommodate all the values in 'OnModelCreating' using 'HasColumnType', specify precision and scale using 'HasPrecision', or configure a value converter using 'HasConversion'.
2026-08-27 17:29:48.341 +05:30 [WRN] No store type was specified for the decimal property 'RequestedAmount' on entity type 'LoanRequest'. This will cause values to be silently truncated if they do not fit in the default precision and scale. Explicitly specify the SQL server column type that can accommodate all the values in 'OnModelCreating' using 'HasColumnType', specify precision and scale using 'HasPrecision', or configure a value converter using 'HasConversion'.
2026-08-27 17:34:25.239 +05:30 [WRN] No store type was specified for the decimal property 'InterestRate' on entity type 'LoanRequest'. This will cause values to be silently truncated if they do not fit in the default precision and scale. Explicitly specify the SQL server column type that can accommodate all the values in 'OnModelCreating' using 'HasColumnType', specify precision and scale using 'HasPrecision', or configure a value converter using 'HasConversion'.
2026-08-27 17:34:25.310 +05:30 [WRN] No store type was specified for the decimal property 'RequestedAmount' on entity type 'LoanRequest'. This will cause values to be silently truncated if they do not fit in the default precision and scale. Explicitly specify the SQL server column type that can accommodate all the values in 'OnModelCreating' using 'HasColumnType', specify precision and scale using 'HasPrecision', or configure a value converter using 'HasConversion'.
2026-08-27 17:35:44.189 +05:30 [WRN] No store type was specified for the decimal property 'InterestRate' on entity type 'LoanRequest'. This will cause values to be silently truncated if they do not fit in the default precision and scale. Explicitly specify the SQL server column type that can accommodate all the values in 'OnModelCreating' using 'HasColumnType', specify precision and scale using 'HasPrecision', or configure a value converter using 'HasConversion'.
2026-08-27 17:35:44.246 +05:30 [WRN] No store type was specified for the decimal property 'RequestedAmount' on entity type 'LoanRequest'. This will cause values to be silently truncated if they do not fit in the default precision and scale. Explicitly specify the SQL server column type that can accommodate all the values in 'OnModelCreating' using 'HasColumnType', specify precision and scale using 'HasPrecision', or configure a value converter using 'HasConversion'.
2026-08-27 17:37:50.560 +05:30 [WRN] No store type was specified for the decimal property 'InterestRate' on entity type 'LoanRequest'. This will cause values to be silently truncated if they do not fit in the default precision and scale. Explicitly specify the SQL server column type that can accommodate all the values in 'OnModelCreating' using 'HasColumnType', specify precision and scale using 'HasPrecision', or configure a value converter using 'HasConversion'.
2026-08-27 17:37:50.619 +05:30 [WRN] No store type was specified for the decimal property 'RequestedAmount' on entity type 'LoanRequest'. This will cause values to be silently truncated if they do not fit in the default precision and scale. Explicitly specify the SQL server column type that can accommodate all the values in 'OnModelCreating' using 'HasColumnType', specify precision and scale using 'HasPrecision', or configure a value converter using 'HasConversion'.
2026-08-27 17:37:51.071 +05:30 [INF] Executed DbCommand (43ms) [Parameters=[], CommandType='"Text"', CommandTimeout='30']
SELECT 1
2026-08-27 17:37:51.087 +05:30 [INF] Acquiring an exclusive lock for migration application. See https://aka.ms/efcore-docs-migrations-lock for more information if this takes too long.
2026-08-27 17:37:51.189 +05:30 [INF] Executed DbCommand (95ms) [Parameters=[], CommandType='"Text"', CommandTimeout='30']
DECLARE @result int;
EXEC @result = sp_getapplock @Resource = '__EFMigrationsLock', @LockOwner = 'Session', @LockMode = 'Exclusive';
SELECT @result
2026-08-27 17:37:51.313 +05:30 [INF] Executed DbCommand (19ms) [Parameters=[], CommandType='"Text"', CommandTimeout='30']
IF OBJECT_ID(N'[__EFMigrationsHistory]') IS NULL
BEGIN
    CREATE TABLE [__EFMigrationsHistory] (
        [MigrationId] nvarchar(150) NOT NULL,
        [ProductVersion] nvarchar(32) NOT NULL,
        CONSTRAINT [PK___EFMigrationsHistory] PRIMARY KEY ([MigrationId])
    );
END;
2026-08-27 17:37:51.328 +05:30 [INF] Executed DbCommand (1ms) [Parameters=[], CommandType='"Text"', CommandTimeout='30']
SELECT 1
2026-08-27 17:37:51.331 +05:30 [INF] Executed DbCommand (1ms) [Parameters=[], CommandType='"Text"', CommandTimeout='30']
SELECT OBJECT_ID(N'[__EFMigrationsHistory]');
2026-08-27 17:37:51.412 +05:30 [INF] Executed DbCommand (76ms) [Parameters=[], CommandType='"Text"', CommandTimeout='30']
SELECT [MigrationId], [ProductVersion]
FROM [__EFMigrationsHistory]
ORDER BY [MigrationId];
2026-08-27 17:37:51.429 +05:30 [INF] Applying migration '20260827101407_FixLoanRequestRelationships'.
2026-08-27 17:37:51.499 +05:30 [INF] Executed DbCommand (36ms) [Parameters=[], CommandType='"Text"', CommandTimeout='30']
ALTER TABLE [LoanRequests] DROP CONSTRAINT [FK_LoanRequests_Users_BorrowerId];
2026-08-27 17:37:51.504 +05:30 [INF] Executed DbCommand (2ms) [Parameters=[], CommandType='"Text"', CommandTimeout='30']
ALTER TABLE [LoanRequests] DROP CONSTRAINT [FK_LoanRequests_Users_LoanOfficerUserId];
2026-08-27 17:37:51.518 +05:30 [INF] Executed DbCommand (10ms) [Parameters=[], CommandType='"Text"', CommandTimeout='30']
DROP INDEX [IX_LoanRequests_LoanOfficerUserId] ON [LoanRequests];
2026-08-27 17:37:56.731 +05:30 [INF] Executed DbCommand (5,210ms) [Parameters=[], CommandType='"Text"', CommandTimeout='30']
DECLARE @var nvarchar(max);
SELECT @var = QUOTENAME([d].[name])
FROM [sys].[default_constraints] [d]
INNER JOIN [sys].[columns] [c] ON [d].[parent_column_id] = [c].[column_id] AND [d].[parent_object_id] = [c].[object_id]
WHERE ([d].[parent_object_id] = OBJECT_ID(N'[LoanRequests]') AND [c].[name] = N'LoanOfficerUserId');
IF @var IS NOT NULL EXEC(N'ALTER TABLE [LoanRequests] DROP CONSTRAINT ' + @var + ';');
ALTER TABLE [LoanRequests] DROP COLUMN [LoanOfficerUserId];
2026-08-27 17:37:56.752 +05:30 [INF] Executed DbCommand (16ms) [Parameters=[], CommandType='"Text"', CommandTimeout='30']
CREATE INDEX [IX_LoanRequests_ReviewedByLoanOfficerId] ON [LoanRequests] ([ReviewedByLoanOfficerId]);
2026-08-27 17:37:56.772 +05:30 [INF] Executed DbCommand (11ms) [Parameters=[], CommandType='"Text"', CommandTimeout='30']
ALTER TABLE [LoanRequests] ADD CONSTRAINT [FK_LoanRequests_Users_BorrowerId] FOREIGN KEY ([BorrowerId]) REFERENCES [Users] ([UserId]) ON DELETE NO ACTION;
2026-08-27 17:37:56.778 +05:30 [INF] Executed DbCommand (2ms) [Parameters=[], CommandType='"Text"', CommandTimeout='30']
ALTER TABLE [LoanRequests] ADD CONSTRAINT [FK_LoanRequests_Users_ReviewedByLoanOfficerId] FOREIGN KEY ([ReviewedByLoanOfficerId]) REFERENCES [Users] ([UserId]) ON DELETE NO ACTION;
2026-08-27 17:37:56.812 +05:30 [INF] Executed DbCommand (27ms) [Parameters=[], CommandType='"Text"', CommandTimeout='30']
INSERT INTO [__EFMigrationsHistory] ([MigrationId], [ProductVersion])
VALUES (N'20260827101407_FixLoanRequestRelationships', N'10.0.11');
2026-08-27 17:37:56.817 +05:30 [INF] Applying migration '20260827114630_AddBorrowerLoanApplication'.
2026-08-27 17:37:56.873 +05:30 [INF] Executed DbCommand (10ms) [Parameters=[], CommandType='"Text"', CommandTimeout='30']
CREATE TABLE [BorrowerLoanApplications] (
    [ApplicationId] int NOT NULL IDENTITY,
    [FullName] nvarchar(100) NOT NULL,
    [DateOfBirth] date NOT NULL,
    [Email] nvarchar(150) NOT NULL,
    [PasswordHash] nvarchar(255) NOT NULL,
    [MonthlySalary] decimal(18,2) NULL,
    [CollateralDetails] nvarchar(500) NULL,
    [LoanType] nvarchar(50) NOT NULL,
    [RequestedAmount] decimal(18,2) NOT NULL,
    [Status] nvarchar(30) NOT NULL,
    [ReviewedByLoanOfficerId] int NULL,
    [ReviewedAt] datetime2 NULL,
    [InterestRate] decimal(5,2) NULL,
    [TenureMonths] int NULL,
    [Remarks] nvarchar(500) NULL,
    [CreatedAt] datetime2 NOT NULL DEFAULT ((getdate())),
    CONSTRAINT [PK_BorrowerLoanApplications] PRIMARY KEY ([ApplicationId]),
    CONSTRAINT [FK_BorrowerLoanApplications_Users_ReviewedByLoanOfficerId] FOREIGN KEY ([ReviewedByLoanOfficerId]) REFERENCES [Users] ([UserId]) ON DELETE NO ACTION
);
2026-08-27 17:37:56.877 +05:30 [INF] Executed DbCommand (1ms) [Parameters=[], CommandType='"Text"', CommandTimeout='30']
CREATE INDEX [IX_BorrowerLoanApplications_Email] ON [BorrowerLoanApplications] ([Email]);
2026-08-27 17:37:56.881 +05:30 [INF] Executed DbCommand (1ms) [Parameters=[], CommandType='"Text"', CommandTimeout='30']
CREATE INDEX [IX_BorrowerLoanApplications_ReviewedByLoanOfficerId] ON [BorrowerLoanApplications] ([ReviewedByLoanOfficerId]);
2026-08-27 17:37:56.885 +05:30 [INF] Executed DbCommand (2ms) [Parameters=[], CommandType='"Text"', CommandTimeout='30']
CREATE INDEX [IX_BorrowerLoanApplications_Status] ON [BorrowerLoanApplications] ([Status]);
2026-08-27 17:37:56.888 +05:30 [INF] Executed DbCommand (1ms) [Parameters=[], CommandType='"Text"', CommandTimeout='30']
INSERT INTO [__EFMigrationsHistory] ([MigrationId], [ProductVersion])
VALUES (N'20260827114630_AddBorrowerLoanApplication', N'10.0.11');
2026-08-27 17:37:56.912 +05:30 [INF] Executed DbCommand (19ms) [Parameters=[], CommandType='"Text"', CommandTimeout='30']
DECLARE @result int;
EXEC @result = sp_releaseapplock @Resource = '__EFMigrationsLock', @LockOwner = 'Session';
SELECT @result
2026-08-27 17:37:57.166 +05:30 [INF] Executed DbCommand (8ms) [Parameters=[], CommandType='"Text"', CommandTimeout='30']
SELECT CASE
    WHEN EXISTS (
        SELECT 1
        FROM [Users] AS [u]
        WHERE [u].[Role] = N'Admin') THEN CAST(1 AS bit)
    ELSE CAST(0 AS bit)
END
2026-08-27 17:37:57.729 +05:30 [INF] Executed DbCommand (37ms) [Parameters=[@p0='?' (DbType = DateTime2), @p1='?' (Size = 150), @p2='?' (Size = 100), @p3='?' (DbType = Boolean), @p4='?' (Size = 255), @p5='?' (Size = 30)], CommandType='"Text"', CommandTimeout='30']
SET IMPLICIT_TRANSACTIONS OFF;
SET NOCOUNT ON;
INSERT INTO [Users] ([CreatedAt], [Email], [FullName], [IsActive], [PasswordHash], [Role])
OUTPUT INSERTED.[UserId]
VALUES (@p0, @p1, @p2, @p3, @p4, @p5);
2026-08-27 17:37:57.859 +05:30 [INF] User profile is available. Using 'C:\Users\thang\AppData\Local\ASP.NET\DataProtection-Keys' as key repository and Windows DPAPI to encrypt keys at rest.
2026-08-27 17:37:57.873 +05:30 [INF] Payment Behavior Background Service started.
2026-08-27 17:37:57.983 +05:30 [INF] Now listening on: http://localhost:5082
2026-08-27 17:37:57.994 +05:30 [INF] Application started. Press Ctrl+C to shut down.
2026-08-27 17:37:57.999 +05:30 [INF] Hosting environment: Development
2026-08-27 17:37:58.003 +05:30 [INF] Content root path: C:\Users\thang\OneDrive\Documents\React Projects\LoanDeductionPrediction\LoanDeductionPrediction.API
2026-08-27 17:37:58.083 +05:30 [INF] Executed DbCommand (19ms) [Parameters=[@today='?' (DbType = Date)], CommandType='"Text"', CommandTimeout='30']
SELECT [r].[ScheduleId], [r].[DueDate], [r].[EMIAmount], [r].[InstallmentNumber], [r].[InterestAmount], [r].[LoanId], [r].[PaidAmount], [r].[PaidDate], [r].[PrincipalAmount], [r].[Status]
FROM [RepaymentSchedules] AS [r]
WHERE [r].[DueDate] < @today AND [r].[PaidAmount] < [r].[EMIAmount] AND [r].[Status] <> N'PAID'
ORDER BY [r].[DueDate]
2026-08-27 17:38:32.713 +05:30 [INF] Request starting HTTP/1.1 GET http://localhost:5082/swagger/index.html - null null
2026-08-27 17:38:33.137 +05:30 [INF] HTTP GET /swagger/index.html responded 200 in 173.7492 ms
2026-08-27 17:38:33.202 +05:30 [INF] Request starting HTTP/1.1 GET http://localhost:5082/swagger/swagger-ui-standalone-preset.js - null null
2026-08-27 17:38:33.209 +05:30 [INF] Request starting HTTP/1.1 GET http://localhost:5082/swagger/swagger-ui.css - null null
2026-08-27 17:38:33.217 +05:30 [INF] Request starting HTTP/1.1 GET http://localhost:5082/swagger/index.css - null null
2026-08-27 17:38:33.263 +05:30 [INF] Request starting HTTP/1.1 GET http://localhost:5082/swagger/swagger-ui-bundle.js - null null
2026-08-27 17:38:33.299 +05:30 [INF] Request starting HTTP/1.1 GET http://localhost:5082/swagger/index.js - null null
2026-08-27 17:38:33.308 +05:30 [INF] Request finished HTTP/1.1 GET http://localhost:5082/swagger/index.html - 200 null text/html;charset=utf-8 597.1884ms
2026-08-27 17:38:33.358 +05:30 [INF] HTTP GET /swagger/index.css responded 304 in 15.2457 ms
2026-08-27 17:38:33.370 +05:30 [INF] HTTP GET /swagger/swagger-ui.css responded 304 in 50.7486 ms
2026-08-27 17:38:33.370 +05:30 [INF] HTTP GET /swagger/swagger-ui-standalone-preset.js responded 304 in 58.5083 ms
2026-08-27 17:38:33.528 +05:30 [INF] HTTP GET /swagger/index.js responded 304 in 0.7734 ms
2026-08-27 17:38:33.700 +05:30 [INF] HTTP GET /swagger/swagger-ui-bundle.js responded 304 in 184.5778 ms
2026-08-27 17:38:33.735 +05:30 [INF] Request finished HTTP/1.1 GET http://localhost:5082/swagger/index.css - 304 null null 516.9593ms
2026-08-27 17:38:33.742 +05:30 [INF] Request finished HTTP/1.1 GET http://localhost:5082/swagger/swagger-ui.css - 304 null null 532.0985ms
2026-08-27 17:38:33.766 +05:30 [INF] Request finished HTTP/1.1 GET http://localhost:5082/swagger/swagger-ui-standalone-preset.js - 304 null null 564.4427ms
2026-08-27 17:38:33.883 +05:30 [INF] Request finished HTTP/1.1 GET http://localhost:5082/swagger/index.js - 304 null null 583.3421ms
2026-08-27 17:38:34.285 +05:30 [INF] Request finished HTTP/1.1 GET http://localhost:5082/swagger/swagger-ui-bundle.js - 304 null null 1021.1898ms
2026-08-27 17:38:35.664 +05:30 [INF] Request starting HTTP/1.1 GET http://localhost:5082/swagger/favicon-32x32.png - null null
2026-08-27 17:38:35.684 +05:30 [INF] Request starting HTTP/1.1 GET http://localhost:5082/swagger/v1/swagger.json - null null
2026-08-27 17:38:35.696 +05:30 [INF] HTTP GET /swagger/favicon-32x32.png responded 304 in 0.4483 ms
2026-08-27 17:38:35.712 +05:30 [INF] Request finished HTTP/1.1 GET http://localhost:5082/swagger/favicon-32x32.png - 304 null null 48.5323ms
2026-08-27 17:38:36.075 +05:30 [INF] HTTP GET /swagger/v1/swagger.json responded 200 in 371.3291 ms
2026-08-27 17:38:36.079 +05:30 [INF] Request finished HTTP/1.1 GET http://localhost:5082/swagger/v1/swagger.json - 200 null application/json;charset=utf-8 395.2408ms
2026-08-27 17:40:55.576 +05:30 [INF] Request starting HTTP/1.1 POST http://localhost:5082/api/BorrowerLoanApplication - application/json 235
2026-08-27 17:40:55.597 +05:30 [WRN] Failed to determine the https port for redirect.
2026-08-27 17:40:55.752 +05:30 [INF] CORS policy execution successful.
2026-08-27 17:40:55.864 +05:30 [INF] Authorization failed. These requirements were not met:
RolesAuthorizationRequirement:User.IsInRole must be true for one of the following roles: (Borrower)
2026-08-27 17:40:55.873 +05:30 [INF] AuthenticationScheme: Bearer was challenged.
2026-08-27 17:40:55.878 +05:30 [INF] HTTP POST /api/BorrowerLoanApplication responded 401 in 282.4255 ms
2026-08-27 17:40:55.885 +05:30 [INF] Request finished HTTP/1.1 POST http://localhost:5082/api/BorrowerLoanApplication - 401 0 null 308.8217ms
2026-08-27 17:51:14.443 +05:30 [INF] Request starting HTTP/1.1 POST http://localhost:5082/api/BorrowerLoanApplication - application/json 238
2026-08-27 17:51:14.502 +05:30 [INF] CORS policy execution successful.
2026-08-27 17:51:14.529 +05:30 [INF] Authorization failed. These requirements were not met:
RolesAuthorizationRequirement:User.IsInRole must be true for one of the following roles: (Borrower)
2026-08-27 17:51:14.532 +05:30 [INF] AuthenticationScheme: Bearer was challenged.
2026-08-27 17:51:14.535 +05:30 [INF] HTTP POST /api/BorrowerLoanApplication responded 401 in 40.3230 ms
2026-08-27 17:51:14.541 +05:30 [INF] Request finished HTTP/1.1 POST http://localhost:5082/api/BorrowerLoanApplication - 401 0 null 97.2526ms
2026-08-27 17:57:59.443 +05:30 [WRN] No store type was specified for the decimal property 'InterestRate' on entity type 'LoanRequest'. This will cause values to be silently truncated if they do not fit in the default precision and scale. Explicitly specify the SQL server column type that can accommodate all the values in 'OnModelCreating' using 'HasColumnType', specify precision and scale using 'HasPrecision', or configure a value converter using 'HasConversion'.
2026-08-27 17:57:59.479 +05:30 [WRN] No store type was specified for the decimal property 'RequestedAmount' on entity type 'LoanRequest'. This will cause values to be silently truncated if they do not fit in the default precision and scale. Explicitly specify the SQL server column type that can accommodate all the values in 'OnModelCreating' using 'HasColumnType', specify precision and scale using 'HasPrecision', or configure a value converter using 'HasConversion'.
2026-08-27 17:58:45.508 +05:30 [WRN] No store type was specified for the decimal property 'InterestRate' on entity type 'LoanRequest'. This will cause values to be silently truncated if they do not fit in the default precision and scale. Explicitly specify the SQL server column type that can accommodate all the values in 'OnModelCreating' using 'HasColumnType', specify precision and scale using 'HasPrecision', or configure a value converter using 'HasConversion'.
2026-08-27 17:58:45.551 +05:30 [WRN] No store type was specified for the decimal property 'RequestedAmount' on entity type 'LoanRequest'. This will cause values to be silently truncated if they do not fit in the default precision and scale. Explicitly specify the SQL server column type that can accommodate all the values in 'OnModelCreating' using 'HasColumnType', specify precision and scale using 'HasPrecision', or configure a value converter using 'HasConversion'.
2026-08-27 17:59:01.091 +05:30 [INF] Executed DbCommand (5,008ms) [Parameters=[], CommandType='"Text"', CommandTimeout='30']
SELECT 1
2026-08-27 17:59:01.103 +05:30 [INF] Acquiring an exclusive lock for migration application. See https://aka.ms/efcore-docs-migrations-lock for more information if this takes too long.
2026-08-27 17:59:31.537 +05:30 [ERR] Failed executing DbCommand (30,428ms) [Parameters=[], CommandType='"Text"', CommandTimeout='30']
DECLARE @result int;
EXEC @result = sp_getapplock @Resource = '__EFMigrationsLock', @LockOwner = 'Session', @LockMode = 'Exclusive';
SELECT @result
2026-08-27 18:00:01.556 +05:30 [ERR] Failed executing DbCommand (30,015ms) [Parameters=[], CommandType='"Text"', CommandTimeout='30']
DECLARE @result int;
EXEC @result = sp_releaseapplock @Resource = '__EFMigrationsLock', @LockOwner = 'Session';
SELECT @result
2026-08-27 18:14:29.760 +05:30 [WRN] No store type was specified for the decimal property 'InterestRate' on entity type 'LoanRequest'. This will cause values to be silently truncated if they do not fit in the default precision and scale. Explicitly specify the SQL server column type that can accommodate all the values in 'OnModelCreating' using 'HasColumnType', specify precision and scale using 'HasPrecision', or configure a value converter using 'HasConversion'.
2026-08-27 18:14:29.801 +05:30 [WRN] No store type was specified for the decimal property 'RequestedAmount' on entity type 'LoanRequest'. This will cause values to be silently truncated if they do not fit in the default precision and scale. Explicitly specify the SQL server column type that can accommodate all the values in 'OnModelCreating' using 'HasColumnType', specify precision and scale using 'HasPrecision', or configure a value converter using 'HasConversion'.
2026-08-27 18:14:30.117 +05:30 [INF] Executed DbCommand (14ms) [Parameters=[], CommandType='"Text"', CommandTimeout='30']
SELECT 1
2026-08-27 18:14:30.131 +05:30 [INF] Acquiring an exclusive lock for migration application. See https://aka.ms/efcore-docs-migrations-lock for more information if this takes too long.
2026-08-27 18:14:30.165 +05:30 [INF] Executed DbCommand (31ms) [Parameters=[], CommandType='"Text"', CommandTimeout='30']
DECLARE @result int;
EXEC @result = sp_getapplock @Resource = '__EFMigrationsLock', @LockOwner = 'Session', @LockMode = 'Exclusive';
SELECT @result
2026-08-27 18:14:30.236 +05:30 [INF] Executed DbCommand (6ms) [Parameters=[], CommandType='"Text"', CommandTimeout='30']
IF OBJECT_ID(N'[__EFMigrationsHistory]') IS NULL
BEGIN
    CREATE TABLE [__EFMigrationsHistory] (
        [MigrationId] nvarchar(150) NOT NULL,
        [ProductVersion] nvarchar(32) NOT NULL,
        CONSTRAINT [PK___EFMigrationsHistory] PRIMARY KEY ([MigrationId])
    );
END;
2026-08-27 18:14:30.254 +05:30 [INF] Executed DbCommand (2ms) [Parameters=[], CommandType='"Text"', CommandTimeout='30']
SELECT 1
2026-08-27 18:14:30.258 +05:30 [INF] Executed DbCommand (1ms) [Parameters=[], CommandType='"Text"', CommandTimeout='30']
SELECT OBJECT_ID(N'[__EFMigrationsHistory]');
2026-08-27 18:14:30.270 +05:30 [INF] Executed DbCommand (7ms) [Parameters=[], CommandType='"Text"', CommandTimeout='30']
SELECT [MigrationId], [ProductVersion]
FROM [__EFMigrationsHistory]
ORDER BY [MigrationId];
2026-08-27 18:14:30.284 +05:30 [INF] No migrations were applied. The database is already up to date.
2026-08-27 18:14:30.303 +05:30 [INF] Executed DbCommand (10ms) [Parameters=[], CommandType='"Text"', CommandTimeout='30']
DECLARE @result int;
EXEC @result = sp_releaseapplock @Resource = '__EFMigrationsLock', @LockOwner = 'Session';
SELECT @result
2026-08-27 18:14:30.575 +05:30 [INF] Executed DbCommand (16ms) [Parameters=[], CommandType='"Text"', CommandTimeout='30']
SELECT CASE
    WHEN EXISTS (
        SELECT 1
        FROM [Users] AS [u]
        WHERE [u].[Role] = N'Admin') THEN CAST(1 AS bit)
    ELSE CAST(0 AS bit)
END
2026-08-27 18:14:30.673 +05:30 [INF] User profile is available. Using 'C:\Users\thang\AppData\Local\ASP.NET\DataProtection-Keys' as key repository and Windows DPAPI to encrypt keys at rest.
2026-08-27 18:14:30.685 +05:30 [INF] Payment Behavior Background Service started.
2026-08-27 18:14:30.777 +05:30 [INF] Now listening on: http://localhost:5082
2026-08-27 18:14:30.779 +05:30 [INF] Application started. Press Ctrl+C to shut down.
2026-08-27 18:14:30.780 +05:30 [INF] Hosting environment: Development
2026-08-27 18:14:30.782 +05:30 [INF] Content root path: C:\Users\thang\OneDrive\Documents\React Projects\LoanDeductionPrediction\LoanDeductionPrediction.API
2026-08-27 18:14:30.858 +05:30 [INF] Executed DbCommand (45ms) [Parameters=[@today='?' (DbType = Date)], CommandType='"Text"', CommandTimeout='30']
SELECT [r].[ScheduleId], [r].[DueDate], [r].[EMIAmount], [r].[InstallmentNumber], [r].[InterestAmount], [r].[LoanId], [r].[PaidAmount], [r].[PaidDate], [r].[PrincipalAmount], [r].[Status]
FROM [RepaymentSchedules] AS [r]
WHERE [r].[DueDate] < @today AND [r].[PaidAmount] < [r].[EMIAmount] AND [r].[Status] <> N'PAID'
ORDER BY [r].[DueDate]
2026-08-27 18:14:43.445 +05:30 [INF] Request starting HTTP/1.1 GET http://localhost:5082/swagger/index.html - null null
2026-08-27 18:14:43.735 +05:30 [INF] HTTP GET /swagger/index.html responded 304 in 174.5448 ms
2026-08-27 18:14:43.752 +05:30 [INF] Request finished HTTP/1.1 GET http://localhost:5082/swagger/index.html - 304 null null 309.4629ms
2026-08-27 18:14:43.783 +05:30 [INF] Request starting HTTP/1.1 GET http://localhost:5082/swagger/swagger-ui-bundle.js - null null
2026-08-27 18:14:43.783 +05:30 [INF] Request starting HTTP/1.1 GET http://localhost:5082/swagger/index.js - null null
2026-08-27 18:14:43.784 +05:30 [INF] Request starting HTTP/1.1 GET http://localhost:5082/swagger/swagger-ui-standalone-preset.js - null null
2026-08-27 18:14:43.784 +05:30 [INF] Request starting HTTP/1.1 GET http://localhost:5082/swagger/swagger-ui.css - null null
2026-08-27 18:14:43.799 +05:30 [INF] Request starting HTTP/1.1 GET http://localhost:5082/swagger/index.css - null null
2026-08-27 18:14:43.825 +05:30 [INF] HTTP GET /swagger/index.js responded 304 in 8.9244 ms
2026-08-27 18:14:43.856 +05:30 [INF] HTTP GET /swagger/swagger-ui-standalone-preset.js responded 304 in 14.7702 ms
2026-08-27 18:14:43.867 +05:30 [INF] HTTP GET /swagger/swagger-ui-bundle.js responded 304 in 61.2018 ms
2026-08-27 18:14:43.927 +05:30 [INF] Request finished HTTP/1.1 GET http://localhost:5082/swagger/swagger-ui-bundle.js - 304 null null 144.4435ms
2026-08-27 18:14:43.880 +05:30 [INF] HTTP GET /swagger/index.css responded 304 in 0.6494 ms
2026-08-27 18:14:43.901 +05:30 [INF] Request finished HTTP/1.1 GET http://localhost:5082/swagger/index.js - 304 null null 112.0422ms
2026-08-27 18:14:43.907 +05:30 [INF] Request finished HTTP/1.1 GET http://localhost:5082/swagger/swagger-ui-standalone-preset.js - 304 null null 122.5209ms
2026-08-27 18:14:43.880 +05:30 [INF] HTTP GET /swagger/swagger-ui.css responded 304 in 22.6598 ms
2026-08-27 18:14:43.956 +05:30 [INF] Request finished HTTP/1.1 GET http://localhost:5082/swagger/index.css - 304 null null 157.0728ms
2026-08-27 18:14:43.990 +05:30 [INF] Request finished HTTP/1.1 GET http://localhost:5082/swagger/swagger-ui.css - 304 null null 205.7694ms
2026-08-27 18:14:44.218 +05:30 [INF] Request starting HTTP/1.1 GET http://localhost:5082/swagger/v1/swagger.json - null null
2026-08-27 18:14:44.570 +05:30 [INF] HTTP GET /swagger/v1/swagger.json responded 200 in 300.2476 ms
2026-08-27 18:14:44.616 +05:30 [INF] Request finished HTTP/1.1 GET http://localhost:5082/swagger/v1/swagger.json - 200 null application/json;charset=utf-8 396.6877ms
2026-08-27 18:15:40.308 +05:30 [INF] Request starting HTTP/1.1 POST http://localhost:5082/api/BorrowerLoanApplication - application/json 232
2026-08-27 18:15:40.359 +05:30 [WRN] Failed to determine the https port for redirect.
2026-08-27 18:15:40.376 +05:30 [INF] CORS policy execution successful.
2026-08-27 18:15:40.518 +05:30 [INF] Executing endpoint 'LoanDeductionPrediction.API.Controllers.BorrowerLoanApplicationController.SubmitApplication (LoanDeductionPrediction.API)'
2026-08-27 18:15:40.590 +05:30 [INF] Route matched with {action = "SubmitApplication", controller = "BorrowerLoanApplication"}. Executing controller action with signature System.Threading.Tasks.Task`1[Microsoft.AspNetCore.Mvc.IActionResult] SubmitApplication(LoanDeductionPrediction.Models.DTOs.CreateBorrowerLoanApplicationRequest) on controller LoanDeductionPrediction.API.Controllers.BorrowerLoanApplicationController (LoanDeductionPrediction.API).
2026-08-27 18:15:40.934 +05:30 [WRN] You do not have a valid license key for the Lucky Penny software AutoMapper. This is allowed for development and testing scenarios. If you are running in production you are required to have a licensed version. Please visit https://luckypennysoftware.com to obtain a valid license.
2026-08-27 18:15:41.502 +05:30 [INF] Executed DbCommand (79ms) [Parameters=[@normalizedEmail='?' (Size = 150)], CommandType='"Text"', CommandTimeout='30']
SELECT [b].[ApplicationId], [b].[CollateralDetails], [b].[CreatedAt], [b].[DateOfBirth], [b].[Email], [b].[FullName], [b].[InterestRate], [b].[LoanType], [b].[MonthlySalary], [b].[PasswordHash], [b].[Remarks], [b].[RequestedAmount], [b].[ReviewedAt], [b].[ReviewedByLoanOfficerId], [b].[Status], [b].[TenureMonths], [u].[UserId], [u].[CreatedAt], [u].[Email], [u].[FullName], [u].[IsActive], [u].[PasswordHash], [u].[Role]
FROM [BorrowerLoanApplications] AS [b]
LEFT JOIN [Users] AS [u] ON [b].[ReviewedByLoanOfficerId] = [u].[UserId]
WHERE LOWER([b].[Email]) = @normalizedEmail
ORDER BY [b].[CreatedAt] DESC
2026-08-27 18:15:41.569 +05:30 [INF] Executed DbCommand (26ms) [Parameters=[@email='?' (Size = 150)], CommandType='"Text"', CommandTimeout='30']
SELECT TOP(1) [u].[UserId], [u].[CreatedAt], [u].[Email], [u].[FullName], [u].[IsActive], [u].[PasswordHash], [u].[Role]
FROM [Users] AS [u]
WHERE [u].[Email] = @email
2026-08-27 18:15:42.577 +05:30 [INF] Executed DbCommand (67ms) [Parameters=[@p0='?' (Size = 500), @p1='?' (DbType = DateTime2), @p2='?' (DbType = Date), @p3='?' (Size = 150), @p4='?' (Size = 100), @p5='?' (Precision = 5) (Scale = 2) (DbType = Decimal), @p6='?' (Size = 50), @p7='?' (Precision = 18) (Scale = 2) (DbType = Decimal), @p8='?' (Size = 255), @p9='?' (Size = 500), @p10='?' (Precision = 18) (Scale = 2) (DbType = Decimal), @p11='?' (DbType = DateTime2), @p12='?' (DbType = Int32), @p13='?' (Size = 30), @p14='?' (DbType = Int32)], CommandType='"Text"', CommandTimeout='30']
SET IMPLICIT_TRANSACTIONS OFF;
SET NOCOUNT ON;
INSERT INTO [BorrowerLoanApplications] ([CollateralDetails], [CreatedAt], [DateOfBirth], [Email], [FullName], [InterestRate], [LoanType], [MonthlySalary], [PasswordHash], [Remarks], [RequestedAmount], [ReviewedAt], [ReviewedByLoanOfficerId], [Status], [TenureMonths])
OUTPUT INSERTED.[ApplicationId]
VALUES (@p0, @p1, @p2, @p3, @p4, @p5, @p6, @p7, @p8, @p9, @p10, @p11, @p12, @p13, @p14);
2026-08-27 18:15:42.708 +05:30 [INF] Executing CreatedAtActionResult, writing value of type 'LoanDeductionPrediction.Models.DTOs.BorrowerLoanApplicationDto'.
2026-08-27 18:15:42.819 +05:30 [INF] Executed action LoanDeductionPrediction.API.Controllers.BorrowerLoanApplicationController.SubmitApplication (LoanDeductionPrediction.API) in 2199.1334ms
2026-08-27 18:15:42.827 +05:30 [INF] Executed endpoint 'LoanDeductionPrediction.API.Controllers.BorrowerLoanApplicationController.SubmitApplication (LoanDeductionPrediction.API)'
2026-08-27 18:15:43.003 +05:30 [INF] HTTP POST /api/BorrowerLoanApplication responded 201 in 2656.1222 ms
2026-08-27 18:15:43.063 +05:30 [INF] Request finished HTTP/1.1 POST http://localhost:5082/api/BorrowerLoanApplication - 201 null application/json; charset=utf-8 2754.8991ms
2026-08-27 18:17:11.477 +05:30 [INF] Request starting HTTP/1.1 POST http://localhost:5082/api/Auth/login - application/json 75
2026-08-27 18:17:11.486 +05:30 [INF] CORS policy execution successful.
2026-08-27 18:17:11.498 +05:30 [INF] Executing endpoint 'LoanDeductionPrediction.API.Controllers.AuthController.Login (LoanDeductionPrediction.API)'
2026-08-27 18:17:11.631 +05:30 [INF] Route matched with {action = "Login", controller = "Auth"}. Executing controller action with signature System.Threading.Tasks.Task`1[Microsoft.AspNetCore.Mvc.IActionResult] Login(LoanDeductionPrediction.Models.DTOs.LoginRequest) on controller LoanDeductionPrediction.API.Controllers.AuthController (LoanDeductionPrediction.API).
2026-08-27 18:17:11.830 +05:30 [INF] Executed DbCommand (21ms) [Parameters=[@email='?' (Size = 150)], CommandType='"Text"', CommandTimeout='30']
SELECT TOP(1) [u].[UserId], [u].[CreatedAt], [u].[Email], [u].[FullName], [u].[IsActive], [u].[PasswordHash], [u].[Role]
FROM [Users] AS [u]
WHERE [u].[Email] = @email
2026-08-27 18:17:11.840 +05:30 [INF] Executing UnauthorizedObjectResult, writing value of type '<>f__AnonymousType0`1[[System.String, System.Private.CoreLib, Version=10.0.0.0, Culture=neutral, PublicKeyToken=7cec85d7bea7798e]]'.
2026-08-27 18:17:11.866 +05:30 [INF] Executed action LoanDeductionPrediction.API.Controllers.AuthController.Login (LoanDeductionPrediction.API) in 95.0912ms
2026-08-27 18:17:11.884 +05:30 [INF] Executed endpoint 'LoanDeductionPrediction.API.Controllers.AuthController.Login (LoanDeductionPrediction.API)'
2026-08-27 18:17:11.912 +05:30 [INF] HTTP POST /api/Auth/login responded 401 in 426.7900 ms
2026-08-27 18:17:11.930 +05:30 [INF] Request finished HTTP/1.1 POST http://localhost:5082/api/Auth/login - 401 null application/json; charset=utf-8 452.8788ms
2026-08-27 18:17:38.610 +05:30 [INF] Request starting HTTP/1.1 POST http://localhost:5082/api/Auth/login - application/json 75
2026-08-27 18:17:38.630 +05:30 [INF] CORS policy execution successful.
2026-08-27 18:17:38.641 +05:30 [INF] Executing endpoint 'LoanDeductionPrediction.API.Controllers.AuthController.Login (LoanDeductionPrediction.API)'
2026-08-27 18:17:38.654 +05:30 [INF] Route matched with {action = "Login", controller = "Auth"}. Executing controller action with signature System.Threading.Tasks.Task`1[Microsoft.AspNetCore.Mvc.IActionResult] Login(LoanDeductionPrediction.Models.DTOs.LoginRequest) on controller LoanDeductionPrediction.API.Controllers.AuthController (LoanDeductionPrediction.API).
2026-08-27 18:17:38.718 +05:30 [INF] Executed DbCommand (31ms) [Parameters=[@email='?' (Size = 150)], CommandType='"Text"', CommandTimeout='30']
SELECT TOP(1) [u].[UserId], [u].[CreatedAt], [u].[Email], [u].[FullName], [u].[IsActive], [u].[PasswordHash], [u].[Role]
FROM [Users] AS [u]
WHERE [u].[Email] = @email
2026-08-27 18:17:38.725 +05:30 [INF] Executing UnauthorizedObjectResult, writing value of type '<>f__AnonymousType0`1[[System.String, System.Private.CoreLib, Version=10.0.0.0, Culture=neutral, PublicKeyToken=7cec85d7bea7798e]]'.
2026-08-27 18:17:38.734 +05:30 [INF] Executed action LoanDeductionPrediction.API.Controllers.AuthController.Login (LoanDeductionPrediction.API) in 51.1959ms
2026-08-27 18:17:38.738 +05:30 [INF] Executed endpoint 'LoanDeductionPrediction.API.Controllers.AuthController.Login (LoanDeductionPrediction.API)'
2026-08-27 18:17:38.740 +05:30 [INF] HTTP POST /api/Auth/login responded 401 in 110.5004 ms
2026-08-27 18:17:38.750 +05:30 [INF] Request finished HTTP/1.1 POST http://localhost:5082/api/Auth/login - 401 null application/json; charset=utf-8 140.1747ms
2026-08-27 18:18:07.732 +05:30 [INF] Request starting HTTP/1.1 POST http://localhost:5082/api/Auth/login - application/json 71
2026-08-27 18:18:07.744 +05:30 [INF] CORS policy execution successful.
2026-08-27 18:18:07.791 +05:30 [INF] Executing endpoint 'LoanDeductionPrediction.API.Controllers.AuthController.Login (LoanDeductionPrediction.API)'
2026-08-27 18:18:07.815 +05:30 [INF] Route matched with {action = "Login", controller = "Auth"}. Executing controller action with signature System.Threading.Tasks.Task`1[Microsoft.AspNetCore.Mvc.IActionResult] Login(LoanDeductionPrediction.Models.DTOs.LoginRequest) on controller LoanDeductionPrediction.API.Controllers.AuthController (LoanDeductionPrediction.API).
2026-08-27 18:18:07.858 +05:30 [INF] Executed DbCommand (19ms) [Parameters=[@email='?' (Size = 150)], CommandType='"Text"', CommandTimeout='30']
SELECT TOP(1) [u].[UserId], [u].[CreatedAt], [u].[Email], [u].[FullName], [u].[IsActive], [u].[PasswordHash], [u].[Role]
FROM [Users] AS [u]
WHERE [u].[Email] = @email
2026-08-27 18:18:07.864 +05:30 [INF] Executing UnauthorizedObjectResult, writing value of type '<>f__AnonymousType0`1[[System.String, System.Private.CoreLib, Version=10.0.0.0, Culture=neutral, PublicKeyToken=7cec85d7bea7798e]]'.
2026-08-27 18:18:07.876 +05:30 [INF] Executed action LoanDeductionPrediction.API.Controllers.AuthController.Login (LoanDeductionPrediction.API) in 49.9277ms
2026-08-27 18:18:07.886 +05:30 [INF] Executed endpoint 'LoanDeductionPrediction.API.Controllers.AuthController.Login (LoanDeductionPrediction.API)'
2026-08-27 18:18:07.889 +05:30 [INF] HTTP POST /api/Auth/login responded 401 in 145.2880 ms
2026-08-27 18:18:07.898 +05:30 [INF] Request finished HTTP/1.1 POST http://localhost:5082/api/Auth/login - 401 null application/json; charset=utf-8 166.2019ms
2026-08-27 18:18:28.836 +05:30 [INF] Request starting HTTP/1.1 POST http://localhost:5082/api/Auth/login - application/json 58
2026-08-27 18:18:28.879 +05:30 [INF] CORS policy execution successful.
2026-08-27 18:18:28.889 +05:30 [INF] Executing endpoint 'LoanDeductionPrediction.API.Controllers.AuthController.Login (LoanDeductionPrediction.API)'
2026-08-27 18:18:28.920 +05:30 [INF] Route matched with {action = "Login", controller = "Auth"}. Executing controller action with signature System.Threading.Tasks.Task`1[Microsoft.AspNetCore.Mvc.IActionResult] Login(LoanDeductionPrediction.Models.DTOs.LoginRequest) on controller LoanDeductionPrediction.API.Controllers.AuthController (LoanDeductionPrediction.API).
2026-08-27 18:18:28.952 +05:30 [INF] Executed DbCommand (12ms) [Parameters=[@email='?' (Size = 150)], CommandType='"Text"', CommandTimeout='30']
SELECT TOP(1) [u].[UserId], [u].[CreatedAt], [u].[Email], [u].[FullName], [u].[IsActive], [u].[PasswordHash], [u].[Role]
FROM [Users] AS [u]
WHERE [u].[Email] = @email
2026-08-27 18:18:28.958 +05:30 [INF] Executing UnauthorizedObjectResult, writing value of type '<>f__AnonymousType0`1[[System.String, System.Private.CoreLib, Version=10.0.0.0, Culture=neutral, PublicKeyToken=7cec85d7bea7798e]]'.
2026-08-27 18:18:28.974 +05:30 [INF] Executed action LoanDeductionPrediction.API.Controllers.AuthController.Login (LoanDeductionPrediction.API) in 36.8513ms
2026-08-27 18:18:28.989 +05:30 [INF] Executed endpoint 'LoanDeductionPrediction.API.Controllers.AuthController.Login (LoanDeductionPrediction.API)'
2026-08-27 18:18:28.992 +05:30 [INF] HTTP POST /api/Auth/login responded 401 in 113.2210 ms
2026-08-27 18:18:29.003 +05:30 [INF] Request finished HTTP/1.1 POST http://localhost:5082/api/Auth/login - 401 null application/json; charset=utf-8 166.9371ms
2026-08-27 18:20:01.604 +05:30 [INF] Request starting HTTP/1.1 POST http://localhost:5082/api/Auth/login - application/json 74
2026-08-27 18:20:01.617 +05:30 [INF] CORS policy execution successful.
2026-08-27 18:20:01.621 +05:30 [INF] Executing endpoint 'LoanDeductionPrediction.API.Controllers.AuthController.Login (LoanDeductionPrediction.API)'
2026-08-27 18:20:01.829 +05:30 [INF] Route matched with {action = "Login", controller = "Auth"}. Executing controller action with signature System.Threading.Tasks.Task`1[Microsoft.AspNetCore.Mvc.IActionResult] Login(LoanDeductionPrediction.Models.DTOs.LoginRequest) on controller LoanDeductionPrediction.API.Controllers.AuthController (LoanDeductionPrediction.API).
2026-08-27 18:20:01.885 +05:30 [INF] Executed DbCommand (37ms) [Parameters=[@email='?' (Size = 150)], CommandType='"Text"', CommandTimeout='30']
SELECT TOP(1) [u].[UserId], [u].[CreatedAt], [u].[Email], [u].[FullName], [u].[IsActive], [u].[PasswordHash], [u].[Role]
FROM [Users] AS [u]
WHERE [u].[Email] = @email
2026-08-27 18:20:02.371 +05:30 [INF] Executing UnauthorizedObjectResult, writing value of type '<>f__AnonymousType0`1[[System.String, System.Private.CoreLib, Version=10.0.0.0, Culture=neutral, PublicKeyToken=7cec85d7bea7798e]]'.
2026-08-27 18:20:02.374 +05:30 [INF] Executed action LoanDeductionPrediction.API.Controllers.AuthController.Login (LoanDeductionPrediction.API) in 533.8456ms
2026-08-27 18:20:02.392 +05:30 [INF] Executed endpoint 'LoanDeductionPrediction.API.Controllers.AuthController.Login (LoanDeductionPrediction.API)'
2026-08-27 18:20:02.397 +05:30 [INF] HTTP POST /api/Auth/login responded 401 in 786.8939 ms
2026-08-27 18:20:02.421 +05:30 [INF] Request finished HTTP/1.1 POST http://localhost:5082/api/Auth/login - 401 null application/json; charset=utf-8 817.035ms
2026-08-27 18:20:12.016 +05:30 [INF] Request starting HTTP/1.1 POST http://localhost:5082/api/Auth/login - application/json 74
2026-08-27 18:20:12.062 +05:30 [INF] CORS policy execution successful.
2026-08-27 18:20:12.072 +05:30 [INF] Executing endpoint 'LoanDeductionPrediction.API.Controllers.AuthController.Login (LoanDeductionPrediction.API)'
2026-08-27 18:20:12.100 +05:30 [INF] Route matched with {action = "Login", controller = "Auth"}. Executing controller action with signature System.Threading.Tasks.Task`1[Microsoft.AspNetCore.Mvc.IActionResult] Login(LoanDeductionPrediction.Models.DTOs.LoginRequest) on controller LoanDeductionPrediction.API.Controllers.AuthController (LoanDeductionPrediction.API).
2026-08-27 18:20:12.116 +05:30 [INF] Executed DbCommand (5ms) [Parameters=[@email='?' (Size = 150)], CommandType='"Text"', CommandTimeout='30']
SELECT TOP(1) [u].[UserId], [u].[CreatedAt], [u].[Email], [u].[FullName], [u].[IsActive], [u].[PasswordHash], [u].[Role]
FROM [Users] AS [u]
WHERE [u].[Email] = @email
2026-08-27 18:20:12.356 +05:30 [INF] Executing UnauthorizedObjectResult, writing value of type '<>f__AnonymousType0`1[[System.String, System.Private.CoreLib, Version=10.0.0.0, Culture=neutral, PublicKeyToken=7cec85d7bea7798e]]'.
2026-08-27 18:20:12.359 +05:30 [INF] Executed action LoanDeductionPrediction.API.Controllers.AuthController.Login (LoanDeductionPrediction.API) in 253.2205ms
2026-08-27 18:20:12.364 +05:30 [INF] Executed endpoint 'LoanDeductionPrediction.API.Controllers.AuthController.Login (LoanDeductionPrediction.API)'
2026-08-27 18:20:12.367 +05:30 [INF] HTTP POST /api/Auth/login responded 401 in 306.0913 ms
2026-08-27 18:20:12.390 +05:30 [INF] Request finished HTTP/1.1 POST http://localhost:5082/api/Auth/login - 401 null application/json; charset=utf-8 373.9156ms
2026-08-27 18:23:45.323 +05:30 [INF] Application is shutting down...
2026-08-27 18:26:20.615 +05:30 [WRN] No store type was specified for the decimal property 'InterestRate' on entity type 'LoanRequest'. This will cause values to be silently truncated if they do not fit in the default precision and scale. Explicitly specify the SQL server column type that can accommodate all the values in 'OnModelCreating' using 'HasColumnType', specify precision and scale using 'HasPrecision', or configure a value converter using 'HasConversion'.
2026-08-27 18:26:20.659 +05:30 [WRN] No store type was specified for the decimal property 'RequestedAmount' on entity type 'LoanRequest'. This will cause values to be silently truncated if they do not fit in the default precision and scale. Explicitly specify the SQL server column type that can accommodate all the values in 'OnModelCreating' using 'HasColumnType', specify precision and scale using 'HasPrecision', or configure a value converter using 'HasConversion'.
2026-08-27 18:26:21.021 +05:30 [INF] Executed DbCommand (18ms) [Parameters=[], CommandType='"Text"', CommandTimeout='30']
SELECT 1
2026-08-27 18:26:21.040 +05:30 [INF] Acquiring an exclusive lock for migration application. See https://aka.ms/efcore-docs-migrations-lock for more information if this takes too long.
2026-08-27 18:26:21.137 +05:30 [INF] Executed DbCommand (94ms) [Parameters=[], CommandType='"Text"', CommandTimeout='30']
DECLARE @result int;
EXEC @result = sp_getapplock @Resource = '__EFMigrationsLock', @LockOwner = 'Session', @LockMode = 'Exclusive';
SELECT @result
2026-08-27 18:26:21.249 +05:30 [INF] Executed DbCommand (27ms) [Parameters=[], CommandType='"Text"', CommandTimeout='30']
IF OBJECT_ID(N'[__EFMigrationsHistory]') IS NULL
BEGIN
    CREATE TABLE [__EFMigrationsHistory] (
        [MigrationId] nvarchar(150) NOT NULL,
        [ProductVersion] nvarchar(32) NOT NULL,
        CONSTRAINT [PK___EFMigrationsHistory] PRIMARY KEY ([MigrationId])
    );
END;
2026-08-27 18:26:21.274 +05:30 [INF] Executed DbCommand (2ms) [Parameters=[], CommandType='"Text"', CommandTimeout='30']
SELECT 1
2026-08-27 18:26:21.283 +05:30 [INF] Executed DbCommand (2ms) [Parameters=[], CommandType='"Text"', CommandTimeout='30']
SELECT OBJECT_ID(N'[__EFMigrationsHistory]');
2026-08-27 18:26:21.341 +05:30 [INF] Executed DbCommand (50ms) [Parameters=[], CommandType='"Text"', CommandTimeout='30']
SELECT [MigrationId], [ProductVersion]
FROM [__EFMigrationsHistory]
ORDER BY [MigrationId];
2026-08-27 18:26:21.348 +05:30 [INF] No migrations were applied. The database is already up to date.
2026-08-27 18:26:21.371 +05:30 [INF] Executed DbCommand (21ms) [Parameters=[], CommandType='"Text"', CommandTimeout='30']
DECLARE @result int;
EXEC @result = sp_releaseapplock @Resource = '__EFMigrationsLock', @LockOwner = 'Session';
SELECT @result
2026-08-27 18:26:21.649 +05:30 [INF] Executed DbCommand (60ms) [Parameters=[], CommandType='"Text"', CommandTimeout='30']
SELECT CASE
    WHEN EXISTS (
        SELECT 1
        FROM [Users] AS [u]
        WHERE [u].[Role] = N'Admin') THEN CAST(1 AS bit)
    ELSE CAST(0 AS bit)
END
2026-08-27 18:26:21.830 +05:30 [INF] User profile is available. Using 'C:\Users\thang\AppData\Local\ASP.NET\DataProtection-Keys' as key repository and Windows DPAPI to encrypt keys at rest.
2026-08-27 18:26:21.852 +05:30 [INF] Payment Behavior Background Service started.
2026-08-27 18:26:21.944 +05:30 [INF] Now listening on: http://localhost:5082
2026-08-27 18:26:21.946 +05:30 [INF] Application started. Press Ctrl+C to shut down.
2026-08-27 18:26:21.947 +05:30 [INF] Hosting environment: Development
2026-08-27 18:26:21.948 +05:30 [INF] Content root path: C:\Users\thang\OneDrive\Documents\React Projects\LoanDeductionPrediction\LoanDeductionPrediction.API
2026-08-27 18:26:22.078 +05:30 [INF] Executed DbCommand (82ms) [Parameters=[@today='?' (DbType = Date)], CommandType='"Text"', CommandTimeout='30']
SELECT [r].[ScheduleId], [r].[DueDate], [r].[EMIAmount], [r].[InstallmentNumber], [r].[InterestAmount], [r].[LoanId], [r].[PaidAmount], [r].[PaidDate], [r].[PrincipalAmount], [r].[Status]
FROM [RepaymentSchedules] AS [r]
WHERE [r].[DueDate] < @today AND [r].[PaidAmount] < [r].[EMIAmount] AND [r].[Status] <> N'PAID'
ORDER BY [r].[DueDate]
2026-08-27 18:26:43.546 +05:30 [INF] Request starting HTTP/1.1 GET http://localhost:5082/swagger/index.html - null null
2026-08-27 18:26:43.727 +05:30 [INF] Request starting HTTP/1.1 GET http://localhost:5082/swagger/index.html - null null
2026-08-27 18:26:43.849 +05:30 [ERR] Unhandled exception occurred.
System.Threading.Tasks.TaskCanceledException: A task was canceled.
   at System.IO.StreamReader.ReadBufferAsync(CancellationToken cancellationToken)
   at System.IO.StreamReader.ReadToEndAsyncInternal(CancellationToken cancellationToken)
   at Swashbuckle.AspNetCore.SwaggerUI.SwaggerUIMiddleware.RespondWithFile(HttpContext context, String fileName)
   at Swashbuckle.AspNetCore.SwaggerUI.SwaggerUIMiddleware.Invoke(HttpContext httpContext)
   at Swashbuckle.AspNetCore.Swagger.SwaggerMiddleware.Invoke(HttpContext httpContext, ISwaggerProvider swaggerProvider)
   at LoanDeductionPrediction.API.Middleware.GlobalExceptionMiddleware.InvokeAsync(HttpContext context) in C:\Users\thang\OneDrive\Documents\React Projects\LoanDeductionPrediction\LoanDeductionPrediction.API\Middleware\GlobalExceptionMiddleware.cs:line 23
2026-08-27 18:26:44.190 +05:30 [ERR] HTTP GET /swagger/index.html responded 500 in 472.6222 ms
2026-08-27 18:26:44.211 +05:30 [INF] Request finished HTTP/1.1 GET http://localhost:5082/swagger/index.html - 500 null application/json 668.8217ms
2026-08-27 18:26:44.228 +05:30 [INF] HTTP GET /swagger/index.html responded 200 in 372.5596 ms
2026-08-27 18:26:44.251 +05:30 [INF] Request starting HTTP/1.1 GET http://localhost:5082/swagger/index.css - null null
2026-08-27 18:26:44.256 +05:30 [INF] Request starting HTTP/1.1 GET http://localhost:5082/swagger/swagger-ui.css - null null
2026-08-27 18:26:44.260 +05:30 [INF] Request starting HTTP/1.1 GET http://localhost:5082/swagger/swagger-ui-standalone-preset.js - null null
2026-08-27 18:26:44.260 +05:30 [INF] Request starting HTTP/1.1 GET http://localhost:5082/swagger/swagger-ui-bundle.js - null null
2026-08-27 18:26:44.263 +05:30 [INF] Request starting HTTP/1.1 GET http://localhost:5082/swagger/index.js - null null
2026-08-27 18:26:44.278 +05:30 [INF] Request finished HTTP/1.1 GET http://localhost:5082/swagger/index.html - 200 null text/html;charset=utf-8 559.4657ms
2026-08-27 18:26:44.340 +05:30 [INF] HTTP GET /swagger/index.css responded 304 in 35.0104 ms
2026-08-27 18:26:44.340 +05:30 [INF] HTTP GET /swagger/swagger-ui.css responded 304 in 14.5704 ms
2026-08-27 18:26:44.340 +05:30 [INF] HTTP GET /swagger/swagger-ui-standalone-preset.js responded 304 in 7.4762 ms
2026-08-27 18:26:44.364 +05:30 [INF] HTTP GET /swagger/index.js responded 304 in 2.4406 ms
2026-08-27 18:26:44.370 +05:30 [INF] HTTP GET /swagger/swagger-ui-bundle.js responded 304 in 20.2819 ms
2026-08-27 18:26:44.383 +05:30 [INF] Request finished HTTP/1.1 GET http://localhost:5082/swagger/index.css - 304 null null 130.9249ms
2026-08-27 18:26:44.386 +05:30 [INF] Request finished HTTP/1.1 GET http://localhost:5082/swagger/swagger-ui.css - 304 null null 129.9054ms
2026-08-27 18:26:44.396 +05:30 [INF] Request finished HTTP/1.1 GET http://localhost:5082/swagger/swagger-ui-standalone-preset.js - 304 null null 136.7343ms
2026-08-27 18:26:44.401 +05:30 [INF] Request finished HTTP/1.1 GET http://localhost:5082/swagger/index.js - 304 null null 138.0719ms
2026-08-27 18:26:44.408 +05:30 [INF] Request finished HTTP/1.1 GET http://localhost:5082/swagger/swagger-ui-bundle.js - 304 null null 148.7335ms
2026-08-27 18:26:44.513 +05:30 [INF] Request starting HTTP/1.1 GET http://localhost:5082/swagger/v1/swagger.json - null null
2026-08-27 18:26:44.799 +05:30 [INF] HTTP GET /swagger/v1/swagger.json responded 200 in 276.7021 ms
2026-08-27 18:26:44.808 +05:30 [INF] Request finished HTTP/1.1 GET http://localhost:5082/swagger/v1/swagger.json - 200 null application/json;charset=utf-8 294.4523ms
2026-08-27 18:27:02.920 +05:30 [INF] Request starting HTTP/1.1 POST http://localhost:5082/api/User/reset-admin-password - null 0
2026-08-27 18:27:02.963 +05:30 [WRN] Failed to determine the https port for redirect.
2026-08-27 18:27:02.982 +05:30 [INF] CORS policy execution successful.
2026-08-27 18:27:03.103 +05:30 [INF] Executing endpoint 'LoanDeductionPrediction.API.Controllers.UserController.ResetAdminPassword (LoanDeductionPrediction.API)'
2026-08-27 18:27:03.150 +05:30 [INF] Route matched with {action = "ResetAdminPassword", controller = "User"}. Executing controller action with signature System.Threading.Tasks.Task`1[Microsoft.AspNetCore.Mvc.IActionResult] ResetAdminPassword() on controller LoanDeductionPrediction.API.Controllers.UserController (LoanDeductionPrediction.API).
2026-08-27 18:27:03.575 +05:30 [INF] Executed DbCommand (144ms) [Parameters=[], CommandType='"Text"', CommandTimeout='30']
SELECT TOP(1) [u].[UserId], [u].[CreatedAt], [u].[Email], [u].[FullName], [u].[IsActive], [u].[PasswordHash], [u].[Role]
FROM [Users] AS [u]
WHERE [u].[UserId] = 1
2026-08-27 18:27:04.459 +05:30 [INF] Executed DbCommand (42ms) [Parameters=[@p1='?' (DbType = Int32), @p0='?' (Size = 255)], CommandType='"Text"', CommandTimeout='30']
SET IMPLICIT_TRANSACTIONS OFF;
SET NOCOUNT ON;
UPDATE [Users] SET [PasswordHash] = @p0
OUTPUT 1
WHERE [UserId] = @p1;
2026-08-27 18:27:04.498 +05:30 [INF] Executing OkObjectResult, writing value of type '<>f__AnonymousType17`2[[System.String, System.Private.CoreLib, Version=10.0.0.0, Culture=neutral, PublicKeyToken=7cec85d7bea7798e],[System.String, System.Private.CoreLib, Version=10.0.0.0, Culture=neutral, PublicKeyToken=7cec85d7bea7798e]]'.
2026-08-27 18:27:04.555 +05:30 [INF] Executed action LoanDeductionPrediction.API.Controllers.UserController.ResetAdminPassword (LoanDeductionPrediction.API) in 1353.217ms
2026-08-27 18:27:04.570 +05:30 [INF] Executed endpoint 'LoanDeductionPrediction.API.Controllers.UserController.ResetAdminPassword (LoanDeductionPrediction.API)'
2026-08-27 18:27:04.593 +05:30 [INF] HTTP POST /api/User/reset-admin-password responded 200 in 1632.4492 ms
2026-08-27 18:27:04.616 +05:30 [INF] Request finished HTTP/1.1 POST http://localhost:5082/api/User/reset-admin-password - 200 null application/json; charset=utf-8 1696.0482ms
2026-08-27 18:28:27.268 +05:30 [INF] Request starting HTTP/1.1 POST http://localhost:5082/api/Auth/login - application/json 64
2026-08-27 18:28:27.281 +05:30 [INF] CORS policy execution successful.
2026-08-27 18:28:27.295 +05:30 [INF] Executing endpoint 'LoanDeductionPrediction.API.Controllers.AuthController.Login (LoanDeductionPrediction.API)'
2026-08-27 18:28:27.363 +05:30 [INF] Route matched with {action = "Login", controller = "Auth"}. Executing controller action with signature System.Threading.Tasks.Task`1[Microsoft.AspNetCore.Mvc.IActionResult] Login(LoanDeductionPrediction.Models.DTOs.LoginRequest) on controller LoanDeductionPrediction.API.Controllers.AuthController (LoanDeductionPrediction.API).
2026-08-27 18:28:27.667 +05:30 [WRN] You do not have a valid license key for the Lucky Penny software AutoMapper. This is allowed for development and testing scenarios. If you are running in production you are required to have a licensed version. Please visit https://luckypennysoftware.com to obtain a valid license.
2026-08-27 18:28:27.782 +05:30 [INF] Executed DbCommand (25ms) [Parameters=[@email='?' (Size = 150)], CommandType='"Text"', CommandTimeout='30']
SELECT TOP(1) [u].[UserId], [u].[CreatedAt], [u].[Email], [u].[FullName], [u].[IsActive], [u].[PasswordHash], [u].[Role]
FROM [Users] AS [u]
WHERE [u].[Email] = @email
2026-08-27 18:28:28.547 +05:30 [INF] Executed DbCommand (86ms) [Parameters=[@p0='?' (DbType = DateTime2), @p1='?' (DbType = DateTime2), @p2='?' (DbType = Boolean), @p3='?' (DbType = DateTime2), @p4='?' (Size = 500), @p5='?' (DbType = Int32)], CommandType='"Text"', CommandTimeout='30']
SET IMPLICIT_TRANSACTIONS OFF;
SET NOCOUNT ON;
INSERT INTO [RefreshTokens] ([CreatedAt], [ExpiresAt], [IsRevoked], [RevokedAt], [Token], [UserId])
OUTPUT INSERTED.[RefreshTokenId]
VALUES (@p0, @p1, @p2, @p3, @p4, @p5);
2026-08-27 18:28:28.644 +05:30 [INF] Executing OkObjectResult, writing value of type 'LoanDeductionPrediction.Models.DTOs.LoginResponse'.
2026-08-27 18:28:28.660 +05:30 [INF] Executed action LoanDeductionPrediction.API.Controllers.AuthController.Login (LoanDeductionPrediction.API) in 1286.8541ms
2026-08-27 18:28:28.796 +05:30 [INF] Executed endpoint 'LoanDeductionPrediction.API.Controllers.AuthController.Login (LoanDeductionPrediction.API)'
2026-08-27 18:28:28.803 +05:30 [INF] HTTP POST /api/Auth/login responded 200 in 1524.5122 ms
2026-08-27 18:28:28.847 +05:30 [INF] Request finished HTTP/1.1 POST http://localhost:5082/api/Auth/login - 200 null application/json; charset=utf-8 1578.2805ms
2026-08-27 18:32:39.345 +05:30 [INF] Request starting HTTP/1.1 GET http://localhost:5082/swagger/index.html - null null
2026-08-27 18:32:39.368 +05:30 [INF] HTTP GET /swagger/index.html responded 304 in 7.0624 ms
2026-08-27 18:32:39.437 +05:30 [INF] Request finished HTTP/1.1 GET http://localhost:5082/swagger/index.html - 304 null null 92.1445ms
2026-08-27 18:32:39.476 +05:30 [INF] Request starting HTTP/1.1 GET http://localhost:5082/swagger/index.css - null null
2026-08-27 18:32:39.477 +05:30 [INF] Request starting HTTP/1.1 GET http://localhost:5082/swagger/swagger-ui-bundle.js - null null
2026-08-27 18:32:39.480 +05:30 [INF] Request starting HTTP/1.1 GET http://localhost:5082/swagger/swagger-ui-standalone-preset.js - null null
2026-08-27 18:32:39.492 +05:30 [INF] Request starting HTTP/1.1 GET http://localhost:5082/swagger/index.js - null null
2026-08-27 18:32:39.545 +05:30 [INF] Request starting HTTP/1.1 GET http://localhost:5082/swagger/swagger-ui.css - null null
2026-08-27 18:32:39.559 +05:30 [INF] HTTP GET /swagger/index.css responded 304 in 0.4862 ms
2026-08-27 18:32:39.573 +05:30 [INF] HTTP GET /swagger/swagger-ui-bundle.js responded 304 in 0.1195 ms
2026-08-27 18:32:39.577 +05:30 [INF] HTTP GET /swagger/swagger-ui-standalone-preset.js responded 304 in 0.1597 ms
2026-08-27 18:32:39.595 +05:30 [INF] HTTP GET /swagger/index.js responded 304 in 0.7271 ms
2026-08-27 18:32:39.624 +05:30 [INF] HTTP GET /swagger/swagger-ui.css responded 304 in 0.1656 ms
2026-08-27 18:32:39.628 +05:30 [INF] Request finished HTTP/1.1 GET http://localhost:5082/swagger/index.css - 304 null null 151.8014ms
2026-08-27 18:32:39.642 +05:30 [INF] Request finished HTTP/1.1 GET http://localhost:5082/swagger/swagger-ui-bundle.js - 304 null null 164.5083ms
2026-08-27 18:32:39.651 +05:30 [INF] Request finished HTTP/1.1 GET http://localhost:5082/swagger/swagger-ui-standalone-preset.js - 304 null null 170.8224ms
2026-08-27 18:32:39.679 +05:30 [INF] Request finished HTTP/1.1 GET http://localhost:5082/swagger/index.js - 304 null null 187.097ms
2026-08-27 18:32:39.689 +05:30 [INF] Request finished HTTP/1.1 GET http://localhost:5082/swagger/swagger-ui.css - 304 null null 144.2846ms
2026-08-27 18:32:40.036 +05:30 [INF] Request starting HTTP/1.1 GET http://localhost:5082/swagger/favicon-32x32.png - null null
2026-08-27 18:32:40.334 +05:30 [INF] Request starting HTTP/1.1 GET http://localhost:5082/swagger/v1/swagger.json - null null
2026-08-27 18:32:40.395 +05:30 [INF] HTTP GET /swagger/favicon-32x32.png responded 304 in 21.0060 ms
2026-08-27 18:32:40.461 +05:30 [INF] Request finished HTTP/1.1 GET http://localhost:5082/swagger/favicon-32x32.png - 304 null null 425.9443ms
2026-08-27 18:32:40.536 +05:30 [INF] HTTP GET /swagger/v1/swagger.json responded 200 in 110.0827 ms
2026-08-27 18:32:40.560 +05:30 [INF] Request finished HTTP/1.1 GET http://localhost:5082/swagger/v1/swagger.json - 200 null application/json;charset=utf-8 225.7339ms
2026-08-27 18:33:21.140 +05:30 [INF] Application is shutting down...
2026-08-27 18:33:42.107 +05:30 [WRN] No store type was specified for the decimal property 'InterestRate' on entity type 'LoanRequest'. This will cause values to be silently truncated if they do not fit in the default precision and scale. Explicitly specify the SQL server column type that can accommodate all the values in 'OnModelCreating' using 'HasColumnType', specify precision and scale using 'HasPrecision', or configure a value converter using 'HasConversion'.
2026-08-27 18:33:42.151 +05:30 [WRN] No store type was specified for the decimal property 'RequestedAmount' on entity type 'LoanRequest'. This will cause values to be silently truncated if they do not fit in the default precision and scale. Explicitly specify the SQL server column type that can accommodate all the values in 'OnModelCreating' using 'HasColumnType', specify precision and scale using 'HasPrecision', or configure a value converter using 'HasConversion'.
2026-08-27 18:33:42.475 +05:30 [INF] Executed DbCommand (21ms) [Parameters=[], CommandType='"Text"', CommandTimeout='30']
SELECT 1
2026-08-27 18:33:42.485 +05:30 [INF] Acquiring an exclusive lock for migration application. See https://aka.ms/efcore-docs-migrations-lock for more information if this takes too long.
2026-08-27 18:33:42.586 +05:30 [INF] Executed DbCommand (96ms) [Parameters=[], CommandType='"Text"', CommandTimeout='30']
DECLARE @result int;
EXEC @result = sp_getapplock @Resource = '__EFMigrationsLock', @LockOwner = 'Session', @LockMode = 'Exclusive';
SELECT @result
2026-08-27 18:33:42.678 +05:30 [INF] Executed DbCommand (27ms) [Parameters=[], CommandType='"Text"', CommandTimeout='30']
IF OBJECT_ID(N'[__EFMigrationsHistory]') IS NULL
BEGIN
    CREATE TABLE [__EFMigrationsHistory] (
        [MigrationId] nvarchar(150) NOT NULL,
        [ProductVersion] nvarchar(32) NOT NULL,
        CONSTRAINT [PK___EFMigrationsHistory] PRIMARY KEY ([MigrationId])
    );
END;
2026-08-27 18:33:42.702 +05:30 [INF] Executed DbCommand (1ms) [Parameters=[], CommandType='"Text"', CommandTimeout='30']
SELECT 1
2026-08-27 18:33:42.707 +05:30 [INF] Executed DbCommand (1ms) [Parameters=[], CommandType='"Text"', CommandTimeout='30']
SELECT OBJECT_ID(N'[__EFMigrationsHistory]');
2026-08-27 18:33:42.779 +05:30 [INF] Executed DbCommand (68ms) [Parameters=[], CommandType='"Text"', CommandTimeout='30']
SELECT [MigrationId], [ProductVersion]
FROM [__EFMigrationsHistory]
ORDER BY [MigrationId];
2026-08-27 18:33:42.790 +05:30 [INF] No migrations were applied. The database is already up to date.
2026-08-27 18:33:42.812 +05:30 [INF] Executed DbCommand (20ms) [Parameters=[], CommandType='"Text"', CommandTimeout='30']
DECLARE @result int;
EXEC @result = sp_releaseapplock @Resource = '__EFMigrationsLock', @LockOwner = 'Session';
SELECT @result
2026-08-27 18:33:43.026 +05:30 [INF] Executed DbCommand (39ms) [Parameters=[], CommandType='"Text"', CommandTimeout='30']
SELECT CASE
    WHEN EXISTS (
        SELECT 1
        FROM [Users] AS [u]
        WHERE [u].[Role] = N'Admin') THEN CAST(1 AS bit)
    ELSE CAST(0 AS bit)
END
2026-08-27 18:33:43.160 +05:30 [INF] User profile is available. Using 'C:\Users\thang\AppData\Local\ASP.NET\DataProtection-Keys' as key repository and Windows DPAPI to encrypt keys at rest.
2026-08-27 18:33:43.173 +05:30 [INF] Payment Behavior Background Service started.
2026-08-27 18:33:43.245 +05:30 [INF] Now listening on: http://localhost:5082
2026-08-27 18:33:43.246 +05:30 [INF] Application started. Press Ctrl+C to shut down.
2026-08-27 18:33:43.248 +05:30 [INF] Hosting environment: Development
2026-08-27 18:33:43.250 +05:30 [INF] Content root path: C:\Users\thang\OneDrive\Documents\React Projects\LoanDeductionPrediction\LoanDeductionPrediction.API
2026-08-27 18:33:43.322 +05:30 [INF] Executed DbCommand (55ms) [Parameters=[@today='?' (DbType = Date)], CommandType='"Text"', CommandTimeout='30']
SELECT [r].[ScheduleId], [r].[DueDate], [r].[EMIAmount], [r].[InstallmentNumber], [r].[InterestAmount], [r].[LoanId], [r].[PaidAmount], [r].[PaidDate], [r].[PrincipalAmount], [r].[Status]
FROM [RepaymentSchedules] AS [r]
WHERE [r].[DueDate] < @today AND [r].[PaidAmount] < [r].[EMIAmount] AND [r].[Status] <> N'PAID'
ORDER BY [r].[DueDate]
2026-08-27 18:33:53.946 +05:30 [INF] Request starting HTTP/1.1 GET http://localhost:5082/swagger/index.html - null null
2026-08-27 18:33:54.216 +05:30 [INF] HTTP GET /swagger/index.html responded 304 in 167.5186 ms
2026-08-27 18:33:54.229 +05:30 [INF] Request finished HTTP/1.1 GET http://localhost:5082/swagger/index.html - 304 null null 286.0923ms
2026-08-27 18:33:54.258 +05:30 [INF] Request starting HTTP/1.1 GET http://localhost:5082/swagger/swagger-ui-bundle.js - null null
2026-08-27 18:33:54.268 +05:30 [INF] Request starting HTTP/1.1 GET http://localhost:5082/swagger/index.css - null null
2026-08-27 18:33:54.272 +05:30 [INF] Request starting HTTP/1.1 GET http://localhost:5082/swagger/swagger-ui-standalone-preset.js - null null
2026-08-27 18:33:54.272 +05:30 [INF] Request starting HTTP/1.1 GET http://localhost:5082/swagger/index.js - null null
2026-08-27 18:33:54.285 +05:30 [INF] Request starting HTTP/1.1 GET http://localhost:5082/swagger/swagger-ui.css - null null
2026-08-27 18:33:54.331 +05:30 [INF] HTTP GET /swagger/index.css responded 304 in 26.6719 ms
2026-08-27 18:33:54.339 +05:30 [INF] HTTP GET /swagger/swagger-ui-standalone-preset.js responded 304 in 7.8541 ms
2026-08-27 18:33:54.344 +05:30 [INF] HTTP GET /swagger/swagger-ui-bundle.js responded 304 in 56.2710 ms
2026-08-27 18:33:54.352 +05:30 [INF] HTTP GET /swagger/index.js responded 304 in 1.1915 ms
2026-08-27 18:33:54.375 +05:30 [INF] HTTP GET /swagger/swagger-ui.css responded 304 in 6.0728 ms
2026-08-27 18:33:54.401 +05:30 [INF] Request finished HTTP/1.1 GET http://localhost:5082/swagger/index.css - 304 null null 127.3567ms
2026-08-27 18:33:54.427 +05:30 [INF] Request finished HTTP/1.1 GET http://localhost:5082/swagger/swagger-ui-standalone-preset.js - 304 null null 154.7119ms
2026-08-27 18:33:54.443 +05:30 [INF] Request finished HTTP/1.1 GET http://localhost:5082/swagger/swagger-ui-bundle.js - 304 null null 186.1047ms
2026-08-27 18:33:54.463 +05:30 [INF] Request finished HTTP/1.1 GET http://localhost:5082/swagger/index.js - 304 null null 191.0882ms
2026-08-27 18:33:54.472 +05:30 [INF] Request finished HTTP/1.1 GET http://localhost:5082/swagger/swagger-ui.css - 304 null null 187.0131ms
2026-08-27 18:33:54.660 +05:30 [INF] Request starting HTTP/1.1 GET http://localhost:5082/swagger/v1/swagger.json - null null
2026-08-27 18:33:54.984 +05:30 [INF] HTTP GET /swagger/v1/swagger.json responded 200 in 276.0826 ms
2026-08-27 18:33:54.999 +05:30 [INF] Request finished HTTP/1.1 GET http://localhost:5082/swagger/v1/swagger.json - 200 null application/json;charset=utf-8 339.2607ms
2026-08-27 18:34:33.849 +05:30 [INF] Request starting HTTP/1.1 POST http://localhost:5082/api/Auth/login - application/json 64
2026-08-27 18:34:33.925 +05:30 [WRN] Failed to determine the https port for redirect.
2026-08-27 18:34:33.958 +05:30 [INF] CORS policy execution successful.
2026-08-27 18:34:34.040 +05:30 [INF] Executing endpoint 'LoanDeductionPrediction.API.Controllers.AuthController.Login (LoanDeductionPrediction.API)'
2026-08-27 18:34:34.098 +05:30 [INF] Route matched with {action = "Login", controller = "Auth"}. Executing controller action with signature System.Threading.Tasks.Task`1[Microsoft.AspNetCore.Mvc.IActionResult] Login(LoanDeductionPrediction.Models.DTOs.LoginRequest) on controller LoanDeductionPrediction.API.Controllers.AuthController (LoanDeductionPrediction.API).
2026-08-27 18:34:34.395 +05:30 [WRN] You do not have a valid license key for the Lucky Penny software AutoMapper. This is allowed for development and testing scenarios. If you are running in production you are required to have a licensed version. Please visit https://luckypennysoftware.com to obtain a valid license.
2026-08-27 18:34:34.789 +05:30 [INF] Executed DbCommand (19ms) [Parameters=[@email='?' (Size = 150)], CommandType='"Text"', CommandTimeout='30']
SELECT TOP(1) [u].[UserId], [u].[CreatedAt], [u].[Email], [u].[FullName], [u].[IsActive], [u].[PasswordHash], [u].[Role]
FROM [Users] AS [u]
WHERE [u].[Email] = @email
2026-08-27 18:34:36.101 +05:30 [INF] Executed DbCommand (45ms) [Parameters=[@p0='?' (DbType = DateTime2), @p1='?' (DbType = DateTime2), @p2='?' (DbType = Boolean), @p3='?' (DbType = DateTime2), @p4='?' (Size = 500), @p5='?' (DbType = Int32)], CommandType='"Text"', CommandTimeout='30']
SET IMPLICIT_TRANSACTIONS OFF;
SET NOCOUNT ON;
INSERT INTO [RefreshTokens] ([CreatedAt], [ExpiresAt], [IsRevoked], [RevokedAt], [Token], [UserId])
OUTPUT INSERTED.[RefreshTokenId]
VALUES (@p0, @p1, @p2, @p3, @p4, @p5);
2026-08-27 18:34:36.184 +05:30 [INF] Executing OkObjectResult, writing value of type 'LoanDeductionPrediction.Models.DTOs.LoginResponse'.
2026-08-27 18:34:36.217 +05:30 [INF] Executed action LoanDeductionPrediction.API.Controllers.AuthController.Login (LoanDeductionPrediction.API) in 2103.7192ms
2026-08-27 18:34:36.226 +05:30 [INF] Executed endpoint 'LoanDeductionPrediction.API.Controllers.AuthController.Login (LoanDeductionPrediction.API)'
2026-08-27 18:34:36.235 +05:30 [INF] HTTP POST /api/Auth/login responded 200 in 2311.6902 ms
2026-08-27 18:34:36.282 +05:30 [INF] Request finished HTTP/1.1 POST http://localhost:5082/api/Auth/login - 200 null application/json; charset=utf-8 2433.1024ms
2026-08-27 18:35:59.377 +05:30 [INF] Request starting HTTP/1.1 POST http://localhost:5082/api/User - application/json 116
2026-08-27 18:35:59.391 +05:30 [INF] CORS policy execution successful.
2026-08-27 18:35:59.535 +05:30 [INF] Executing endpoint 'LoanDeductionPrediction.API.Controllers.UserController.CreateUser (LoanDeductionPrediction.API)'
2026-08-27 18:35:59.564 +05:30 [INF] Route matched with {action = "CreateUser", controller = "User"}. Executing controller action with signature System.Threading.Tasks.Task`1[Microsoft.AspNetCore.Mvc.IActionResult] CreateUser(LoanDeductionPrediction.API.Controllers.CreateUserRequest) on controller LoanDeductionPrediction.API.Controllers.UserController (LoanDeductionPrediction.API).
2026-08-27 18:35:59.659 +05:30 [INF] Executed DbCommand (5ms) [Parameters=[@email='?' (Size = 150)], CommandType='"Text"', CommandTimeout='30']
SELECT TOP(1) [u].[UserId], [u].[CreatedAt], [u].[Email], [u].[FullName], [u].[IsActive], [u].[PasswordHash], [u].[Role]
FROM [Users] AS [u]
WHERE [u].[Email] = @email
2026-08-27 18:36:00.145 +05:30 [INF] Executed DbCommand (8ms) [Parameters=[@p0='?' (DbType = DateTime2), @p1='?' (Size = 150), @p2='?' (Size = 100), @p3='?' (DbType = Boolean), @p4='?' (Size = 255), @p5='?' (Size = 30)], CommandType='"Text"', CommandTimeout='30']
SET IMPLICIT_TRANSACTIONS OFF;
SET NOCOUNT ON;
INSERT INTO [Users] ([CreatedAt], [Email], [FullName], [IsActive], [PasswordHash], [Role])
OUTPUT INSERTED.[UserId]
VALUES (@p0, @p1, @p2, @p3, @p4, @p5);
2026-08-27 18:36:00.175 +05:30 [INF] Executing CreatedAtActionResult, writing value of type '<>f__AnonymousType18`2[[System.String, System.Private.CoreLib, Version=10.0.0.0, Culture=neutral, PublicKeyToken=7cec85d7bea7798e],[<>f__AnonymousType17`6[[System.Int32, System.Private.CoreLib, Version=10.0.0.0, Culture=neutral, PublicKeyToken=7cec85d7bea7798e],[System.String, System.Private.CoreLib, Version=10.0.0.0, Culture=neutral, PublicKeyToken=7cec85d7bea7798e],[System.String, System.Private.CoreLib, Version=10.0.0.0, Culture=neutral, PublicKeyToken=7cec85d7bea7798e],[System.String, System.Private.CoreLib, Version=10.0.0.0, Culture=neutral, PublicKeyToken=7cec85d7bea7798e],[System.Boolean, System.Private.CoreLib, Version=10.0.0.0, Culture=neutral, PublicKeyToken=7cec85d7bea7798e],[System.DateTime, System.Private.CoreLib, Version=10.0.0.0, Culture=neutral, PublicKeyToken=7cec85d7bea7798e]], LoanDeductionPrediction.API, Version=1.0.0.0, Culture=neutral, PublicKeyToken=null]]'.
2026-08-27 18:36:00.287 +05:30 [INF] Executed action LoanDeductionPrediction.API.Controllers.UserController.CreateUser (LoanDeductionPrediction.API) in 694.2276ms
2026-08-27 18:36:00.290 +05:30 [INF] Executed endpoint 'LoanDeductionPrediction.API.Controllers.UserController.CreateUser (LoanDeductionPrediction.API)'
2026-08-27 18:36:00.291 +05:30 [INF] HTTP POST /api/User responded 201 in 901.6700 ms
2026-08-27 18:36:00.297 +05:30 [INF] Request finished HTTP/1.1 POST http://localhost:5082/api/User - 201 null application/json; charset=utf-8 920.3357ms
2026-08-27 18:37:00.351 +05:30 [INF] Request starting HTTP/1.1 POST http://localhost:5082/api/Auth/login - application/json 62
2026-08-27 18:37:00.364 +05:30 [INF] CORS policy execution successful.
2026-08-27 18:37:00.405 +05:30 [INF] Executing endpoint 'LoanDeductionPrediction.API.Controllers.AuthController.Login (LoanDeductionPrediction.API)'
2026-08-27 18:37:00.419 +05:30 [INF] Route matched with {action = "Login", controller = "Auth"}. Executing controller action with signature System.Threading.Tasks.Task`1[Microsoft.AspNetCore.Mvc.IActionResult] Login(LoanDeductionPrediction.Models.DTOs.LoginRequest) on controller LoanDeductionPrediction.API.Controllers.AuthController (LoanDeductionPrediction.API).
2026-08-27 18:37:00.474 +05:30 [INF] Executed DbCommand (29ms) [Parameters=[@email='?' (Size = 150)], CommandType='"Text"', CommandTimeout='30']
SELECT TOP(1) [u].[UserId], [u].[CreatedAt], [u].[Email], [u].[FullName], [u].[IsActive], [u].[PasswordHash], [u].[Role]
FROM [Users] AS [u]
WHERE [u].[Email] = @email
2026-08-27 18:37:00.695 +05:30 [INF] Executing UnauthorizedObjectResult, writing value of type '<>f__AnonymousType0`1[[System.String, System.Private.CoreLib, Version=10.0.0.0, Culture=neutral, PublicKeyToken=7cec85d7bea7798e]]'.
2026-08-27 18:37:00.701 +05:30 [INF] Executed action LoanDeductionPrediction.API.Controllers.AuthController.Login (LoanDeductionPrediction.API) in 264.9612ms
2026-08-27 18:37:00.715 +05:30 [INF] Executed endpoint 'LoanDeductionPrediction.API.Controllers.AuthController.Login (LoanDeductionPrediction.API)'
2026-08-27 18:37:00.733 +05:30 [INF] HTTP POST /api/Auth/login responded 401 in 372.5102 ms
2026-08-27 18:37:00.738 +05:30 [INF] Request finished HTTP/1.1 POST http://localhost:5082/api/Auth/login - 401 null application/json; charset=utf-8 387.7237ms
2026-08-27 18:37:22.143 +05:30 [INF] Request starting HTTP/1.1 POST http://localhost:5082/api/Auth/login - application/json 63
2026-08-27 18:37:22.172 +05:30 [INF] CORS policy execution successful.
2026-08-27 18:37:22.174 +05:30 [INF] Executing endpoint 'LoanDeductionPrediction.API.Controllers.AuthController.Login (LoanDeductionPrediction.API)'
2026-08-27 18:37:22.181 +05:30 [INF] Route matched with {action = "Login", controller = "Auth"}. Executing controller action with signature System.Threading.Tasks.Task`1[Microsoft.AspNetCore.Mvc.IActionResult] Login(LoanDeductionPrediction.Models.DTOs.LoginRequest) on controller LoanDeductionPrediction.API.Controllers.AuthController (LoanDeductionPrediction.API).
2026-08-27 18:37:22.383 +05:30 [INF] Executed DbCommand (148ms) [Parameters=[@email='?' (Size = 150)], CommandType='"Text"', CommandTimeout='30']
SELECT TOP(1) [u].[UserId], [u].[CreatedAt], [u].[Email], [u].[FullName], [u].[IsActive], [u].[PasswordHash], [u].[Role]
FROM [Users] AS [u]
WHERE [u].[Email] = @email
2026-08-27 18:37:22.647 +05:30 [INF] Executing UnauthorizedObjectResult, writing value of type '<>f__AnonymousType0`1[[System.String, System.Private.CoreLib, Version=10.0.0.0, Culture=neutral, PublicKeyToken=7cec85d7bea7798e]]'.
2026-08-27 18:37:22.656 +05:30 [INF] Executed action LoanDeductionPrediction.API.Controllers.AuthController.Login (LoanDeductionPrediction.API) in 447.0446ms
2026-08-27 18:37:22.706 +05:30 [INF] Executed endpoint 'LoanDeductionPrediction.API.Controllers.AuthController.Login (LoanDeductionPrediction.API)'
2026-08-27 18:37:22.737 +05:30 [INF] HTTP POST /api/Auth/login responded 401 in 566.1319 ms
2026-08-27 18:37:22.824 +05:30 [INF] Request finished HTTP/1.1 POST http://localhost:5082/api/Auth/login - 401 null application/json; charset=utf-8 680.2874ms
2026-08-27 18:37:28.482 +05:30 [INF] Request starting HTTP/1.1 POST http://localhost:5082/api/Auth/login - application/json 63
2026-08-27 18:37:28.502 +05:30 [INF] CORS policy execution successful.
2026-08-27 18:37:28.517 +05:30 [INF] Executing endpoint 'LoanDeductionPrediction.API.Controllers.AuthController.Login (LoanDeductionPrediction.API)'
2026-08-27 18:37:28.524 +05:30 [INF] Route matched with {action = "Login", controller = "Auth"}. Executing controller action with signature System.Threading.Tasks.Task`1[Microsoft.AspNetCore.Mvc.IActionResult] Login(LoanDeductionPrediction.Models.DTOs.LoginRequest) on controller LoanDeductionPrediction.API.Controllers.AuthController (LoanDeductionPrediction.API).
2026-08-27 18:37:28.750 +05:30 [INF] Executed DbCommand (212ms) [Parameters=[@email='?' (Size = 150)], CommandType='"Text"', CommandTimeout='30']
SELECT TOP(1) [u].[UserId], [u].[CreatedAt], [u].[Email], [u].[FullName], [u].[IsActive], [u].[PasswordHash], [u].[Role]
FROM [Users] AS [u]
WHERE [u].[Email] = @email
2026-08-27 18:37:28.975 +05:30 [INF] Executing UnauthorizedObjectResult, writing value of type '<>f__AnonymousType0`1[[System.String, System.Private.CoreLib, Version=10.0.0.0, Culture=neutral, PublicKeyToken=7cec85d7bea7798e]]'.
2026-08-27 18:37:28.980 +05:30 [INF] Executed action LoanDeductionPrediction.API.Controllers.AuthController.Login (LoanDeductionPrediction.API) in 442.9643ms
2026-08-27 18:37:28.988 +05:30 [INF] Executed endpoint 'LoanDeductionPrediction.API.Controllers.AuthController.Login (LoanDeductionPrediction.API)'
2026-08-27 18:37:28.995 +05:30 [INF] HTTP POST /api/Auth/login responded 401 in 496.6790 ms
2026-08-27 18:37:29.008 +05:30 [INF] Request finished HTTP/1.1 POST http://localhost:5082/api/Auth/login - 401 null application/json; charset=utf-8 526.2889ms
2026-08-27 18:37:49.624 +05:30 [INF] Request starting HTTP/1.1 POST http://localhost:5082/api/Auth/login - application/json 63
2026-08-27 18:37:49.669 +05:30 [INF] CORS policy execution successful.
2026-08-27 18:37:49.677 +05:30 [INF] Executing endpoint 'LoanDeductionPrediction.API.Controllers.AuthController.Login (LoanDeductionPrediction.API)'
2026-08-27 18:37:49.721 +05:30 [INF] Route matched with {action = "Login", controller = "Auth"}. Executing controller action with signature System.Threading.Tasks.Task`1[Microsoft.AspNetCore.Mvc.IActionResult] Login(LoanDeductionPrediction.Models.DTOs.LoginRequest) on controller LoanDeductionPrediction.API.Controllers.AuthController (LoanDeductionPrediction.API).
2026-08-27 18:37:49.768 +05:30 [INF] Executed DbCommand (28ms) [Parameters=[@email='?' (Size = 150)], CommandType='"Text"', CommandTimeout='30']
SELECT TOP(1) [u].[UserId], [u].[CreatedAt], [u].[Email], [u].[FullName], [u].[IsActive], [u].[PasswordHash], [u].[Role]
FROM [Users] AS [u]
WHERE [u].[Email] = @email
2026-08-27 18:37:50.026 +05:30 [INF] Executing UnauthorizedObjectResult, writing value of type '<>f__AnonymousType0`1[[System.String, System.Private.CoreLib, Version=10.0.0.0, Culture=neutral, PublicKeyToken=7cec85d7bea7798e]]'.
2026-08-27 18:37:50.036 +05:30 [INF] Executed action LoanDeductionPrediction.API.Controllers.AuthController.Login (LoanDeductionPrediction.API) in 299.2041ms
2026-08-27 18:37:50.067 +05:30 [INF] Executed endpoint 'LoanDeductionPrediction.API.Controllers.AuthController.Login (LoanDeductionPrediction.API)'
2026-08-27 18:37:50.075 +05:30 [INF] HTTP POST /api/Auth/login responded 401 in 406.1529 ms
2026-08-27 18:37:50.100 +05:30 [INF] Request finished HTTP/1.1 POST http://localhost:5082/api/Auth/login - 401 null application/json; charset=utf-8 476.1402ms
2026-08-27 18:38:33.703 +05:30 [INF] Request starting HTTP/1.1 POST http://localhost:5082/api/Auth/login - application/json 62
2026-08-27 18:38:33.730 +05:30 [INF] CORS policy execution successful.
2026-08-27 18:38:33.764 +05:30 [INF] Executing endpoint 'LoanDeductionPrediction.API.Controllers.AuthController.Login (LoanDeductionPrediction.API)'
2026-08-27 18:38:33.789 +05:30 [INF] Route matched with {action = "Login", controller = "Auth"}. Executing controller action with signature System.Threading.Tasks.Task`1[Microsoft.AspNetCore.Mvc.IActionResult] Login(LoanDeductionPrediction.Models.DTOs.LoginRequest) on controller LoanDeductionPrediction.API.Controllers.AuthController (LoanDeductionPrediction.API).
2026-08-27 18:38:33.812 +05:30 [INF] Executed DbCommand (9ms) [Parameters=[@email='?' (Size = 150)], CommandType='"Text"', CommandTimeout='30']
SELECT TOP(1) [u].[UserId], [u].[CreatedAt], [u].[Email], [u].[FullName], [u].[IsActive], [u].[PasswordHash], [u].[Role]
FROM [Users] AS [u]
WHERE [u].[Email] = @email
2026-08-27 18:38:34.058 +05:30 [INF] Executed DbCommand (8ms) [Parameters=[@p0='?' (DbType = DateTime2), @p1='?' (DbType = DateTime2), @p2='?' (DbType = Boolean), @p3='?' (DbType = DateTime2), @p4='?' (Size = 500), @p5='?' (DbType = Int32)], CommandType='"Text"', CommandTimeout='30']
SET IMPLICIT_TRANSACTIONS OFF;
SET NOCOUNT ON;
INSERT INTO [RefreshTokens] ([CreatedAt], [ExpiresAt], [IsRevoked], [RevokedAt], [Token], [UserId])
OUTPUT INSERTED.[RefreshTokenId]
VALUES (@p0, @p1, @p2, @p3, @p4, @p5);
2026-08-27 18:38:34.065 +05:30 [INF] Executing OkObjectResult, writing value of type 'LoanDeductionPrediction.Models.DTOs.LoginResponse'.
2026-08-27 18:38:34.073 +05:30 [INF] Executed action LoanDeductionPrediction.API.Controllers.AuthController.Login (LoanDeductionPrediction.API) in 273.3853ms
2026-08-27 18:38:34.087 +05:30 [INF] Executed endpoint 'LoanDeductionPrediction.API.Controllers.AuthController.Login (LoanDeductionPrediction.API)'
2026-08-27 18:38:34.090 +05:30 [INF] HTTP POST /api/Auth/login responded 200 in 362.1930 ms
2026-08-27 18:38:34.104 +05:30 [INF] Request finished HTTP/1.1 POST http://localhost:5082/api/Auth/login - 200 null application/json; charset=utf-8 400.9105ms
2026-08-27 18:39:33.432 +05:30 [INF] Request starting HTTP/1.1 GET http://localhost:5082/api/BorrowerLoanApplication/pending - null null
2026-08-27 18:39:33.525 +05:30 [INF] Executing endpoint 'LoanDeductionPrediction.API.Controllers.BorrowerLoanApplicationController.GetPendingApplications (LoanDeductionPrediction.API)'
2026-08-27 18:39:33.575 +05:30 [INF] Route matched with {action = "GetPendingApplications", controller = "BorrowerLoanApplication"}. Executing controller action with signature System.Threading.Tasks.Task`1[Microsoft.AspNetCore.Mvc.IActionResult] GetPendingApplications() on controller LoanDeductionPrediction.API.Controllers.BorrowerLoanApplicationController (LoanDeductionPrediction.API).
2026-08-27 18:39:33.938 +05:30 [INF] Executed DbCommand (75ms) [Parameters=[], CommandType='"Text"', CommandTimeout='30']
SELECT [b].[ApplicationId], [b].[CollateralDetails], [b].[CreatedAt], [b].[DateOfBirth], [b].[Email], [b].[FullName], [b].[InterestRate], [b].[LoanType], [b].[MonthlySalary], [b].[PasswordHash], [b].[Remarks], [b].[RequestedAmount], [b].[ReviewedAt], [b].[ReviewedByLoanOfficerId], [b].[Status], [b].[TenureMonths], [u].[UserId], [u].[CreatedAt], [u].[Email], [u].[FullName], [u].[IsActive], [u].[PasswordHash], [u].[Role]
FROM [BorrowerLoanApplications] AS [b]
LEFT JOIN [Users] AS [u] ON [b].[ReviewedByLoanOfficerId] = [u].[UserId]
WHERE [b].[Status] = N'PENDING'
ORDER BY [b].[CreatedAt] DESC
2026-08-27 18:39:34.092 +05:30 [INF] Executing OkObjectResult, writing value of type 'System.Collections.Generic.List`1[[LoanDeductionPrediction.Models.DTOs.BorrowerLoanApplicationDto, LoanDeductionPrediction.Models, Version=1.0.0.0, Culture=neutral, PublicKeyToken=null]]'.
2026-08-27 18:39:34.174 +05:30 [INF] Executed action LoanDeductionPrediction.API.Controllers.BorrowerLoanApplicationController.GetPendingApplications (LoanDeductionPrediction.API) in 536.7805ms
2026-08-27 18:39:34.179 +05:30 [INF] Executed endpoint 'LoanDeductionPrediction.API.Controllers.BorrowerLoanApplicationController.GetPendingApplications (LoanDeductionPrediction.API)'
2026-08-27 18:39:34.183 +05:30 [INF] HTTP GET /api/BorrowerLoanApplication/pending responded 200 in 666.8524 ms
2026-08-27 18:39:34.189 +05:30 [INF] Request finished HTTP/1.1 GET http://localhost:5082/api/BorrowerLoanApplication/pending - 200 null application/json; charset=utf-8 757.2829ms
2026-08-27 18:40:16.946 +05:30 [INF] Request starting HTTP/1.1 POST http://localhost:5082/api/BorrowerLoanApplication/1/accept - application/json 46
2026-08-27 18:40:17.017 +05:30 [INF] CORS policy execution successful.
2026-08-27 18:40:17.034 +05:30 [INF] Executing endpoint 'LoanDeductionPrediction.API.Controllers.BorrowerLoanApplicationController.AcceptApplication (LoanDeductionPrediction.API)'
2026-08-27 18:40:17.064 +05:30 [INF] Route matched with {action = "AcceptApplication", controller = "BorrowerLoanApplication"}. Executing controller action with signature System.Threading.Tasks.Task`1[Microsoft.AspNetCore.Mvc.IActionResult] AcceptApplication(Int32, LoanDeductionPrediction.Models.DTOs.ApproveBorrowerLoanApplicationRequest) on controller LoanDeductionPrediction.API.Controllers.BorrowerLoanApplicationController (LoanDeductionPrediction.API).
2026-08-27 18:40:17.152 +05:30 [INF] Executed DbCommand (17ms) [Parameters=[@userId='?' (DbType = Int32)], CommandType='"Text"', CommandTimeout='30']
SELECT TOP(1) [u].[UserId], [u].[CreatedAt], [u].[Email], [u].[FullName], [u].[IsActive], [u].[PasswordHash], [u].[Role]
FROM [Users] AS [u]
WHERE [u].[UserId] = @userId
2026-08-27 18:40:17.242 +05:30 [INF] Executed DbCommand (17ms) [Parameters=[@applicationId='?' (DbType = Int32)], CommandType='"Text"', CommandTimeout='30']
SELECT TOP(1) [b].[ApplicationId], [b].[CollateralDetails], [b].[CreatedAt], [b].[DateOfBirth], [b].[Email], [b].[FullName], [b].[InterestRate], [b].[LoanType], [b].[MonthlySalary], [b].[PasswordHash], [b].[Remarks], [b].[RequestedAmount], [b].[ReviewedAt], [b].[ReviewedByLoanOfficerId], [b].[Status], [b].[TenureMonths], [u].[UserId], [u].[CreatedAt], [u].[Email], [u].[FullName], [u].[IsActive], [u].[PasswordHash], [u].[Role]
FROM [BorrowerLoanApplications] AS [b]
LEFT JOIN [Users] AS [u] ON [b].[ReviewedByLoanOfficerId] = [u].[UserId]
WHERE [b].[ApplicationId] = @applicationId
2026-08-27 18:40:17.366 +05:30 [INF] Executed DbCommand (17ms) [Parameters=[@normalizedEmail='?' (Size = 150)], CommandType='"Text"', CommandTimeout='30']
SELECT TOP(1) [u].[UserId], [u].[CreatedAt], [u].[Email], [u].[FullName], [u].[IsActive], [u].[PasswordHash], [u].[Role]
FROM [Users] AS [u]
WHERE LOWER([u].[Email]) = @normalizedEmail
2026-08-27 18:40:17.449 +05:30 [WRN] Savepoints are disabled because Multiple Active Result Sets (MARS) is enabled. If 'SaveChanges' fails, then the transaction cannot be automatically rolled back to a known clean state. Instead, the transaction should be rolled back by the application before retrying 'SaveChanges'. See https://go.microsoft.com/fwlink/?linkid=2149338 for more information and examples. To identify the code which triggers this warning, call 'ConfigureWarnings(w => w.Throw(SqlServerEventId.SavepointsDisabledBecauseOfMARS))'.
2026-08-27 18:40:17.504 +05:30 [INF] Executed DbCommand (49ms) [Parameters=[@p15='?' (DbType = Int32), @p0='?' (Size = 500), @p1='?' (DbType = DateTime2), @p2='?' (DbType = Date), @p3='?' (Size = 150), @p4='?' (Size = 100), @p5='?' (Precision = 5) (Scale = 2) (DbType = Decimal), @p6='?' (Size = 50), @p7='?' (Precision = 18) (Scale = 2) (DbType = Decimal), @p8='?' (Size = 255), @p9='?' (Size = 500), @p10='?' (Precision = 18) (Scale = 2) (DbType = Decimal), @p11='?' (DbType = DateTime2), @p12='?' (DbType = Int32), @p13='?' (Size = 30), @p14='?' (DbType = Int32), @p16='?' (DbType = DateTime2), @p17='?' (Size = 150), @p18='?' (Size = 100), @p19='?' (DbType = Boolean), @p20='?' (Size = 255), @p21='?' (Size = 30)], CommandType='"Text"', CommandTimeout='30']
SET NOCOUNT ON;
UPDATE [BorrowerLoanApplications] SET [CollateralDetails] = @p0, [CreatedAt] = @p1, [DateOfBirth] = @p2, [Email] = @p3, [FullName] = @p4, [InterestRate] = @p5, [LoanType] = @p6, [MonthlySalary] = @p7, [PasswordHash] = @p8, [Remarks] = @p9, [RequestedAmount] = @p10, [ReviewedAt] = @p11, [ReviewedByLoanOfficerId] = @p12, [Status] = @p13, [TenureMonths] = @p14
OUTPUT 1
WHERE [ApplicationId] = @p15;
INSERT INTO [Users] ([CreatedAt], [Email], [FullName], [IsActive], [PasswordHash], [Role])
OUTPUT INSERTED.[UserId]
VALUES (@p16, @p17, @p18, @p19, @p20, @p21);
2026-08-27 18:40:17.548 +05:30 [INF] Executed DbCommand (7ms) [Parameters=[@userId='?' (DbType = Int32)], CommandType='"Text"', CommandTimeout='30']
SELECT TOP(1) [u].[UserId], [u].[CreatedAt], [u].[Email], [u].[FullName], [u].[IsActive], [u].[PasswordHash], [u].[Role]
FROM [Users] AS [u]
WHERE [u].[UserId] = @userId
2026-08-27 18:40:17.562 +05:30 [INF] Executed DbCommand (2ms) [Parameters=[@userId='?' (DbType = Int32)], CommandType='"Text"', CommandTimeout='30']
SELECT TOP(1) [u].[UserId], [u].[CreatedAt], [u].[Email], [u].[FullName], [u].[IsActive], [u].[PasswordHash], [u].[Role]
FROM [Users] AS [u]
WHERE [u].[UserId] = @userId
2026-08-27 18:40:17.705 +05:30 [WRN] Savepoints are disabled because Multiple Active Result Sets (MARS) is enabled. If 'SaveChanges' fails, then the transaction cannot be automatically rolled back to a known clean state. Instead, the transaction should be rolled back by the application before retrying 'SaveChanges'. See https://go.microsoft.com/fwlink/?linkid=2149338 for more information and examples. To identify the code which triggers this warning, call 'ConfigureWarnings(w => w.Throw(SqlServerEventId.SavepointsDisabledBecauseOfMARS))'.
2026-08-27 18:40:17.735 +05:30 [INF] Executed DbCommand (27ms) [Parameters=[@p0='?' (DbType = Int32), @p1='?' (DbType = DateTime2), @p2='?' (Precision = 18) (Scale = 2) (DbType = Decimal), @p3='?' (DbType = Date), @p4='?' (Precision = 5) (Scale = 2) (DbType = Decimal), @p5='?' (DbType = Int32), @p6='?' (Precision = 18) (Scale = 2) (DbType = Decimal), @p7='?' (Precision = 18) (Scale = 2) (DbType = Decimal), @p8='?' (DbType = Date), @p9='?' (Size = 30), @p10='?' (DbType = Int32)], CommandType='"Text"', CommandTimeout='30']
SET IMPLICIT_TRANSACTIONS OFF;
SET NOCOUNT ON;
INSERT INTO [LoanAccounts] ([BorrowerId], [CreatedAt], [EMIAmount], [EndDate], [InterestRate], [LoanOfficerId], [OutstandingAmount], [PrincipalAmount], [StartDate], [Status], [TenureMonths])
OUTPUT INSERTED.[LoanId]
VALUES (@p0, @p1, @p2, @p3, @p4, @p5, @p6, @p7, @p8, @p9, @p10);
2026-08-27 18:40:17.832 +05:30 [INF] Executed DbCommand (8ms) [Parameters=[@loanId='?' (DbType = Int32)], CommandType='"Text"', CommandTimeout='30']
SELECT TOP(1) [l].[LoanId], [l].[BorrowerId], [l].[CreatedAt], [l].[EMIAmount], [l].[EndDate], [l].[InterestRate], [l].[LoanOfficerId], [l].[OutstandingAmount], [l].[PrincipalAmount], [l].[StartDate], [l].[Status], [l].[TenureMonths]
FROM [LoanAccounts] AS [l]
WHERE [l].[LoanId] = @loanId
2026-08-27 18:40:17.881 +05:30 [INF] Executed DbCommand (7ms) [Parameters=[@loanId='?' (DbType = Int32)], CommandType='"Text"', CommandTimeout='30']
SELECT CASE
    WHEN EXISTS (
        SELECT 1
        FROM [RepaymentSchedules] AS [r]
        WHERE [r].[LoanId] = @loanId) THEN CAST(1 AS bit)
    ELSE CAST(0 AS bit)
END
2026-08-27 18:40:17.985 +05:30 [WRN] Savepoints are disabled because Multiple Active Result Sets (MARS) is enabled. If 'SaveChanges' fails, then the transaction cannot be automatically rolled back to a known clean state. Instead, the transaction should be rolled back by the application before retrying 'SaveChanges'. See https://go.microsoft.com/fwlink/?linkid=2149338 for more information and examples. To identify the code which triggers this warning, call 'ConfigureWarnings(w => w.Throw(SqlServerEventId.SavepointsDisabledBecauseOfMARS))'.
2026-08-27 18:40:18.087 +05:30 [INF] Executed DbCommand (97ms) [Parameters=[@p0='?' (DbType = Date), @p1='?' (Precision = 18) (Scale = 2) (DbType = Decimal), @p2='?' (DbType = Int32), @p3='?' (Precision = 18) (Scale = 2) (DbType = Decimal), @p4='?' (DbType = Int32), @p5='?' (Precision = 18) (Scale = 2) (DbType = Decimal), @p6='?' (DbType = Date), @p7='?' (Precision = 18) (Scale = 2) (DbType = Decimal), @p8='?' (Size = 30), @p9='?' (DbType = Date), @p10='?' (Precision = 18) (Scale = 2) (DbType = Decimal), @p11='?' (DbType = Int32), @p12='?' (Precision = 18) (Scale = 2) (DbType = Decimal), @p13='?' (DbType = Int32), @p14='?' (Precision = 18) (Scale = 2) (DbType = Decimal), @p15='?' (DbType = Date), @p16='?' (Precision = 18) (Scale = 2) (DbType = Decimal), @p17='?' (Size = 30), @p18='?' (DbType = Date), @p19='?' (Precision = 18) (Scale = 2) (DbType = Decimal), @p20='?' (DbType = Int32), @p21='?' (Precision = 18) (Scale = 2) (DbType = Decimal), @p22='?' (DbType = Int32), @p23='?' (Precision = 18) (Scale = 2) (DbType = Decimal), @p24='?' (DbType = Date), @p25='?' (Precision = 18) (Scale = 2) (DbType = Decimal), @p26='?' (Size = 30), @p27='?' (DbType = Date), @p28='?' (Precision = 18) (Scale = 2) (DbType = Decimal), @p29='?' (DbType = Int32), @p30='?' (Precision = 18) (Scale = 2) (DbType = Decimal), @p31='?' (DbType = Int32), @p32='?' (Precision = 18) (Scale = 2) (DbType = Decimal), @p33='?' (DbType = Date), @p34='?' (Precision = 18) (Scale = 2) (DbType = Decimal), @p35='?' (Size = 30), @p36='?' (DbType = Date), @p37='?' (Precision = 18) (Scale = 2) (DbType = Decimal), @p38='?' (DbType = Int32), @p39='?' (Precision = 18) (Scale = 2) (DbType = Decimal), @p40='?' (DbType = Int32), @p41='?' (Precision = 18) (Scale = 2) (DbType = Decimal), @p42='?' (DbType = Date), @p43='?' (Precision = 18) (Scale = 2) (DbType = Decimal), @p44='?' (Size = 30), @p45='?' (DbType = Date), @p46='?' (Precision = 18) (Scale = 2) (DbType = Decimal), @p47='?' (DbType = Int32), @p48='?' (Precision = 18) (Scale = 2) (DbType = Decimal), @p49='?' (DbType = Int32), @p50='?' (Precision = 18) (Scale = 2) (DbType = Decimal), @p51='?' (DbType = Date), @p52='?' (Precision = 18) (Scale = 2) (DbType = Decimal), @p53='?' (Size = 30), @p54='?' (DbType = Date), @p55='?' (Precision = 18) (Scale = 2) (DbType = Decimal), @p56='?' (DbType = Int32), @p57='?' (Precision = 18) (Scale = 2) (DbType = Decimal), @p58='?' (DbType = Int32), @p59='?' (Precision = 18) (Scale = 2) (DbType = Decimal), @p60='?' (DbType = Date), @p61='?' (Precision = 18) (Scale = 2) (DbType = Decimal), @p62='?' (Size = 30), @p63='?' (DbType = Date), @p64='?' (Precision = 18) (Scale = 2) (DbType = Decimal), @p65='?' (DbType = Int32), @p66='?' (Precision = 18) (Scale = 2) (DbType = Decimal), @p67='?' (DbType = Int32), @p68='?' (Precision = 18) (Scale = 2) (DbType = Decimal), @p69='?' (DbType = Date), @p70='?' (Precision = 18) (Scale = 2) (DbType = Decimal), @p71='?' (Size = 30), @p72='?' (DbType = Date), @p73='?' (Precision = 18) (Scale = 2) (DbType = Decimal), @p74='?' (DbType = Int32), @p75='?' (Precision = 18) (Scale = 2) (DbType = Decimal), @p76='?' (DbType = Int32), @p77='?' (Precision = 18) (Scale = 2) (DbType = Decimal), @p78='?' (DbType = Date), @p79='?' (Precision = 18) (Scale = 2) (DbType = Decimal), @p80='?' (Size = 30), @p81='?' (DbType = Date), @p82='?' (Precision = 18) (Scale = 2) (DbType = Decimal), @p83='?' (DbType = Int32), @p84='?' (Precision = 18) (Scale = 2) (DbType = Decimal), @p85='?' (DbType = Int32), @p86='?' (Precision = 18) (Scale = 2) (DbType = Decimal), @p87='?' (DbType = Date), @p88='?' (Precision = 18) (Scale = 2) (DbType = Decimal), @p89='?' (Size = 30), @p90='?' (DbType = Date), @p91='?' (Precision = 18) (Scale = 2) (DbType = Decimal), @p92='?' (DbType = Int32), @p93='?' (Precision = 18) (Scale = 2) (DbType = Decimal), @p94='?' (DbType = Int32), @p95='?' (Precision = 18) (Scale = 2) (DbType = Decimal), @p96='?' (DbType = Date), @p97='?' (Precision = 18) (Scale = 2) (DbType = Decimal), @p98='?' (Size = 30), @p99='?' (DbType = Date), @p100='?' (Precision = 18) (Scale = 2) (DbType = Decimal), @p101='?' (DbType = Int32), @p102='?' (Precision = 18) (Scale = 2) (DbType = Decimal), @p103='?' (DbType = Int32), @p104='?' (Precision = 18) (Scale = 2) (DbType = Decimal), @p105='?' (DbType = Date), @p106='?' (Precision = 18) (Scale = 2) (DbType = Decimal), @p107='?' (Size = 30), @p108='?' (DbType = Date), @p109='?' (Precision = 18) (Scale = 2) (DbType = Decimal), @p110='?' (DbType = Int32), @p111='?' (Precision = 18) (Scale = 2) (DbType = Decimal), @p112='?' (DbType = Int32), @p113='?' (Precision = 18) (Scale = 2) (DbType = Decimal), @p114='?' (DbType = Date), @p115='?' (Precision = 18) (Scale = 2) (DbType = Decimal), @p116='?' (Size = 30), @p117='?' (DbType = Date), @p118='?' (Precision = 18) (Scale = 2) (DbType = Decimal), @p119='?' (DbType = Int32), @p120='?' (Precision = 18) (Scale = 2) (DbType = Decimal), @p121='?' (DbType = Int32), @p122='?' (Precision = 18) (Scale = 2) (DbType = Decimal), @p123='?' (DbType = Date), @p124='?' (Precision = 18) (Scale = 2) (DbType = Decimal), @p125='?' (Size = 30), @p126='?' (DbType = Date), @p127='?' (Precision = 18) (Scale = 2) (DbType = Decimal), @p128='?' (DbType = Int32), @p129='?' (Precision = 18) (Scale = 2) (DbType = Decimal), @p130='?' (DbType = Int32), @p131='?' (Precision = 18) (Scale = 2) (DbType = Decimal), @p132='?' (DbType = Date), @p133='?' (Precision = 18) (Scale = 2) (DbType = Decimal), @p134='?' (Size = 30), @p135='?' (DbType = Date), @p136='?' (Precision = 18) (Scale = 2) (DbType = Decimal), @p137='?' (DbType = Int32), @p138='?' (Precision = 18) (Scale = 2) (DbType = Decimal), @p139='?' (DbType = Int32), @p140='?' (Precision = 18) (Scale = 2) (DbType = Decimal), @p141='?' (DbType = Date), @p142='?' (Precision = 18) (Scale = 2) (DbType = Decimal), @p143='?' (Size = 30), @p144='?' (DbType = Date), @p145='?' (Precision = 18) (Scale = 2) (DbType = Decimal), @p146='?' (DbType = Int32), @p147='?' (Precision = 18) (Scale = 2) (DbType = Decimal), @p148='?' (DbType = Int32), @p149='?' (Precision = 18) (Scale = 2) (DbType = Decimal), @p150='?' (DbType = Date), @p151='?' (Precision = 18) (Scale = 2) (DbType = Decimal), @p152='?' (Size = 30), @p153='?' (DbType = Date), @p154='?' (Precision = 18) (Scale = 2) (DbType = Decimal), @p155='?' (DbType = Int32), @p156='?' (Precision = 18) (Scale = 2) (DbType = Decimal), @p157='?' (DbType = Int32), @p158='?' (Precision = 18) (Scale = 2) (DbType = Decimal), @p159='?' (DbType = Date), @p160='?' (Precision = 18) (Scale = 2) (DbType = Decimal), @p161='?' (Size = 30), @p162='?' (DbType = Date), @p163='?' (Precision = 18) (Scale = 2) (DbType = Decimal), @p164='?' (DbType = Int32), @p165='?' (Precision = 18) (Scale = 2) (DbType = Decimal), @p166='?' (DbType = Int32), @p167='?' (Precision = 18) (Scale = 2) (DbType = Decimal), @p168='?' (DbType = Date), @p169='?' (Precision = 18) (Scale = 2) (DbType = Decimal), @p170='?' (Size = 30), @p171='?' (DbType = Date), @p172='?' (Precision = 18) (Scale = 2) (DbType = Decimal), @p173='?' (DbType = Int32), @p174='?' (Precision = 18) (Scale = 2) (DbType = Decimal), @p175='?' (DbType = Int32), @p176='?' (Precision = 18) (Scale = 2) (DbType = Decimal), @p177='?' (DbType = Date), @p178='?' (Precision = 18) (Scale = 2) (DbType = Decimal), @p179='?' (Size = 30), @p180='?' (DbType = Date), @p181='?' (Precision = 18) (Scale = 2) (DbType = Decimal), @p182='?' (DbType = Int32), @p183='?' (Precision = 18) (Scale = 2) (DbType = Decimal), @p184='?' (DbType = Int32), @p185='?' (Precision = 18) (Scale = 2) (DbType = Decimal), @p186='?' (DbType = Date), @p187='?' (Precision = 18) (Scale = 2) (DbType = Decimal), @p188='?' (Size = 30), @p189='?' (DbType = Date), @p190='?' (Precision = 18) (Scale = 2) (DbType = Decimal), @p191='?' (DbType = Int32), @p192='?' (Precision = 18) (Scale = 2) (DbType = Decimal), @p193='?' (DbType = Int32), @p194='?' (Precision = 18) (Scale = 2) (DbType = Decimal), @p195='?' (DbType = Date), @p196='?' (Precision = 18) (Scale = 2) (DbType = Decimal), @p197='?' (Size = 30), @p198='?' (DbType = Date), @p199='?' (Precision = 18) (Scale = 2) (DbType = Decimal), @p200='?' (DbType = Int32), @p201='?' (Precision = 18) (Scale = 2) (DbType = Decimal), @p202='?' (DbType = Int32), @p203='?' (Precision = 18) (Scale = 2) (DbType = Decimal), @p204='?' (DbType = Date), @p205='?' (Precision = 18) (Scale = 2) (DbType = Decimal), @p206='?' (Size = 30), @p207='?' (DbType = Date), @p208='?' (Precision = 18) (Scale = 2) (DbType = Decimal), @p209='?' (DbType = Int32), @p210='?' (Precision = 18) (Scale = 2) (DbType = Decimal), @p211='?' (DbType = Int32), @p212='?' (Precision = 18) (Scale = 2) (DbType = Decimal), @p213='?' (DbType = Date), @p214='?' (Precision = 18) (Scale = 2) (DbType = Decimal), @p215='?' (Size = 30)], CommandType='"Text"', CommandTimeout='30']
SET IMPLICIT_TRANSACTIONS OFF;
SET NOCOUNT ON;
MERGE [RepaymentSchedules] USING (
VALUES (@p0, @p1, @p2, @p3, @p4, @p5, @p6, @p7, @p8, 0),
(@p9, @p10, @p11, @p12, @p13, @p14, @p15, @p16, @p17, 1),
(@p18, @p19, @p20, @p21, @p22, @p23, @p24, @p25, @p26, 2),
(@p27, @p28, @p29, @p30, @p31, @p32, @p33, @p34, @p35, 3),
(@p36, @p37, @p38, @p39, @p40, @p41, @p42, @p43, @p44, 4),
(@p45, @p46, @p47, @p48, @p49, @p50, @p51, @p52, @p53, 5),
(@p54, @p55, @p56, @p57, @p58, @p59, @p60, @p61, @p62, 6),
(@p63, @p64, @p65, @p66, @p67, @p68, @p69, @p70, @p71, 7),
(@p72, @p73, @p74, @p75, @p76, @p77, @p78, @p79, @p80, 8),
(@p81, @p82, @p83, @p84, @p85, @p86, @p87, @p88, @p89, 9),
(@p90, @p91, @p92, @p93, @p94, @p95, @p96, @p97, @p98, 10),
(@p99, @p100, @p101, @p102, @p103, @p104, @p105, @p106, @p107, 11),
(@p108, @p109, @p110, @p111, @p112, @p113, @p114, @p115, @p116, 12),
(@p117, @p118, @p119, @p120, @p121, @p122, @p123, @p124, @p125, 13),
(@p126, @p127, @p128, @p129, @p130, @p131, @p132, @p133, @p134, 14),
(@p135, @p136, @p137, @p138, @p139, @p140, @p141, @p142, @p143, 15),
(@p144, @p145, @p146, @p147, @p148, @p149, @p150, @p151, @p152, 16),
(@p153, @p154, @p155, @p156, @p157, @p158, @p159, @p160, @p161, 17),
(@p162, @p163, @p164, @p165, @p166, @p167, @p168, @p169, @p170, 18),
(@p171, @p172, @p173, @p174, @p175, @p176, @p177, @p178, @p179, 19),
(@p180, @p181, @p182, @p183, @p184, @p185, @p186, @p187, @p188, 20),
(@p189, @p190, @p191, @p192, @p193, @p194, @p195, @p196, @p197, 21),
(@p198, @p199, @p200, @p201, @p202, @p203, @p204, @p205, @p206, 22),
(@p207, @p208, @p209, @p210, @p211, @p212, @p213, @p214, @p215, 23)) AS i ([DueDate], [EMIAmount], [InstallmentNumber], [InterestAmount], [LoanId], [PaidAmount], [PaidDate], [PrincipalAmount], [Status], _Position) ON 1=0
WHEN NOT MATCHED THEN
INSERT ([DueDate], [EMIAmount], [InstallmentNumber], [InterestAmount], [LoanId], [PaidAmount], [PaidDate], [PrincipalAmount], [Status])
VALUES (i.[DueDate], i.[EMIAmount], i.[InstallmentNumber], i.[InterestAmount], i.[LoanId], i.[PaidAmount], i.[PaidDate], i.[PrincipalAmount], i.[Status])
OUTPUT INSERTED.[ScheduleId], i._Position;
2026-08-27 18:40:18.168 +05:30 [INF] Executing OkObjectResult, writing value of type 'LoanDeductionPrediction.Models.DTOs.AcceptBorrowerLoanApplicationResponse'.
2026-08-27 18:40:18.202 +05:30 [INF] Executed action LoanDeductionPrediction.API.Controllers.BorrowerLoanApplicationController.AcceptApplication (LoanDeductionPrediction.API) in 1132.779ms
2026-08-27 18:40:18.206 +05:30 [INF] Executed endpoint 'LoanDeductionPrediction.API.Controllers.BorrowerLoanApplicationController.AcceptApplication (LoanDeductionPrediction.API)'
2026-08-27 18:40:18.220 +05:30 [INF] HTTP POST /api/BorrowerLoanApplication/1/accept responded 200 in 1203.6330 ms
2026-08-27 18:40:18.239 +05:30 [INF] Request finished HTTP/1.1 POST http://localhost:5082/api/BorrowerLoanApplication/1/accept - 200 null application/json; charset=utf-8 1293.0692ms
2026-08-27 18:42:09.555 +05:30 [INF] Request starting HTTP/1.1 POST http://localhost:5082/api/Auth/login - application/json 63
2026-08-27 18:42:09.669 +05:30 [INF] CORS policy execution successful.
2026-08-27 18:42:09.716 +05:30 [INF] Executing endpoint 'LoanDeductionPrediction.API.Controllers.AuthController.Login (LoanDeductionPrediction.API)'
2026-08-27 18:42:09.822 +05:30 [INF] Route matched with {action = "Login", controller = "Auth"}. Executing controller action with signature System.Threading.Tasks.Task`1[Microsoft.AspNetCore.Mvc.IActionResult] Login(LoanDeductionPrediction.Models.DTOs.LoginRequest) on controller LoanDeductionPrediction.API.Controllers.AuthController (LoanDeductionPrediction.API).
2026-08-27 18:42:09.948 +05:30 [INF] Executed DbCommand (55ms) [Parameters=[@email='?' (Size = 150)], CommandType='"Text"', CommandTimeout='30']
SELECT TOP(1) [u].[UserId], [u].[CreatedAt], [u].[Email], [u].[FullName], [u].[IsActive], [u].[PasswordHash], [u].[Role]
FROM [Users] AS [u]
WHERE [u].[Email] = @email
2026-08-27 18:42:10.551 +05:30 [INF] Executed DbCommand (37ms) [Parameters=[@p0='?' (DbType = DateTime2), @p1='?' (DbType = DateTime2), @p2='?' (DbType = Boolean), @p3='?' (DbType = DateTime2), @p4='?' (Size = 500), @p5='?' (DbType = Int32)], CommandType='"Text"', CommandTimeout='30']
SET IMPLICIT_TRANSACTIONS OFF;
SET NOCOUNT ON;
INSERT INTO [RefreshTokens] ([CreatedAt], [ExpiresAt], [IsRevoked], [RevokedAt], [Token], [UserId])
OUTPUT INSERTED.[RefreshTokenId]
VALUES (@p0, @p1, @p2, @p3, @p4, @p5);
2026-08-27 18:42:10.570 +05:30 [INF] Executing OkObjectResult, writing value of type 'LoanDeductionPrediction.Models.DTOs.LoginResponse'.
2026-08-27 18:42:10.881 +05:30 [INF] Executed action LoanDeductionPrediction.API.Controllers.AuthController.Login (LoanDeductionPrediction.API) in 1009.172ms
2026-08-27 18:42:10.972 +05:30 [INF] Executed endpoint 'LoanDeductionPrediction.API.Controllers.AuthController.Login (LoanDeductionPrediction.API)'
2026-08-27 18:42:11.251 +05:30 [INF] HTTP POST /api/Auth/login responded 200 in 1582.3821 ms
2026-08-27 18:42:11.812 +05:30 [INF] Request finished HTTP/1.1 POST http://localhost:5082/api/Auth/login - 200 null application/json; charset=utf-8 2257.1794ms
2026-08-27 18:43:40.863 +05:30 [INF] Request starting HTTP/1.1 GET http://localhost:5082/api/BorrowerLoanApplication/my - null null
2026-08-27 18:43:40.904 +05:30 [INF] Executing endpoint 'LoanDeductionPrediction.API.Controllers.BorrowerLoanApplicationController.GetMyApplications (LoanDeductionPrediction.API)'
2026-08-27 18:43:40.939 +05:30 [INF] Route matched with {action = "GetMyApplications", controller = "BorrowerLoanApplication"}. Executing controller action with signature System.Threading.Tasks.Task`1[Microsoft.AspNetCore.Mvc.IActionResult] GetMyApplications() on controller LoanDeductionPrediction.API.Controllers.BorrowerLoanApplicationController (LoanDeductionPrediction.API).
2026-08-27 18:43:41.004 +05:30 [INF] Executed DbCommand (4ms) [Parameters=[@userId='?' (DbType = Int32)], CommandType='"Text"', CommandTimeout='30']
SELECT TOP(1) [u].[UserId], [u].[CreatedAt], [u].[Email], [u].[FullName], [u].[IsActive], [u].[PasswordHash], [u].[Role]
FROM [Users] AS [u]
WHERE [u].[UserId] = @userId
2026-08-27 18:43:41.113 +05:30 [INF] Executed DbCommand (41ms) [Parameters=[@normalizedEmail='?' (Size = 150)], CommandType='"Text"', CommandTimeout='30']
SELECT [b].[ApplicationId], [b].[CollateralDetails], [b].[CreatedAt], [b].[DateOfBirth], [b].[Email], [b].[FullName], [b].[InterestRate], [b].[LoanType], [b].[MonthlySalary], [b].[PasswordHash], [b].[Remarks], [b].[RequestedAmount], [b].[ReviewedAt], [b].[ReviewedByLoanOfficerId], [b].[Status], [b].[TenureMonths], [u].[UserId], [u].[CreatedAt], [u].[Email], [u].[FullName], [u].[IsActive], [u].[PasswordHash], [u].[Role]
FROM [BorrowerLoanApplications] AS [b]
LEFT JOIN [Users] AS [u] ON [b].[ReviewedByLoanOfficerId] = [u].[UserId]
WHERE LOWER([b].[Email]) = @normalizedEmail
ORDER BY [b].[CreatedAt] DESC
2026-08-27 18:43:41.128 +05:30 [INF] Executing OkObjectResult, writing value of type 'System.Collections.Generic.List`1[[LoanDeductionPrediction.Models.DTOs.BorrowerLoanApplicationDto, LoanDeductionPrediction.Models, Version=1.0.0.0, Culture=neutral, PublicKeyToken=null]]'.
2026-08-27 18:43:41.131 +05:30 [INF] Executed action LoanDeductionPrediction.API.Controllers.BorrowerLoanApplicationController.GetMyApplications (LoanDeductionPrediction.API) in 176.6633ms
2026-08-27 18:43:41.135 +05:30 [INF] Executed endpoint 'LoanDeductionPrediction.API.Controllers.BorrowerLoanApplicationController.GetMyApplications (LoanDeductionPrediction.API)'
2026-08-27 18:43:41.137 +05:30 [INF] HTTP GET /api/BorrowerLoanApplication/my responded 200 in 234.3952 ms
2026-08-27 18:43:41.150 +05:30 [INF] Request finished HTTP/1.1 GET http://localhost:5082/api/BorrowerLoanApplication/my - 200 null application/json; charset=utf-8 287.4614ms
2026-08-27 18:47:03.023 +05:30 [INF] Request starting HTTP/1.1 POST http://localhost:5082/api/BorrowerLoanApplication - application/json 232
2026-08-27 18:47:03.031 +05:30 [INF] CORS policy execution successful.
2026-08-27 18:47:03.036 +05:30 [INF] Executing endpoint 'LoanDeductionPrediction.API.Controllers.BorrowerLoanApplicationController.SubmitApplication (LoanDeductionPrediction.API)'
2026-08-27 18:47:03.065 +05:30 [INF] Route matched with {action = "SubmitApplication", controller = "BorrowerLoanApplication"}. Executing controller action with signature System.Threading.Tasks.Task`1[Microsoft.AspNetCore.Mvc.IActionResult] SubmitApplication(LoanDeductionPrediction.Models.DTOs.CreateBorrowerLoanApplicationRequest) on controller LoanDeductionPrediction.API.Controllers.BorrowerLoanApplicationController (LoanDeductionPrediction.API).
2026-08-27 18:47:03.166 +05:30 [INF] Executed DbCommand (21ms) [Parameters=[@normalizedEmail='?' (Size = 150)], CommandType='"Text"', CommandTimeout='30']
SELECT [b].[ApplicationId], [b].[CollateralDetails], [b].[CreatedAt], [b].[DateOfBirth], [b].[Email], [b].[FullName], [b].[InterestRate], [b].[LoanType], [b].[MonthlySalary], [b].[PasswordHash], [b].[Remarks], [b].[RequestedAmount], [b].[ReviewedAt], [b].[ReviewedByLoanOfficerId], [b].[Status], [b].[TenureMonths], [u].[UserId], [u].[CreatedAt], [u].[Email], [u].[FullName], [u].[IsActive], [u].[PasswordHash], [u].[Role]
FROM [BorrowerLoanApplications] AS [b]
LEFT JOIN [Users] AS [u] ON [b].[ReviewedByLoanOfficerId] = [u].[UserId]
WHERE LOWER([b].[Email]) = @normalizedEmail
ORDER BY [b].[CreatedAt] DESC
2026-08-27 18:47:03.182 +05:30 [INF] Executed DbCommand (4ms) [Parameters=[@email='?' (Size = 150)], CommandType='"Text"', CommandTimeout='30']
SELECT TOP(1) [u].[UserId], [u].[CreatedAt], [u].[Email], [u].[FullName], [u].[IsActive], [u].[PasswordHash], [u].[Role]
FROM [Users] AS [u]
WHERE [u].[Email] = @email
2026-08-27 18:47:04.547 +05:30 [INF] Executed DbCommand (38ms) [Parameters=[@p0='?' (Size = 500), @p1='?' (DbType = DateTime2), @p2='?' (DbType = Date), @p3='?' (Size = 150), @p4='?' (Size = 100), @p5='?' (Precision = 5) (Scale = 2) (DbType = Decimal), @p6='?' (Size = 50), @p7='?' (Precision = 18) (Scale = 2) (DbType = Decimal), @p8='?' (Size = 255), @p9='?' (Size = 500), @p10='?' (Precision = 18) (Scale = 2) (DbType = Decimal), @p11='?' (DbType = DateTime2), @p12='?' (DbType = Int32), @p13='?' (Size = 30), @p14='?' (DbType = Int32)], CommandType='"Text"', CommandTimeout='30']
SET IMPLICIT_TRANSACTIONS OFF;
SET NOCOUNT ON;
INSERT INTO [BorrowerLoanApplications] ([CollateralDetails], [CreatedAt], [DateOfBirth], [Email], [FullName], [InterestRate], [LoanType], [MonthlySalary], [PasswordHash], [Remarks], [RequestedAmount], [ReviewedAt], [ReviewedByLoanOfficerId], [Status], [TenureMonths])
OUTPUT INSERTED.[ApplicationId]
VALUES (@p0, @p1, @p2, @p3, @p4, @p5, @p6, @p7, @p8, @p9, @p10, @p11, @p12, @p13, @p14);
2026-08-27 18:47:04.561 +05:30 [INF] Executing CreatedAtActionResult, writing value of type 'LoanDeductionPrediction.Models.DTOs.BorrowerLoanApplicationDto'.
2026-08-27 18:47:04.571 +05:30 [INF] Executed action LoanDeductionPrediction.API.Controllers.BorrowerLoanApplicationController.SubmitApplication (LoanDeductionPrediction.API) in 1502.0483ms
2026-08-27 18:47:04.736 +05:30 [INF] Executed endpoint 'LoanDeductionPrediction.API.Controllers.BorrowerLoanApplicationController.SubmitApplication (LoanDeductionPrediction.API)'
2026-08-27 18:47:04.740 +05:30 [INF] HTTP POST /api/BorrowerLoanApplication responded 201 in 1708.9021 ms
2026-08-27 18:47:04.744 +05:30 [INF] Request finished HTTP/1.1 POST http://localhost:5082/api/BorrowerLoanApplication - 201 null application/json; charset=utf-8 1721.6538ms
2026-08-27 18:48:07.978 +05:30 [INF] Request starting HTTP/1.1 POST http://localhost:5082/api/Auth/login - application/json 62
2026-08-27 18:48:08.031 +05:30 [INF] CORS policy execution successful.
2026-08-27 18:48:08.034 +05:30 [INF] Executing endpoint 'LoanDeductionPrediction.API.Controllers.AuthController.Login (LoanDeductionPrediction.API)'
2026-08-27 18:48:08.048 +05:30 [INF] Route matched with {action = "Login", controller = "Auth"}. Executing controller action with signature System.Threading.Tasks.Task`1[Microsoft.AspNetCore.Mvc.IActionResult] Login(LoanDeductionPrediction.Models.DTOs.LoginRequest) on controller LoanDeductionPrediction.API.Controllers.AuthController (LoanDeductionPrediction.API).
2026-08-27 18:48:08.086 +05:30 [INF] Executed DbCommand (26ms) [Parameters=[@email='?' (Size = 150)], CommandType='"Text"', CommandTimeout='30']
SELECT TOP(1) [u].[UserId], [u].[CreatedAt], [u].[Email], [u].[FullName], [u].[IsActive], [u].[PasswordHash], [u].[Role]
FROM [Users] AS [u]
WHERE [u].[Email] = @email
2026-08-27 18:48:08.528 +05:30 [INF] Executed DbCommand (9ms) [Parameters=[@p0='?' (DbType = DateTime2), @p1='?' (DbType = DateTime2), @p2='?' (DbType = Boolean), @p3='?' (DbType = DateTime2), @p4='?' (Size = 500), @p5='?' (DbType = Int32)], CommandType='"Text"', CommandTimeout='30']
SET IMPLICIT_TRANSACTIONS OFF;
SET NOCOUNT ON;
INSERT INTO [RefreshTokens] ([CreatedAt], [ExpiresAt], [IsRevoked], [RevokedAt], [Token], [UserId])
OUTPUT INSERTED.[RefreshTokenId]
VALUES (@p0, @p1, @p2, @p3, @p4, @p5);
2026-08-27 18:48:09.206 +05:30 [INF] Executing OkObjectResult, writing value of type 'LoanDeductionPrediction.Models.DTOs.LoginResponse'.
2026-08-27 18:48:09.211 +05:30 [INF] Executed action LoanDeductionPrediction.API.Controllers.AuthController.Login (LoanDeductionPrediction.API) in 1155.4592ms
2026-08-27 18:48:09.534 +05:30 [INF] Executed endpoint 'LoanDeductionPrediction.API.Controllers.AuthController.Login (LoanDeductionPrediction.API)'
2026-08-27 18:48:09.583 +05:30 [INF] HTTP POST /api/Auth/login responded 200 in 1551.9466 ms
2026-08-27 18:48:09.745 +05:30 [INF] Request finished HTTP/1.1 POST http://localhost:5082/api/Auth/login - 200 null application/json; charset=utf-8 1767.7144ms
2026-08-27 18:48:43.386 +05:30 [INF] Request starting HTTP/1.1 POST http://localhost:5082/api/BorrowerLoanApplication/2/accept - application/json 46
2026-08-27 18:48:43.396 +05:30 [INF] CORS policy execution successful.
2026-08-27 18:48:43.400 +05:30 [INF] Executing endpoint 'LoanDeductionPrediction.API.Controllers.BorrowerLoanApplicationController.AcceptApplication (LoanDeductionPrediction.API)'
2026-08-27 18:48:43.405 +05:30 [INF] Route matched with {action = "AcceptApplication", controller = "BorrowerLoanApplication"}. Executing controller action with signature System.Threading.Tasks.Task`1[Microsoft.AspNetCore.Mvc.IActionResult] AcceptApplication(Int32, LoanDeductionPrediction.Models.DTOs.ApproveBorrowerLoanApplicationRequest) on controller LoanDeductionPrediction.API.Controllers.BorrowerLoanApplicationController (LoanDeductionPrediction.API).
2026-08-27 18:48:43.441 +05:30 [INF] Executed DbCommand (14ms) [Parameters=[@userId='?' (DbType = Int32)], CommandType='"Text"', CommandTimeout='30']
SELECT TOP(1) [u].[UserId], [u].[CreatedAt], [u].[Email], [u].[FullName], [u].[IsActive], [u].[PasswordHash], [u].[Role]
FROM [Users] AS [u]
WHERE [u].[UserId] = @userId
2026-08-27 18:48:43.477 +05:30 [INF] Executed DbCommand (15ms) [Parameters=[@applicationId='?' (DbType = Int32)], CommandType='"Text"', CommandTimeout='30']
SELECT TOP(1) [b].[ApplicationId], [b].[CollateralDetails], [b].[CreatedAt], [b].[DateOfBirth], [b].[Email], [b].[FullName], [b].[InterestRate], [b].[LoanType], [b].[MonthlySalary], [b].[PasswordHash], [b].[Remarks], [b].[RequestedAmount], [b].[ReviewedAt], [b].[ReviewedByLoanOfficerId], [b].[Status], [b].[TenureMonths], [u].[UserId], [u].[CreatedAt], [u].[Email], [u].[FullName], [u].[IsActive], [u].[PasswordHash], [u].[Role]
FROM [BorrowerLoanApplications] AS [b]
LEFT JOIN [Users] AS [u] ON [b].[ReviewedByLoanOfficerId] = [u].[UserId]
WHERE [b].[ApplicationId] = @applicationId
2026-08-27 18:48:43.495 +05:30 [INF] Executed DbCommand (6ms) [Parameters=[@normalizedEmail='?' (Size = 150)], CommandType='"Text"', CommandTimeout='30']
SELECT TOP(1) [u].[UserId], [u].[CreatedAt], [u].[Email], [u].[FullName], [u].[IsActive], [u].[PasswordHash], [u].[Role]
FROM [Users] AS [u]
WHERE LOWER([u].[Email]) = @normalizedEmail
2026-08-27 18:48:43.509 +05:30 [WRN] Savepoints are disabled because Multiple Active Result Sets (MARS) is enabled. If 'SaveChanges' fails, then the transaction cannot be automatically rolled back to a known clean state. Instead, the transaction should be rolled back by the application before retrying 'SaveChanges'. See https://go.microsoft.com/fwlink/?linkid=2149338 for more information and examples. To identify the code which triggers this warning, call 'ConfigureWarnings(w => w.Throw(SqlServerEventId.SavepointsDisabledBecauseOfMARS))'.
2026-08-27 18:48:43.530 +05:30 [INF] Executed DbCommand (19ms) [Parameters=[@p15='?' (DbType = Int32), @p0='?' (Size = 500), @p1='?' (DbType = DateTime2), @p2='?' (DbType = Date), @p3='?' (Size = 150), @p4='?' (Size = 100), @p5='?' (Precision = 5) (Scale = 2) (DbType = Decimal), @p6='?' (Size = 50), @p7='?' (Precision = 18) (Scale = 2) (DbType = Decimal), @p8='?' (Size = 255), @p9='?' (Size = 500), @p10='?' (Precision = 18) (Scale = 2) (DbType = Decimal), @p11='?' (DbType = DateTime2), @p12='?' (DbType = Int32), @p13='?' (Size = 30), @p14='?' (DbType = Int32), @p16='?' (DbType = DateTime2), @p17='?' (Size = 150), @p18='?' (Size = 100), @p19='?' (DbType = Boolean), @p20='?' (Size = 255), @p21='?' (Size = 30)], CommandType='"Text"', CommandTimeout='30']
SET NOCOUNT ON;
UPDATE [BorrowerLoanApplications] SET [CollateralDetails] = @p0, [CreatedAt] = @p1, [DateOfBirth] = @p2, [Email] = @p3, [FullName] = @p4, [InterestRate] = @p5, [LoanType] = @p6, [MonthlySalary] = @p7, [PasswordHash] = @p8, [Remarks] = @p9, [RequestedAmount] = @p10, [ReviewedAt] = @p11, [ReviewedByLoanOfficerId] = @p12, [Status] = @p13, [TenureMonths] = @p14
OUTPUT 1
WHERE [ApplicationId] = @p15;
INSERT INTO [Users] ([CreatedAt], [Email], [FullName], [IsActive], [PasswordHash], [Role])
OUTPUT INSERTED.[UserId]
VALUES (@p16, @p17, @p18, @p19, @p20, @p21);
2026-08-27 18:48:43.538 +05:30 [INF] Executed DbCommand (1ms) [Parameters=[@userId='?' (DbType = Int32)], CommandType='"Text"', CommandTimeout='30']
SELECT TOP(1) [u].[UserId], [u].[CreatedAt], [u].[Email], [u].[FullName], [u].[IsActive], [u].[PasswordHash], [u].[Role]
FROM [Users] AS [u]
WHERE [u].[UserId] = @userId
2026-08-27 18:48:43.556 +05:30 [INF] Executed DbCommand (3ms) [Parameters=[@userId='?' (DbType = Int32)], CommandType='"Text"', CommandTimeout='30']
SELECT TOP(1) [u].[UserId], [u].[CreatedAt], [u].[Email], [u].[FullName], [u].[IsActive], [u].[PasswordHash], [u].[Role]
FROM [Users] AS [u]
WHERE [u].[UserId] = @userId
2026-08-27 18:48:43.564 +05:30 [WRN] Savepoints are disabled because Multiple Active Result Sets (MARS) is enabled. If 'SaveChanges' fails, then the transaction cannot be automatically rolled back to a known clean state. Instead, the transaction should be rolled back by the application before retrying 'SaveChanges'. See https://go.microsoft.com/fwlink/?linkid=2149338 for more information and examples. To identify the code which triggers this warning, call 'ConfigureWarnings(w => w.Throw(SqlServerEventId.SavepointsDisabledBecauseOfMARS))'.
2026-08-27 18:48:43.578 +05:30 [INF] Executed DbCommand (12ms) [Parameters=[@p0='?' (DbType = Int32), @p1='?' (DbType = DateTime2), @p2='?' (Precision = 18) (Scale = 2) (DbType = Decimal), @p3='?' (DbType = Date), @p4='?' (Precision = 5) (Scale = 2) (DbType = Decimal), @p5='?' (DbType = Int32), @p6='?' (Precision = 18) (Scale = 2) (DbType = Decimal), @p7='?' (Precision = 18) (Scale = 2) (DbType = Decimal), @p8='?' (DbType = Date), @p9='?' (Size = 30), @p10='?' (DbType = Int32)], CommandType='"Text"', CommandTimeout='30']
SET IMPLICIT_TRANSACTIONS OFF;
SET NOCOUNT ON;
INSERT INTO [LoanAccounts] ([BorrowerId], [CreatedAt], [EMIAmount], [EndDate], [InterestRate], [LoanOfficerId], [OutstandingAmount], [PrincipalAmount], [StartDate], [Status], [TenureMonths])
OUTPUT INSERTED.[LoanId]
VALUES (@p0, @p1, @p2, @p3, @p4, @p5, @p6, @p7, @p8, @p9, @p10);
2026-08-27 18:48:43.591 +05:30 [INF] Executed DbCommand (3ms) [Parameters=[@loanId='?' (DbType = Int32)], CommandType='"Text"', CommandTimeout='30']
SELECT TOP(1) [l].[LoanId], [l].[BorrowerId], [l].[CreatedAt], [l].[EMIAmount], [l].[EndDate], [l].[InterestRate], [l].[LoanOfficerId], [l].[OutstandingAmount], [l].[PrincipalAmount], [l].[StartDate], [l].[Status], [l].[TenureMonths]
FROM [LoanAccounts] AS [l]
WHERE [l].[LoanId] = @loanId
2026-08-27 18:48:43.611 +05:30 [INF] Executed DbCommand (13ms) [Parameters=[@loanId='?' (DbType = Int32)], CommandType='"Text"', CommandTimeout='30']
SELECT CASE
    WHEN EXISTS (
        SELECT 1
        FROM [RepaymentSchedules] AS [r]
        WHERE [r].[LoanId] = @loanId) THEN CAST(1 AS bit)
    ELSE CAST(0 AS bit)
END
2026-08-27 18:48:43.629 +05:30 [WRN] Savepoints are disabled because Multiple Active Result Sets (MARS) is enabled. If 'SaveChanges' fails, then the transaction cannot be automatically rolled back to a known clean state. Instead, the transaction should be rolled back by the application before retrying 'SaveChanges'. See https://go.microsoft.com/fwlink/?linkid=2149338 for more information and examples. To identify the code which triggers this warning, call 'ConfigureWarnings(w => w.Throw(SqlServerEventId.SavepointsDisabledBecauseOfMARS))'.
2026-08-27 18:48:43.701 +05:30 [INF] Executed DbCommand (69ms) [Parameters=[@p0='?' (DbType = Date), @p1='?' (Precision = 18) (Scale = 2) (DbType = Decimal), @p2='?' (DbType = Int32), @p3='?' (Precision = 18) (Scale = 2) (DbType = Decimal), @p4='?' (DbType = Int32), @p5='?' (Precision = 18) (Scale = 2) (DbType = Decimal), @p6='?' (DbType = Date), @p7='?' (Precision = 18) (Scale = 2) (DbType = Decimal), @p8='?' (Size = 30), @p9='?' (DbType = Date), @p10='?' (Precision = 18) (Scale = 2) (DbType = Decimal), @p11='?' (DbType = Int32), @p12='?' (Precision = 18) (Scale = 2) (DbType = Decimal), @p13='?' (DbType = Int32), @p14='?' (Precision = 18) (Scale = 2) (DbType = Decimal), @p15='?' (DbType = Date), @p16='?' (Precision = 18) (Scale = 2) (DbType = Decimal), @p17='?' (Size = 30), @p18='?' (DbType = Date), @p19='?' (Precision = 18) (Scale = 2) (DbType = Decimal), @p20='?' (DbType = Int32), @p21='?' (Precision = 18) (Scale = 2) (DbType = Decimal), @p22='?' (DbType = Int32), @p23='?' (Precision = 18) (Scale = 2) (DbType = Decimal), @p24='?' (DbType = Date), @p25='?' (Precision = 18) (Scale = 2) (DbType = Decimal), @p26='?' (Size = 30), @p27='?' (DbType = Date), @p28='?' (Precision = 18) (Scale = 2) (DbType = Decimal), @p29='?' (DbType = Int32), @p30='?' (Precision = 18) (Scale = 2) (DbType = Decimal), @p31='?' (DbType = Int32), @p32='?' (Precision = 18) (Scale = 2) (DbType = Decimal), @p33='?' (DbType = Date), @p34='?' (Precision = 18) (Scale = 2) (DbType = Decimal), @p35='?' (Size = 30), @p36='?' (DbType = Date), @p37='?' (Precision = 18) (Scale = 2) (DbType = Decimal), @p38='?' (DbType = Int32), @p39='?' (Precision = 18) (Scale = 2) (DbType = Decimal), @p40='?' (DbType = Int32), @p41='?' (Precision = 18) (Scale = 2) (DbType = Decimal), @p42='?' (DbType = Date), @p43='?' (Precision = 18) (Scale = 2) (DbType = Decimal), @p44='?' (Size = 30), @p45='?' (DbType = Date), @p46='?' (Precision = 18) (Scale = 2) (DbType = Decimal), @p47='?' (DbType = Int32), @p48='?' (Precision = 18) (Scale = 2) (DbType = Decimal), @p49='?' (DbType = Int32), @p50='?' (Precision = 18) (Scale = 2) (DbType = Decimal), @p51='?' (DbType = Date), @p52='?' (Precision = 18) (Scale = 2) (DbType = Decimal), @p53='?' (Size = 30), @p54='?' (DbType = Date), @p55='?' (Precision = 18) (Scale = 2) (DbType = Decimal), @p56='?' (DbType = Int32), @p57='?' (Precision = 18) (Scale = 2) (DbType = Decimal), @p58='?' (DbType = Int32), @p59='?' (Precision = 18) (Scale = 2) (DbType = Decimal), @p60='?' (DbType = Date), @p61='?' (Precision = 18) (Scale = 2) (DbType = Decimal), @p62='?' (Size = 30), @p63='?' (DbType = Date), @p64='?' (Precision = 18) (Scale = 2) (DbType = Decimal), @p65='?' (DbType = Int32), @p66='?' (Precision = 18) (Scale = 2) (DbType = Decimal), @p67='?' (DbType = Int32), @p68='?' (Precision = 18) (Scale = 2) (DbType = Decimal), @p69='?' (DbType = Date), @p70='?' (Precision = 18) (Scale = 2) (DbType = Decimal), @p71='?' (Size = 30), @p72='?' (DbType = Date), @p73='?' (Precision = 18) (Scale = 2) (DbType = Decimal), @p74='?' (DbType = Int32), @p75='?' (Precision = 18) (Scale = 2) (DbType = Decimal), @p76='?' (DbType = Int32), @p77='?' (Precision = 18) (Scale = 2) (DbType = Decimal), @p78='?' (DbType = Date), @p79='?' (Precision = 18) (Scale = 2) (DbType = Decimal), @p80='?' (Size = 30), @p81='?' (DbType = Date), @p82='?' (Precision = 18) (Scale = 2) (DbType = Decimal), @p83='?' (DbType = Int32), @p84='?' (Precision = 18) (Scale = 2) (DbType = Decimal), @p85='?' (DbType = Int32), @p86='?' (Precision = 18) (Scale = 2) (DbType = Decimal), @p87='?' (DbType = Date), @p88='?' (Precision = 18) (Scale = 2) (DbType = Decimal), @p89='?' (Size = 30), @p90='?' (DbType = Date), @p91='?' (Precision = 18) (Scale = 2) (DbType = Decimal), @p92='?' (DbType = Int32), @p93='?' (Precision = 18) (Scale = 2) (DbType = Decimal), @p94='?' (DbType = Int32), @p95='?' (Precision = 18) (Scale = 2) (DbType = Decimal), @p96='?' (DbType = Date), @p97='?' (Precision = 18) (Scale = 2) (DbType = Decimal), @p98='?' (Size = 30), @p99='?' (DbType = Date), @p100='?' (Precision = 18) (Scale = 2) (DbType = Decimal), @p101='?' (DbType = Int32), @p102='?' (Precision = 18) (Scale = 2) (DbType = Decimal), @p103='?' (DbType = Int32), @p104='?' (Precision = 18) (Scale = 2) (DbType = Decimal), @p105='?' (DbType = Date), @p106='?' (Precision = 18) (Scale = 2) (DbType = Decimal), @p107='?' (Size = 30), @p108='?' (DbType = Date), @p109='?' (Precision = 18) (Scale = 2) (DbType = Decimal), @p110='?' (DbType = Int32), @p111='?' (Precision = 18) (Scale = 2) (DbType = Decimal), @p112='?' (DbType = Int32), @p113='?' (Precision = 18) (Scale = 2) (DbType = Decimal), @p114='?' (DbType = Date), @p115='?' (Precision = 18) (Scale = 2) (DbType = Decimal), @p116='?' (Size = 30), @p117='?' (DbType = Date), @p118='?' (Precision = 18) (Scale = 2) (DbType = Decimal), @p119='?' (DbType = Int32), @p120='?' (Precision = 18) (Scale = 2) (DbType = Decimal), @p121='?' (DbType = Int32), @p122='?' (Precision = 18) (Scale = 2) (DbType = Decimal), @p123='?' (DbType = Date), @p124='?' (Precision = 18) (Scale = 2) (DbType = Decimal), @p125='?' (Size = 30), @p126='?' (DbType = Date), @p127='?' (Precision = 18) (Scale = 2) (DbType = Decimal), @p128='?' (DbType = Int32), @p129='?' (Precision = 18) (Scale = 2) (DbType = Decimal), @p130='?' (DbType = Int32), @p131='?' (Precision = 18) (Scale = 2) (DbType = Decimal), @p132='?' (DbType = Date), @p133='?' (Precision = 18) (Scale = 2) (DbType = Decimal), @p134='?' (Size = 30), @p135='?' (DbType = Date), @p136='?' (Precision = 18) (Scale = 2) (DbType = Decimal), @p137='?' (DbType = Int32), @p138='?' (Precision = 18) (Scale = 2) (DbType = Decimal), @p139='?' (DbType = Int32), @p140='?' (Precision = 18) (Scale = 2) (DbType = Decimal), @p141='?' (DbType = Date), @p142='?' (Precision = 18) (Scale = 2) (DbType = Decimal), @p143='?' (Size = 30), @p144='?' (DbType = Date), @p145='?' (Precision = 18) (Scale = 2) (DbType = Decimal), @p146='?' (DbType = Int32), @p147='?' (Precision = 18) (Scale = 2) (DbType = Decimal), @p148='?' (DbType = Int32), @p149='?' (Precision = 18) (Scale = 2) (DbType = Decimal), @p150='?' (DbType = Date), @p151='?' (Precision = 18) (Scale = 2) (DbType = Decimal), @p152='?' (Size = 30), @p153='?' (DbType = Date), @p154='?' (Precision = 18) (Scale = 2) (DbType = Decimal), @p155='?' (DbType = Int32), @p156='?' (Precision = 18) (Scale = 2) (DbType = Decimal), @p157='?' (DbType = Int32), @p158='?' (Precision = 18) (Scale = 2) (DbType = Decimal), @p159='?' (DbType = Date), @p160='?' (Precision = 18) (Scale = 2) (DbType = Decimal), @p161='?' (Size = 30), @p162='?' (DbType = Date), @p163='?' (Precision = 18) (Scale = 2) (DbType = Decimal), @p164='?' (DbType = Int32), @p165='?' (Precision = 18) (Scale = 2) (DbType = Decimal), @p166='?' (DbType = Int32), @p167='?' (Precision = 18) (Scale = 2) (DbType = Decimal), @p168='?' (DbType = Date), @p169='?' (Precision = 18) (Scale = 2) (DbType = Decimal), @p170='?' (Size = 30), @p171='?' (DbType = Date), @p172='?' (Precision = 18) (Scale = 2) (DbType = Decimal), @p173='?' (DbType = Int32), @p174='?' (Precision = 18) (Scale = 2) (DbType = Decimal), @p175='?' (DbType = Int32), @p176='?' (Precision = 18) (Scale = 2) (DbType = Decimal), @p177='?' (DbType = Date), @p178='?' (Precision = 18) (Scale = 2) (DbType = Decimal), @p179='?' (Size = 30), @p180='?' (DbType = Date), @p181='?' (Precision = 18) (Scale = 2) (DbType = Decimal), @p182='?' (DbType = Int32), @p183='?' (Precision = 18) (Scale = 2) (DbType = Decimal), @p184='?' (DbType = Int32), @p185='?' (Precision = 18) (Scale = 2) (DbType = Decimal), @p186='?' (DbType = Date), @p187='?' (Precision = 18) (Scale = 2) (DbType = Decimal), @p188='?' (Size = 30), @p189='?' (DbType = Date), @p190='?' (Precision = 18) (Scale = 2) (DbType = Decimal), @p191='?' (DbType = Int32), @p192='?' (Precision = 18) (Scale = 2) (DbType = Decimal), @p193='?' (DbType = Int32), @p194='?' (Precision = 18) (Scale = 2) (DbType = Decimal), @p195='?' (DbType = Date), @p196='?' (Precision = 18) (Scale = 2) (DbType = Decimal), @p197='?' (Size = 30), @p198='?' (DbType = Date), @p199='?' (Precision = 18) (Scale = 2) (DbType = Decimal), @p200='?' (DbType = Int32), @p201='?' (Precision = 18) (Scale = 2) (DbType = Decimal), @p202='?' (DbType = Int32), @p203='?' (Precision = 18) (Scale = 2) (DbType = Decimal), @p204='?' (DbType = Date), @p205='?' (Precision = 18) (Scale = 2) (DbType = Decimal), @p206='?' (Size = 30), @p207='?' (DbType = Date), @p208='?' (Precision = 18) (Scale = 2) (DbType = Decimal), @p209='?' (DbType = Int32), @p210='?' (Precision = 18) (Scale = 2) (DbType = Decimal), @p211='?' (DbType = Int32), @p212='?' (Precision = 18) (Scale = 2) (DbType = Decimal), @p213='?' (DbType = Date), @p214='?' (Precision = 18) (Scale = 2) (DbType = Decimal), @p215='?' (Size = 30)], CommandType='"Text"', CommandTimeout='30']
SET IMPLICIT_TRANSACTIONS OFF;
SET NOCOUNT ON;
MERGE [RepaymentSchedules] USING (
VALUES (@p0, @p1, @p2, @p3, @p4, @p5, @p6, @p7, @p8, 0),
(@p9, @p10, @p11, @p12, @p13, @p14, @p15, @p16, @p17, 1),
(@p18, @p19, @p20, @p21, @p22, @p23, @p24, @p25, @p26, 2),
(@p27, @p28, @p29, @p30, @p31, @p32, @p33, @p34, @p35, 3),
(@p36, @p37, @p38, @p39, @p40, @p41, @p42, @p43, @p44, 4),
(@p45, @p46, @p47, @p48, @p49, @p50, @p51, @p52, @p53, 5),
(@p54, @p55, @p56, @p57, @p58, @p59, @p60, @p61, @p62, 6),
(@p63, @p64, @p65, @p66, @p67, @p68, @p69, @p70, @p71, 7),
(@p72, @p73, @p74, @p75, @p76, @p77, @p78, @p79, @p80, 8),
(@p81, @p82, @p83, @p84, @p85, @p86, @p87, @p88, @p89, 9),
(@p90, @p91, @p92, @p93, @p94, @p95, @p96, @p97, @p98, 10),
(@p99, @p100, @p101, @p102, @p103, @p104, @p105, @p106, @p107, 11),
(@p108, @p109, @p110, @p111, @p112, @p113, @p114, @p115, @p116, 12),
(@p117, @p118, @p119, @p120, @p121, @p122, @p123, @p124, @p125, 13),
(@p126, @p127, @p128, @p129, @p130, @p131, @p132, @p133, @p134, 14),
(@p135, @p136, @p137, @p138, @p139, @p140, @p141, @p142, @p143, 15),
(@p144, @p145, @p146, @p147, @p148, @p149, @p150, @p151, @p152, 16),
(@p153, @p154, @p155, @p156, @p157, @p158, @p159, @p160, @p161, 17),
(@p162, @p163, @p164, @p165, @p166, @p167, @p168, @p169, @p170, 18),
(@p171, @p172, @p173, @p174, @p175, @p176, @p177, @p178, @p179, 19),
(@p180, @p181, @p182, @p183, @p184, @p185, @p186, @p187, @p188, 20),
(@p189, @p190, @p191, @p192, @p193, @p194, @p195, @p196, @p197, 21),
(@p198, @p199, @p200, @p201, @p202, @p203, @p204, @p205, @p206, 22),
(@p207, @p208, @p209, @p210, @p211, @p212, @p213, @p214, @p215, 23)) AS i ([DueDate], [EMIAmount], [InstallmentNumber], [InterestAmount], [LoanId], [PaidAmount], [PaidDate], [PrincipalAmount], [Status], _Position) ON 1=0
WHEN NOT MATCHED THEN
INSERT ([DueDate], [EMIAmount], [InstallmentNumber], [InterestAmount], [LoanId], [PaidAmount], [PaidDate], [PrincipalAmount], [Status])
VALUES (i.[DueDate], i.[EMIAmount], i.[InstallmentNumber], i.[InterestAmount], i.[LoanId], i.[PaidAmount], i.[PaidDate], i.[PrincipalAmount], i.[Status])
OUTPUT INSERTED.[ScheduleId], i._Position;
2026-08-27 18:48:44.823 +05:30 [INF] Executing OkObjectResult, writing value of type 'LoanDeductionPrediction.Models.DTOs.AcceptBorrowerLoanApplicationResponse'.
2026-08-27 18:48:44.830 +05:30 [INF] Executed action LoanDeductionPrediction.API.Controllers.BorrowerLoanApplicationController.AcceptApplication (LoanDeductionPrediction.API) in 1408.4714ms
2026-08-27 18:48:44.840 +05:30 [INF] Executed endpoint 'LoanDeductionPrediction.API.Controllers.BorrowerLoanApplicationController.AcceptApplication (LoanDeductionPrediction.API)'
2026-08-27 18:48:44.846 +05:30 [INF] HTTP POST /api/BorrowerLoanApplication/2/accept responded 200 in 1449.9273 ms
2026-08-27 18:48:45.304 +05:30 [INF] Request finished HTTP/1.1 POST http://localhost:5082/api/BorrowerLoanApplication/2/accept - 200 null application/json; charset=utf-8 1918.5428ms
2026-08-27 18:50:48.499 +05:30 [INF] Request starting HTTP/1.1 POST http://localhost:5082/api/RepaymentSchedule/generate/2 - null 0
2026-08-27 18:50:48.514 +05:30 [INF] CORS policy execution successful.
2026-08-27 18:50:48.538 +05:30 [INF] Executing endpoint 'LoanDeductionPrediction.API.Controllers.RepaymentScheduleController.GenerateSchedule (LoanDeductionPrediction.API)'
2026-08-27 18:50:49.394 +05:30 [INF] Route matched with {action = "GenerateSchedule", controller = "RepaymentSchedule"}. Executing controller action with signature System.Threading.Tasks.Task`1[Microsoft.AspNetCore.Mvc.IActionResult] GenerateSchedule(Int32) on controller LoanDeductionPrediction.API.Controllers.RepaymentScheduleController (LoanDeductionPrediction.API).
2026-08-27 18:50:49.596 +05:30 [INF] Executed DbCommand (8ms) [Parameters=[@loanId='?' (DbType = Int32)], CommandType='"Text"', CommandTimeout='30']
SELECT TOP(1) [l].[LoanId], [l].[BorrowerId], [l].[CreatedAt], [l].[EMIAmount], [l].[EndDate], [l].[InterestRate], [l].[LoanOfficerId], [l].[OutstandingAmount], [l].[PrincipalAmount], [l].[StartDate], [l].[Status], [l].[TenureMonths]
FROM [LoanAccounts] AS [l]
WHERE [l].[LoanId] = @loanId
2026-08-27 18:50:49.871 +05:30 [INF] Executed DbCommand (126ms) [Parameters=[@loanId='?' (DbType = Int32)], CommandType='"Text"', CommandTimeout='30']
SELECT TOP(1) [l].[LoanId], [l].[BorrowerId], [l].[CreatedAt], [l].[EMIAmount], [l].[EndDate], [l].[InterestRate], [l].[LoanOfficerId], [l].[OutstandingAmount], [l].[PrincipalAmount], [l].[StartDate], [l].[Status], [l].[TenureMonths]
FROM [LoanAccounts] AS [l]
WHERE [l].[LoanId] = @loanId
2026-08-27 18:50:50.017 +05:30 [INF] Executed DbCommand (129ms) [Parameters=[@loanId='?' (DbType = Int32)], CommandType='"Text"', CommandTimeout='30']
SELECT CASE
    WHEN EXISTS (
        SELECT 1
        FROM [RepaymentSchedules] AS [r]
        WHERE [r].[LoanId] = @loanId) THEN CAST(1 AS bit)
    ELSE CAST(0 AS bit)
END
2026-08-27 18:50:50.114 +05:30 [INF] Executing ConflictObjectResult, writing value of type '<>f__AnonymousType0`1[[System.String, System.Private.CoreLib, Version=10.0.0.0, Culture=neutral, PublicKeyToken=7cec85d7bea7798e]]'.
2026-08-27 18:50:50.120 +05:30 [INF] Executed action LoanDeductionPrediction.API.Controllers.RepaymentScheduleController.GenerateSchedule (LoanDeductionPrediction.API) in 571.2493ms
2026-08-27 18:50:50.129 +05:30 [INF] Executed endpoint 'LoanDeductionPrediction.API.Controllers.RepaymentScheduleController.GenerateSchedule (LoanDeductionPrediction.API)'
2026-08-27 18:50:50.133 +05:30 [INF] HTTP POST /api/RepaymentSchedule/generate/2 responded 409 in 1618.9937 ms
2026-08-27 18:50:50.141 +05:30 [INF] Request finished HTTP/1.1 POST http://localhost:5082/api/RepaymentSchedule/generate/2 - 409 null application/json; charset=utf-8 1642.6757ms
2026-08-27 18:53:27.933 +05:30 [INF] Request starting HTTP/1.1 GET http://localhost:5082/api/PaymentBehavior/loan/2 - null null
2026-08-27 18:53:27.940 +05:30 [INF] Executing endpoint 'LoanDeductionPrediction.API.Controllers.PaymentBehaviorController.GetLoanBehavior (LoanDeductionPrediction.API)'
2026-08-27 18:53:27.976 +05:30 [INF] Route matched with {action = "GetLoanBehavior", controller = "PaymentBehavior"}. Executing controller action with signature System.Threading.Tasks.Task`1[Microsoft.AspNetCore.Mvc.IActionResult] GetLoanBehavior(Int32) on controller LoanDeductionPrediction.API.Controllers.PaymentBehaviorController (LoanDeductionPrediction.API).
2026-08-27 18:53:28.330 +05:30 [INF] Executed DbCommand (25ms) [Parameters=[@loanId='?' (DbType = Int32)], CommandType='"Text"', CommandTimeout='30']
SELECT TOP(1) [l].[LoanId], [l].[BorrowerId], [l].[CreatedAt], [l].[EMIAmount], [l].[EndDate], [l].[InterestRate], [l].[LoanOfficerId], [l].[OutstandingAmount], [l].[PrincipalAmount], [l].[StartDate], [l].[Status], [l].[TenureMonths]
FROM [LoanAccounts] AS [l]
WHERE [l].[LoanId] = @loanId
2026-08-27 18:53:28.344 +05:30 [INF] Executed DbCommand (1ms) [Parameters=[@loanId='?' (DbType = Int32)], CommandType='"Text"', CommandTimeout='30']
SELECT TOP(1) [l].[LoanId], [l].[BorrowerId], [l].[CreatedAt], [l].[EMIAmount], [l].[EndDate], [l].[InterestRate], [l].[LoanOfficerId], [l].[OutstandingAmount], [l].[PrincipalAmount], [l].[StartDate], [l].[Status], [l].[TenureMonths]
FROM [LoanAccounts] AS [l]
WHERE [l].[LoanId] = @loanId
2026-08-27 18:53:28.708 +05:30 [INF] Executed DbCommand (11ms) [Parameters=[@loanId='?' (DbType = Int32)], CommandType='"Text"', CommandTimeout='30']
SELECT [p].[BehaviorLogId], [p].[BorrowerId], [p].[DaysLate], [p].[DueDate], [p].[LoanId], [p].[PaymentDate], [p].[PaymentStatus], [p].[RecordedAt], [p].[ScheduleId]
FROM [PaymentBehaviorLogs] AS [p]
WHERE [p].[LoanId] = @loanId
ORDER BY [p].[DueDate]
2026-08-27 18:53:28.715 +05:30 [INF] Executing OkObjectResult, writing value of type 'System.Collections.Generic.List`1[[<>f__AnonymousType9`9[[System.Int32, System.Private.CoreLib, Version=10.0.0.0, Culture=neutral, PublicKeyToken=7cec85d7bea7798e],[System.Int32, System.Private.CoreLib, Version=10.0.0.0, Culture=neutral, PublicKeyToken=7cec85d7bea7798e],[System.Int32, System.Private.CoreLib, Version=10.0.0.0, Culture=neutral, PublicKeyToken=7cec85d7bea7798e],[System.Int32, System.Private.CoreLib, Version=10.0.0.0, Culture=neutral, PublicKeyToken=7cec85d7bea7798e],[System.DateOnly, System.Private.CoreLib, Version=10.0.0.0, Culture=neutral, PublicKeyToken=7cec85d7bea7798e],[System.Nullable`1[[System.DateOnly, System.Private.CoreLib, Version=10.0.0.0, Culture=neutral, PublicKeyToken=7cec85d7bea7798e]], System.Private.CoreLib, Version=10.0.0.0, Culture=neutral, PublicKeyToken=7cec85d7bea7798e],[System.Int32, System.Private.CoreLib, Version=10.0.0.0, Culture=neutral, PublicKeyToken=7cec85d7bea7798e],[System.String, System.Private.CoreLib, Version=10.0.0.0, Culture=neutral, PublicKeyToken=7cec85d7bea7798e],[System.DateTime, System.Private.CoreLib, Version=10.0.0.0, Culture=neutral, PublicKeyToken=7cec85d7bea7798e]], LoanDeductionPrediction.API, Version=1.0.0.0, Culture=neutral, PublicKeyToken=null]]'.
2026-08-27 18:53:28.733 +05:30 [INF] Executed action LoanDeductionPrediction.API.Controllers.PaymentBehaviorController.GetLoanBehavior (LoanDeductionPrediction.API) in 440.3199ms
2026-08-27 18:53:28.739 +05:30 [INF] Executed endpoint 'LoanDeductionPrediction.API.Controllers.PaymentBehaviorController.GetLoanBehavior (LoanDeductionPrediction.API)'
2026-08-27 18:53:28.743 +05:30 [INF] HTTP GET /api/PaymentBehavior/loan/2 responded 200 in 804.7552 ms
2026-08-27 18:53:28.755 +05:30 [INF] Request finished HTTP/1.1 GET http://localhost:5082/api/PaymentBehavior/loan/2 - 200 null application/json; charset=utf-8 822.0439ms
2026-08-27 18:53:50.399 +05:30 [INF] Request starting HTTP/1.1 POST http://localhost:5082/api/RepaymentSchedule/generate/1 - null 0
2026-08-27 18:53:50.445 +05:30 [INF] CORS policy execution successful.
2026-08-27 18:53:50.558 +05:30 [INF] Executing endpoint 'LoanDeductionPrediction.API.Controllers.RepaymentScheduleController.GenerateSchedule (LoanDeductionPrediction.API)'
2026-08-27 18:53:50.563 +05:30 [INF] Route matched with {action = "GenerateSchedule", controller = "RepaymentSchedule"}. Executing controller action with signature System.Threading.Tasks.Task`1[Microsoft.AspNetCore.Mvc.IActionResult] GenerateSchedule(Int32) on controller LoanDeductionPrediction.API.Controllers.RepaymentScheduleController (LoanDeductionPrediction.API).
2026-08-27 18:53:50.676 +05:30 [INF] Executed DbCommand (101ms) [Parameters=[@loanId='?' (DbType = Int32)], CommandType='"Text"', CommandTimeout='30']
SELECT TOP(1) [l].[LoanId], [l].[BorrowerId], [l].[CreatedAt], [l].[EMIAmount], [l].[EndDate], [l].[InterestRate], [l].[LoanOfficerId], [l].[OutstandingAmount], [l].[PrincipalAmount], [l].[StartDate], [l].[Status], [l].[TenureMonths]
FROM [LoanAccounts] AS [l]
WHERE [l].[LoanId] = @loanId
2026-08-27 18:53:51.683 +05:30 [INF] Executed DbCommand (156ms) [Parameters=[@loanId='?' (DbType = Int32)], CommandType='"Text"', CommandTimeout='30']
SELECT TOP(1) [l].[LoanId], [l].[BorrowerId], [l].[CreatedAt], [l].[EMIAmount], [l].[EndDate], [l].[InterestRate], [l].[LoanOfficerId], [l].[OutstandingAmount], [l].[PrincipalAmount], [l].[StartDate], [l].[Status], [l].[TenureMonths]
FROM [LoanAccounts] AS [l]
WHERE [l].[LoanId] = @loanId
2026-08-27 18:53:51.922 +05:30 [INF] Executed DbCommand (24ms) [Parameters=[@loanId='?' (DbType = Int32)], CommandType='"Text"', CommandTimeout='30']
SELECT CASE
    WHEN EXISTS (
        SELECT 1
        FROM [RepaymentSchedules] AS [r]
        WHERE [r].[LoanId] = @loanId) THEN CAST(1 AS bit)
    ELSE CAST(0 AS bit)
END
2026-08-27 18:53:52.457 +05:30 [INF] Executing ConflictObjectResult, writing value of type '<>f__AnonymousType0`1[[System.String, System.Private.CoreLib, Version=10.0.0.0, Culture=neutral, PublicKeyToken=7cec85d7bea7798e]]'.
2026-08-27 18:53:52.967 +05:30 [INF] Executed action LoanDeductionPrediction.API.Controllers.RepaymentScheduleController.GenerateSchedule (LoanDeductionPrediction.API) in 2395.3586ms
2026-08-27 18:53:52.970 +05:30 [INF] Executed endpoint 'LoanDeductionPrediction.API.Controllers.RepaymentScheduleController.GenerateSchedule (LoanDeductionPrediction.API)'
2026-08-27 18:53:52.981 +05:30 [INF] HTTP POST /api/RepaymentSchedule/generate/1 responded 409 in 2535.8249 ms
2026-08-27 18:53:52.997 +05:30 [INF] Request finished HTTP/1.1 POST http://localhost:5082/api/RepaymentSchedule/generate/1 - 409 null application/json; charset=utf-8 2598.8097ms
2026-08-27 18:55:31.679 +05:30 [INF] Request starting HTTP/1.1 POST http://localhost:5082/api/RepaymentSchedule/generate/2 - null 0
2026-08-27 18:55:31.684 +05:30 [INF] CORS policy execution successful.
2026-08-27 18:55:31.686 +05:30 [INF] Executing endpoint 'LoanDeductionPrediction.API.Controllers.RepaymentScheduleController.GenerateSchedule (LoanDeductionPrediction.API)'
2026-08-27 18:55:31.693 +05:30 [INF] Route matched with {action = "GenerateSchedule", controller = "RepaymentSchedule"}. Executing controller action with signature System.Threading.Tasks.Task`1[Microsoft.AspNetCore.Mvc.IActionResult] GenerateSchedule(Int32) on controller LoanDeductionPrediction.API.Controllers.RepaymentScheduleController (LoanDeductionPrediction.API).
2026-08-27 18:55:31.869 +05:30 [INF] Executed DbCommand (167ms) [Parameters=[@loanId='?' (DbType = Int32)], CommandType='"Text"', CommandTimeout='30']
SELECT TOP(1) [l].[LoanId], [l].[BorrowerId], [l].[CreatedAt], [l].[EMIAmount], [l].[EndDate], [l].[InterestRate], [l].[LoanOfficerId], [l].[OutstandingAmount], [l].[PrincipalAmount], [l].[StartDate], [l].[Status], [l].[TenureMonths]
FROM [LoanAccounts] AS [l]
WHERE [l].[LoanId] = @loanId
2026-08-27 18:55:31.890 +05:30 [INF] Executed DbCommand (9ms) [Parameters=[@loanId='?' (DbType = Int32)], CommandType='"Text"', CommandTimeout='30']
SELECT TOP(1) [l].[LoanId], [l].[BorrowerId], [l].[CreatedAt], [l].[EMIAmount], [l].[EndDate], [l].[InterestRate], [l].[LoanOfficerId], [l].[OutstandingAmount], [l].[PrincipalAmount], [l].[StartDate], [l].[Status], [l].[TenureMonths]
FROM [LoanAccounts] AS [l]
WHERE [l].[LoanId] = @loanId
2026-08-27 18:55:32.661 +05:30 [INF] Executed DbCommand (24ms) [Parameters=[@loanId='?' (DbType = Int32)], CommandType='"Text"', CommandTimeout='30']
SELECT CASE
    WHEN EXISTS (
        SELECT 1
        FROM [RepaymentSchedules] AS [r]
        WHERE [r].[LoanId] = @loanId) THEN CAST(1 AS bit)
    ELSE CAST(0 AS bit)
END
2026-08-27 18:55:32.808 +05:30 [INF] Executing ConflictObjectResult, writing value of type '<>f__AnonymousType0`1[[System.String, System.Private.CoreLib, Version=10.0.0.0, Culture=neutral, PublicKeyToken=7cec85d7bea7798e]]'.
2026-08-27 18:55:33.164 +05:30 [INF] Executed action LoanDeductionPrediction.API.Controllers.RepaymentScheduleController.GenerateSchedule (LoanDeductionPrediction.API) in 1463.3235ms
2026-08-27 18:55:33.193 +05:30 [INF] Executed endpoint 'LoanDeductionPrediction.API.Controllers.RepaymentScheduleController.GenerateSchedule (LoanDeductionPrediction.API)'
2026-08-27 18:55:33.197 +05:30 [INF] HTTP POST /api/RepaymentSchedule/generate/2 responded 409 in 1513.4145 ms
2026-08-27 18:55:33.280 +05:30 [INF] Request finished HTTP/1.1 POST http://localhost:5082/api/RepaymentSchedule/generate/2 - 409 null application/json; charset=utf-8 1601.4341ms
2026-08-27 18:55:46.300 +05:30 [INF] Request starting HTTP/1.1 GET http://localhost:5082/api/RepaymentSchedule/loan/2/summary - null null
2026-08-27 18:55:46.311 +05:30 [INF] Executing endpoint 'LoanDeductionPrediction.API.Controllers.RepaymentScheduleController.GetSummary (LoanDeductionPrediction.API)'
2026-08-27 18:55:46.371 +05:30 [INF] Route matched with {action = "GetSummary", controller = "RepaymentSchedule"}. Executing controller action with signature System.Threading.Tasks.Task`1[Microsoft.AspNetCore.Mvc.IActionResult] GetSummary(Int32) on controller LoanDeductionPrediction.API.Controllers.RepaymentScheduleController (LoanDeductionPrediction.API).
2026-08-27 18:55:46.427 +05:30 [INF] Executed DbCommand (15ms) [Parameters=[@loanId='?' (DbType = Int32)], CommandType='"Text"', CommandTimeout='30']
SELECT TOP(1) [l].[LoanId], [l].[BorrowerId], [l].[CreatedAt], [l].[EMIAmount], [l].[EndDate], [l].[InterestRate], [l].[LoanOfficerId], [l].[OutstandingAmount], [l].[PrincipalAmount], [l].[StartDate], [l].[Status], [l].[TenureMonths]
FROM [LoanAccounts] AS [l]
WHERE [l].[LoanId] = @loanId
2026-08-27 18:55:46.500 +05:30 [INF] Executed DbCommand (7ms) [Parameters=[@loanId='?' (DbType = Int32)], CommandType='"Text"', CommandTimeout='30']
SELECT [r].[ScheduleId], [r].[DueDate], [r].[EMIAmount], [r].[InstallmentNumber], [r].[InterestAmount], [r].[LoanId], [r].[PaidAmount], [r].[PaidDate], [r].[PrincipalAmount], [r].[Status]
FROM [RepaymentSchedules] AS [r]
WHERE [r].[LoanId] = @loanId
ORDER BY [r].[InstallmentNumber]
2026-08-27 18:55:46.526 +05:30 [INF] Executing OkObjectResult, writing value of type '<>f__AnonymousType13`8[[System.Int32, System.Private.CoreLib, Version=10.0.0.0, Culture=neutral, PublicKeyToken=7cec85d7bea7798e],[System.Int32, System.Private.CoreLib, Version=10.0.0.0, Culture=neutral, PublicKeyToken=7cec85d7bea7798e],[System.Int32, System.Private.CoreLib, Version=10.0.0.0, Culture=neutral, PublicKeyToken=7cec85d7bea7798e],[System.Int32, System.Private.CoreLib, Version=10.0.0.0, Culture=neutral, PublicKeyToken=7cec85d7bea7798e],[System.Int32, System.Private.CoreLib, Version=10.0.0.0, Culture=neutral, PublicKeyToken=7cec85d7bea7798e],[System.Decimal, System.Private.CoreLib, Version=10.0.0.0, Culture=neutral, PublicKeyToken=7cec85d7bea7798e],[System.Decimal, System.Private.CoreLib, Version=10.0.0.0, Culture=neutral, PublicKeyToken=7cec85d7bea7798e],[System.Decimal, System.Private.CoreLib, Version=10.0.0.0, Culture=neutral, PublicKeyToken=7cec85d7bea7798e]]'.
2026-08-27 18:55:46.555 +05:30 [INF] Executed action LoanDeductionPrediction.API.Controllers.RepaymentScheduleController.GetSummary (LoanDeductionPrediction.API) in 149.5613ms
2026-08-27 18:55:46.560 +05:30 [INF] Executed endpoint 'LoanDeductionPrediction.API.Controllers.RepaymentScheduleController.GetSummary (LoanDeductionPrediction.API)'
2026-08-27 18:55:46.573 +05:30 [INF] HTTP GET /api/RepaymentSchedule/loan/2/summary responded 200 in 264.0744 ms
2026-08-27 18:55:46.582 +05:30 [INF] Request finished HTTP/1.1 GET http://localhost:5082/api/RepaymentSchedule/loan/2/summary - 200 null application/json; charset=utf-8 281.1509ms
2026-08-27 18:56:46.686 +05:30 [INF] Request starting HTTP/1.1 GET http://localhost:5082/api/RepaymentSchedule/loan/2 - null null
2026-08-27 18:56:46.792 +05:30 [INF] Executing endpoint 'LoanDeductionPrediction.API.Controllers.RepaymentScheduleController.GetLoanSchedule (LoanDeductionPrediction.API)'
2026-08-27 18:56:46.839 +05:30 [INF] Route matched with {action = "GetLoanSchedule", controller = "RepaymentSchedule"}. Executing controller action with signature System.Threading.Tasks.Task`1[Microsoft.AspNetCore.Mvc.IActionResult] GetLoanSchedule(Int32) on controller LoanDeductionPrediction.API.Controllers.RepaymentScheduleController (LoanDeductionPrediction.API).
2026-08-27 18:56:47.053 +05:30 [INF] Executed DbCommand (168ms) [Parameters=[@loanId='?' (DbType = Int32)], CommandType='"Text"', CommandTimeout='30']
SELECT TOP(1) [l].[LoanId], [l].[BorrowerId], [l].[CreatedAt], [l].[EMIAmount], [l].[EndDate], [l].[InterestRate], [l].[LoanOfficerId], [l].[OutstandingAmount], [l].[PrincipalAmount], [l].[StartDate], [l].[Status], [l].[TenureMonths]
FROM [LoanAccounts] AS [l]
WHERE [l].[LoanId] = @loanId
2026-08-27 18:56:47.355 +05:30 [INF] Executed DbCommand (21ms) [Parameters=[@loanId='?' (DbType = Int32)], CommandType='"Text"', CommandTimeout='30']
SELECT [r].[ScheduleId], [r].[DueDate], [r].[EMIAmount], [r].[InstallmentNumber], [r].[InterestAmount], [r].[LoanId], [r].[PaidAmount], [r].[PaidDate], [r].[PrincipalAmount], [r].[Status]
FROM [RepaymentSchedules] AS [r]
WHERE [r].[LoanId] = @loanId
ORDER BY [r].[InstallmentNumber]
2026-08-27 18:56:47.365 +05:30 [INF] Executing OkObjectResult, writing value of type 'System.Collections.Generic.List`1[[LoanDeductionPrediction.Models.DTOs.RepaymentScheduleDto, LoanDeductionPrediction.Models, Version=1.0.0.0, Culture=neutral, PublicKeyToken=null]]'.
2026-08-27 18:56:47.547 +05:30 [INF] Executed action LoanDeductionPrediction.API.Controllers.RepaymentScheduleController.GetLoanSchedule (LoanDeductionPrediction.API) in 669.9019ms
2026-08-27 18:56:47.589 +05:30 [INF] Executed endpoint 'LoanDeductionPrediction.API.Controllers.RepaymentScheduleController.GetLoanSchedule (LoanDeductionPrediction.API)'
2026-08-27 18:56:47.591 +05:30 [INF] HTTP GET /api/RepaymentSchedule/loan/2 responded 200 in 800.2202 ms
2026-08-27 18:56:47.596 +05:30 [INF] Request finished HTTP/1.1 GET http://localhost:5082/api/RepaymentSchedule/loan/2 - 200 null application/json; charset=utf-8 910.3835ms
2026-08-27 18:58:44.413 +05:30 [INF] Request starting HTTP/1.1 PUT http://localhost:5082/api/RepaymentSchedule/25/payment - application/json 59
2026-08-27 18:58:44.605 +05:30 [INF] CORS policy execution successful.
2026-08-27 18:58:44.610 +05:30 [INF] Executing endpoint 'LoanDeductionPrediction.API.Controllers.RepaymentScheduleController.RecordPayment (LoanDeductionPrediction.API)'
2026-08-27 18:58:44.738 +05:30 [INF] Route matched with {action = "RecordPayment", controller = "RepaymentSchedule"}. Executing controller action with signature System.Threading.Tasks.Task`1[Microsoft.AspNetCore.Mvc.IActionResult] RecordPayment(Int32, LoanDeductionPrediction.Models.DTOs.RecordPaymentRequest) on controller LoanDeductionPrediction.API.Controllers.RepaymentScheduleController (LoanDeductionPrediction.API).
2026-08-27 18:58:44.950 +05:30 [INF] Executed DbCommand (165ms) [Parameters=[@scheduleId='?' (DbType = Int32)], CommandType='"Text"', CommandTimeout='30']
SELECT TOP(1) [r].[ScheduleId], [r].[DueDate], [r].[EMIAmount], [r].[InstallmentNumber], [r].[InterestAmount], [r].[LoanId], [r].[PaidAmount], [r].[PaidDate], [r].[PrincipalAmount], [r].[Status]
FROM [RepaymentSchedules] AS [r]
WHERE [r].[ScheduleId] = @scheduleId
2026-08-27 18:58:44.970 +05:30 [INF] Executed DbCommand (9ms) [Parameters=[@loanId='?' (DbType = Int32)], CommandType='"Text"', CommandTimeout='30']
SELECT TOP(1) [l].[LoanId], [l].[BorrowerId], [l].[CreatedAt], [l].[EMIAmount], [l].[EndDate], [l].[InterestRate], [l].[LoanOfficerId], [l].[OutstandingAmount], [l].[PrincipalAmount], [l].[StartDate], [l].[Status], [l].[TenureMonths]
FROM [LoanAccounts] AS [l]
WHERE [l].[LoanId] = @loanId
2026-08-27 18:58:45.151 +05:30 [INF] Executed DbCommand (158ms) [Parameters=[@scheduleId='?' (DbType = Int32)], CommandType='"Text"', CommandTimeout='30']
SELECT TOP(1) [r].[ScheduleId], [r].[DueDate], [r].[EMIAmount], [r].[InstallmentNumber], [r].[InterestAmount], [r].[LoanId], [r].[PaidAmount], [r].[PaidDate], [r].[PrincipalAmount], [r].[Status]
FROM [RepaymentSchedules] AS [r]
WHERE [r].[ScheduleId] = @scheduleId
2026-08-27 18:58:45.168 +05:30 [INF] Executed DbCommand (4ms) [Parameters=[@loanId='?' (DbType = Int32)], CommandType='"Text"', CommandTimeout='30']
SELECT TOP(1) [l].[LoanId], [l].[BorrowerId], [l].[CreatedAt], [l].[EMIAmount], [l].[EndDate], [l].[InterestRate], [l].[LoanOfficerId], [l].[OutstandingAmount], [l].[PrincipalAmount], [l].[StartDate], [l].[Status], [l].[TenureMonths]
FROM [LoanAccounts] AS [l]
WHERE [l].[LoanId] = @loanId
2026-08-27 18:58:45.252 +05:30 [INF] Executed DbCommand (12ms) [Parameters=[@scheduleId='?' (DbType = Int32)], CommandType='"Text"', CommandTimeout='30']
SELECT TOP(1) [p].[BehaviorLogId], [p].[BorrowerId], [p].[DaysLate], [p].[DueDate], [p].[LoanId], [p].[PaymentDate], [p].[PaymentStatus], [p].[RecordedAt], [p].[ScheduleId]
FROM [PaymentBehaviorLogs] AS [p]
WHERE [p].[ScheduleId] = @scheduleId
2026-08-27 18:58:45.341 +05:30 [WRN] Savepoints are disabled because Multiple Active Result Sets (MARS) is enabled. If 'SaveChanges' fails, then the transaction cannot be automatically rolled back to a known clean state. Instead, the transaction should be rolled back by the application before retrying 'SaveChanges'. See https://go.microsoft.com/fwlink/?linkid=2149338 for more information and examples. To identify the code which triggers this warning, call 'ConfigureWarnings(w => w.Throw(SqlServerEventId.SavepointsDisabledBecauseOfMARS))'.
2026-08-27 18:58:45.366 +05:30 [INF] Executed DbCommand (22ms) [Parameters=[@p11='?' (DbType = Int32), @p0='?' (DbType = Int32), @p1='?' (DbType = DateTime2), @p2='?' (Precision = 18) (Scale = 2) (DbType = Decimal), @p3='?' (DbType = Date), @p4='?' (Precision = 5) (Scale = 2) (DbType = Decimal), @p5='?' (DbType = Int32), @p6='?' (Precision = 18) (Scale = 2) (DbType = Decimal), @p7='?' (Precision = 18) (Scale = 2) (DbType = Decimal), @p8='?' (DbType = Date), @p9='?' (Size = 30), @p10='?' (DbType = Int32), @p12='?' (DbType = Int32), @p13='?' (DbType = Int32), @p14='?' (DbType = Date), @p15='?' (DbType = Int32), @p16='?' (DbType = Date), @p17='?' (Size = 30), @p18='?' (DbType = DateTime2), @p19='?' (DbType = Int32), @p29='?' (DbType = Int32), @p20='?' (DbType = Date), @p21='?' (Precision = 18) (Scale = 2) (DbType = Decimal), @p22='?' (DbType = Int32), @p23='?' (Precision = 18) (Scale = 2) (DbType = Decimal), @p24='?' (DbType = Int32), @p25='?' (Precision = 18) (Scale = 2) (DbType = Decimal), @p26='?' (DbType = Date), @p27='?' (Precision = 18) (Scale = 2) (DbType = Decimal), @p28='?' (Size = 30)], CommandType='"Text"', CommandTimeout='30']
SET NOCOUNT ON;
UPDATE [LoanAccounts] SET [BorrowerId] = @p0, [CreatedAt] = @p1, [EMIAmount] = @p2, [EndDate] = @p3, [InterestRate] = @p4, [LoanOfficerId] = @p5, [OutstandingAmount] = @p6, [PrincipalAmount] = @p7, [StartDate] = @p8, [Status] = @p9, [TenureMonths] = @p10
OUTPUT 1
WHERE [LoanId] = @p11;
INSERT INTO [PaymentBehaviorLogs] ([BorrowerId], [DaysLate], [DueDate], [LoanId], [PaymentDate], [PaymentStatus], [RecordedAt], [ScheduleId])
OUTPUT INSERTED.[BehaviorLogId]
VALUES (@p12, @p13, @p14, @p15, @p16, @p17, @p18, @p19);
UPDATE [RepaymentSchedules] SET [DueDate] = @p20, [EMIAmount] = @p21, [InstallmentNumber] = @p22, [InterestAmount] = @p23, [LoanId] = @p24, [PaidAmount] = @p25, [PaidDate] = @p26, [PrincipalAmount] = @p27, [Status] = @p28
OUTPUT 1
WHERE [ScheduleId] = @p29;
2026-08-27 18:58:45.390 +05:30 [INF] Executing OkObjectResult, writing value of type '<>f__AnonymousType14`2[[System.String, System.Private.CoreLib, Version=10.0.0.0, Culture=neutral, PublicKeyToken=7cec85d7bea7798e],[LoanDeductionPrediction.Models.DTOs.RepaymentScheduleDto, LoanDeductionPrediction.Models, Version=1.0.0.0, Culture=neutral, PublicKeyToken=null]]'.
2026-08-27 18:58:45.396 +05:30 [INF] Executed action LoanDeductionPrediction.API.Controllers.RepaymentScheduleController.RecordPayment (LoanDeductionPrediction.API) in 651.3628ms
2026-08-27 18:58:45.400 +05:30 [INF] Executed endpoint 'LoanDeductionPrediction.API.Controllers.RepaymentScheduleController.RecordPayment (LoanDeductionPrediction.API)'
2026-08-27 18:58:45.404 +05:30 [INF] HTTP PUT /api/RepaymentSchedule/25/payment responded 200 in 811.0239 ms
2026-08-27 18:58:45.407 +05:30 [INF] Request finished HTTP/1.1 PUT http://localhost:5082/api/RepaymentSchedule/25/payment - 200 null application/json; charset=utf-8 994.2279ms
2026-08-27 18:58:53.949 +05:30 [INF] Request starting HTTP/1.1 PUT http://localhost:5082/api/RepaymentSchedule/26/payment - application/json 59
2026-08-27 18:58:53.978 +05:30 [INF] CORS policy execution successful.
2026-08-27 18:58:54.002 +05:30 [INF] Executing endpoint 'LoanDeductionPrediction.API.Controllers.RepaymentScheduleController.RecordPayment (LoanDeductionPrediction.API)'
2026-08-27 18:58:54.010 +05:30 [INF] Route matched with {action = "RecordPayment", controller = "RepaymentSchedule"}. Executing controller action with signature System.Threading.Tasks.Task`1[Microsoft.AspNetCore.Mvc.IActionResult] RecordPayment(Int32, LoanDeductionPrediction.Models.DTOs.RecordPaymentRequest) on controller LoanDeductionPrediction.API.Controllers.RepaymentScheduleController (LoanDeductionPrediction.API).
2026-08-27 18:58:54.142 +05:30 [INF] Executed DbCommand (18ms) [Parameters=[@scheduleId='?' (DbType = Int32)], CommandType='"Text"', CommandTimeout='30']
SELECT TOP(1) [r].[ScheduleId], [r].[DueDate], [r].[EMIAmount], [r].[InstallmentNumber], [r].[InterestAmount], [r].[LoanId], [r].[PaidAmount], [r].[PaidDate], [r].[PrincipalAmount], [r].[Status]
FROM [RepaymentSchedules] AS [r]
WHERE [r].[ScheduleId] = @scheduleId
2026-08-27 18:58:54.170 +05:30 [INF] Executed DbCommand (9ms) [Parameters=[@loanId='?' (DbType = Int32)], CommandType='"Text"', CommandTimeout='30']
SELECT TOP(1) [l].[LoanId], [l].[BorrowerId], [l].[CreatedAt], [l].[EMIAmount], [l].[EndDate], [l].[InterestRate], [l].[LoanOfficerId], [l].[OutstandingAmount], [l].[PrincipalAmount], [l].[StartDate], [l].[Status], [l].[TenureMonths]
FROM [LoanAccounts] AS [l]
WHERE [l].[LoanId] = @loanId
2026-08-27 18:58:54.515 +05:30 [INF] Executed DbCommand (225ms) [Parameters=[@scheduleId='?' (DbType = Int32)], CommandType='"Text"', CommandTimeout='30']
SELECT TOP(1) [r].[ScheduleId], [r].[DueDate], [r].[EMIAmount], [r].[InstallmentNumber], [r].[InterestAmount], [r].[LoanId], [r].[PaidAmount], [r].[PaidDate], [r].[PrincipalAmount], [r].[Status]
FROM [RepaymentSchedules] AS [r]
WHERE [r].[ScheduleId] = @scheduleId
2026-08-27 18:58:54.560 +05:30 [INF] Executed DbCommand (23ms) [Parameters=[@loanId='?' (DbType = Int32)], CommandType='"Text"', CommandTimeout='30']
SELECT TOP(1) [l].[LoanId], [l].[BorrowerId], [l].[CreatedAt], [l].[EMIAmount], [l].[EndDate], [l].[InterestRate], [l].[LoanOfficerId], [l].[OutstandingAmount], [l].[PrincipalAmount], [l].[StartDate], [l].[Status], [l].[TenureMonths]
FROM [LoanAccounts] AS [l]
WHERE [l].[LoanId] = @loanId
2026-08-27 18:58:55.309 +05:30 [INF] Executed DbCommand (121ms) [Parameters=[@scheduleId='?' (DbType = Int32)], CommandType='"Text"', CommandTimeout='30']
SELECT TOP(1) [p].[BehaviorLogId], [p].[BorrowerId], [p].[DaysLate], [p].[DueDate], [p].[LoanId], [p].[PaymentDate], [p].[PaymentStatus], [p].[RecordedAt], [p].[ScheduleId]
FROM [PaymentBehaviorLogs] AS [p]
WHERE [p].[ScheduleId] = @scheduleId
2026-08-27 18:58:55.558 +05:30 [WRN] Savepoints are disabled because Multiple Active Result Sets (MARS) is enabled. If 'SaveChanges' fails, then the transaction cannot be automatically rolled back to a known clean state. Instead, the transaction should be rolled back by the application before retrying 'SaveChanges'. See https://go.microsoft.com/fwlink/?linkid=2149338 for more information and examples. To identify the code which triggers this warning, call 'ConfigureWarnings(w => w.Throw(SqlServerEventId.SavepointsDisabledBecauseOfMARS))'.
2026-08-27 18:58:55.853 +05:30 [INF] Executed DbCommand (75ms) [Parameters=[@p11='?' (DbType = Int32), @p0='?' (DbType = Int32), @p1='?' (DbType = DateTime2), @p2='?' (Precision = 18) (Scale = 2) (DbType = Decimal), @p3='?' (DbType = Date), @p4='?' (Precision = 5) (Scale = 2) (DbType = Decimal), @p5='?' (DbType = Int32), @p6='?' (Precision = 18) (Scale = 2) (DbType = Decimal), @p7='?' (Precision = 18) (Scale = 2) (DbType = Decimal), @p8='?' (DbType = Date), @p9='?' (Size = 30), @p10='?' (DbType = Int32), @p12='?' (DbType = Int32), @p13='?' (DbType = Int32), @p14='?' (DbType = Date), @p15='?' (DbType = Int32), @p16='?' (DbType = Date), @p17='?' (Size = 30), @p18='?' (DbType = DateTime2), @p19='?' (DbType = Int32), @p29='?' (DbType = Int32), @p20='?' (DbType = Date), @p21='?' (Precision = 18) (Scale = 2) (DbType = Decimal), @p22='?' (DbType = Int32), @p23='?' (Precision = 18) (Scale = 2) (DbType = Decimal), @p24='?' (DbType = Int32), @p25='?' (Precision = 18) (Scale = 2) (DbType = Decimal), @p26='?' (DbType = Date), @p27='?' (Precision = 18) (Scale = 2) (DbType = Decimal), @p28='?' (Size = 30)], CommandType='"Text"', CommandTimeout='30']
SET NOCOUNT ON;
UPDATE [LoanAccounts] SET [BorrowerId] = @p0, [CreatedAt] = @p1, [EMIAmount] = @p2, [EndDate] = @p3, [InterestRate] = @p4, [LoanOfficerId] = @p5, [OutstandingAmount] = @p6, [PrincipalAmount] = @p7, [StartDate] = @p8, [Status] = @p9, [TenureMonths] = @p10
OUTPUT 1
WHERE [LoanId] = @p11;
INSERT INTO [PaymentBehaviorLogs] ([BorrowerId], [DaysLate], [DueDate], [LoanId], [PaymentDate], [PaymentStatus], [RecordedAt], [ScheduleId])
OUTPUT INSERTED.[BehaviorLogId]
VALUES (@p12, @p13, @p14, @p15, @p16, @p17, @p18, @p19);
UPDATE [RepaymentSchedules] SET [DueDate] = @p20, [EMIAmount] = @p21, [InstallmentNumber] = @p22, [InterestAmount] = @p23, [LoanId] = @p24, [PaidAmount] = @p25, [PaidDate] = @p26, [PrincipalAmount] = @p27, [Status] = @p28
OUTPUT 1
WHERE [ScheduleId] = @p29;
2026-08-27 18:58:56.109 +05:30 [INF] Executing OkObjectResult, writing value of type '<>f__AnonymousType14`2[[System.String, System.Private.CoreLib, Version=10.0.0.0, Culture=neutral, PublicKeyToken=7cec85d7bea7798e],[LoanDeductionPrediction.Models.DTOs.RepaymentScheduleDto, LoanDeductionPrediction.Models, Version=1.0.0.0, Culture=neutral, PublicKeyToken=null]]'.
2026-08-27 18:58:56.122 +05:30 [INF] Executed action LoanDeductionPrediction.API.Controllers.RepaymentScheduleController.RecordPayment (LoanDeductionPrediction.API) in 2003.0371ms
2026-08-27 18:58:56.128 +05:30 [INF] Executed endpoint 'LoanDeductionPrediction.API.Controllers.RepaymentScheduleController.RecordPayment (LoanDeductionPrediction.API)'
2026-08-27 18:58:56.133 +05:30 [INF] HTTP PUT /api/RepaymentSchedule/26/payment responded 200 in 2155.2935 ms
2026-08-27 18:58:56.138 +05:30 [INF] Request finished HTTP/1.1 PUT http://localhost:5082/api/RepaymentSchedule/26/payment - 200 null application/json; charset=utf-8 2189.1633ms
2026-08-27 18:59:03.678 +05:30 [INF] Request starting HTTP/1.1 PUT http://localhost:5082/api/RepaymentSchedule/27/payment - application/json 59
2026-08-27 18:59:03.881 +05:30 [INF] CORS policy execution successful.
2026-08-27 18:59:04.019 +05:30 [INF] Executing endpoint 'LoanDeductionPrediction.API.Controllers.RepaymentScheduleController.RecordPayment (LoanDeductionPrediction.API)'
2026-08-27 18:59:04.026 +05:30 [INF] Route matched with {action = "RecordPayment", controller = "RepaymentSchedule"}. Executing controller action with signature System.Threading.Tasks.Task`1[Microsoft.AspNetCore.Mvc.IActionResult] RecordPayment(Int32, LoanDeductionPrediction.Models.DTOs.RecordPaymentRequest) on controller LoanDeductionPrediction.API.Controllers.RepaymentScheduleController (LoanDeductionPrediction.API).
2026-08-27 18:59:04.107 +05:30 [INF] Executed DbCommand (68ms) [Parameters=[@scheduleId='?' (DbType = Int32)], CommandType='"Text"', CommandTimeout='30']
SELECT TOP(1) [r].[ScheduleId], [r].[DueDate], [r].[EMIAmount], [r].[InstallmentNumber], [r].[InterestAmount], [r].[LoanId], [r].[PaidAmount], [r].[PaidDate], [r].[PrincipalAmount], [r].[Status]
FROM [RepaymentSchedules] AS [r]
WHERE [r].[ScheduleId] = @scheduleId
2026-08-27 18:59:04.336 +05:30 [INF] Executed DbCommand (6ms) [Parameters=[@loanId='?' (DbType = Int32)], CommandType='"Text"', CommandTimeout='30']
SELECT TOP(1) [l].[LoanId], [l].[BorrowerId], [l].[CreatedAt], [l].[EMIAmount], [l].[EndDate], [l].[InterestRate], [l].[LoanOfficerId], [l].[OutstandingAmount], [l].[PrincipalAmount], [l].[StartDate], [l].[Status], [l].[TenureMonths]
FROM [LoanAccounts] AS [l]
WHERE [l].[LoanId] = @loanId
2026-08-27 18:59:04.628 +05:30 [INF] Executed DbCommand (7ms) [Parameters=[@scheduleId='?' (DbType = Int32)], CommandType='"Text"', CommandTimeout='30']
SELECT TOP(1) [r].[ScheduleId], [r].[DueDate], [r].[EMIAmount], [r].[InstallmentNumber], [r].[InterestAmount], [r].[LoanId], [r].[PaidAmount], [r].[PaidDate], [r].[PrincipalAmount], [r].[Status]
FROM [RepaymentSchedules] AS [r]
WHERE [r].[ScheduleId] = @scheduleId
2026-08-27 18:59:04.810 +05:30 [INF] Executed DbCommand (4ms) [Parameters=[@loanId='?' (DbType = Int32)], CommandType='"Text"', CommandTimeout='30']
SELECT TOP(1) [l].[LoanId], [l].[BorrowerId], [l].[CreatedAt], [l].[EMIAmount], [l].[EndDate], [l].[InterestRate], [l].[LoanOfficerId], [l].[OutstandingAmount], [l].[PrincipalAmount], [l].[StartDate], [l].[Status], [l].[TenureMonths]
FROM [LoanAccounts] AS [l]
WHERE [l].[LoanId] = @loanId
2026-08-27 18:59:04.824 +05:30 [INF] Executed DbCommand (3ms) [Parameters=[@scheduleId='?' (DbType = Int32)], CommandType='"Text"', CommandTimeout='30']
SELECT TOP(1) [p].[BehaviorLogId], [p].[BorrowerId], [p].[DaysLate], [p].[DueDate], [p].[LoanId], [p].[PaymentDate], [p].[PaymentStatus], [p].[RecordedAt], [p].[ScheduleId]
FROM [PaymentBehaviorLogs] AS [p]
WHERE [p].[ScheduleId] = @scheduleId
2026-08-27 18:59:04.842 +05:30 [WRN] Savepoints are disabled because Multiple Active Result Sets (MARS) is enabled. If 'SaveChanges' fails, then the transaction cannot be automatically rolled back to a known clean state. Instead, the transaction should be rolled back by the application before retrying 'SaveChanges'. See https://go.microsoft.com/fwlink/?linkid=2149338 for more information and examples. To identify the code which triggers this warning, call 'ConfigureWarnings(w => w.Throw(SqlServerEventId.SavepointsDisabledBecauseOfMARS))'.
2026-08-27 18:59:04.875 +05:30 [INF] Executed DbCommand (28ms) [Parameters=[@p11='?' (DbType = Int32), @p0='?' (DbType = Int32), @p1='?' (DbType = DateTime2), @p2='?' (Precision = 18) (Scale = 2) (DbType = Decimal), @p3='?' (DbType = Date), @p4='?' (Precision = 5) (Scale = 2) (DbType = Decimal), @p5='?' (DbType = Int32), @p6='?' (Precision = 18) (Scale = 2) (DbType = Decimal), @p7='?' (Precision = 18) (Scale = 2) (DbType = Decimal), @p8='?' (DbType = Date), @p9='?' (Size = 30), @p10='?' (DbType = Int32), @p12='?' (DbType = Int32), @p13='?' (DbType = Int32), @p14='?' (DbType = Date), @p15='?' (DbType = Int32), @p16='?' (DbType = Date), @p17='?' (Size = 30), @p18='?' (DbType = DateTime2), @p19='?' (DbType = Int32), @p29='?' (DbType = Int32), @p20='?' (DbType = Date), @p21='?' (Precision = 18) (Scale = 2) (DbType = Decimal), @p22='?' (DbType = Int32), @p23='?' (Precision = 18) (Scale = 2) (DbType = Decimal), @p24='?' (DbType = Int32), @p25='?' (Precision = 18) (Scale = 2) (DbType = Decimal), @p26='?' (DbType = Date), @p27='?' (Precision = 18) (Scale = 2) (DbType = Decimal), @p28='?' (Size = 30)], CommandType='"Text"', CommandTimeout='30']
SET NOCOUNT ON;
UPDATE [LoanAccounts] SET [BorrowerId] = @p0, [CreatedAt] = @p1, [EMIAmount] = @p2, [EndDate] = @p3, [InterestRate] = @p4, [LoanOfficerId] = @p5, [OutstandingAmount] = @p6, [PrincipalAmount] = @p7, [StartDate] = @p8, [Status] = @p9, [TenureMonths] = @p10
OUTPUT 1
WHERE [LoanId] = @p11;
INSERT INTO [PaymentBehaviorLogs] ([BorrowerId], [DaysLate], [DueDate], [LoanId], [PaymentDate], [PaymentStatus], [RecordedAt], [ScheduleId])
OUTPUT INSERTED.[BehaviorLogId]
VALUES (@p12, @p13, @p14, @p15, @p16, @p17, @p18, @p19);
UPDATE [RepaymentSchedules] SET [DueDate] = @p20, [EMIAmount] = @p21, [InstallmentNumber] = @p22, [InterestAmount] = @p23, [LoanId] = @p24, [PaidAmount] = @p25, [PaidDate] = @p26, [PrincipalAmount] = @p27, [Status] = @p28
OUTPUT 1
WHERE [ScheduleId] = @p29;
2026-08-27 18:59:05.109 +05:30 [INF] Executing OkObjectResult, writing value of type '<>f__AnonymousType14`2[[System.String, System.Private.CoreLib, Version=10.0.0.0, Culture=neutral, PublicKeyToken=7cec85d7bea7798e],[LoanDeductionPrediction.Models.DTOs.RepaymentScheduleDto, LoanDeductionPrediction.Models, Version=1.0.0.0, Culture=neutral, PublicKeyToken=null]]'.
2026-08-27 18:59:05.334 +05:30 [INF] Executed action LoanDeductionPrediction.API.Controllers.RepaymentScheduleController.RecordPayment (LoanDeductionPrediction.API) in 1298.2549ms
2026-08-27 18:59:05.341 +05:30 [INF] Executed endpoint 'LoanDeductionPrediction.API.Controllers.RepaymentScheduleController.RecordPayment (LoanDeductionPrediction.API)'
2026-08-27 18:59:05.346 +05:30 [INF] HTTP PUT /api/RepaymentSchedule/27/payment responded 200 in 1464.4845 ms
2026-08-27 18:59:05.354 +05:30 [INF] Request finished HTTP/1.1 PUT http://localhost:5082/api/RepaymentSchedule/27/payment - 200 null application/json; charset=utf-8 1676.5611ms
2026-08-27 18:59:11.924 +05:30 [INF] Request starting HTTP/1.1 PUT http://localhost:5082/api/RepaymentSchedule/28/payment - application/json 59
2026-08-27 18:59:12.059 +05:30 [INF] CORS policy execution successful.
2026-08-27 18:59:12.089 +05:30 [INF] Executing endpoint 'LoanDeductionPrediction.API.Controllers.RepaymentScheduleController.RecordPayment (LoanDeductionPrediction.API)'
2026-08-27 18:59:12.142 +05:30 [INF] Route matched with {action = "RecordPayment", controller = "RepaymentSchedule"}. Executing controller action with signature System.Threading.Tasks.Task`1[Microsoft.AspNetCore.Mvc.IActionResult] RecordPayment(Int32, LoanDeductionPrediction.Models.DTOs.RecordPaymentRequest) on controller LoanDeductionPrediction.API.Controllers.RepaymentScheduleController (LoanDeductionPrediction.API).
2026-08-27 18:59:12.241 +05:30 [INF] Executed DbCommand (3ms) [Parameters=[@scheduleId='?' (DbType = Int32)], CommandType='"Text"', CommandTimeout='30']
SELECT TOP(1) [r].[ScheduleId], [r].[DueDate], [r].[EMIAmount], [r].[InstallmentNumber], [r].[InterestAmount], [r].[LoanId], [r].[PaidAmount], [r].[PaidDate], [r].[PrincipalAmount], [r].[Status]
FROM [RepaymentSchedules] AS [r]
WHERE [r].[ScheduleId] = @scheduleId
2026-08-27 18:59:12.303 +05:30 [INF] Executed DbCommand (3ms) [Parameters=[@loanId='?' (DbType = Int32)], CommandType='"Text"', CommandTimeout='30']
SELECT TOP(1) [l].[LoanId], [l].[BorrowerId], [l].[CreatedAt], [l].[EMIAmount], [l].[EndDate], [l].[InterestRate], [l].[LoanOfficerId], [l].[OutstandingAmount], [l].[PrincipalAmount], [l].[StartDate], [l].[Status], [l].[TenureMonths]
FROM [LoanAccounts] AS [l]
WHERE [l].[LoanId] = @loanId
2026-08-27 18:59:12.327 +05:30 [INF] Executed DbCommand (3ms) [Parameters=[@scheduleId='?' (DbType = Int32)], CommandType='"Text"', CommandTimeout='30']
SELECT TOP(1) [r].[ScheduleId], [r].[DueDate], [r].[EMIAmount], [r].[InstallmentNumber], [r].[InterestAmount], [r].[LoanId], [r].[PaidAmount], [r].[PaidDate], [r].[PrincipalAmount], [r].[Status]
FROM [RepaymentSchedules] AS [r]
WHERE [r].[ScheduleId] = @scheduleId
2026-08-27 18:59:12.666 +05:30 [INF] Executed DbCommand (6ms) [Parameters=[@loanId='?' (DbType = Int32)], CommandType='"Text"', CommandTimeout='30']
SELECT TOP(1) [l].[LoanId], [l].[BorrowerId], [l].[CreatedAt], [l].[EMIAmount], [l].[EndDate], [l].[InterestRate], [l].[LoanOfficerId], [l].[OutstandingAmount], [l].[PrincipalAmount], [l].[StartDate], [l].[Status], [l].[TenureMonths]
FROM [LoanAccounts] AS [l]
WHERE [l].[LoanId] = @loanId
2026-08-27 18:59:12.754 +05:30 [INF] Executed DbCommand (8ms) [Parameters=[@scheduleId='?' (DbType = Int32)], CommandType='"Text"', CommandTimeout='30']
SELECT TOP(1) [p].[BehaviorLogId], [p].[BorrowerId], [p].[DaysLate], [p].[DueDate], [p].[LoanId], [p].[PaymentDate], [p].[PaymentStatus], [p].[RecordedAt], [p].[ScheduleId]
FROM [PaymentBehaviorLogs] AS [p]
WHERE [p].[ScheduleId] = @scheduleId
2026-08-27 18:59:12.778 +05:30 [WRN] Savepoints are disabled because Multiple Active Result Sets (MARS) is enabled. If 'SaveChanges' fails, then the transaction cannot be automatically rolled back to a known clean state. Instead, the transaction should be rolled back by the application before retrying 'SaveChanges'. See https://go.microsoft.com/fwlink/?linkid=2149338 for more information and examples. To identify the code which triggers this warning, call 'ConfigureWarnings(w => w.Throw(SqlServerEventId.SavepointsDisabledBecauseOfMARS))'.
2026-08-27 18:59:12.806 +05:30 [INF] Executed DbCommand (18ms) [Parameters=[@p11='?' (DbType = Int32), @p0='?' (DbType = Int32), @p1='?' (DbType = DateTime2), @p2='?' (Precision = 18) (Scale = 2) (DbType = Decimal), @p3='?' (DbType = Date), @p4='?' (Precision = 5) (Scale = 2) (DbType = Decimal), @p5='?' (DbType = Int32), @p6='?' (Precision = 18) (Scale = 2) (DbType = Decimal), @p7='?' (Precision = 18) (Scale = 2) (DbType = Decimal), @p8='?' (DbType = Date), @p9='?' (Size = 30), @p10='?' (DbType = Int32), @p12='?' (DbType = Int32), @p13='?' (DbType = Int32), @p14='?' (DbType = Date), @p15='?' (DbType = Int32), @p16='?' (DbType = Date), @p17='?' (Size = 30), @p18='?' (DbType = DateTime2), @p19='?' (DbType = Int32), @p29='?' (DbType = Int32), @p20='?' (DbType = Date), @p21='?' (Precision = 18) (Scale = 2) (DbType = Decimal), @p22='?' (DbType = Int32), @p23='?' (Precision = 18) (Scale = 2) (DbType = Decimal), @p24='?' (DbType = Int32), @p25='?' (Precision = 18) (Scale = 2) (DbType = Decimal), @p26='?' (DbType = Date), @p27='?' (Precision = 18) (Scale = 2) (DbType = Decimal), @p28='?' (Size = 30)], CommandType='"Text"', CommandTimeout='30']
SET NOCOUNT ON;
UPDATE [LoanAccounts] SET [BorrowerId] = @p0, [CreatedAt] = @p1, [EMIAmount] = @p2, [EndDate] = @p3, [InterestRate] = @p4, [LoanOfficerId] = @p5, [OutstandingAmount] = @p6, [PrincipalAmount] = @p7, [StartDate] = @p8, [Status] = @p9, [TenureMonths] = @p10
OUTPUT 1
WHERE [LoanId] = @p11;
INSERT INTO [PaymentBehaviorLogs] ([BorrowerId], [DaysLate], [DueDate], [LoanId], [PaymentDate], [PaymentStatus], [RecordedAt], [ScheduleId])
OUTPUT INSERTED.[BehaviorLogId]
VALUES (@p12, @p13, @p14, @p15, @p16, @p17, @p18, @p19);
UPDATE [RepaymentSchedules] SET [DueDate] = @p20, [EMIAmount] = @p21, [InstallmentNumber] = @p22, [InterestAmount] = @p23, [LoanId] = @p24, [PaidAmount] = @p25, [PaidDate] = @p26, [PrincipalAmount] = @p27, [Status] = @p28
OUTPUT 1
WHERE [ScheduleId] = @p29;
2026-08-27 18:59:12.825 +05:30 [INF] Executing OkObjectResult, writing value of type '<>f__AnonymousType14`2[[System.String, System.Private.CoreLib, Version=10.0.0.0, Culture=neutral, PublicKeyToken=7cec85d7bea7798e],[LoanDeductionPrediction.Models.DTOs.RepaymentScheduleDto, LoanDeductionPrediction.Models, Version=1.0.0.0, Culture=neutral, PublicKeyToken=null]]'.
2026-08-27 18:59:12.842 +05:30 [INF] Executed action LoanDeductionPrediction.API.Controllers.RepaymentScheduleController.RecordPayment (LoanDeductionPrediction.API) in 605.5716ms
2026-08-27 18:59:12.855 +05:30 [INF] Executed endpoint 'LoanDeductionPrediction.API.Controllers.RepaymentScheduleController.RecordPayment (LoanDeductionPrediction.API)'
2026-08-27 18:59:12.871 +05:30 [INF] HTTP PUT /api/RepaymentSchedule/28/payment responded 200 in 811.8926 ms
2026-08-27 18:59:12.881 +05:30 [INF] Request finished HTTP/1.1 PUT http://localhost:5082/api/RepaymentSchedule/28/payment - 200 null application/json; charset=utf-8 956.8435ms
2026-08-27 18:59:21.071 +05:30 [INF] Request starting HTTP/1.1 PUT http://localhost:5082/api/RepaymentSchedule/29/payment - application/json 59
2026-08-27 18:59:21.305 +05:30 [INF] CORS policy execution successful.
2026-08-27 18:59:21.310 +05:30 [INF] Executing endpoint 'LoanDeductionPrediction.API.Controllers.RepaymentScheduleController.RecordPayment (LoanDeductionPrediction.API)'
2026-08-27 18:59:21.324 +05:30 [INF] Route matched with {action = "RecordPayment", controller = "RepaymentSchedule"}. Executing controller action with signature System.Threading.Tasks.Task`1[Microsoft.AspNetCore.Mvc.IActionResult] RecordPayment(Int32, LoanDeductionPrediction.Models.DTOs.RecordPaymentRequest) on controller LoanDeductionPrediction.API.Controllers.RepaymentScheduleController (LoanDeductionPrediction.API).
2026-08-27 18:59:21.509 +05:30 [INF] Executed DbCommand (5ms) [Parameters=[@scheduleId='?' (DbType = Int32)], CommandType='"Text"', CommandTimeout='30']
SELECT TOP(1) [r].[ScheduleId], [r].[DueDate], [r].[EMIAmount], [r].[InstallmentNumber], [r].[InterestAmount], [r].[LoanId], [r].[PaidAmount], [r].[PaidDate], [r].[PrincipalAmount], [r].[Status]
FROM [RepaymentSchedules] AS [r]
WHERE [r].[ScheduleId] = @scheduleId
2026-08-27 18:59:21.725 +05:30 [INF] Executed DbCommand (3ms) [Parameters=[@loanId='?' (DbType = Int32)], CommandType='"Text"', CommandTimeout='30']
SELECT TOP(1) [l].[LoanId], [l].[BorrowerId], [l].[CreatedAt], [l].[EMIAmount], [l].[EndDate], [l].[InterestRate], [l].[LoanOfficerId], [l].[OutstandingAmount], [l].[PrincipalAmount], [l].[StartDate], [l].[Status], [l].[TenureMonths]
FROM [LoanAccounts] AS [l]
WHERE [l].[LoanId] = @loanId
2026-08-27 18:59:22.189 +05:30 [INF] Executed DbCommand (8ms) [Parameters=[@scheduleId='?' (DbType = Int32)], CommandType='"Text"', CommandTimeout='30']
SELECT TOP(1) [r].[ScheduleId], [r].[DueDate], [r].[EMIAmount], [r].[InstallmentNumber], [r].[InterestAmount], [r].[LoanId], [r].[PaidAmount], [r].[PaidDate], [r].[PrincipalAmount], [r].[Status]
FROM [RepaymentSchedules] AS [r]
WHERE [r].[ScheduleId] = @scheduleId
2026-08-27 18:59:22.201 +05:30 [INF] Executed DbCommand (7ms) [Parameters=[@loanId='?' (DbType = Int32)], CommandType='"Text"', CommandTimeout='30']
SELECT TOP(1) [l].[LoanId], [l].[BorrowerId], [l].[CreatedAt], [l].[EMIAmount], [l].[EndDate], [l].[InterestRate], [l].[LoanOfficerId], [l].[OutstandingAmount], [l].[PrincipalAmount], [l].[StartDate], [l].[Status], [l].[TenureMonths]
FROM [LoanAccounts] AS [l]
WHERE [l].[LoanId] = @loanId
2026-08-27 18:59:22.590 +05:30 [INF] Executed DbCommand (8ms) [Parameters=[@scheduleId='?' (DbType = Int32)], CommandType='"Text"', CommandTimeout='30']
SELECT TOP(1) [p].[BehaviorLogId], [p].[BorrowerId], [p].[DaysLate], [p].[DueDate], [p].[LoanId], [p].[PaymentDate], [p].[PaymentStatus], [p].[RecordedAt], [p].[ScheduleId]
FROM [PaymentBehaviorLogs] AS [p]
WHERE [p].[ScheduleId] = @scheduleId
2026-08-27 18:59:22.841 +05:30 [WRN] Savepoints are disabled because Multiple Active Result Sets (MARS) is enabled. If 'SaveChanges' fails, then the transaction cannot be automatically rolled back to a known clean state. Instead, the transaction should be rolled back by the application before retrying 'SaveChanges'. See https://go.microsoft.com/fwlink/?linkid=2149338 for more information and examples. To identify the code which triggers this warning, call 'ConfigureWarnings(w => w.Throw(SqlServerEventId.SavepointsDisabledBecauseOfMARS))'.
2026-08-27 18:59:22.867 +05:30 [INF] Executed DbCommand (23ms) [Parameters=[@p11='?' (DbType = Int32), @p0='?' (DbType = Int32), @p1='?' (DbType = DateTime2), @p2='?' (Precision = 18) (Scale = 2) (DbType = Decimal), @p3='?' (DbType = Date), @p4='?' (Precision = 5) (Scale = 2) (DbType = Decimal), @p5='?' (DbType = Int32), @p6='?' (Precision = 18) (Scale = 2) (DbType = Decimal), @p7='?' (Precision = 18) (Scale = 2) (DbType = Decimal), @p8='?' (DbType = Date), @p9='?' (Size = 30), @p10='?' (DbType = Int32), @p12='?' (DbType = Int32), @p13='?' (DbType = Int32), @p14='?' (DbType = Date), @p15='?' (DbType = Int32), @p16='?' (DbType = Date), @p17='?' (Size = 30), @p18='?' (DbType = DateTime2), @p19='?' (DbType = Int32), @p29='?' (DbType = Int32), @p20='?' (DbType = Date), @p21='?' (Precision = 18) (Scale = 2) (DbType = Decimal), @p22='?' (DbType = Int32), @p23='?' (Precision = 18) (Scale = 2) (DbType = Decimal), @p24='?' (DbType = Int32), @p25='?' (Precision = 18) (Scale = 2) (DbType = Decimal), @p26='?' (DbType = Date), @p27='?' (Precision = 18) (Scale = 2) (DbType = Decimal), @p28='?' (Size = 30)], CommandType='"Text"', CommandTimeout='30']
SET NOCOUNT ON;
UPDATE [LoanAccounts] SET [BorrowerId] = @p0, [CreatedAt] = @p1, [EMIAmount] = @p2, [EndDate] = @p3, [InterestRate] = @p4, [LoanOfficerId] = @p5, [OutstandingAmount] = @p6, [PrincipalAmount] = @p7, [StartDate] = @p8, [Status] = @p9, [TenureMonths] = @p10
OUTPUT 1
WHERE [LoanId] = @p11;
INSERT INTO [PaymentBehaviorLogs] ([BorrowerId], [DaysLate], [DueDate], [LoanId], [PaymentDate], [PaymentStatus], [RecordedAt], [ScheduleId])
OUTPUT INSERTED.[BehaviorLogId]
VALUES (@p12, @p13, @p14, @p15, @p16, @p17, @p18, @p19);
UPDATE [RepaymentSchedules] SET [DueDate] = @p20, [EMIAmount] = @p21, [InstallmentNumber] = @p22, [InterestAmount] = @p23, [LoanId] = @p24, [PaidAmount] = @p25, [PaidDate] = @p26, [PrincipalAmount] = @p27, [Status] = @p28
OUTPUT 1
WHERE [ScheduleId] = @p29;
2026-08-27 18:59:22.886 +05:30 [INF] Executing OkObjectResult, writing value of type '<>f__AnonymousType14`2[[System.String, System.Private.CoreLib, Version=10.0.0.0, Culture=neutral, PublicKeyToken=7cec85d7bea7798e],[LoanDeductionPrediction.Models.DTOs.RepaymentScheduleDto, LoanDeductionPrediction.Models, Version=1.0.0.0, Culture=neutral, PublicKeyToken=null]]'.
2026-08-27 18:59:23.029 +05:30 [INF] Executed action LoanDeductionPrediction.API.Controllers.RepaymentScheduleController.RecordPayment (LoanDeductionPrediction.API) in 1531.0251ms
2026-08-27 18:59:23.035 +05:30 [INF] Executed endpoint 'LoanDeductionPrediction.API.Controllers.RepaymentScheduleController.RecordPayment (LoanDeductionPrediction.API)'
2026-08-27 18:59:23.037 +05:30 [INF] HTTP PUT /api/RepaymentSchedule/29/payment responded 200 in 1732.8534 ms
2026-08-27 18:59:23.427 +05:30 [INF] Request finished HTTP/1.1 PUT http://localhost:5082/api/RepaymentSchedule/29/payment - 200 null application/json; charset=utf-8 2355.9214ms
2026-08-27 19:00:15.809 +05:30 [INF] Request starting HTTP/1.1 PUT http://localhost:5082/api/RepaymentSchedule/30/payment - application/json 59
2026-08-27 19:00:15.854 +05:30 [INF] CORS policy execution successful.
2026-08-27 19:00:15.860 +05:30 [INF] Executing endpoint 'LoanDeductionPrediction.API.Controllers.RepaymentScheduleController.RecordPayment (LoanDeductionPrediction.API)'
2026-08-27 19:00:16.083 +05:30 [INF] Route matched with {action = "RecordPayment", controller = "RepaymentSchedule"}. Executing controller action with signature System.Threading.Tasks.Task`1[Microsoft.AspNetCore.Mvc.IActionResult] RecordPayment(Int32, LoanDeductionPrediction.Models.DTOs.RecordPaymentRequest) on controller LoanDeductionPrediction.API.Controllers.RepaymentScheduleController (LoanDeductionPrediction.API).
2026-08-27 19:00:16.109 +05:30 [INF] Executed DbCommand (6ms) [Parameters=[@scheduleId='?' (DbType = Int32)], CommandType='"Text"', CommandTimeout='30']
SELECT TOP(1) [r].[ScheduleId], [r].[DueDate], [r].[EMIAmount], [r].[InstallmentNumber], [r].[InterestAmount], [r].[LoanId], [r].[PaidAmount], [r].[PaidDate], [r].[PrincipalAmount], [r].[Status]
FROM [RepaymentSchedules] AS [r]
WHERE [r].[ScheduleId] = @scheduleId
2026-08-27 19:00:16.142 +05:30 [INF] Executed DbCommand (4ms) [Parameters=[@loanId='?' (DbType = Int32)], CommandType='"Text"', CommandTimeout='30']
SELECT TOP(1) [l].[LoanId], [l].[BorrowerId], [l].[CreatedAt], [l].[EMIAmount], [l].[EndDate], [l].[InterestRate], [l].[LoanOfficerId], [l].[OutstandingAmount], [l].[PrincipalAmount], [l].[StartDate], [l].[Status], [l].[TenureMonths]
FROM [LoanAccounts] AS [l]
WHERE [l].[LoanId] = @loanId
2026-08-27 19:00:16.157 +05:30 [INF] Executed DbCommand (1ms) [Parameters=[@scheduleId='?' (DbType = Int32)], CommandType='"Text"', CommandTimeout='30']
SELECT TOP(1) [r].[ScheduleId], [r].[DueDate], [r].[EMIAmount], [r].[InstallmentNumber], [r].[InterestAmount], [r].[LoanId], [r].[PaidAmount], [r].[PaidDate], [r].[PrincipalAmount], [r].[Status]
FROM [RepaymentSchedules] AS [r]
WHERE [r].[ScheduleId] = @scheduleId
2026-08-27 19:00:16.177 +05:30 [INF] Executed DbCommand (1ms) [Parameters=[@loanId='?' (DbType = Int32)], CommandType='"Text"', CommandTimeout='30']
SELECT TOP(1) [l].[LoanId], [l].[BorrowerId], [l].[CreatedAt], [l].[EMIAmount], [l].[EndDate], [l].[InterestRate], [l].[LoanOfficerId], [l].[OutstandingAmount], [l].[PrincipalAmount], [l].[StartDate], [l].[Status], [l].[TenureMonths]
FROM [LoanAccounts] AS [l]
WHERE [l].[LoanId] = @loanId
2026-08-27 19:00:16.538 +05:30 [INF] Executed DbCommand (10ms) [Parameters=[@scheduleId='?' (DbType = Int32)], CommandType='"Text"', CommandTimeout='30']
SELECT TOP(1) [p].[BehaviorLogId], [p].[BorrowerId], [p].[DaysLate], [p].[DueDate], [p].[LoanId], [p].[PaymentDate], [p].[PaymentStatus], [p].[RecordedAt], [p].[ScheduleId]
FROM [PaymentBehaviorLogs] AS [p]
WHERE [p].[ScheduleId] = @scheduleId
2026-08-27 19:00:16.746 +05:30 [WRN] Savepoints are disabled because Multiple Active Result Sets (MARS) is enabled. If 'SaveChanges' fails, then the transaction cannot be automatically rolled back to a known clean state. Instead, the transaction should be rolled back by the application before retrying 'SaveChanges'. See https://go.microsoft.com/fwlink/?linkid=2149338 for more information and examples. To identify the code which triggers this warning, call 'ConfigureWarnings(w => w.Throw(SqlServerEventId.SavepointsDisabledBecauseOfMARS))'.
2026-08-27 19:00:17.026 +05:30 [INF] Executed DbCommand (21ms) [Parameters=[@p11='?' (DbType = Int32), @p0='?' (DbType = Int32), @p1='?' (DbType = DateTime2), @p2='?' (Precision = 18) (Scale = 2) (DbType = Decimal), @p3='?' (DbType = Date), @p4='?' (Precision = 5) (Scale = 2) (DbType = Decimal), @p5='?' (DbType = Int32), @p6='?' (Precision = 18) (Scale = 2) (DbType = Decimal), @p7='?' (Precision = 18) (Scale = 2) (DbType = Decimal), @p8='?' (DbType = Date), @p9='?' (Size = 30), @p10='?' (DbType = Int32), @p12='?' (DbType = Int32), @p13='?' (DbType = Int32), @p14='?' (DbType = Date), @p15='?' (DbType = Int32), @p16='?' (DbType = Date), @p17='?' (Size = 30), @p18='?' (DbType = DateTime2), @p19='?' (DbType = Int32), @p29='?' (DbType = Int32), @p20='?' (DbType = Date), @p21='?' (Precision = 18) (Scale = 2) (DbType = Decimal), @p22='?' (DbType = Int32), @p23='?' (Precision = 18) (Scale = 2) (DbType = Decimal), @p24='?' (DbType = Int32), @p25='?' (Precision = 18) (Scale = 2) (DbType = Decimal), @p26='?' (DbType = Date), @p27='?' (Precision = 18) (Scale = 2) (DbType = Decimal), @p28='?' (Size = 30)], CommandType='"Text"', CommandTimeout='30']
SET NOCOUNT ON;
UPDATE [LoanAccounts] SET [BorrowerId] = @p0, [CreatedAt] = @p1, [EMIAmount] = @p2, [EndDate] = @p3, [InterestRate] = @p4, [LoanOfficerId] = @p5, [OutstandingAmount] = @p6, [PrincipalAmount] = @p7, [StartDate] = @p8, [Status] = @p9, [TenureMonths] = @p10
OUTPUT 1
WHERE [LoanId] = @p11;
INSERT INTO [PaymentBehaviorLogs] ([BorrowerId], [DaysLate], [DueDate], [LoanId], [PaymentDate], [PaymentStatus], [RecordedAt], [ScheduleId])
OUTPUT INSERTED.[BehaviorLogId]
VALUES (@p12, @p13, @p14, @p15, @p16, @p17, @p18, @p19);
UPDATE [RepaymentSchedules] SET [DueDate] = @p20, [EMIAmount] = @p21, [InstallmentNumber] = @p22, [InterestAmount] = @p23, [LoanId] = @p24, [PaidAmount] = @p25, [PaidDate] = @p26, [PrincipalAmount] = @p27, [Status] = @p28
OUTPUT 1
WHERE [ScheduleId] = @p29;
2026-08-27 19:00:17.058 +05:30 [INF] Executing OkObjectResult, writing value of type '<>f__AnonymousType14`2[[System.String, System.Private.CoreLib, Version=10.0.0.0, Culture=neutral, PublicKeyToken=7cec85d7bea7798e],[LoanDeductionPrediction.Models.DTOs.RepaymentScheduleDto, LoanDeductionPrediction.Models, Version=1.0.0.0, Culture=neutral, PublicKeyToken=null]]'.
2026-08-27 19:00:17.523 +05:30 [INF] Executed action LoanDeductionPrediction.API.Controllers.RepaymentScheduleController.RecordPayment (LoanDeductionPrediction.API) in 1431.9158ms
2026-08-27 19:00:17.537 +05:30 [INF] Executed endpoint 'LoanDeductionPrediction.API.Controllers.RepaymentScheduleController.RecordPayment (LoanDeductionPrediction.API)'
2026-08-27 19:00:17.564 +05:30 [INF] HTTP PUT /api/RepaymentSchedule/30/payment responded 200 in 1709.9826 ms
2026-08-27 19:00:17.590 +05:30 [INF] Request finished HTTP/1.1 PUT http://localhost:5082/api/RepaymentSchedule/30/payment - 200 null application/json; charset=utf-8 1780.9725ms
2026-08-27 19:00:43.140 +05:30 [INF] Request starting HTTP/1.1 PUT http://localhost:5082/api/RepaymentSchedule/31/payment - application/json 59
2026-08-27 19:00:43.255 +05:30 [INF] CORS policy execution successful.
2026-08-27 19:00:43.258 +05:30 [INF] Executing endpoint 'LoanDeductionPrediction.API.Controllers.RepaymentScheduleController.RecordPayment (LoanDeductionPrediction.API)'
2026-08-27 19:00:43.260 +05:30 [INF] Route matched with {action = "RecordPayment", controller = "RepaymentSchedule"}. Executing controller action with signature System.Threading.Tasks.Task`1[Microsoft.AspNetCore.Mvc.IActionResult] RecordPayment(Int32, LoanDeductionPrediction.Models.DTOs.RecordPaymentRequest) on controller LoanDeductionPrediction.API.Controllers.RepaymentScheduleController (LoanDeductionPrediction.API).
2026-08-27 19:00:43.282 +05:30 [INF] Executed DbCommand (9ms) [Parameters=[@scheduleId='?' (DbType = Int32)], CommandType='"Text"', CommandTimeout='30']
SELECT TOP(1) [r].[ScheduleId], [r].[DueDate], [r].[EMIAmount], [r].[InstallmentNumber], [r].[InterestAmount], [r].[LoanId], [r].[PaidAmount], [r].[PaidDate], [r].[PrincipalAmount], [r].[Status]
FROM [RepaymentSchedules] AS [r]
WHERE [r].[ScheduleId] = @scheduleId
2026-08-27 19:00:43.290 +05:30 [INF] Executed DbCommand (3ms) [Parameters=[@loanId='?' (DbType = Int32)], CommandType='"Text"', CommandTimeout='30']
SELECT TOP(1) [l].[LoanId], [l].[BorrowerId], [l].[CreatedAt], [l].[EMIAmount], [l].[EndDate], [l].[InterestRate], [l].[LoanOfficerId], [l].[OutstandingAmount], [l].[PrincipalAmount], [l].[StartDate], [l].[Status], [l].[TenureMonths]
FROM [LoanAccounts] AS [l]
WHERE [l].[LoanId] = @loanId
2026-08-27 19:00:43.628 +05:30 [INF] Executed DbCommand (4ms) [Parameters=[@scheduleId='?' (DbType = Int32)], CommandType='"Text"', CommandTimeout='30']
SELECT TOP(1) [r].[ScheduleId], [r].[DueDate], [r].[EMIAmount], [r].[InstallmentNumber], [r].[InterestAmount], [r].[LoanId], [r].[PaidAmount], [r].[PaidDate], [r].[PrincipalAmount], [r].[Status]
FROM [RepaymentSchedules] AS [r]
WHERE [r].[ScheduleId] = @scheduleId
2026-08-27 19:00:43.641 +05:30 [INF] Executed DbCommand (2ms) [Parameters=[@loanId='?' (DbType = Int32)], CommandType='"Text"', CommandTimeout='30']
SELECT TOP(1) [l].[LoanId], [l].[BorrowerId], [l].[CreatedAt], [l].[EMIAmount], [l].[EndDate], [l].[InterestRate], [l].[LoanOfficerId], [l].[OutstandingAmount], [l].[PrincipalAmount], [l].[StartDate], [l].[Status], [l].[TenureMonths]
FROM [LoanAccounts] AS [l]
WHERE [l].[LoanId] = @loanId
2026-08-27 19:00:43.668 +05:30 [INF] Executed DbCommand (6ms) [Parameters=[@scheduleId='?' (DbType = Int32)], CommandType='"Text"', CommandTimeout='30']
SELECT TOP(1) [p].[BehaviorLogId], [p].[BorrowerId], [p].[DaysLate], [p].[DueDate], [p].[LoanId], [p].[PaymentDate], [p].[PaymentStatus], [p].[RecordedAt], [p].[ScheduleId]
FROM [PaymentBehaviorLogs] AS [p]
WHERE [p].[ScheduleId] = @scheduleId
2026-08-27 19:00:43.884 +05:30 [WRN] Savepoints are disabled because Multiple Active Result Sets (MARS) is enabled. If 'SaveChanges' fails, then the transaction cannot be automatically rolled back to a known clean state. Instead, the transaction should be rolled back by the application before retrying 'SaveChanges'. See https://go.microsoft.com/fwlink/?linkid=2149338 for more information and examples. To identify the code which triggers this warning, call 'ConfigureWarnings(w => w.Throw(SqlServerEventId.SavepointsDisabledBecauseOfMARS))'.
2026-08-27 19:00:43.915 +05:30 [INF] Executed DbCommand (27ms) [Parameters=[@p11='?' (DbType = Int32), @p0='?' (DbType = Int32), @p1='?' (DbType = DateTime2), @p2='?' (Precision = 18) (Scale = 2) (DbType = Decimal), @p3='?' (DbType = Date), @p4='?' (Precision = 5) (Scale = 2) (DbType = Decimal), @p5='?' (DbType = Int32), @p6='?' (Precision = 18) (Scale = 2) (DbType = Decimal), @p7='?' (Precision = 18) (Scale = 2) (DbType = Decimal), @p8='?' (DbType = Date), @p9='?' (Size = 30), @p10='?' (DbType = Int32), @p12='?' (DbType = Int32), @p13='?' (DbType = Int32), @p14='?' (DbType = Date), @p15='?' (DbType = Int32), @p16='?' (DbType = Date), @p17='?' (Size = 30), @p18='?' (DbType = DateTime2), @p19='?' (DbType = Int32), @p29='?' (DbType = Int32), @p20='?' (DbType = Date), @p21='?' (Precision = 18) (Scale = 2) (DbType = Decimal), @p22='?' (DbType = Int32), @p23='?' (Precision = 18) (Scale = 2) (DbType = Decimal), @p24='?' (DbType = Int32), @p25='?' (Precision = 18) (Scale = 2) (DbType = Decimal), @p26='?' (DbType = Date), @p27='?' (Precision = 18) (Scale = 2) (DbType = Decimal), @p28='?' (Size = 30)], CommandType='"Text"', CommandTimeout='30']
SET NOCOUNT ON;
UPDATE [LoanAccounts] SET [BorrowerId] = @p0, [CreatedAt] = @p1, [EMIAmount] = @p2, [EndDate] = @p3, [InterestRate] = @p4, [LoanOfficerId] = @p5, [OutstandingAmount] = @p6, [PrincipalAmount] = @p7, [StartDate] = @p8, [Status] = @p9, [TenureMonths] = @p10
OUTPUT 1
WHERE [LoanId] = @p11;
INSERT INTO [PaymentBehaviorLogs] ([BorrowerId], [DaysLate], [DueDate], [LoanId], [PaymentDate], [PaymentStatus], [RecordedAt], [ScheduleId])
OUTPUT INSERTED.[BehaviorLogId]
VALUES (@p12, @p13, @p14, @p15, @p16, @p17, @p18, @p19);
UPDATE [RepaymentSchedules] SET [DueDate] = @p20, [EMIAmount] = @p21, [InstallmentNumber] = @p22, [InterestAmount] = @p23, [LoanId] = @p24, [PaidAmount] = @p25, [PaidDate] = @p26, [PrincipalAmount] = @p27, [Status] = @p28
OUTPUT 1
WHERE [ScheduleId] = @p29;
2026-08-27 19:00:43.921 +05:30 [INF] Executing OkObjectResult, writing value of type '<>f__AnonymousType14`2[[System.String, System.Private.CoreLib, Version=10.0.0.0, Culture=neutral, PublicKeyToken=7cec85d7bea7798e],[LoanDeductionPrediction.Models.DTOs.RepaymentScheduleDto, LoanDeductionPrediction.Models, Version=1.0.0.0, Culture=neutral, PublicKeyToken=null]]'.
2026-08-27 19:00:43.924 +05:30 [INF] Executed action LoanDeductionPrediction.API.Controllers.RepaymentScheduleController.RecordPayment (LoanDeductionPrediction.API) in 657.9888ms
2026-08-27 19:00:43.932 +05:30 [INF] Executed endpoint 'LoanDeductionPrediction.API.Controllers.RepaymentScheduleController.RecordPayment (LoanDeductionPrediction.API)'
2026-08-27 19:00:43.938 +05:30 [INF] HTTP PUT /api/RepaymentSchedule/31/payment responded 200 in 683.0375 ms
2026-08-27 19:00:43.955 +05:30 [INF] Request finished HTTP/1.1 PUT http://localhost:5082/api/RepaymentSchedule/31/payment - 200 null application/json; charset=utf-8 815.4945ms
2026-08-27 19:00:51.969 +05:30 [INF] Request starting HTTP/1.1 PUT http://localhost:5082/api/RepaymentSchedule/32/payment - application/json 59
2026-08-27 19:00:52.035 +05:30 [INF] CORS policy execution successful.
2026-08-27 19:00:52.039 +05:30 [INF] Executing endpoint 'LoanDeductionPrediction.API.Controllers.RepaymentScheduleController.RecordPayment (LoanDeductionPrediction.API)'
2026-08-27 19:00:52.055 +05:30 [INF] Route matched with {action = "RecordPayment", controller = "RepaymentSchedule"}. Executing controller action with signature System.Threading.Tasks.Task`1[Microsoft.AspNetCore.Mvc.IActionResult] RecordPayment(Int32, LoanDeductionPrediction.Models.DTOs.RecordPaymentRequest) on controller LoanDeductionPrediction.API.Controllers.RepaymentScheduleController (LoanDeductionPrediction.API).
2026-08-27 19:00:52.515 +05:30 [INF] Executed DbCommand (133ms) [Parameters=[@scheduleId='?' (DbType = Int32)], CommandType='"Text"', CommandTimeout='30']
SELECT TOP(1) [r].[ScheduleId], [r].[DueDate], [r].[EMIAmount], [r].[InstallmentNumber], [r].[InterestAmount], [r].[LoanId], [r].[PaidAmount], [r].[PaidDate], [r].[PrincipalAmount], [r].[Status]
FROM [RepaymentSchedules] AS [r]
WHERE [r].[ScheduleId] = @scheduleId
2026-08-27 19:00:53.114 +05:30 [INF] Executed DbCommand (90ms) [Parameters=[@loanId='?' (DbType = Int32)], CommandType='"Text"', CommandTimeout='30']
SELECT TOP(1) [l].[LoanId], [l].[BorrowerId], [l].[CreatedAt], [l].[EMIAmount], [l].[EndDate], [l].[InterestRate], [l].[LoanOfficerId], [l].[OutstandingAmount], [l].[PrincipalAmount], [l].[StartDate], [l].[Status], [l].[TenureMonths]
FROM [LoanAccounts] AS [l]
WHERE [l].[LoanId] = @loanId
2026-08-27 19:00:53.230 +05:30 [INF] Executed DbCommand (4ms) [Parameters=[@scheduleId='?' (DbType = Int32)], CommandType='"Text"', CommandTimeout='30']
SELECT TOP(1) [r].[ScheduleId], [r].[DueDate], [r].[EMIAmount], [r].[InstallmentNumber], [r].[InterestAmount], [r].[LoanId], [r].[PaidAmount], [r].[PaidDate], [r].[PrincipalAmount], [r].[Status]
FROM [RepaymentSchedules] AS [r]
WHERE [r].[ScheduleId] = @scheduleId
2026-08-27 19:00:53.246 +05:30 [INF] Executed DbCommand (4ms) [Parameters=[@loanId='?' (DbType = Int32)], CommandType='"Text"', CommandTimeout='30']
SELECT TOP(1) [l].[LoanId], [l].[BorrowerId], [l].[CreatedAt], [l].[EMIAmount], [l].[EndDate], [l].[InterestRate], [l].[LoanOfficerId], [l].[OutstandingAmount], [l].[PrincipalAmount], [l].[StartDate], [l].[Status], [l].[TenureMonths]
FROM [LoanAccounts] AS [l]
WHERE [l].[LoanId] = @loanId
2026-08-27 19:00:53.283 +05:30 [INF] Executed DbCommand (30ms) [Parameters=[@scheduleId='?' (DbType = Int32)], CommandType='"Text"', CommandTimeout='30']
SELECT TOP(1) [p].[BehaviorLogId], [p].[BorrowerId], [p].[DaysLate], [p].[DueDate], [p].[LoanId], [p].[PaymentDate], [p].[PaymentStatus], [p].[RecordedAt], [p].[ScheduleId]
FROM [PaymentBehaviorLogs] AS [p]
WHERE [p].[ScheduleId] = @scheduleId
2026-08-27 19:00:53.294 +05:30 [WRN] Savepoints are disabled because Multiple Active Result Sets (MARS) is enabled. If 'SaveChanges' fails, then the transaction cannot be automatically rolled back to a known clean state. Instead, the transaction should be rolled back by the application before retrying 'SaveChanges'. See https://go.microsoft.com/fwlink/?linkid=2149338 for more information and examples. To identify the code which triggers this warning, call 'ConfigureWarnings(w => w.Throw(SqlServerEventId.SavepointsDisabledBecauseOfMARS))'.
2026-08-27 19:00:53.331 +05:30 [INF] Executed DbCommand (27ms) [Parameters=[@p11='?' (DbType = Int32), @p0='?' (DbType = Int32), @p1='?' (DbType = DateTime2), @p2='?' (Precision = 18) (Scale = 2) (DbType = Decimal), @p3='?' (DbType = Date), @p4='?' (Precision = 5) (Scale = 2) (DbType = Decimal), @p5='?' (DbType = Int32), @p6='?' (Precision = 18) (Scale = 2) (DbType = Decimal), @p7='?' (Precision = 18) (Scale = 2) (DbType = Decimal), @p8='?' (DbType = Date), @p9='?' (Size = 30), @p10='?' (DbType = Int32), @p12='?' (DbType = Int32), @p13='?' (DbType = Int32), @p14='?' (DbType = Date), @p15='?' (DbType = Int32), @p16='?' (DbType = Date), @p17='?' (Size = 30), @p18='?' (DbType = DateTime2), @p19='?' (DbType = Int32), @p29='?' (DbType = Int32), @p20='?' (DbType = Date), @p21='?' (Precision = 18) (Scale = 2) (DbType = Decimal), @p22='?' (DbType = Int32), @p23='?' (Precision = 18) (Scale = 2) (DbType = Decimal), @p24='?' (DbType = Int32), @p25='?' (Precision = 18) (Scale = 2) (DbType = Decimal), @p26='?' (DbType = Date), @p27='?' (Precision = 18) (Scale = 2) (DbType = Decimal), @p28='?' (Size = 30)], CommandType='"Text"', CommandTimeout='30']
SET NOCOUNT ON;
UPDATE [LoanAccounts] SET [BorrowerId] = @p0, [CreatedAt] = @p1, [EMIAmount] = @p2, [EndDate] = @p3, [InterestRate] = @p4, [LoanOfficerId] = @p5, [OutstandingAmount] = @p6, [PrincipalAmount] = @p7, [StartDate] = @p8, [Status] = @p9, [TenureMonths] = @p10
OUTPUT 1
WHERE [LoanId] = @p11;
INSERT INTO [PaymentBehaviorLogs] ([BorrowerId], [DaysLate], [DueDate], [LoanId], [PaymentDate], [PaymentStatus], [RecordedAt], [ScheduleId])
OUTPUT INSERTED.[BehaviorLogId]
VALUES (@p12, @p13, @p14, @p15, @p16, @p17, @p18, @p19);
UPDATE [RepaymentSchedules] SET [DueDate] = @p20, [EMIAmount] = @p21, [InstallmentNumber] = @p22, [InterestAmount] = @p23, [LoanId] = @p24, [PaidAmount] = @p25, [PaidDate] = @p26, [PrincipalAmount] = @p27, [Status] = @p28
OUTPUT 1
WHERE [ScheduleId] = @p29;
2026-08-27 19:00:53.343 +05:30 [INF] Executing OkObjectResult, writing value of type '<>f__AnonymousType14`2[[System.String, System.Private.CoreLib, Version=10.0.0.0, Culture=neutral, PublicKeyToken=7cec85d7bea7798e],[LoanDeductionPrediction.Models.DTOs.RepaymentScheduleDto, LoanDeductionPrediction.Models, Version=1.0.0.0, Culture=neutral, PublicKeyToken=null]]'.
2026-08-27 19:00:53.493 +05:30 [INF] Executed action LoanDeductionPrediction.API.Controllers.RepaymentScheduleController.RecordPayment (LoanDeductionPrediction.API) in 1112.9114ms
2026-08-27 19:00:53.509 +05:30 [INF] Executed endpoint 'LoanDeductionPrediction.API.Controllers.RepaymentScheduleController.RecordPayment (LoanDeductionPrediction.API)'
2026-08-27 19:00:53.539 +05:30 [INF] HTTP PUT /api/RepaymentSchedule/32/payment responded 200 in 1504.5603 ms
2026-08-27 19:00:53.754 +05:30 [INF] Request finished HTTP/1.1 PUT http://localhost:5082/api/RepaymentSchedule/32/payment - 200 null application/json; charset=utf-8 1785.7051ms
2026-08-27 19:02:54.137 +05:30 [INF] Application is shutting down...
2026-08-27 19:03:12.118 +05:30 [WRN] No store type was specified for the decimal property 'InterestRate' on entity type 'LoanRequest'. This will cause values to be silently truncated if they do not fit in the default precision and scale. Explicitly specify the SQL server column type that can accommodate all the values in 'OnModelCreating' using 'HasColumnType', specify precision and scale using 'HasPrecision', or configure a value converter using 'HasConversion'.
2026-08-27 19:03:12.193 +05:30 [WRN] No store type was specified for the decimal property 'RequestedAmount' on entity type 'LoanRequest'. This will cause values to be silently truncated if they do not fit in the default precision and scale. Explicitly specify the SQL server column type that can accommodate all the values in 'OnModelCreating' using 'HasColumnType', specify precision and scale using 'HasPrecision', or configure a value converter using 'HasConversion'.
2026-08-27 19:03:12.629 +05:30 [INF] Executed DbCommand (23ms) [Parameters=[], CommandType='"Text"', CommandTimeout='30']
SELECT 1
2026-08-27 19:03:12.647 +05:30 [INF] Acquiring an exclusive lock for migration application. See https://aka.ms/efcore-docs-migrations-lock for more information if this takes too long.
2026-08-27 19:03:12.701 +05:30 [INF] Executed DbCommand (44ms) [Parameters=[], CommandType='"Text"', CommandTimeout='30']
DECLARE @result int;
EXEC @result = sp_getapplock @Resource = '__EFMigrationsLock', @LockOwner = 'Session', @LockMode = 'Exclusive';
SELECT @result
2026-08-27 19:03:12.787 +05:30 [INF] Executed DbCommand (7ms) [Parameters=[], CommandType='"Text"', CommandTimeout='30']
IF OBJECT_ID(N'[__EFMigrationsHistory]') IS NULL
BEGIN
    CREATE TABLE [__EFMigrationsHistory] (
        [MigrationId] nvarchar(150) NOT NULL,
        [ProductVersion] nvarchar(32) NOT NULL,
        CONSTRAINT [PK___EFMigrationsHistory] PRIMARY KEY ([MigrationId])
    );
END;
2026-08-27 19:03:12.800 +05:30 [INF] Executed DbCommand (1ms) [Parameters=[], CommandType='"Text"', CommandTimeout='30']
SELECT 1
2026-08-27 19:03:12.804 +05:30 [INF] Executed DbCommand (1ms) [Parameters=[], CommandType='"Text"', CommandTimeout='30']
SELECT OBJECT_ID(N'[__EFMigrationsHistory]');
2026-08-27 19:03:12.822 +05:30 [INF] Executed DbCommand (14ms) [Parameters=[], CommandType='"Text"', CommandTimeout='30']
SELECT [MigrationId], [ProductVersion]
FROM [__EFMigrationsHistory]
ORDER BY [MigrationId];
2026-08-27 19:03:12.833 +05:30 [INF] No migrations were applied. The database is already up to date.
2026-08-27 19:03:12.844 +05:30 [INF] Executed DbCommand (9ms) [Parameters=[], CommandType='"Text"', CommandTimeout='30']
DECLARE @result int;
EXEC @result = sp_releaseapplock @Resource = '__EFMigrationsLock', @LockOwner = 'Session';
SELECT @result
2026-08-27 19:03:13.154 +05:30 [INF] Executed DbCommand (18ms) [Parameters=[], CommandType='"Text"', CommandTimeout='30']
SELECT CASE
    WHEN EXISTS (
        SELECT 1
        FROM [Users] AS [u]
        WHERE [u].[Role] = N'Admin') THEN CAST(1 AS bit)
    ELSE CAST(0 AS bit)
END
2026-08-27 19:03:13.280 +05:30 [INF] User profile is available. Using 'C:\Users\thang\AppData\Local\ASP.NET\DataProtection-Keys' as key repository and Windows DPAPI to encrypt keys at rest.
2026-08-27 19:03:13.289 +05:30 [INF] Payment Behavior Background Service started.
2026-08-27 19:03:13.390 +05:30 [INF] Now listening on: http://localhost:5082
2026-08-27 19:03:13.397 +05:30 [INF] Application started. Press Ctrl+C to shut down.
2026-08-27 19:03:13.404 +05:30 [INF] Hosting environment: Development
2026-08-27 19:03:13.416 +05:30 [INF] Content root path: C:\Users\thang\OneDrive\Documents\React Projects\LoanDeductionPrediction\LoanDeductionPrediction.API
2026-08-27 19:03:13.533 +05:30 [INF] Executed DbCommand (53ms) [Parameters=[@today='?' (DbType = Date)], CommandType='"Text"', CommandTimeout='30']
SELECT [r].[ScheduleId], [r].[DueDate], [r].[EMIAmount], [r].[InstallmentNumber], [r].[InterestAmount], [r].[LoanId], [r].[PaidAmount], [r].[PaidDate], [r].[PrincipalAmount], [r].[Status]
FROM [RepaymentSchedules] AS [r]
WHERE [r].[DueDate] < @today AND [r].[PaidAmount] < [r].[EMIAmount] AND [r].[Status] <> N'PAID'
ORDER BY [r].[DueDate]
2026-08-27 19:03:27.923 +05:30 [INF] Request starting HTTP/1.1 GET http://localhost:5082/swagger/index.html - null null
2026-08-27 19:03:28.218 +05:30 [INF] HTTP GET /swagger/index.html responded 304 in 172.6868 ms
2026-08-27 19:03:28.234 +05:30 [INF] Request finished HTTP/1.1 GET http://localhost:5082/swagger/index.html - 304 null null 314.7247ms
2026-08-27 19:03:28.354 +05:30 [INF] Request starting HTTP/1.1 GET http://localhost:5082/swagger/index.css - null null
2026-08-27 19:03:28.358 +05:30 [INF] Request starting HTTP/1.1 GET http://localhost:5082/swagger/swagger-ui-bundle.js - null null
2026-08-27 19:03:28.360 +05:30 [INF] Request starting HTTP/1.1 GET http://localhost:5082/swagger/swagger-ui-standalone-preset.js - null null
2026-08-27 19:03:28.369 +05:30 [INF] Request starting HTTP/1.1 GET http://localhost:5082/swagger/index.js - null null
2026-08-27 19:03:28.475 +05:30 [INF] Request starting HTTP/1.1 GET http://localhost:5082/swagger/swagger-ui.css - null null
2026-08-27 19:03:28.560 +05:30 [INF] HTTP GET /swagger/index.css responded 304 in 72.8537 ms
2026-08-27 19:03:28.564 +05:30 [INF] HTTP GET /swagger/swagger-ui-standalone-preset.js responded 304 in 6.2495 ms
2026-08-27 19:03:28.579 +05:30 [INF] HTTP GET /swagger/swagger-ui-bundle.js responded 304 in 55.5455 ms
2026-08-27 19:03:28.589 +05:30 [INF] HTTP GET /swagger/index.js responded 304 in 5.7349 ms
2026-08-27 19:03:28.625 +05:30 [INF] Request finished HTTP/1.1 GET http://localhost:5082/swagger/index.css - 304 null null 268.5083ms
2026-08-27 19:03:28.643 +05:30 [INF] HTTP GET /swagger/swagger-ui.css responded 304 in 43.6816 ms
2026-08-27 19:03:28.647 +05:30 [INF] Request finished HTTP/1.1 GET http://localhost:5082/swagger/swagger-ui-standalone-preset.js - 304 null null 287.1443ms
2026-08-27 19:03:28.661 +05:30 [INF] Request finished HTTP/1.1 GET http://localhost:5082/swagger/swagger-ui-bundle.js - 304 null null 307.5161ms
2026-08-27 19:03:28.669 +05:30 [INF] Request finished HTTP/1.1 GET http://localhost:5082/swagger/index.js - 304 null null 299.1381ms
2026-08-27 19:03:28.728 +05:30 [INF] Request finished HTTP/1.1 GET http://localhost:5082/swagger/swagger-ui.css - 304 null null 253.053ms
2026-08-27 19:03:28.955 +05:30 [INF] Request starting HTTP/1.1 GET http://localhost:5082/swagger/v1/swagger.json - null null
2026-08-27 19:03:29.417 +05:30 [INF] HTTP GET /swagger/v1/swagger.json responded 200 in 393.5992 ms
2026-08-27 19:03:29.489 +05:30 [INF] Request finished HTTP/1.1 GET http://localhost:5082/swagger/v1/swagger.json - 200 null application/json;charset=utf-8 533.3731ms
2026-08-27 19:05:01.135 +05:30 [INF] Request starting HTTP/1.1 POST http://localhost:5082/api/Auth/login - application/json 62
2026-08-27 19:05:01.420 +05:30 [WRN] Failed to determine the https port for redirect.
2026-08-27 19:05:01.730 +05:30 [INF] CORS policy execution successful.
2026-08-27 19:05:02.310 +05:30 [INF] Executing endpoint 'LoanDeductionPrediction.API.Controllers.AuthController.Login (LoanDeductionPrediction.API)'
2026-08-27 19:05:02.974 +05:30 [INF] Route matched with {action = "Login", controller = "Auth"}. Executing controller action with signature System.Threading.Tasks.Task`1[Microsoft.AspNetCore.Mvc.IActionResult] Login(LoanDeductionPrediction.Models.DTOs.LoginRequest) on controller LoanDeductionPrediction.API.Controllers.AuthController (LoanDeductionPrediction.API).
2026-08-27 19:05:03.462 +05:30 [WRN] You do not have a valid license key for the Lucky Penny software AutoMapper. This is allowed for development and testing scenarios. If you are running in production you are required to have a licensed version. Please visit https://luckypennysoftware.com to obtain a valid license.
2026-08-27 19:05:03.795 +05:30 [INF] Executed DbCommand (15ms) [Parameters=[@email='?' (Size = 150)], CommandType='"Text"', CommandTimeout='30']
SELECT TOP(1) [u].[UserId], [u].[CreatedAt], [u].[Email], [u].[FullName], [u].[IsActive], [u].[PasswordHash], [u].[Role]
FROM [Users] AS [u]
WHERE [u].[Email] = @email
2026-08-27 19:05:05.349 +05:30 [INF] Executed DbCommand (21ms) [Parameters=[@p0='?' (DbType = DateTime2), @p1='?' (DbType = DateTime2), @p2='?' (DbType = Boolean), @p3='?' (DbType = DateTime2), @p4='?' (Size = 500), @p5='?' (DbType = Int32)], CommandType='"Text"', CommandTimeout='30']
SET IMPLICIT_TRANSACTIONS OFF;
SET NOCOUNT ON;
INSERT INTO [RefreshTokens] ([CreatedAt], [ExpiresAt], [IsRevoked], [RevokedAt], [Token], [UserId])
OUTPUT INSERTED.[RefreshTokenId]
VALUES (@p0, @p1, @p2, @p3, @p4, @p5);
2026-08-27 19:05:05.589 +05:30 [INF] Executing OkObjectResult, writing value of type 'LoanDeductionPrediction.Models.DTOs.LoginResponse'.
2026-08-27 19:05:05.640 +05:30 [INF] Executed action LoanDeductionPrediction.API.Controllers.AuthController.Login (LoanDeductionPrediction.API) in 2475.8114ms
2026-08-27 19:05:05.645 +05:30 [INF] Executed endpoint 'LoanDeductionPrediction.API.Controllers.AuthController.Login (LoanDeductionPrediction.API)'
2026-08-27 19:05:05.654 +05:30 [INF] HTTP POST /api/Auth/login responded 200 in 4239.6605 ms
2026-08-27 19:05:05.686 +05:30 [INF] Request finished HTTP/1.1 POST http://localhost:5082/api/Auth/login - 200 null application/json; charset=utf-8 4550.5786ms
2026-08-27 19:06:06.139 +05:30 [INF] Request starting HTTP/1.1 POST http://localhost:5082/api/PaymentBehavior/record/34 - null 0
2026-08-27 19:06:06.193 +05:30 [INF] CORS policy execution successful.
2026-08-27 19:06:06.327 +05:30 [INF] Authorization failed. These requirements were not met:
RolesAuthorizationRequirement:User.IsInRole must be true for one of the following roles: (Admin|Borrower)
2026-08-27 19:06:06.336 +05:30 [INF] AuthenticationScheme: Bearer was forbidden.
2026-08-27 19:06:06.339 +05:30 [INF] HTTP POST /api/PaymentBehavior/record/34 responded 403 in 148.8866 ms
2026-08-27 19:06:06.349 +05:30 [INF] Request finished HTTP/1.1 POST http://localhost:5082/api/PaymentBehavior/record/34 - 403 0 null 210.3377ms
2026-08-27 19:06:35.501 +05:30 [INF] Request starting HTTP/1.1 POST http://localhost:5082/api/PaymentBehavior/record/33 - null 0
2026-08-27 19:06:35.649 +05:30 [INF] CORS policy execution successful.
2026-08-27 19:06:35.667 +05:30 [INF] Authorization failed. These requirements were not met:
RolesAuthorizationRequirement:User.IsInRole must be true for one of the following roles: (Admin|Borrower)
2026-08-27 19:06:35.678 +05:30 [INF] AuthenticationScheme: Bearer was forbidden.
2026-08-27 19:06:35.680 +05:30 [INF] HTTP POST /api/PaymentBehavior/record/33 responded 403 in 158.4142 ms
2026-08-27 19:06:35.684 +05:30 [INF] Request finished HTTP/1.1 POST http://localhost:5082/api/PaymentBehavior/record/33 - 403 0 null 183.5268ms
2026-08-27 19:07:24.619 +05:30 [INF] Request starting HTTP/1.1 GET http://localhost:5082/api/Dashboard/loan-officer - null null
2026-08-27 19:07:24.666 +05:30 [INF] Executing endpoint 'LoanDeductionPrediction.API.Controllers.DashboardController.GetLoanOfficerDashboard (LoanDeductionPrediction.API)'
2026-08-27 19:07:24.868 +05:30 [INF] Route matched with {action = "GetLoanOfficerDashboard", controller = "Dashboard"}. Executing controller action with signature System.Threading.Tasks.Task`1[Microsoft.AspNetCore.Mvc.IActionResult] GetLoanOfficerDashboard() on controller LoanDeductionPrediction.API.Controllers.DashboardController (LoanDeductionPrediction.API).
2026-08-27 19:07:25.303 +05:30 [INF] Executed DbCommand (24ms) [Parameters=[@loanOfficerId='?' (DbType = Int32)], CommandType='"Text"', CommandTimeout='30']
SELECT [l].[LoanId], [l].[BorrowerId], [l].[CreatedAt], [l].[EMIAmount], [l].[EndDate], [l].[InterestRate], [l].[LoanOfficerId], [l].[OutstandingAmount], [l].[PrincipalAmount], [l].[StartDate], [l].[Status], [l].[TenureMonths]
FROM [LoanAccounts] AS [l]
WHERE [l].[LoanOfficerId] = @loanOfficerId
2026-08-27 19:07:25.479 +05:30 [INF] Executed DbCommand (10ms) [Parameters=[@loanIds1='?' (DbType = Int32), @loanIds2='?' (DbType = Int32)], CommandType='"Text"', CommandTimeout='30']
SELECT [r].[RiskPredictionId], [r].[BorrowerId], [r].[LoanId], [r].[PredictionDate], [r].[Reason], [r].[RiskLevel], [r].[RiskScore]
FROM [RiskPredictions] AS [r]
WHERE [r].[LoanId] IN (@loanIds1, @loanIds2)
2026-08-27 19:07:25.544 +05:30 [INF] Executed DbCommand (7ms) [Parameters=[@loanIds1='?' (DbType = Int32), @loanIds2='?' (DbType = Int32)], CommandType='"Text"', CommandTimeout='30']
SELECT [r].[ScheduleId], [r].[DueDate], [r].[EMIAmount], [r].[InstallmentNumber], [r].[InterestAmount], [r].[LoanId], [r].[PaidAmount], [r].[PaidDate], [r].[PrincipalAmount], [r].[Status]
FROM [RepaymentSchedules] AS [r]
WHERE [r].[LoanId] IN (@loanIds1, @loanIds2)
2026-08-27 19:07:25.599 +05:30 [INF] Executed DbCommand (7ms) [Parameters=[@loanIds1='?' (DbType = Int32), @loanIds2='?' (DbType = Int32)], CommandType='"Text"', CommandTimeout='30']
SELECT [p].[BehaviorLogId], [p].[BorrowerId], [p].[DaysLate], [p].[DueDate], [p].[LoanId], [p].[PaymentDate], [p].[PaymentStatus], [p].[RecordedAt], [p].[ScheduleId]
FROM [PaymentBehaviorLogs] AS [p]
WHERE [p].[LoanId] IN (@loanIds1, @loanIds2)
2026-08-27 19:07:25.632 +05:30 [INF] Executing OkObjectResult, writing value of type '<>f__AnonymousType0`22[[System.Int32, System.Private.CoreLib, Version=10.0.0.0, Culture=neutral, PublicKeyToken=7cec85d7bea7798e],[System.Int32, System.Private.CoreLib, Version=10.0.0.0, Culture=neutral, PublicKeyToken=7cec85d7bea7798e],[System.Int32, System.Private.CoreLib, Version=10.0.0.0, Culture=neutral, PublicKeyToken=7cec85d7bea7798e],[System.Int32, System.Private.CoreLib, Version=10.0.0.0, Culture=neutral, PublicKeyToken=7cec85d7bea7798e],[System.Int32, System.Private.CoreLib, Version=10.0.0.0, Culture=neutral, PublicKeyToken=7cec85d7bea7798e],[System.Int32, System.Private.CoreLib, Version=10.0.0.0, Culture=neutral, PublicKeyToken=7cec85d7bea7798e],[System.Decimal, System.Private.CoreLib, Version=10.0.0.0, Culture=neutral, PublicKeyToken=7cec85d7bea7798e],[System.Decimal, System.Private.CoreLib, Version=10.0.0.0, Culture=neutral, PublicKeyToken=7cec85d7bea7798e],[System.Decimal, System.Private.CoreLib, Version=10.0.0.0, Culture=neutral, PublicKeyToken=7cec85d7bea7798e],[System.Int32, System.Private.CoreLib, Version=10.0.0.0, Culture=neutral, PublicKeyToken=7cec85d7bea7798e],[System.Int32, System.Private.CoreLib, Version=10.0.0.0, Culture=neutral, PublicKeyToken=7cec85d7bea7798e],[System.Int32, System.Private.CoreLib, Version=10.0.0.0, Culture=neutral, PublicKeyToken=7cec85d7bea7798e],[System.Int32, System.Private.CoreLib, Version=10.0.0.0, Culture=neutral, PublicKeyToken=7cec85d7bea7798e],[System.Decimal, System.Private.CoreLib, Version=10.0.0.0, Culture=neutral, PublicKeyToken=7cec85d7bea7798e],[System.Int32, System.Private.CoreLib, Version=10.0.0.0, Culture=neutral, PublicKeyToken=7cec85d7bea7798e],[System.Int32, System.Private.CoreLib, Version=10.0.0.0, Culture=neutral, PublicKeyToken=7cec85d7bea7798e],[System.Int32, System.Private.CoreLib, Version=10.0.0.0, Culture=neutral, PublicKeyToken=7cec85d7bea7798e],[System.Int32, System.Private.CoreLib, Version=10.0.0.0, Culture=neutral, PublicKeyToken=7cec85d7bea7798e],[System.Int32, System.Private.CoreLib, Version=10.0.0.0, Culture=neutral, PublicKeyToken=7cec85d7bea7798e],[System.Int32, System.Private.CoreLib, Version=10.0.0.0, Culture=neutral, PublicKeyToken=7cec85d7bea7798e],[System.Int32, System.Private.CoreLib, Version=10.0.0.0, Culture=neutral, PublicKeyToken=7cec85d7bea7798e],[System.Int32, System.Private.CoreLib, Version=10.0.0.0, Culture=neutral, PublicKeyToken=7cec85d7bea7798e]]'.
2026-08-27 19:07:25.696 +05:30 [INF] Executed action LoanDeductionPrediction.API.Controllers.DashboardController.GetLoanOfficerDashboard (LoanDeductionPrediction.API) in 634.9396ms
2026-08-27 19:07:25.699 +05:30 [INF] Executed endpoint 'LoanDeductionPrediction.API.Controllers.DashboardController.GetLoanOfficerDashboard (LoanDeductionPrediction.API)'
2026-08-27 19:07:25.704 +05:30 [INF] HTTP GET /api/Dashboard/loan-officer responded 200 in 1043.2618 ms
2026-08-27 19:07:25.714 +05:30 [INF] Request finished HTTP/1.1 GET http://localhost:5082/api/Dashboard/loan-officer - 200 null application/json; charset=utf-8 1095.5402ms
2026-08-27 19:08:00.342 +05:30 [INF] Request starting HTTP/1.1 GET http://localhost:5082/api/PaymentBehavior/loan/2 - null null
2026-08-27 19:08:01.067 +05:30 [INF] Executing endpoint 'LoanDeductionPrediction.API.Controllers.PaymentBehaviorController.GetLoanBehavior (LoanDeductionPrediction.API)'
2026-08-27 19:08:01.096 +05:30 [INF] Route matched with {action = "GetLoanBehavior", controller = "PaymentBehavior"}. Executing controller action with signature System.Threading.Tasks.Task`1[Microsoft.AspNetCore.Mvc.IActionResult] GetLoanBehavior(Int32) on controller LoanDeductionPrediction.API.Controllers.PaymentBehaviorController (LoanDeductionPrediction.API).
2026-08-27 19:08:01.153 +05:30 [INF] Executed DbCommand (4ms) [Parameters=[@loanId='?' (DbType = Int32)], CommandType='"Text"', CommandTimeout='30']
SELECT TOP(1) [l].[LoanId], [l].[BorrowerId], [l].[CreatedAt], [l].[EMIAmount], [l].[EndDate], [l].[InterestRate], [l].[LoanOfficerId], [l].[OutstandingAmount], [l].[PrincipalAmount], [l].[StartDate], [l].[Status], [l].[TenureMonths]
FROM [LoanAccounts] AS [l]
WHERE [l].[LoanId] = @loanId
2026-08-27 19:08:01.198 +05:30 [INF] Executed DbCommand (9ms) [Parameters=[@loanId='?' (DbType = Int32)], CommandType='"Text"', CommandTimeout='30']
SELECT TOP(1) [l].[LoanId], [l].[BorrowerId], [l].[CreatedAt], [l].[EMIAmount], [l].[EndDate], [l].[InterestRate], [l].[LoanOfficerId], [l].[OutstandingAmount], [l].[PrincipalAmount], [l].[StartDate], [l].[Status], [l].[TenureMonths]
FROM [LoanAccounts] AS [l]
WHERE [l].[LoanId] = @loanId
2026-08-27 19:08:01.234 +05:30 [INF] Executed DbCommand (4ms) [Parameters=[@loanId='?' (DbType = Int32)], CommandType='"Text"', CommandTimeout='30']
SELECT [p].[BehaviorLogId], [p].[BorrowerId], [p].[DaysLate], [p].[DueDate], [p].[LoanId], [p].[PaymentDate], [p].[PaymentStatus], [p].[RecordedAt], [p].[ScheduleId]
FROM [PaymentBehaviorLogs] AS [p]
WHERE [p].[LoanId] = @loanId
ORDER BY [p].[DueDate]
2026-08-27 19:08:01.245 +05:30 [INF] Executing OkObjectResult, writing value of type 'System.Collections.Generic.List`1[[<>f__AnonymousType9`9[[System.Int32, System.Private.CoreLib, Version=10.0.0.0, Culture=neutral, PublicKeyToken=7cec85d7bea7798e],[System.Int32, System.Private.CoreLib, Version=10.0.0.0, Culture=neutral, PublicKeyToken=7cec85d7bea7798e],[System.Int32, System.Private.CoreLib, Version=10.0.0.0, Culture=neutral, PublicKeyToken=7cec85d7bea7798e],[System.Int32, System.Private.CoreLib, Version=10.0.0.0, Culture=neutral, PublicKeyToken=7cec85d7bea7798e],[System.DateOnly, System.Private.CoreLib, Version=10.0.0.0, Culture=neutral, PublicKeyToken=7cec85d7bea7798e],[System.Nullable`1[[System.DateOnly, System.Private.CoreLib, Version=10.0.0.0, Culture=neutral, PublicKeyToken=7cec85d7bea7798e]], System.Private.CoreLib, Version=10.0.0.0, Culture=neutral, PublicKeyToken=7cec85d7bea7798e],[System.Int32, System.Private.CoreLib, Version=10.0.0.0, Culture=neutral, PublicKeyToken=7cec85d7bea7798e],[System.String, System.Private.CoreLib, Version=10.0.0.0, Culture=neutral, PublicKeyToken=7cec85d7bea7798e],[System.DateTime, System.Private.CoreLib, Version=10.0.0.0, Culture=neutral, PublicKeyToken=7cec85d7bea7798e]], LoanDeductionPrediction.API, Version=1.0.0.0, Culture=neutral, PublicKeyToken=null]]'.
2026-08-27 19:08:01.281 +05:30 [INF] Executed action LoanDeductionPrediction.API.Controllers.PaymentBehaviorController.GetLoanBehavior (LoanDeductionPrediction.API) in 180.2941ms
2026-08-27 19:08:01.283 +05:30 [INF] Executed endpoint 'LoanDeductionPrediction.API.Controllers.PaymentBehaviorController.GetLoanBehavior (LoanDeductionPrediction.API)'
2026-08-27 19:08:01.285 +05:30 [INF] HTTP GET /api/PaymentBehavior/loan/2 responded 200 in 230.2186 ms
2026-08-27 19:08:01.298 +05:30 [INF] Request finished HTTP/1.1 GET http://localhost:5082/api/PaymentBehavior/loan/2 - 200 null application/json; charset=utf-8 953.807ms
2026-08-27 19:08:26.988 +05:30 [INF] Request starting HTTP/1.1 GET http://localhost:5082/api/PaymentBehavior/33 - null null
2026-08-27 19:08:27.016 +05:30 [INF] Executing endpoint 'LoanDeductionPrediction.API.Controllers.PaymentBehaviorController.GetBehavior (LoanDeductionPrediction.API)'
2026-08-27 19:08:27.050 +05:30 [INF] Route matched with {action = "GetBehavior", controller = "PaymentBehavior"}. Executing controller action with signature System.Threading.Tasks.Task`1[Microsoft.AspNetCore.Mvc.IActionResult] GetBehavior(Int32) on controller LoanDeductionPrediction.API.Controllers.PaymentBehaviorController (LoanDeductionPrediction.API).
2026-08-27 19:08:27.239 +05:30 [INF] Executed DbCommand (10ms) [Parameters=[@id='?' (DbType = Int32)], CommandType='"Text"', CommandTimeout='30']
SELECT TOP(1) [p].[BehaviorLogId], [p].[BorrowerId], [p].[DaysLate], [p].[DueDate], [p].[LoanId], [p].[PaymentDate], [p].[PaymentStatus], [p].[RecordedAt], [p].[ScheduleId], [l].[LoanId], [l].[BorrowerId], [l].[CreatedAt], [l].[EMIAmount], [l].[EndDate], [l].[InterestRate], [l].[LoanOfficerId], [l].[OutstandingAmount], [l].[PrincipalAmount], [l].[StartDate], [l].[Status], [l].[TenureMonths]
FROM [PaymentBehaviorLogs] AS [p]
INNER JOIN [LoanAccounts] AS [l] ON [p].[LoanId] = [l].[LoanId]
WHERE [p].[BehaviorLogId] = @id
2026-08-27 19:08:27.245 +05:30 [INF] Executing NotFoundObjectResult, writing value of type '<>f__AnonymousType8`4[[System.Boolean, System.Private.CoreLib, Version=10.0.0.0, Culture=neutral, PublicKeyToken=7cec85d7bea7798e],[System.String, System.Private.CoreLib, Version=10.0.0.0, Culture=neutral, PublicKeyToken=7cec85d7bea7798e],[System.String, System.Private.CoreLib, Version=10.0.0.0, Culture=neutral, PublicKeyToken=7cec85d7bea7798e],[System.String, System.Private.CoreLib, Version=10.0.0.0, Culture=neutral, PublicKeyToken=7cec85d7bea7798e]]'.
2026-08-27 19:08:27.263 +05:30 [INF] Executed action LoanDeductionPrediction.API.Controllers.PaymentBehaviorController.GetBehavior (LoanDeductionPrediction.API) in 197.6805ms
2026-08-27 19:08:27.265 +05:30 [INF] Executed endpoint 'LoanDeductionPrediction.API.Controllers.PaymentBehaviorController.GetBehavior (LoanDeductionPrediction.API)'
2026-08-27 19:08:27.268 +05:30 [INF] HTTP GET /api/PaymentBehavior/33 responded 404 in 252.7482 ms
2026-08-27 19:08:27.285 +05:30 [INF] Request finished HTTP/1.1 GET http://localhost:5082/api/PaymentBehavior/33 - 404 null application/json; charset=utf-8 296.7805ms
2026-08-27 19:08:39.412 +05:30 [INF] Request starting HTTP/1.1 GET http://localhost:5082/api/PaymentBehavior/2 - null null
2026-08-27 19:08:39.537 +05:30 [INF] Executing endpoint 'LoanDeductionPrediction.API.Controllers.PaymentBehaviorController.GetBehavior (LoanDeductionPrediction.API)'
2026-08-27 19:08:39.546 +05:30 [INF] Route matched with {action = "GetBehavior", controller = "PaymentBehavior"}. Executing controller action with signature System.Threading.Tasks.Task`1[Microsoft.AspNetCore.Mvc.IActionResult] GetBehavior(Int32) on controller LoanDeductionPrediction.API.Controllers.PaymentBehaviorController (LoanDeductionPrediction.API).
2026-08-27 19:08:39.668 +05:30 [INF] Executed DbCommand (14ms) [Parameters=[@id='?' (DbType = Int32)], CommandType='"Text"', CommandTimeout='30']
SELECT TOP(1) [p].[BehaviorLogId], [p].[BorrowerId], [p].[DaysLate], [p].[DueDate], [p].[LoanId], [p].[PaymentDate], [p].[PaymentStatus], [p].[RecordedAt], [p].[ScheduleId], [l].[LoanId], [l].[BorrowerId], [l].[CreatedAt], [l].[EMIAmount], [l].[EndDate], [l].[InterestRate], [l].[LoanOfficerId], [l].[OutstandingAmount], [l].[PrincipalAmount], [l].[StartDate], [l].[Status], [l].[TenureMonths]
FROM [PaymentBehaviorLogs] AS [p]
INNER JOIN [LoanAccounts] AS [l] ON [p].[LoanId] = [l].[LoanId]
WHERE [p].[BehaviorLogId] = @id
2026-08-27 19:08:39.807 +05:30 [INF] Executed DbCommand (3ms) [Parameters=[@loanId='?' (DbType = Int32)], CommandType='"Text"', CommandTimeout='30']
SELECT TOP(1) [l].[LoanId], [l].[BorrowerId], [l].[CreatedAt], [l].[EMIAmount], [l].[EndDate], [l].[InterestRate], [l].[LoanOfficerId], [l].[OutstandingAmount], [l].[PrincipalAmount], [l].[StartDate], [l].[Status], [l].[TenureMonths]
FROM [LoanAccounts] AS [l]
WHERE [l].[LoanId] = @loanId
2026-08-27 19:08:39.812 +05:30 [INF] Executing OkObjectResult, writing value of type '<>f__AnonymousType9`9[[System.Int32, System.Private.CoreLib, Version=10.0.0.0, Culture=neutral, PublicKeyToken=7cec85d7bea7798e],[System.Int32, System.Private.CoreLib, Version=10.0.0.0, Culture=neutral, PublicKeyToken=7cec85d7bea7798e],[System.Int32, System.Private.CoreLib, Version=10.0.0.0, Culture=neutral, PublicKeyToken=7cec85d7bea7798e],[System.Int32, System.Private.CoreLib, Version=10.0.0.0, Culture=neutral, PublicKeyToken=7cec85d7bea7798e],[System.DateOnly, System.Private.CoreLib, Version=10.0.0.0, Culture=neutral, PublicKeyToken=7cec85d7bea7798e],[System.Nullable`1[[System.DateOnly, System.Private.CoreLib, Version=10.0.0.0, Culture=neutral, PublicKeyToken=7cec85d7bea7798e]], System.Private.CoreLib, Version=10.0.0.0, Culture=neutral, PublicKeyToken=7cec85d7bea7798e],[System.Int32, System.Private.CoreLib, Version=10.0.0.0, Culture=neutral, PublicKeyToken=7cec85d7bea7798e],[System.String, System.Private.CoreLib, Version=10.0.0.0, Culture=neutral, PublicKeyToken=7cec85d7bea7798e],[System.DateTime, System.Private.CoreLib, Version=10.0.0.0, Culture=neutral, PublicKeyToken=7cec85d7bea7798e]]'.
2026-08-27 19:08:39.817 +05:30 [INF] Executed action LoanDeductionPrediction.API.Controllers.PaymentBehaviorController.GetBehavior (LoanDeductionPrediction.API) in 172.4727ms
2026-08-27 19:08:39.824 +05:30 [INF] Executed endpoint 'LoanDeductionPrediction.API.Controllers.PaymentBehaviorController.GetBehavior (LoanDeductionPrediction.API)'
2026-08-27 19:08:39.828 +05:30 [INF] HTTP GET /api/PaymentBehavior/2 responded 200 in 291.7425 ms
2026-08-27 19:08:39.846 +05:30 [INF] Request finished HTTP/1.1 GET http://localhost:5082/api/PaymentBehavior/2 - 200 null application/json; charset=utf-8 433.7367ms
2026-08-27 19:09:46.244 +05:30 [INF] Request starting HTTP/1.1 POST http://localhost:5082/api/RiskPrediction/generate/2 - null 0
2026-08-27 19:09:46.345 +05:30 [INF] CORS policy execution successful.
2026-08-27 19:09:46.496 +05:30 [INF] Executing endpoint 'LoanDeductionPrediction.API.Controllers.RiskPredictionController.GeneratePrediction (LoanDeductionPrediction.API)'
2026-08-27 19:09:46.799 +05:30 [INF] Route matched with {action = "GeneratePrediction", controller = "RiskPrediction"}. Executing controller action with signature System.Threading.Tasks.Task`1[Microsoft.AspNetCore.Mvc.IActionResult] GeneratePrediction(Int32) on controller LoanDeductionPrediction.API.Controllers.RiskPredictionController (LoanDeductionPrediction.API).
2026-08-27 19:09:46.826 +05:30 [INF] Executed DbCommand (7ms) [Parameters=[@loanId='?' (DbType = Int32)], CommandType='"Text"', CommandTimeout='30']
SELECT TOP(1) [l].[LoanId], [l].[BorrowerId], [l].[CreatedAt], [l].[EMIAmount], [l].[EndDate], [l].[InterestRate], [l].[LoanOfficerId], [l].[OutstandingAmount], [l].[PrincipalAmount], [l].[StartDate], [l].[Status], [l].[TenureMonths]
FROM [LoanAccounts] AS [l]
WHERE [l].[LoanId] = @loanId
2026-08-27 19:09:46.894 +05:30 [INF] Executed DbCommand (1ms) [Parameters=[@loanId='?' (DbType = Int32)], CommandType='"Text"', CommandTimeout='30']
SELECT TOP(1) [l].[LoanId], [l].[BorrowerId], [l].[CreatedAt], [l].[EMIAmount], [l].[EndDate], [l].[InterestRate], [l].[LoanOfficerId], [l].[OutstandingAmount], [l].[PrincipalAmount], [l].[StartDate], [l].[Status], [l].[TenureMonths]
FROM [LoanAccounts] AS [l]
WHERE [l].[LoanId] = @loanId
2026-08-27 19:09:46.907 +05:30 [INF] Executed DbCommand (5ms) [Parameters=[@loanId='?' (DbType = Int32)], CommandType='"Text"', CommandTimeout='30']
SELECT [p].[BehaviorLogId], [p].[BorrowerId], [p].[DaysLate], [p].[DueDate], [p].[LoanId], [p].[PaymentDate], [p].[PaymentStatus], [p].[RecordedAt], [p].[ScheduleId]
FROM [PaymentBehaviorLogs] AS [p]
WHERE [p].[LoanId] = @loanId
ORDER BY [p].[DueDate]
2026-08-27 19:09:46.997 +05:30 [INF] Executed DbCommand (16ms) [Parameters=[@p0='?' (DbType = Int32), @p1='?' (DbType = Int32), @p2='?' (DbType = DateTime2), @p3='?' (Size = 4000), @p4='?' (Size = 30), @p5='?' (Precision = 5) (Scale = 2) (DbType = Decimal)], CommandType='"Text"', CommandTimeout='30']
SET IMPLICIT_TRANSACTIONS OFF;
SET NOCOUNT ON;
INSERT INTO [RiskPredictions] ([BorrowerId], [LoanId], [PredictionDate], [Reason], [RiskLevel], [RiskScore])
OUTPUT INSERTED.[RiskPredictionId]
VALUES (@p0, @p1, @p2, @p3, @p4, @p5);
2026-08-27 19:09:47.016 +05:30 [INF] Executing CreatedAtActionResult, writing value of type '<>f__AnonymousType15`2[[System.String, System.Private.CoreLib, Version=10.0.0.0, Culture=neutral, PublicKeyToken=7cec85d7bea7798e],[<>f__AnonymousType16`7[[System.Int32, System.Private.CoreLib, Version=10.0.0.0, Culture=neutral, PublicKeyToken=7cec85d7bea7798e],[System.Int32, System.Private.CoreLib, Version=10.0.0.0, Culture=neutral, PublicKeyToken=7cec85d7bea7798e],[System.Int32, System.Private.CoreLib, Version=10.0.0.0, Culture=neutral, PublicKeyToken=7cec85d7bea7798e],[System.Decimal, System.Private.CoreLib, Version=10.0.0.0, Culture=neutral, PublicKeyToken=7cec85d7bea7798e],[System.String, System.Private.CoreLib, Version=10.0.0.0, Culture=neutral, PublicKeyToken=7cec85d7bea7798e],[System.DateTime, System.Private.CoreLib, Version=10.0.0.0, Culture=neutral, PublicKeyToken=7cec85d7bea7798e],[System.String, System.Private.CoreLib, Version=10.0.0.0, Culture=neutral, PublicKeyToken=7cec85d7bea7798e]], LoanDeductionPrediction.API, Version=1.0.0.0, Culture=neutral, PublicKeyToken=null]]'.
2026-08-27 19:09:47.113 +05:30 [INF] Executed action LoanDeductionPrediction.API.Controllers.RiskPredictionController.GeneratePrediction (LoanDeductionPrediction.API) in 307.0744ms
2026-08-27 19:09:47.122 +05:30 [INF] Executed endpoint 'LoanDeductionPrediction.API.Controllers.RiskPredictionController.GeneratePrediction (LoanDeductionPrediction.API)'
2026-08-27 19:09:47.568 +05:30 [INF] HTTP POST /api/RiskPrediction/generate/2 responded 201 in 1223.1620 ms
2026-08-27 19:09:47.781 +05:30 [INF] Request finished HTTP/1.1 POST http://localhost:5082/api/RiskPrediction/generate/2 - 201 null application/json; charset=utf-8 1536.8205ms
2026-08-27 19:12:33.718 +05:30 [INF] Request starting HTTP/1.1 GET http://localhost:5082/api/RepaymentSchedule/loan/2 - null null
2026-08-27 19:12:33.743 +05:30 [INF] Executing endpoint 'LoanDeductionPrediction.API.Controllers.RepaymentScheduleController.GetLoanSchedule (LoanDeductionPrediction.API)'
2026-08-27 19:12:33.777 +05:30 [INF] Route matched with {action = "GetLoanSchedule", controller = "RepaymentSchedule"}. Executing controller action with signature System.Threading.Tasks.Task`1[Microsoft.AspNetCore.Mvc.IActionResult] GetLoanSchedule(Int32) on controller LoanDeductionPrediction.API.Controllers.RepaymentScheduleController (LoanDeductionPrediction.API).
2026-08-27 19:12:33.815 +05:30 [INF] Executed DbCommand (20ms) [Parameters=[@loanId='?' (DbType = Int32)], CommandType='"Text"', CommandTimeout='30']
SELECT TOP(1) [l].[LoanId], [l].[BorrowerId], [l].[CreatedAt], [l].[EMIAmount], [l].[EndDate], [l].[InterestRate], [l].[LoanOfficerId], [l].[OutstandingAmount], [l].[PrincipalAmount], [l].[StartDate], [l].[Status], [l].[TenureMonths]
FROM [LoanAccounts] AS [l]
WHERE [l].[LoanId] = @loanId
2026-08-27 19:12:33.864 +05:30 [INF] Executed DbCommand (5ms) [Parameters=[@loanId='?' (DbType = Int32)], CommandType='"Text"', CommandTimeout='30']
SELECT [r].[ScheduleId], [r].[DueDate], [r].[EMIAmount], [r].[InstallmentNumber], [r].[InterestAmount], [r].[LoanId], [r].[PaidAmount], [r].[PaidDate], [r].[PrincipalAmount], [r].[Status]
FROM [RepaymentSchedules] AS [r]
WHERE [r].[LoanId] = @loanId
ORDER BY [r].[InstallmentNumber]
2026-08-27 19:12:33.900 +05:30 [INF] Executing OkObjectResult, writing value of type 'System.Collections.Generic.List`1[[LoanDeductionPrediction.Models.DTOs.RepaymentScheduleDto, LoanDeductionPrediction.Models, Version=1.0.0.0, Culture=neutral, PublicKeyToken=null]]'.
2026-08-27 19:12:33.929 +05:30 [INF] Executed action LoanDeductionPrediction.API.Controllers.RepaymentScheduleController.GetLoanSchedule (LoanDeductionPrediction.API) in 147.9668ms
2026-08-27 19:12:33.934 +05:30 [INF] Executed endpoint 'LoanDeductionPrediction.API.Controllers.RepaymentScheduleController.GetLoanSchedule (LoanDeductionPrediction.API)'
2026-08-27 19:12:33.939 +05:30 [INF] HTTP GET /api/RepaymentSchedule/loan/2 responded 200 in 198.9542 ms
2026-08-27 19:12:33.945 +05:30 [INF] Request finished HTTP/1.1 GET http://localhost:5082/api/RepaymentSchedule/loan/2 - 200 null application/json; charset=utf-8 227.4225ms
2026-08-27 19:21:37.743 +05:30 [INF] Application is shutting down...
2026-08-27 19:21:57.025 +05:30 [WRN] No store type was specified for the decimal property 'InterestRate' on entity type 'LoanRequest'. This will cause values to be silently truncated if they do not fit in the default precision and scale. Explicitly specify the SQL server column type that can accommodate all the values in 'OnModelCreating' using 'HasColumnType', specify precision and scale using 'HasPrecision', or configure a value converter using 'HasConversion'.
2026-08-27 19:21:57.240 +05:30 [WRN] No store type was specified for the decimal property 'RequestedAmount' on entity type 'LoanRequest'. This will cause values to be silently truncated if they do not fit in the default precision and scale. Explicitly specify the SQL server column type that can accommodate all the values in 'OnModelCreating' using 'HasColumnType', specify precision and scale using 'HasPrecision', or configure a value converter using 'HasConversion'.
2026-08-27 19:21:58.087 +05:30 [INF] Executed DbCommand (45ms) [Parameters=[], CommandType='"Text"', CommandTimeout='30']
SELECT 1
2026-08-27 19:21:58.126 +05:30 [INF] Acquiring an exclusive lock for migration application. See https://aka.ms/efcore-docs-migrations-lock for more information if this takes too long.
2026-08-27 19:21:58.205 +05:30 [INF] Executed DbCommand (71ms) [Parameters=[], CommandType='"Text"', CommandTimeout='30']
DECLARE @result int;
EXEC @result = sp_getapplock @Resource = '__EFMigrationsLock', @LockOwner = 'Session', @LockMode = 'Exclusive';
SELECT @result
2026-08-27 19:21:58.419 +05:30 [INF] Executed DbCommand (21ms) [Parameters=[], CommandType='"Text"', CommandTimeout='30']
IF OBJECT_ID(N'[__EFMigrationsHistory]') IS NULL
BEGIN
    CREATE TABLE [__EFMigrationsHistory] (
        [MigrationId] nvarchar(150) NOT NULL,
        [ProductVersion] nvarchar(32) NOT NULL,
        CONSTRAINT [PK___EFMigrationsHistory] PRIMARY KEY ([MigrationId])
    );
END;
2026-08-27 19:21:58.449 +05:30 [INF] Executed DbCommand (1ms) [Parameters=[], CommandType='"Text"', CommandTimeout='30']
SELECT 1
2026-08-27 19:21:58.468 +05:30 [INF] Executed DbCommand (6ms) [Parameters=[], CommandType='"Text"', CommandTimeout='30']
SELECT OBJECT_ID(N'[__EFMigrationsHistory]');
2026-08-27 19:21:58.512 +05:30 [INF] Executed DbCommand (26ms) [Parameters=[], CommandType='"Text"', CommandTimeout='30']
SELECT [MigrationId], [ProductVersion]
FROM [__EFMigrationsHistory]
ORDER BY [MigrationId];
2026-08-27 19:21:58.547 +05:30 [INF] No migrations were applied. The database is already up to date.
2026-08-27 19:21:58.569 +05:30 [INF] Executed DbCommand (16ms) [Parameters=[], CommandType='"Text"', CommandTimeout='30']
DECLARE @result int;
EXEC @result = sp_releaseapplock @Resource = '__EFMigrationsLock', @LockOwner = 'Session';
SELECT @result
2026-08-27 19:21:59.045 +05:30 [INF] Executed DbCommand (22ms) [Parameters=[], CommandType='"Text"', CommandTimeout='30']
SELECT CASE
    WHEN EXISTS (
        SELECT 1
        FROM [Users] AS [u]
        WHERE [u].[Role] = N'Admin') THEN CAST(1 AS bit)
    ELSE CAST(0 AS bit)
END
2026-08-27 19:21:59.262 +05:30 [INF] User profile is available. Using 'C:\Users\thang\AppData\Local\ASP.NET\DataProtection-Keys' as key repository and Windows DPAPI to encrypt keys at rest.
2026-08-27 19:21:59.278 +05:30 [INF] Payment Behavior Background Service started.
2026-08-27 19:21:59.380 +05:30 [INF] Now listening on: http://localhost:5082
2026-08-27 19:21:59.382 +05:30 [INF] Application started. Press Ctrl+C to shut down.
2026-08-27 19:21:59.383 +05:30 [INF] Hosting environment: Development
2026-08-27 19:21:59.384 +05:30 [INF] Content root path: C:\Users\thang\OneDrive\Documents\React Projects\LoanDeductionPrediction\LoanDeductionPrediction.API
2026-08-27 19:21:59.498 +05:30 [INF] Executed DbCommand (53ms) [Parameters=[@today='?' (DbType = Date)], CommandType='"Text"', CommandTimeout='30']
SELECT [r].[ScheduleId], [r].[DueDate], [r].[EMIAmount], [r].[InstallmentNumber], [r].[InterestAmount], [r].[LoanId], [r].[PaidAmount], [r].[PaidDate], [r].[PrincipalAmount], [r].[Status]
FROM [RepaymentSchedules] AS [r]
WHERE [r].[DueDate] < @today AND [r].[PaidAmount] < [r].[EMIAmount] AND [r].[Status] <> N'PAID'
ORDER BY [r].[DueDate]
2026-08-27 19:22:11.137 +05:30 [INF] Request starting HTTP/1.1 GET http://localhost:5082/swagger/index.html - null null
2026-08-27 19:22:11.559 +05:30 [INF] HTTP GET /swagger/index.html responded 304 in 212.7206 ms
2026-08-27 19:22:11.571 +05:30 [INF] Request finished HTTP/1.1 GET http://localhost:5082/swagger/index.html - 304 null null 438.9726ms
2026-08-27 19:22:11.608 +05:30 [INF] Request starting HTTP/1.1 GET http://localhost:5082/swagger/swagger-ui-bundle.js - null null
2026-08-27 19:22:11.614 +05:30 [INF] Request starting HTTP/1.1 GET http://localhost:5082/swagger/swagger-ui.css - null null
2026-08-27 19:22:11.723 +05:30 [INF] Request starting HTTP/1.1 GET http://localhost:5082/swagger/index.js - null null
2026-08-27 19:22:11.724 +05:30 [INF] Request starting HTTP/1.1 GET http://localhost:5082/swagger/swagger-ui-standalone-preset.js - null null
2026-08-27 19:22:11.843 +05:30 [INF] Request starting HTTP/1.1 GET http://localhost:5082/swagger/index.css - null null
2026-08-27 19:22:12.171 +05:30 [INF] HTTP GET /swagger/swagger-ui-bundle.js responded 304 in 312.3258 ms
2026-08-27 19:22:12.371 +05:30 [INF] HTTP GET /swagger/swagger-ui.css responded 304 in 5.9184 ms
2026-08-27 19:22:12.433 +05:30 [INF] HTTP GET /swagger/index.js responded 304 in 1.4450 ms
2026-08-27 19:22:12.822 +05:30 [INF] HTTP GET /swagger/swagger-ui-standalone-preset.js responded 304 in 17.0656 ms
2026-08-27 19:22:12.977 +05:30 [INF] HTTP GET /swagger/index.css responded 304 in 5.4778 ms
2026-08-27 19:22:13.009 +05:30 [INF] Request finished HTTP/1.1 GET http://localhost:5082/swagger/swagger-ui-bundle.js - 304 null null 1400.4522ms
2026-08-27 19:22:13.044 +05:30 [INF] Request finished HTTP/1.1 GET http://localhost:5082/swagger/swagger-ui.css - 304 null null 1441.5085ms
2026-08-27 19:22:13.056 +05:30 [INF] Request finished HTTP/1.1 GET http://localhost:5082/swagger/index.js - 304 null null 1332.6957ms
2026-08-27 19:22:13.071 +05:30 [INF] Request finished HTTP/1.1 GET http://localhost:5082/swagger/swagger-ui-standalone-preset.js - 304 null null 1346.6065ms
2026-08-27 19:22:13.093 +05:30 [INF] Request finished HTTP/1.1 GET http://localhost:5082/swagger/index.css - 304 null null 1250.2365ms
2026-08-27 19:22:13.266 +05:30 [INF] Request starting HTTP/1.1 GET http://localhost:5082/swagger/v1/swagger.json - null null
2026-08-27 19:22:13.689 +05:30 [INF] HTTP GET /swagger/v1/swagger.json responded 200 in 414.4909 ms
2026-08-27 19:22:13.738 +05:30 [INF] Request finished HTTP/1.1 GET http://localhost:5082/swagger/v1/swagger.json - 200 null application/json;charset=utf-8 471.5528ms
2026-08-27 19:22:43.624 +05:30 [INF] Request starting HTTP/1.1 POST http://localhost:5082/api/Auth/login - application/json 62
2026-08-27 19:22:43.702 +05:30 [WRN] Failed to determine the https port for redirect.
2026-08-27 19:22:43.874 +05:30 [INF] CORS policy execution successful.
2026-08-27 19:22:43.960 +05:30 [INF] Executing endpoint 'LoanDeductionPrediction.API.Controllers.AuthController.Login (LoanDeductionPrediction.API)'
2026-08-27 19:22:44.011 +05:30 [INF] Route matched with {action = "Login", controller = "Auth"}. Executing controller action with signature System.Threading.Tasks.Task`1[Microsoft.AspNetCore.Mvc.IActionResult] Login(LoanDeductionPrediction.Models.DTOs.LoginRequest) on controller LoanDeductionPrediction.API.Controllers.AuthController (LoanDeductionPrediction.API).
2026-08-27 19:22:44.347 +05:30 [WRN] You do not have a valid license key for the Lucky Penny software AutoMapper. This is allowed for development and testing scenarios. If you are running in production you are required to have a licensed version. Please visit https://luckypennysoftware.com to obtain a valid license.
2026-08-27 19:22:44.648 +05:30 [INF] Executed DbCommand (23ms) [Parameters=[@email='?' (Size = 150)], CommandType='"Text"', CommandTimeout='30']
SELECT TOP(1) [u].[UserId], [u].[CreatedAt], [u].[Email], [u].[FullName], [u].[IsActive], [u].[PasswordHash], [u].[Role]
FROM [Users] AS [u]
WHERE [u].[Email] = @email
2026-08-27 19:22:46.069 +05:30 [INF] Executed DbCommand (43ms) [Parameters=[@p0='?' (DbType = DateTime2), @p1='?' (DbType = DateTime2), @p2='?' (DbType = Boolean), @p3='?' (DbType = DateTime2), @p4='?' (Size = 500), @p5='?' (DbType = Int32)], CommandType='"Text"', CommandTimeout='30']
SET IMPLICIT_TRANSACTIONS OFF;
SET NOCOUNT ON;
INSERT INTO [RefreshTokens] ([CreatedAt], [ExpiresAt], [IsRevoked], [RevokedAt], [Token], [UserId])
OUTPUT INSERTED.[RefreshTokenId]
VALUES (@p0, @p1, @p2, @p3, @p4, @p5);
2026-08-27 19:22:46.665 +05:30 [INF] Executing OkObjectResult, writing value of type 'LoanDeductionPrediction.Models.DTOs.LoginResponse'.
2026-08-27 19:22:46.835 +05:30 [INF] Executed action LoanDeductionPrediction.API.Controllers.AuthController.Login (LoanDeductionPrediction.API) in 2806.7899ms
2026-08-27 19:22:46.842 +05:30 [INF] Executed endpoint 'LoanDeductionPrediction.API.Controllers.AuthController.Login (LoanDeductionPrediction.API)'
2026-08-27 19:22:46.858 +05:30 [INF] HTTP POST /api/Auth/login responded 200 in 3165.2642 ms
2026-08-27 19:22:46.921 +05:30 [INF] Request finished HTTP/1.1 POST http://localhost:5082/api/Auth/login - 200 null application/json; charset=utf-8 3297.6954ms
2026-08-27 19:25:27.197 +05:30 [INF] Request starting HTTP/1.1 GET http://localhost:5082/api/RepaymentSchedule/loan/2 - null null
2026-08-27 19:25:27.594 +05:30 [INF] Executing endpoint 'LoanDeductionPrediction.API.Controllers.RepaymentScheduleController.GetLoanSchedule (LoanDeductionPrediction.API)'
2026-08-27 19:25:27.945 +05:30 [INF] Route matched with {action = "GetLoanSchedule", controller = "RepaymentSchedule"}. Executing controller action with signature System.Threading.Tasks.Task`1[Microsoft.AspNetCore.Mvc.IActionResult] GetLoanSchedule(Int32) on controller LoanDeductionPrediction.API.Controllers.RepaymentScheduleController (LoanDeductionPrediction.API).
2026-08-27 19:25:28.052 +05:30 [INF] Executed DbCommand (24ms) [Parameters=[@loanId='?' (DbType = Int32)], CommandType='"Text"', CommandTimeout='30']
SELECT TOP(1) [l].[LoanId], [l].[BorrowerId], [l].[CreatedAt], [l].[EMIAmount], [l].[EndDate], [l].[InterestRate], [l].[LoanOfficerId], [l].[OutstandingAmount], [l].[PrincipalAmount], [l].[StartDate], [l].[Status], [l].[TenureMonths]
FROM [LoanAccounts] AS [l]
WHERE [l].[LoanId] = @loanId
2026-08-27 19:25:28.964 +05:30 [INF] Executed DbCommand (37ms) [Parameters=[@loanId='?' (DbType = Int32)], CommandType='"Text"', CommandTimeout='30']
SELECT [r].[ScheduleId], [r].[DueDate], [r].[EMIAmount], [r].[InstallmentNumber], [r].[InterestAmount], [r].[LoanId], [r].[PaidAmount], [r].[PaidDate], [r].[PrincipalAmount], [r].[Status]
FROM [RepaymentSchedules] AS [r]
WHERE [r].[LoanId] = @loanId
ORDER BY [r].[InstallmentNumber]
2026-08-27 19:25:29.047 +05:30 [INF] Executing OkObjectResult, writing value of type 'System.Collections.Generic.List`1[[LoanDeductionPrediction.Models.DTOs.RepaymentScheduleDto, LoanDeductionPrediction.Models, Version=1.0.0.0, Culture=neutral, PublicKeyToken=null]]'.
2026-08-27 19:25:29.104 +05:30 [INF] Executed action LoanDeductionPrediction.API.Controllers.RepaymentScheduleController.GetLoanSchedule (LoanDeductionPrediction.API) in 1155.728ms
2026-08-27 19:25:29.111 +05:30 [INF] Executed endpoint 'LoanDeductionPrediction.API.Controllers.RepaymentScheduleController.GetLoanSchedule (LoanDeductionPrediction.API)'
2026-08-27 19:25:29.117 +05:30 [INF] HTTP GET /api/RepaymentSchedule/loan/2 responded 200 in 1684.7487 ms
2026-08-27 19:25:29.125 +05:30 [INF] Request finished HTTP/1.1 GET http://localhost:5082/api/RepaymentSchedule/loan/2 - 200 null application/json; charset=utf-8 1928.6883ms
2026-08-27 19:33:17.293 +05:30 [INF] Application is shutting down...
2026-08-27 19:48:09.133 +05:30 [WRN] No store type was specified for the decimal property 'InterestRate' on entity type 'LoanRequest'. This will cause values to be silently truncated if they do not fit in the default precision and scale. Explicitly specify the SQL server column type that can accommodate all the values in 'OnModelCreating' using 'HasColumnType', specify precision and scale using 'HasPrecision', or configure a value converter using 'HasConversion'.
2026-08-27 19:48:09.202 +05:30 [WRN] No store type was specified for the decimal property 'RequestedAmount' on entity type 'LoanRequest'. This will cause values to be silently truncated if they do not fit in the default precision and scale. Explicitly specify the SQL server column type that can accommodate all the values in 'OnModelCreating' using 'HasColumnType', specify precision and scale using 'HasPrecision', or configure a value converter using 'HasConversion'.
2026-08-27 19:48:09.650 +05:30 [INF] Executed DbCommand (20ms) [Parameters=[], CommandType='"Text"', CommandTimeout='30']
SELECT 1
2026-08-27 19:48:09.666 +05:30 [INF] Acquiring an exclusive lock for migration application. See https://aka.ms/efcore-docs-migrations-lock for more information if this takes too long.
2026-08-27 19:48:09.750 +05:30 [INF] Executed DbCommand (75ms) [Parameters=[], CommandType='"Text"', CommandTimeout='30']
DECLARE @result int;
EXEC @result = sp_getapplock @Resource = '__EFMigrationsLock', @LockOwner = 'Session', @LockMode = 'Exclusive';
SELECT @result
2026-08-27 19:48:09.859 +05:30 [INF] Executed DbCommand (13ms) [Parameters=[], CommandType='"Text"', CommandTimeout='30']
IF OBJECT_ID(N'[__EFMigrationsHistory]') IS NULL
BEGIN
    CREATE TABLE [__EFMigrationsHistory] (
        [MigrationId] nvarchar(150) NOT NULL,
        [ProductVersion] nvarchar(32) NOT NULL,
        CONSTRAINT [PK___EFMigrationsHistory] PRIMARY KEY ([MigrationId])
    );
END;
2026-08-27 19:48:09.870 +05:30 [INF] Executed DbCommand (1ms) [Parameters=[], CommandType='"Text"', CommandTimeout='30']
SELECT 1
2026-08-27 19:48:09.876 +05:30 [INF] Executed DbCommand (1ms) [Parameters=[], CommandType='"Text"', CommandTimeout='30']
SELECT OBJECT_ID(N'[__EFMigrationsHistory]');
2026-08-27 19:48:09.937 +05:30 [INF] Executed DbCommand (54ms) [Parameters=[], CommandType='"Text"', CommandTimeout='30']
SELECT [MigrationId], [ProductVersion]
FROM [__EFMigrationsHistory]
ORDER BY [MigrationId];
2026-08-27 19:48:09.948 +05:30 [INF] No migrations were applied. The database is already up to date.
2026-08-27 19:48:09.959 +05:30 [INF] Executed DbCommand (9ms) [Parameters=[], CommandType='"Text"', CommandTimeout='30']
DECLARE @result int;
EXEC @result = sp_releaseapplock @Resource = '__EFMigrationsLock', @LockOwner = 'Session';
SELECT @result
2026-08-27 19:48:10.240 +05:30 [INF] Executed DbCommand (19ms) [Parameters=[], CommandType='"Text"', CommandTimeout='30']
SELECT CASE
    WHEN EXISTS (
        SELECT 1
        FROM [Users] AS [u]
        WHERE [u].[Role] = N'Admin') THEN CAST(1 AS bit)
    ELSE CAST(0 AS bit)
END
2026-08-27 19:48:10.362 +05:30 [INF] User profile is available. Using 'C:\Users\thang\AppData\Local\ASP.NET\DataProtection-Keys' as key repository and Windows DPAPI to encrypt keys at rest.
2026-08-27 19:48:10.373 +05:30 [INF] Payment Behavior Background Service started.
2026-08-27 19:48:10.464 +05:30 [INF] Now listening on: http://localhost:5082
2026-08-27 19:48:10.467 +05:30 [INF] Application started. Press Ctrl+C to shut down.
2026-08-27 19:48:10.469 +05:30 [INF] Hosting environment: Development
2026-08-27 19:48:10.470 +05:30 [INF] Content root path: C:\Users\thang\OneDrive\Documents\React Projects\LoanDeductionPrediction\LoanDeductionPrediction.API
2026-08-27 19:48:10.594 +05:30 [INF] Executed DbCommand (62ms) [Parameters=[@today='?' (DbType = Date)], CommandType='"Text"', CommandTimeout='30']
SELECT [r].[ScheduleId], [r].[DueDate], [r].[EMIAmount], [r].[InstallmentNumber], [r].[InterestAmount], [r].[LoanId], [r].[PaidAmount], [r].[PaidDate], [r].[PrincipalAmount], [r].[Status]
FROM [RepaymentSchedules] AS [r]
WHERE [r].[DueDate] < @today AND [r].[PaidAmount] < [r].[EMIAmount] AND [r].[Status] <> N'PAID'
ORDER BY [r].[DueDate]
2026-08-27 19:48:10.722 +05:30 [INF] Executed DbCommand (10ms) [Parameters=[@scheduleId='?' (DbType = Int32)], CommandType='"Text"', CommandTimeout='30']
SELECT TOP(1) [p].[BehaviorLogId], [p].[BorrowerId], [p].[DaysLate], [p].[DueDate], [p].[LoanId], [p].[PaymentDate], [p].[PaymentStatus], [p].[RecordedAt], [p].[ScheduleId]
FROM [PaymentBehaviorLogs] AS [p]
WHERE [p].[ScheduleId] = @scheduleId
2026-08-27 19:48:10.752 +05:30 [INF] Executed DbCommand (6ms) [Parameters=[@scheduleId='?' (DbType = Int32)], CommandType='"Text"', CommandTimeout='30']
SELECT TOP(1) [r].[ScheduleId], [r].[DueDate], [r].[EMIAmount], [r].[InstallmentNumber], [r].[InterestAmount], [r].[LoanId], [r].[PaidAmount], [r].[PaidDate], [r].[PrincipalAmount], [r].[Status]
FROM [RepaymentSchedules] AS [r]
WHERE [r].[ScheduleId] = @scheduleId
2026-08-27 19:48:10.795 +05:30 [INF] Executed DbCommand (10ms) [Parameters=[@loanId='?' (DbType = Int32)], CommandType='"Text"', CommandTimeout='30']
SELECT TOP(1) [l].[LoanId], [l].[BorrowerId], [l].[CreatedAt], [l].[EMIAmount], [l].[EndDate], [l].[InterestRate], [l].[LoanOfficerId], [l].[OutstandingAmount], [l].[PrincipalAmount], [l].[StartDate], [l].[Status], [l].[TenureMonths]
FROM [LoanAccounts] AS [l]
WHERE [l].[LoanId] = @loanId
2026-08-27 19:48:10.808 +05:30 [INF] Executed DbCommand (4ms) [Parameters=[@scheduleId='?' (DbType = Int32)], CommandType='"Text"', CommandTimeout='30']
SELECT TOP(1) [p].[BehaviorLogId], [p].[BorrowerId], [p].[DaysLate], [p].[DueDate], [p].[LoanId], [p].[PaymentDate], [p].[PaymentStatus], [p].[RecordedAt], [p].[ScheduleId]
FROM [PaymentBehaviorLogs] AS [p]
WHERE [p].[ScheduleId] = @scheduleId
2026-08-27 19:48:11.034 +05:30 [INF] Executed DbCommand (25ms) [Parameters=[@p0='?' (DbType = Int32), @p1='?' (DbType = Int32), @p2='?' (DbType = Date), @p3='?' (DbType = Int32), @p4='?' (DbType = Date), @p5='?' (Size = 30), @p6='?' (DbType = DateTime2), @p7='?' (DbType = Int32)], CommandType='"Text"', CommandTimeout='30']
SET IMPLICIT_TRANSACTIONS OFF;
SET NOCOUNT ON;
INSERT INTO [PaymentBehaviorLogs] ([BorrowerId], [DaysLate], [DueDate], [LoanId], [PaymentDate], [PaymentStatus], [RecordedAt], [ScheduleId])
OUTPUT INSERTED.[BehaviorLogId]
VALUES (@p0, @p1, @p2, @p3, @p4, @p5, @p6, @p7);
2026-08-27 19:48:11.073 +05:30 [INF] Executed DbCommand (4ms) [Parameters=[@scheduleId='?' (DbType = Int32)], CommandType='"Text"', CommandTimeout='30']
SELECT TOP(1) [p].[BehaviorLogId], [p].[BorrowerId], [p].[DaysLate], [p].[DueDate], [p].[LoanId], [p].[PaymentDate], [p].[PaymentStatus], [p].[RecordedAt], [p].[ScheduleId]
FROM [PaymentBehaviorLogs] AS [p]
WHERE [p].[ScheduleId] = @scheduleId
2026-08-27 19:48:11.081 +05:30 [INF] Executed DbCommand (3ms) [Parameters=[@scheduleId='?' (DbType = Int32)], CommandType='"Text"', CommandTimeout='30']
SELECT TOP(1) [r].[ScheduleId], [r].[DueDate], [r].[EMIAmount], [r].[InstallmentNumber], [r].[InterestAmount], [r].[LoanId], [r].[PaidAmount], [r].[PaidDate], [r].[PrincipalAmount], [r].[Status]
FROM [RepaymentSchedules] AS [r]
WHERE [r].[ScheduleId] = @scheduleId
2026-08-27 19:48:11.095 +05:30 [INF] Executed DbCommand (3ms) [Parameters=[@loanId='?' (DbType = Int32)], CommandType='"Text"', CommandTimeout='30']
SELECT TOP(1) [l].[LoanId], [l].[BorrowerId], [l].[CreatedAt], [l].[EMIAmount], [l].[EndDate], [l].[InterestRate], [l].[LoanOfficerId], [l].[OutstandingAmount], [l].[PrincipalAmount], [l].[StartDate], [l].[Status], [l].[TenureMonths]
FROM [LoanAccounts] AS [l]
WHERE [l].[LoanId] = @loanId
2026-08-27 19:48:11.115 +05:30 [INF] Executed DbCommand (4ms) [Parameters=[@scheduleId='?' (DbType = Int32)], CommandType='"Text"', CommandTimeout='30']
SELECT TOP(1) [p].[BehaviorLogId], [p].[BorrowerId], [p].[DaysLate], [p].[DueDate], [p].[LoanId], [p].[PaymentDate], [p].[PaymentStatus], [p].[RecordedAt], [p].[ScheduleId]
FROM [PaymentBehaviorLogs] AS [p]
WHERE [p].[ScheduleId] = @scheduleId
2026-08-27 19:48:11.132 +05:30 [INF] Executed DbCommand (6ms) [Parameters=[@p0='?' (DbType = Int32), @p1='?' (DbType = Int32), @p2='?' (DbType = Date), @p3='?' (DbType = Int32), @p4='?' (DbType = Date), @p5='?' (Size = 30), @p6='?' (DbType = DateTime2), @p7='?' (DbType = Int32)], CommandType='"Text"', CommandTimeout='30']
SET IMPLICIT_TRANSACTIONS OFF;
SET NOCOUNT ON;
INSERT INTO [PaymentBehaviorLogs] ([BorrowerId], [DaysLate], [DueDate], [LoanId], [PaymentDate], [PaymentStatus], [RecordedAt], [ScheduleId])
OUTPUT INSERTED.[BehaviorLogId]
VALUES (@p0, @p1, @p2, @p3, @p4, @p5, @p6, @p7);
2026-08-27 19:48:11.140 +05:30 [INF] Executed DbCommand (1ms) [Parameters=[@scheduleId='?' (DbType = Int32)], CommandType='"Text"', CommandTimeout='30']
SELECT TOP(1) [p].[BehaviorLogId], [p].[BorrowerId], [p].[DaysLate], [p].[DueDate], [p].[LoanId], [p].[PaymentDate], [p].[PaymentStatus], [p].[RecordedAt], [p].[ScheduleId]
FROM [PaymentBehaviorLogs] AS [p]
WHERE [p].[ScheduleId] = @scheduleId
2026-08-27 19:48:11.145 +05:30 [INF] Executed DbCommand (2ms) [Parameters=[@scheduleId='?' (DbType = Int32)], CommandType='"Text"', CommandTimeout='30']
SELECT TOP(1) [r].[ScheduleId], [r].[DueDate], [r].[EMIAmount], [r].[InstallmentNumber], [r].[InterestAmount], [r].[LoanId], [r].[PaidAmount], [r].[PaidDate], [r].[PrincipalAmount], [r].[Status]
FROM [RepaymentSchedules] AS [r]
WHERE [r].[ScheduleId] = @scheduleId
2026-08-27 19:48:11.154 +05:30 [INF] Executed DbCommand (2ms) [Parameters=[@loanId='?' (DbType = Int32)], CommandType='"Text"', CommandTimeout='30']
SELECT TOP(1) [l].[LoanId], [l].[BorrowerId], [l].[CreatedAt], [l].[EMIAmount], [l].[EndDate], [l].[InterestRate], [l].[LoanOfficerId], [l].[OutstandingAmount], [l].[PrincipalAmount], [l].[StartDate], [l].[Status], [l].[TenureMonths]
FROM [LoanAccounts] AS [l]
WHERE [l].[LoanId] = @loanId
2026-08-27 19:48:11.160 +05:30 [INF] Executed DbCommand (1ms) [Parameters=[@scheduleId='?' (DbType = Int32)], CommandType='"Text"', CommandTimeout='30']
SELECT TOP(1) [p].[BehaviorLogId], [p].[BorrowerId], [p].[DaysLate], [p].[DueDate], [p].[LoanId], [p].[PaymentDate], [p].[PaymentStatus], [p].[RecordedAt], [p].[ScheduleId]
FROM [PaymentBehaviorLogs] AS [p]
WHERE [p].[ScheduleId] = @scheduleId
2026-08-27 19:48:11.169 +05:30 [INF] Executed DbCommand (1ms) [Parameters=[@p0='?' (DbType = Int32), @p1='?' (DbType = Int32), @p2='?' (DbType = Date), @p3='?' (DbType = Int32), @p4='?' (DbType = Date), @p5='?' (Size = 30), @p6='?' (DbType = DateTime2), @p7='?' (DbType = Int32)], CommandType='"Text"', CommandTimeout='30']
SET IMPLICIT_TRANSACTIONS OFF;
SET NOCOUNT ON;
INSERT INTO [PaymentBehaviorLogs] ([BorrowerId], [DaysLate], [DueDate], [LoanId], [PaymentDate], [PaymentStatus], [RecordedAt], [ScheduleId])
OUTPUT INSERTED.[BehaviorLogId]
VALUES (@p0, @p1, @p2, @p3, @p4, @p5, @p6, @p7);
2026-08-27 19:48:11.173 +05:30 [INF] Executed DbCommand (1ms) [Parameters=[@scheduleId='?' (DbType = Int32)], CommandType='"Text"', CommandTimeout='30']
SELECT TOP(1) [p].[BehaviorLogId], [p].[BorrowerId], [p].[DaysLate], [p].[DueDate], [p].[LoanId], [p].[PaymentDate], [p].[PaymentStatus], [p].[RecordedAt], [p].[ScheduleId]
FROM [PaymentBehaviorLogs] AS [p]
WHERE [p].[ScheduleId] = @scheduleId
2026-08-27 19:48:11.176 +05:30 [INF] Executed DbCommand (1ms) [Parameters=[@scheduleId='?' (DbType = Int32)], CommandType='"Text"', CommandTimeout='30']
SELECT TOP(1) [r].[ScheduleId], [r].[DueDate], [r].[EMIAmount], [r].[InstallmentNumber], [r].[InterestAmount], [r].[LoanId], [r].[PaidAmount], [r].[PaidDate], [r].[PrincipalAmount], [r].[Status]
FROM [RepaymentSchedules] AS [r]
WHERE [r].[ScheduleId] = @scheduleId
2026-08-27 19:48:11.191 +05:30 [INF] Executed DbCommand (8ms) [Parameters=[@loanId='?' (DbType = Int32)], CommandType='"Text"', CommandTimeout='30']
SELECT TOP(1) [l].[LoanId], [l].[BorrowerId], [l].[CreatedAt], [l].[EMIAmount], [l].[EndDate], [l].[InterestRate], [l].[LoanOfficerId], [l].[OutstandingAmount], [l].[PrincipalAmount], [l].[StartDate], [l].[Status], [l].[TenureMonths]
FROM [LoanAccounts] AS [l]
WHERE [l].[LoanId] = @loanId
2026-08-27 19:48:11.261 +05:30 [INF] Executed DbCommand (19ms) [Parameters=[@scheduleId='?' (DbType = Int32)], CommandType='"Text"', CommandTimeout='30']
SELECT TOP(1) [p].[BehaviorLogId], [p].[BorrowerId], [p].[DaysLate], [p].[DueDate], [p].[LoanId], [p].[PaymentDate], [p].[PaymentStatus], [p].[RecordedAt], [p].[ScheduleId]
FROM [PaymentBehaviorLogs] AS [p]
WHERE [p].[ScheduleId] = @scheduleId
2026-08-27 19:48:11.374 +05:30 [INF] Executed DbCommand (87ms) [Parameters=[@p0='?' (DbType = Int32), @p1='?' (DbType = Int32), @p2='?' (DbType = Date), @p3='?' (DbType = Int32), @p4='?' (DbType = Date), @p5='?' (Size = 30), @p6='?' (DbType = DateTime2), @p7='?' (DbType = Int32)], CommandType='"Text"', CommandTimeout='30']
SET IMPLICIT_TRANSACTIONS OFF;
SET NOCOUNT ON;
INSERT INTO [PaymentBehaviorLogs] ([BorrowerId], [DaysLate], [DueDate], [LoanId], [PaymentDate], [PaymentStatus], [RecordedAt], [ScheduleId])
OUTPUT INSERTED.[BehaviorLogId]
VALUES (@p0, @p1, @p2, @p3, @p4, @p5, @p6, @p7);
2026-08-27 19:48:11.414 +05:30 [INF] Executed DbCommand (6ms) [Parameters=[@scheduleId='?' (DbType = Int32)], CommandType='"Text"', CommandTimeout='30']
SELECT TOP(1) [p].[BehaviorLogId], [p].[BorrowerId], [p].[DaysLate], [p].[DueDate], [p].[LoanId], [p].[PaymentDate], [p].[PaymentStatus], [p].[RecordedAt], [p].[ScheduleId]
FROM [PaymentBehaviorLogs] AS [p]
WHERE [p].[ScheduleId] = @scheduleId
2026-08-27 19:48:11.421 +05:30 [INF] Executed DbCommand (2ms) [Parameters=[@scheduleId='?' (DbType = Int32)], CommandType='"Text"', CommandTimeout='30']
SELECT TOP(1) [r].[ScheduleId], [r].[DueDate], [r].[EMIAmount], [r].[InstallmentNumber], [r].[InterestAmount], [r].[LoanId], [r].[PaidAmount], [r].[PaidDate], [r].[PrincipalAmount], [r].[Status]
FROM [RepaymentSchedules] AS [r]
WHERE [r].[ScheduleId] = @scheduleId
2026-08-27 19:48:11.429 +05:30 [INF] Executed DbCommand (3ms) [Parameters=[@loanId='?' (DbType = Int32)], CommandType='"Text"', CommandTimeout='30']
SELECT TOP(1) [l].[LoanId], [l].[BorrowerId], [l].[CreatedAt], [l].[EMIAmount], [l].[EndDate], [l].[InterestRate], [l].[LoanOfficerId], [l].[OutstandingAmount], [l].[PrincipalAmount], [l].[StartDate], [l].[Status], [l].[TenureMonths]
FROM [LoanAccounts] AS [l]
WHERE [l].[LoanId] = @loanId
2026-08-27 19:48:11.437 +05:30 [INF] Executed DbCommand (1ms) [Parameters=[@scheduleId='?' (DbType = Int32)], CommandType='"Text"', CommandTimeout='30']
SELECT TOP(1) [p].[BehaviorLogId], [p].[BorrowerId], [p].[DaysLate], [p].[DueDate], [p].[LoanId], [p].[PaymentDate], [p].[PaymentStatus], [p].[RecordedAt], [p].[ScheduleId]
FROM [PaymentBehaviorLogs] AS [p]
WHERE [p].[ScheduleId] = @scheduleId
2026-08-27 19:48:11.455 +05:30 [INF] Executed DbCommand (3ms) [Parameters=[@p0='?' (DbType = Int32), @p1='?' (DbType = Int32), @p2='?' (DbType = Date), @p3='?' (DbType = Int32), @p4='?' (DbType = Date), @p5='?' (Size = 30), @p6='?' (DbType = DateTime2), @p7='?' (DbType = Int32)], CommandType='"Text"', CommandTimeout='30']
SET IMPLICIT_TRANSACTIONS OFF;
SET NOCOUNT ON;
INSERT INTO [PaymentBehaviorLogs] ([BorrowerId], [DaysLate], [DueDate], [LoanId], [PaymentDate], [PaymentStatus], [RecordedAt], [ScheduleId])
OUTPUT INSERTED.[BehaviorLogId]
VALUES (@p0, @p1, @p2, @p3, @p4, @p5, @p6, @p7);
2026-08-27 19:48:11.504 +05:30 [INF] Executed DbCommand (13ms) [Parameters=[@scheduleId='?' (DbType = Int32)], CommandType='"Text"', CommandTimeout='30']
SELECT TOP(1) [p].[BehaviorLogId], [p].[BorrowerId], [p].[DaysLate], [p].[DueDate], [p].[LoanId], [p].[PaymentDate], [p].[PaymentStatus], [p].[RecordedAt], [p].[ScheduleId]
FROM [PaymentBehaviorLogs] AS [p]
WHERE [p].[ScheduleId] = @scheduleId
2026-08-27 19:48:11.552 +05:30 [INF] Executed DbCommand (11ms) [Parameters=[@scheduleId='?' (DbType = Int32)], CommandType='"Text"', CommandTimeout='30']
SELECT TOP(1) [r].[ScheduleId], [r].[DueDate], [r].[EMIAmount], [r].[InstallmentNumber], [r].[InterestAmount], [r].[LoanId], [r].[PaidAmount], [r].[PaidDate], [r].[PrincipalAmount], [r].[Status]
FROM [RepaymentSchedules] AS [r]
WHERE [r].[ScheduleId] = @scheduleId
2026-08-27 19:48:11.569 +05:30 [INF] Executed DbCommand (8ms) [Parameters=[@loanId='?' (DbType = Int32)], CommandType='"Text"', CommandTimeout='30']
SELECT TOP(1) [l].[LoanId], [l].[BorrowerId], [l].[CreatedAt], [l].[EMIAmount], [l].[EndDate], [l].[InterestRate], [l].[LoanOfficerId], [l].[OutstandingAmount], [l].[PrincipalAmount], [l].[StartDate], [l].[Status], [l].[TenureMonths]
FROM [LoanAccounts] AS [l]
WHERE [l].[LoanId] = @loanId
2026-08-27 19:48:11.636 +05:30 [INF] Executed DbCommand (15ms) [Parameters=[@scheduleId='?' (DbType = Int32)], CommandType='"Text"', CommandTimeout='30']
SELECT TOP(1) [p].[BehaviorLogId], [p].[BorrowerId], [p].[DaysLate], [p].[DueDate], [p].[LoanId], [p].[PaymentDate], [p].[PaymentStatus], [p].[RecordedAt], [p].[ScheduleId]
FROM [PaymentBehaviorLogs] AS [p]
WHERE [p].[ScheduleId] = @scheduleId
2026-08-27 19:48:11.668 +05:30 [INF] Executed DbCommand (14ms) [Parameters=[@p0='?' (DbType = Int32), @p1='?' (DbType = Int32), @p2='?' (DbType = Date), @p3='?' (DbType = Int32), @p4='?' (DbType = Date), @p5='?' (Size = 30), @p6='?' (DbType = DateTime2), @p7='?' (DbType = Int32)], CommandType='"Text"', CommandTimeout='30']
SET IMPLICIT_TRANSACTIONS OFF;
SET NOCOUNT ON;
INSERT INTO [PaymentBehaviorLogs] ([BorrowerId], [DaysLate], [DueDate], [LoanId], [PaymentDate], [PaymentStatus], [RecordedAt], [ScheduleId])
OUTPUT INSERTED.[BehaviorLogId]
VALUES (@p0, @p1, @p2, @p3, @p4, @p5, @p6, @p7);
2026-08-27 19:48:11.675 +05:30 [INF] Executed DbCommand (2ms) [Parameters=[@scheduleId='?' (DbType = Int32)], CommandType='"Text"', CommandTimeout='30']
SELECT TOP(1) [p].[BehaviorLogId], [p].[BorrowerId], [p].[DaysLate], [p].[DueDate], [p].[LoanId], [p].[PaymentDate], [p].[PaymentStatus], [p].[RecordedAt], [p].[ScheduleId]
FROM [PaymentBehaviorLogs] AS [p]
WHERE [p].[ScheduleId] = @scheduleId
2026-08-27 19:48:11.688 +05:30 [INF] Executed DbCommand (2ms) [Parameters=[@scheduleId='?' (DbType = Int32)], CommandType='"Text"', CommandTimeout='30']
SELECT TOP(1) [r].[ScheduleId], [r].[DueDate], [r].[EMIAmount], [r].[InstallmentNumber], [r].[InterestAmount], [r].[LoanId], [r].[PaidAmount], [r].[PaidDate], [r].[PrincipalAmount], [r].[Status]
FROM [RepaymentSchedules] AS [r]
WHERE [r].[ScheduleId] = @scheduleId
2026-08-27 19:48:11.696 +05:30 [INF] Executed DbCommand (2ms) [Parameters=[@loanId='?' (DbType = Int32)], CommandType='"Text"', CommandTimeout='30']
SELECT TOP(1) [l].[LoanId], [l].[BorrowerId], [l].[CreatedAt], [l].[EMIAmount], [l].[EndDate], [l].[InterestRate], [l].[LoanOfficerId], [l].[OutstandingAmount], [l].[PrincipalAmount], [l].[StartDate], [l].[Status], [l].[TenureMonths]
FROM [LoanAccounts] AS [l]
WHERE [l].[LoanId] = @loanId
2026-08-27 19:48:11.722 +05:30 [INF] Executed DbCommand (1ms) [Parameters=[@scheduleId='?' (DbType = Int32)], CommandType='"Text"', CommandTimeout='30']
SELECT TOP(1) [p].[BehaviorLogId], [p].[BorrowerId], [p].[DaysLate], [p].[DueDate], [p].[LoanId], [p].[PaymentDate], [p].[PaymentStatus], [p].[RecordedAt], [p].[ScheduleId]
FROM [PaymentBehaviorLogs] AS [p]
WHERE [p].[ScheduleId] = @scheduleId
2026-08-27 19:48:11.752 +05:30 [INF] Executed DbCommand (10ms) [Parameters=[@p0='?' (DbType = Int32), @p1='?' (DbType = Int32), @p2='?' (DbType = Date), @p3='?' (DbType = Int32), @p4='?' (DbType = Date), @p5='?' (Size = 30), @p6='?' (DbType = DateTime2), @p7='?' (DbType = Int32)], CommandType='"Text"', CommandTimeout='30']
SET IMPLICIT_TRANSACTIONS OFF;
SET NOCOUNT ON;
INSERT INTO [PaymentBehaviorLogs] ([BorrowerId], [DaysLate], [DueDate], [LoanId], [PaymentDate], [PaymentStatus], [RecordedAt], [ScheduleId])
OUTPUT INSERTED.[BehaviorLogId]
VALUES (@p0, @p1, @p2, @p3, @p4, @p5, @p6, @p7);
2026-08-27 19:48:11.767 +05:30 [INF] Executed DbCommand (6ms) [Parameters=[@scheduleId='?' (DbType = Int32)], CommandType='"Text"', CommandTimeout='30']
SELECT TOP(1) [p].[BehaviorLogId], [p].[BorrowerId], [p].[DaysLate], [p].[DueDate], [p].[LoanId], [p].[PaymentDate], [p].[PaymentStatus], [p].[RecordedAt], [p].[ScheduleId]
FROM [PaymentBehaviorLogs] AS [p]
WHERE [p].[ScheduleId] = @scheduleId
2026-08-27 19:48:11.776 +05:30 [INF] Executed DbCommand (5ms) [Parameters=[@scheduleId='?' (DbType = Int32)], CommandType='"Text"', CommandTimeout='30']
SELECT TOP(1) [r].[ScheduleId], [r].[DueDate], [r].[EMIAmount], [r].[InstallmentNumber], [r].[InterestAmount], [r].[LoanId], [r].[PaidAmount], [r].[PaidDate], [r].[PrincipalAmount], [r].[Status]
FROM [RepaymentSchedules] AS [r]
WHERE [r].[ScheduleId] = @scheduleId
2026-08-27 19:48:11.792 +05:30 [INF] Executed DbCommand (3ms) [Parameters=[@loanId='?' (DbType = Int32)], CommandType='"Text"', CommandTimeout='30']
SELECT TOP(1) [l].[LoanId], [l].[BorrowerId], [l].[CreatedAt], [l].[EMIAmount], [l].[EndDate], [l].[InterestRate], [l].[LoanOfficerId], [l].[OutstandingAmount], [l].[PrincipalAmount], [l].[StartDate], [l].[Status], [l].[TenureMonths]
FROM [LoanAccounts] AS [l]
WHERE [l].[LoanId] = @loanId
2026-08-27 19:48:11.807 +05:30 [INF] Executed DbCommand (2ms) [Parameters=[@scheduleId='?' (DbType = Int32)], CommandType='"Text"', CommandTimeout='30']
SELECT TOP(1) [p].[BehaviorLogId], [p].[BorrowerId], [p].[DaysLate], [p].[DueDate], [p].[LoanId], [p].[PaymentDate], [p].[PaymentStatus], [p].[RecordedAt], [p].[ScheduleId]
FROM [PaymentBehaviorLogs] AS [p]
WHERE [p].[ScheduleId] = @scheduleId
2026-08-27 19:48:11.836 +05:30 [INF] Executed DbCommand (11ms) [Parameters=[@p0='?' (DbType = Int32), @p1='?' (DbType = Int32), @p2='?' (DbType = Date), @p3='?' (DbType = Int32), @p4='?' (DbType = Date), @p5='?' (Size = 30), @p6='?' (DbType = DateTime2), @p7='?' (DbType = Int32)], CommandType='"Text"', CommandTimeout='30']
SET IMPLICIT_TRANSACTIONS OFF;
SET NOCOUNT ON;
INSERT INTO [PaymentBehaviorLogs] ([BorrowerId], [DaysLate], [DueDate], [LoanId], [PaymentDate], [PaymentStatus], [RecordedAt], [ScheduleId])
OUTPUT INSERTED.[BehaviorLogId]
VALUES (@p0, @p1, @p2, @p3, @p4, @p5, @p6, @p7);
2026-08-27 19:48:11.843 +05:30 [INF] Executed DbCommand (1ms) [Parameters=[@scheduleId='?' (DbType = Int32)], CommandType='"Text"', CommandTimeout='30']
SELECT TOP(1) [p].[BehaviorLogId], [p].[BorrowerId], [p].[DaysLate], [p].[DueDate], [p].[LoanId], [p].[PaymentDate], [p].[PaymentStatus], [p].[RecordedAt], [p].[ScheduleId]
FROM [PaymentBehaviorLogs] AS [p]
WHERE [p].[ScheduleId] = @scheduleId
2026-08-27 19:48:11.857 +05:30 [INF] Executed DbCommand (4ms) [Parameters=[@scheduleId='?' (DbType = Int32)], CommandType='"Text"', CommandTimeout='30']
SELECT TOP(1) [r].[ScheduleId], [r].[DueDate], [r].[EMIAmount], [r].[InstallmentNumber], [r].[InterestAmount], [r].[LoanId], [r].[PaidAmount], [r].[PaidDate], [r].[PrincipalAmount], [r].[Status]
FROM [RepaymentSchedules] AS [r]
WHERE [r].[ScheduleId] = @scheduleId
2026-08-27 19:48:11.868 +05:30 [INF] Executed DbCommand (6ms) [Parameters=[@loanId='?' (DbType = Int32)], CommandType='"Text"', CommandTimeout='30']
SELECT TOP(1) [l].[LoanId], [l].[BorrowerId], [l].[CreatedAt], [l].[EMIAmount], [l].[EndDate], [l].[InterestRate], [l].[LoanOfficerId], [l].[OutstandingAmount], [l].[PrincipalAmount], [l].[StartDate], [l].[Status], [l].[TenureMonths]
FROM [LoanAccounts] AS [l]
WHERE [l].[LoanId] = @loanId
2026-08-27 19:48:11.874 +05:30 [INF] Executed DbCommand (1ms) [Parameters=[@scheduleId='?' (DbType = Int32)], CommandType='"Text"', CommandTimeout='30']
SELECT TOP(1) [p].[BehaviorLogId], [p].[BorrowerId], [p].[DaysLate], [p].[DueDate], [p].[LoanId], [p].[PaymentDate], [p].[PaymentStatus], [p].[RecordedAt], [p].[ScheduleId]
FROM [PaymentBehaviorLogs] AS [p]
WHERE [p].[ScheduleId] = @scheduleId
2026-08-27 19:48:11.888 +05:30 [INF] Executed DbCommand (5ms) [Parameters=[@p0='?' (DbType = Int32), @p1='?' (DbType = Int32), @p2='?' (DbType = Date), @p3='?' (DbType = Int32), @p4='?' (DbType = Date), @p5='?' (Size = 30), @p6='?' (DbType = DateTime2), @p7='?' (DbType = Int32)], CommandType='"Text"', CommandTimeout='30']
SET IMPLICIT_TRANSACTIONS OFF;
SET NOCOUNT ON;
INSERT INTO [PaymentBehaviorLogs] ([BorrowerId], [DaysLate], [DueDate], [LoanId], [PaymentDate], [PaymentStatus], [RecordedAt], [ScheduleId])
OUTPUT INSERTED.[BehaviorLogId]
VALUES (@p0, @p1, @p2, @p3, @p4, @p5, @p6, @p7);
2026-08-27 19:48:11.894 +05:30 [INF] Executed DbCommand (1ms) [Parameters=[@scheduleId='?' (DbType = Int32)], CommandType='"Text"', CommandTimeout='30']
SELECT TOP(1) [p].[BehaviorLogId], [p].[BorrowerId], [p].[DaysLate], [p].[DueDate], [p].[LoanId], [p].[PaymentDate], [p].[PaymentStatus], [p].[RecordedAt], [p].[ScheduleId]
FROM [PaymentBehaviorLogs] AS [p]
WHERE [p].[ScheduleId] = @scheduleId
2026-08-27 19:48:11.905 +05:30 [INF] Executed DbCommand (3ms) [Parameters=[@scheduleId='?' (DbType = Int32)], CommandType='"Text"', CommandTimeout='30']
SELECT TOP(1) [r].[ScheduleId], [r].[DueDate], [r].[EMIAmount], [r].[InstallmentNumber], [r].[InterestAmount], [r].[LoanId], [r].[PaidAmount], [r].[PaidDate], [r].[PrincipalAmount], [r].[Status]
FROM [RepaymentSchedules] AS [r]
WHERE [r].[ScheduleId] = @scheduleId
2026-08-27 19:48:11.918 +05:30 [INF] Executed DbCommand (1ms) [Parameters=[@loanId='?' (DbType = Int32)], CommandType='"Text"', CommandTimeout='30']
SELECT TOP(1) [l].[LoanId], [l].[BorrowerId], [l].[CreatedAt], [l].[EMIAmount], [l].[EndDate], [l].[InterestRate], [l].[LoanOfficerId], [l].[OutstandingAmount], [l].[PrincipalAmount], [l].[StartDate], [l].[Status], [l].[TenureMonths]
FROM [LoanAccounts] AS [l]
WHERE [l].[LoanId] = @loanId
2026-08-27 19:48:11.923 +05:30 [INF] Executed DbCommand (1ms) [Parameters=[@scheduleId='?' (DbType = Int32)], CommandType='"Text"', CommandTimeout='30']
SELECT TOP(1) [p].[BehaviorLogId], [p].[BorrowerId], [p].[DaysLate], [p].[DueDate], [p].[LoanId], [p].[PaymentDate], [p].[PaymentStatus], [p].[RecordedAt], [p].[ScheduleId]
FROM [PaymentBehaviorLogs] AS [p]
WHERE [p].[ScheduleId] = @scheduleId
2026-08-27 19:48:11.934 +05:30 [INF] Executed DbCommand (4ms) [Parameters=[@p0='?' (DbType = Int32), @p1='?' (DbType = Int32), @p2='?' (DbType = Date), @p3='?' (DbType = Int32), @p4='?' (DbType = Date), @p5='?' (Size = 30), @p6='?' (DbType = DateTime2), @p7='?' (DbType = Int32)], CommandType='"Text"', CommandTimeout='30']
SET IMPLICIT_TRANSACTIONS OFF;
SET NOCOUNT ON;
INSERT INTO [PaymentBehaviorLogs] ([BorrowerId], [DaysLate], [DueDate], [LoanId], [PaymentDate], [PaymentStatus], [RecordedAt], [ScheduleId])
OUTPUT INSERTED.[BehaviorLogId]
VALUES (@p0, @p1, @p2, @p3, @p4, @p5, @p6, @p7);
2026-08-27 19:48:11.940 +05:30 [INF] Executed DbCommand (1ms) [Parameters=[@scheduleId='?' (DbType = Int32)], CommandType='"Text"', CommandTimeout='30']
SELECT TOP(1) [p].[BehaviorLogId], [p].[BorrowerId], [p].[DaysLate], [p].[DueDate], [p].[LoanId], [p].[PaymentDate], [p].[PaymentStatus], [p].[RecordedAt], [p].[ScheduleId]
FROM [PaymentBehaviorLogs] AS [p]
WHERE [p].[ScheduleId] = @scheduleId
2026-08-27 19:48:11.949 +05:30 [INF] Executed DbCommand (3ms) [Parameters=[@scheduleId='?' (DbType = Int32)], CommandType='"Text"', CommandTimeout='30']
SELECT TOP(1) [r].[ScheduleId], [r].[DueDate], [r].[EMIAmount], [r].[InstallmentNumber], [r].[InterestAmount], [r].[LoanId], [r].[PaidAmount], [r].[PaidDate], [r].[PrincipalAmount], [r].[Status]
FROM [RepaymentSchedules] AS [r]
WHERE [r].[ScheduleId] = @scheduleId
2026-08-27 19:48:11.958 +05:30 [INF] Executed DbCommand (1ms) [Parameters=[@loanId='?' (DbType = Int32)], CommandType='"Text"', CommandTimeout='30']
SELECT TOP(1) [l].[LoanId], [l].[BorrowerId], [l].[CreatedAt], [l].[EMIAmount], [l].[EndDate], [l].[InterestRate], [l].[LoanOfficerId], [l].[OutstandingAmount], [l].[PrincipalAmount], [l].[StartDate], [l].[Status], [l].[TenureMonths]
FROM [LoanAccounts] AS [l]
WHERE [l].[LoanId] = @loanId
2026-08-27 19:48:12.003 +05:30 [INF] Executed DbCommand (32ms) [Parameters=[@scheduleId='?' (DbType = Int32)], CommandType='"Text"', CommandTimeout='30']
SELECT TOP(1) [p].[BehaviorLogId], [p].[BorrowerId], [p].[DaysLate], [p].[DueDate], [p].[LoanId], [p].[PaymentDate], [p].[PaymentStatus], [p].[RecordedAt], [p].[ScheduleId]
FROM [PaymentBehaviorLogs] AS [p]
WHERE [p].[ScheduleId] = @scheduleId
2026-08-27 19:48:12.038 +05:30 [INF] Executed DbCommand (16ms) [Parameters=[@p0='?' (DbType = Int32), @p1='?' (DbType = Int32), @p2='?' (DbType = Date), @p3='?' (DbType = Int32), @p4='?' (DbType = Date), @p5='?' (Size = 30), @p6='?' (DbType = DateTime2), @p7='?' (DbType = Int32)], CommandType='"Text"', CommandTimeout='30']
SET IMPLICIT_TRANSACTIONS OFF;
SET NOCOUNT ON;
INSERT INTO [PaymentBehaviorLogs] ([BorrowerId], [DaysLate], [DueDate], [LoanId], [PaymentDate], [PaymentStatus], [RecordedAt], [ScheduleId])
OUTPUT INSERTED.[BehaviorLogId]
VALUES (@p0, @p1, @p2, @p3, @p4, @p5, @p6, @p7);
2026-08-27 19:48:12.087 +05:30 [INF] Executed DbCommand (31ms) [Parameters=[@scheduleId='?' (DbType = Int32)], CommandType='"Text"', CommandTimeout='30']
SELECT TOP(1) [p].[BehaviorLogId], [p].[BorrowerId], [p].[DaysLate], [p].[DueDate], [p].[LoanId], [p].[PaymentDate], [p].[PaymentStatus], [p].[RecordedAt], [p].[ScheduleId]
FROM [PaymentBehaviorLogs] AS [p]
WHERE [p].[ScheduleId] = @scheduleId
2026-08-27 19:48:12.101 +05:30 [INF] Executed DbCommand (6ms) [Parameters=[@scheduleId='?' (DbType = Int32)], CommandType='"Text"', CommandTimeout='30']
SELECT TOP(1) [r].[ScheduleId], [r].[DueDate], [r].[EMIAmount], [r].[InstallmentNumber], [r].[InterestAmount], [r].[LoanId], [r].[PaidAmount], [r].[PaidDate], [r].[PrincipalAmount], [r].[Status]
FROM [RepaymentSchedules] AS [r]
WHERE [r].[ScheduleId] = @scheduleId
2026-08-27 19:48:12.111 +05:30 [INF] Executed DbCommand (3ms) [Parameters=[@loanId='?' (DbType = Int32)], CommandType='"Text"', CommandTimeout='30']
SELECT TOP(1) [l].[LoanId], [l].[BorrowerId], [l].[CreatedAt], [l].[EMIAmount], [l].[EndDate], [l].[InterestRate], [l].[LoanOfficerId], [l].[OutstandingAmount], [l].[PrincipalAmount], [l].[StartDate], [l].[Status], [l].[TenureMonths]
FROM [LoanAccounts] AS [l]
WHERE [l].[LoanId] = @loanId
2026-08-27 19:48:12.123 +05:30 [INF] Executed DbCommand (3ms) [Parameters=[@scheduleId='?' (DbType = Int32)], CommandType='"Text"', CommandTimeout='30']
SELECT TOP(1) [p].[BehaviorLogId], [p].[BorrowerId], [p].[DaysLate], [p].[DueDate], [p].[LoanId], [p].[PaymentDate], [p].[PaymentStatus], [p].[RecordedAt], [p].[ScheduleId]
FROM [PaymentBehaviorLogs] AS [p]
WHERE [p].[ScheduleId] = @scheduleId
2026-08-27 19:48:12.139 +05:30 [INF] Executed DbCommand (7ms) [Parameters=[@p0='?' (DbType = Int32), @p1='?' (DbType = Int32), @p2='?' (DbType = Date), @p3='?' (DbType = Int32), @p4='?' (DbType = Date), @p5='?' (Size = 30), @p6='?' (DbType = DateTime2), @p7='?' (DbType = Int32)], CommandType='"Text"', CommandTimeout='30']
SET IMPLICIT_TRANSACTIONS OFF;
SET NOCOUNT ON;
INSERT INTO [PaymentBehaviorLogs] ([BorrowerId], [DaysLate], [DueDate], [LoanId], [PaymentDate], [PaymentStatus], [RecordedAt], [ScheduleId])
OUTPUT INSERTED.[BehaviorLogId]
VALUES (@p0, @p1, @p2, @p3, @p4, @p5, @p6, @p7);
2026-08-27 19:48:12.145 +05:30 [INF] Processed 12 overdue repayment schedules.
2026-08-27 19:48:48.630 +05:30 [INF] Request starting HTTP/1.1 GET http://localhost:5082/swagger/index.html - null null
2026-08-27 19:48:49.050 +05:30 [INF] HTTP GET /swagger/index.html responded 304 in 184.3313 ms
2026-08-27 19:48:49.069 +05:30 [INF] Request finished HTTP/1.1 GET http://localhost:5082/swagger/index.html - 304 null null 443.3272ms
2026-08-27 19:48:49.101 +05:30 [INF] Request starting HTTP/1.1 GET http://localhost:5082/swagger/index.css - null null
2026-08-27 19:48:49.125 +05:30 [INF] Request starting HTTP/1.1 GET http://localhost:5082/swagger/index.js - null null
2026-08-27 19:48:49.125 +05:30 [INF] Request starting HTTP/1.1 GET http://localhost:5082/swagger/swagger-ui-bundle.js - null null
2026-08-27 19:48:49.138 +05:30 [INF] Request starting HTTP/1.1 GET http://localhost:5082/swagger/swagger-ui-standalone-preset.js - null null
2026-08-27 19:48:49.220 +05:30 [INF] Request starting HTTP/1.1 GET http://localhost:5082/swagger/swagger-ui.css - null null
2026-08-27 19:48:49.628 +05:30 [INF] HTTP GET /swagger/swagger-ui.css responded 304 in 1.5338 ms
2026-08-27 19:48:49.408 +05:30 [INF] HTTP GET /swagger/index.js responded 304 in 29.5267 ms
2026-08-27 19:48:49.506 +05:30 [INF] HTTP GET /swagger/swagger-ui-bundle.js responded 304 in 55.8476 ms
2026-08-27 19:48:49.566 +05:30 [INF] HTTP GET /swagger/swagger-ui-standalone-preset.js responded 304 in 8.0435 ms
2026-08-27 19:48:49.361 +05:30 [INF] HTTP GET /swagger/index.css responded 304 in 80.3228 ms
2026-08-27 19:48:50.610 +05:30 [INF] Request finished HTTP/1.1 GET http://localhost:5082/swagger/swagger-ui.css - 304 null null 1390.361ms
2026-08-27 19:48:50.635 +05:30 [INF] Request finished HTTP/1.1 GET http://localhost:5082/swagger/index.js - 304 null null 1511.1697ms
2026-08-27 19:48:50.998 +05:30 [INF] Request finished HTTP/1.1 GET http://localhost:5082/swagger/swagger-ui-bundle.js - 304 null null 1874.044ms
2026-08-27 19:48:51.085 +05:30 [INF] Request finished HTTP/1.1 GET http://localhost:5082/swagger/swagger-ui-standalone-preset.js - 304 null null 1947.3088ms
2026-08-27 19:48:51.115 +05:30 [INF] Request finished HTTP/1.1 GET http://localhost:5082/swagger/index.css - 304 null null 2014.0394ms
2026-08-27 19:48:51.976 +05:30 [INF] Request starting HTTP/1.1 GET http://localhost:5082/swagger/v1/swagger.json - null null
2026-08-27 19:48:52.430 +05:30 [INF] HTTP GET /swagger/v1/swagger.json responded 200 in 299.6881 ms
2026-08-27 19:48:52.434 +05:30 [INF] Request finished HTTP/1.1 GET http://localhost:5082/swagger/v1/swagger.json - 200 null application/json;charset=utf-8 457.9898ms
2026-08-27 19:49:23.417 +05:30 [INF] Request starting HTTP/1.1 POST http://localhost:5082/api/Auth/login - application/json 62
2026-08-27 19:49:23.454 +05:30 [WRN] Failed to determine the https port for redirect.
2026-08-27 19:49:23.507 +05:30 [INF] CORS policy execution successful.
2026-08-27 19:49:23.600 +05:30 [INF] Executing endpoint 'LoanDeductionPrediction.API.Controllers.AuthController.Login (LoanDeductionPrediction.API)'
2026-08-27 19:49:23.660 +05:30 [INF] Route matched with {action = "Login", controller = "Auth"}. Executing controller action with signature System.Threading.Tasks.Task`1[Microsoft.AspNetCore.Mvc.IActionResult] Login(LoanDeductionPrediction.Models.DTOs.LoginRequest) on controller LoanDeductionPrediction.API.Controllers.AuthController (LoanDeductionPrediction.API).
2026-08-27 19:49:24.006 +05:30 [WRN] You do not have a valid license key for the Lucky Penny software AutoMapper. This is allowed for development and testing scenarios. If you are running in production you are required to have a licensed version. Please visit https://luckypennysoftware.com to obtain a valid license.
2026-08-27 19:49:24.341 +05:30 [INF] Executed DbCommand (25ms) [Parameters=[@email='?' (Size = 150)], CommandType='"Text"', CommandTimeout='30']
SELECT TOP(1) [u].[UserId], [u].[CreatedAt], [u].[Email], [u].[FullName], [u].[IsActive], [u].[PasswordHash], [u].[Role]
FROM [Users] AS [u]
WHERE [u].[Email] = @email
2026-08-27 19:49:25.509 +05:30 [INF] Executed DbCommand (12ms) [Parameters=[@p0='?' (DbType = DateTime2), @p1='?' (DbType = DateTime2), @p2='?' (DbType = Boolean), @p3='?' (DbType = DateTime2), @p4='?' (Size = 500), @p5='?' (DbType = Int32)], CommandType='"Text"', CommandTimeout='30']
SET IMPLICIT_TRANSACTIONS OFF;
SET NOCOUNT ON;
INSERT INTO [RefreshTokens] ([CreatedAt], [ExpiresAt], [IsRevoked], [RevokedAt], [Token], [UserId])
OUTPUT INSERTED.[RefreshTokenId]
VALUES (@p0, @p1, @p2, @p3, @p4, @p5);
2026-08-27 19:49:25.537 +05:30 [INF] Executing OkObjectResult, writing value of type 'LoanDeductionPrediction.Models.DTOs.LoginResponse'.
2026-08-27 19:49:25.589 +05:30 [INF] Executed action LoanDeductionPrediction.API.Controllers.AuthController.Login (LoanDeductionPrediction.API) in 1892.4542ms
2026-08-27 19:49:25.592 +05:30 [INF] Executed endpoint 'LoanDeductionPrediction.API.Controllers.AuthController.Login (LoanDeductionPrediction.API)'
2026-08-27 19:49:25.601 +05:30 [INF] HTTP POST /api/Auth/login responded 200 in 2148.2393 ms
2026-08-27 19:49:25.613 +05:30 [INF] Request finished HTTP/1.1 POST http://localhost:5082/api/Auth/login - 200 null application/json; charset=utf-8 2199.7528ms
2026-08-27 19:50:30.402 +05:30 [INF] Request starting HTTP/1.1 GET http://localhost:5082/api/RepaymentSchedule/loan/2 - null null
2026-08-27 19:50:30.543 +05:30 [INF] Executing endpoint 'LoanDeductionPrediction.API.Controllers.RepaymentScheduleController.GetLoanSchedule (LoanDeductionPrediction.API)'
2026-08-27 19:50:30.568 +05:30 [INF] Route matched with {action = "GetLoanSchedule", controller = "RepaymentSchedule"}. Executing controller action with signature System.Threading.Tasks.Task`1[Microsoft.AspNetCore.Mvc.IActionResult] GetLoanSchedule(Int32) on controller LoanDeductionPrediction.API.Controllers.RepaymentScheduleController (LoanDeductionPrediction.API).
2026-08-27 19:50:30.612 +05:30 [INF] Executed DbCommand (11ms) [Parameters=[@loanId='?' (DbType = Int32)], CommandType='"Text"', CommandTimeout='30']
SELECT TOP(1) [l].[LoanId], [l].[BorrowerId], [l].[CreatedAt], [l].[EMIAmount], [l].[EndDate], [l].[InterestRate], [l].[LoanOfficerId], [l].[OutstandingAmount], [l].[PrincipalAmount], [l].[StartDate], [l].[Status], [l].[TenureMonths]
FROM [LoanAccounts] AS [l]
WHERE [l].[LoanId] = @loanId
2026-08-27 19:50:30.685 +05:30 [INF] Executed DbCommand (7ms) [Parameters=[@loanId='?' (DbType = Int32)], CommandType='"Text"', CommandTimeout='30']
SELECT [r].[ScheduleId], [r].[DueDate], [r].[EMIAmount], [r].[InstallmentNumber], [r].[InterestAmount], [r].[LoanId], [r].[PaidAmount], [r].[PaidDate], [r].[PrincipalAmount], [r].[Status]
FROM [RepaymentSchedules] AS [r]
WHERE [r].[LoanId] = @loanId
ORDER BY [r].[InstallmentNumber]
2026-08-27 19:50:30.741 +05:30 [INF] Executing OkObjectResult, writing value of type 'System.Collections.Generic.List`1[[LoanDeductionPrediction.Models.DTOs.RepaymentScheduleDto, LoanDeductionPrediction.Models, Version=1.0.0.0, Culture=neutral, PublicKeyToken=null]]'.
2026-08-27 19:50:30.803 +05:30 [INF] Executed action LoanDeductionPrediction.API.Controllers.RepaymentScheduleController.GetLoanSchedule (LoanDeductionPrediction.API) in 224.8844ms
2026-08-27 19:50:30.815 +05:30 [INF] Executed endpoint 'LoanDeductionPrediction.API.Controllers.RepaymentScheduleController.GetLoanSchedule (LoanDeductionPrediction.API)'
2026-08-27 19:50:30.836 +05:30 [INF] HTTP GET /api/RepaymentSchedule/loan/2 responded 200 in 411.0693 ms
2026-08-27 19:50:30.847 +05:30 [INF] Request finished HTTP/1.1 GET http://localhost:5082/api/RepaymentSchedule/loan/2 - 200 null application/json; charset=utf-8 445.4258ms
