2026-08-30 21:15:59.180 +05:30 [WRN] No store type was specified for the decimal property 'CollateralValue' on entity type 'BorrowerLoanApplication'. This will cause values to be silently truncated if they do not fit in the default precision and scale. Explicitly specify the SQL server column type that can accommodate all the values in 'OnModelCreating' using 'HasColumnType', specify precision and scale using 'HasPrecision', or configure a value converter using 'HasConversion'.
2026-08-30 21:15:59.264 +05:30 [WRN] No store type was specified for the decimal property 'CollateralValue' on entity type 'LoanRequest'. This will cause values to be silently truncated if they do not fit in the default precision and scale. Explicitly specify the SQL server column type that can accommodate all the values in 'OnModelCreating' using 'HasColumnType', specify precision and scale using 'HasPrecision', or configure a value converter using 'HasConversion'.
2026-08-30 21:15:59.266 +05:30 [WRN] No store type was specified for the decimal property 'InterestRate' on entity type 'LoanRequest'. This will cause values to be silently truncated if they do not fit in the default precision and scale. Explicitly specify the SQL server column type that can accommodate all the values in 'OnModelCreating' using 'HasColumnType', specify precision and scale using 'HasPrecision', or configure a value converter using 'HasConversion'.
2026-08-30 21:15:59.267 +05:30 [WRN] No store type was specified for the decimal property 'MonthlySalary' on entity type 'LoanRequest'. This will cause values to be silently truncated if they do not fit in the default precision and scale. Explicitly specify the SQL server column type that can accommodate all the values in 'OnModelCreating' using 'HasColumnType', specify precision and scale using 'HasPrecision', or configure a value converter using 'HasConversion'.
2026-08-30 21:15:59.269 +05:30 [WRN] No store type was specified for the decimal property 'RequestedAmount' on entity type 'LoanRequest'. This will cause values to be silently truncated if they do not fit in the default precision and scale. Explicitly specify the SQL server column type that can accommodate all the values in 'OnModelCreating' using 'HasColumnType', specify precision and scale using 'HasPrecision', or configure a value converter using 'HasConversion'.
2026-08-30 21:15:59.799 +05:30 [INF] Executed DbCommand (31ms) [Parameters=[], CommandType='"Text"', CommandTimeout='30']
SELECT 1
2026-08-30 21:15:59.818 +05:30 [INF] Acquiring an exclusive lock for migration application. See https://aka.ms/efcore-docs-migrations-lock for more information if this takes too long.
2026-08-30 21:16:00.001 +05:30 [INF] Executed DbCommand (178ms) [Parameters=[], CommandType='"Text"', CommandTimeout='30']
DECLARE @result int;
EXEC @result = sp_getapplock @Resource = '__EFMigrationsLock', @LockOwner = 'Session', @LockMode = 'Exclusive';
SELECT @result
2026-08-30 21:16:00.108 +05:30 [INF] Executed DbCommand (17ms) [Parameters=[], CommandType='"Text"', CommandTimeout='30']
IF OBJECT_ID(N'[__EFMigrationsHistory]') IS NULL
BEGIN
    CREATE TABLE [__EFMigrationsHistory] (
        [MigrationId] nvarchar(150) NOT NULL,
        [ProductVersion] nvarchar(32) NOT NULL,
        CONSTRAINT [PK___EFMigrationsHistory] PRIMARY KEY ([MigrationId])
    );
END;
2026-08-30 21:16:00.125 +05:30 [INF] Executed DbCommand (2ms) [Parameters=[], CommandType='"Text"', CommandTimeout='30']
SELECT 1
2026-08-30 21:16:00.133 +05:30 [INF] Executed DbCommand (3ms) [Parameters=[], CommandType='"Text"', CommandTimeout='30']
SELECT OBJECT_ID(N'[__EFMigrationsHistory]');
2026-08-30 21:16:00.176 +05:30 [INF] Executed DbCommand (35ms) [Parameters=[], CommandType='"Text"', CommandTimeout='30']
SELECT [MigrationId], [ProductVersion]
FROM [__EFMigrationsHistory]
ORDER BY [MigrationId];
2026-08-30 21:16:00.186 +05:30 [INF] No migrations were applied. The database is already up to date.
2026-08-30 21:16:00.198 +05:30 [INF] Executed DbCommand (9ms) [Parameters=[], CommandType='"Text"', CommandTimeout='30']
DECLARE @result int;
EXEC @result = sp_releaseapplock @Resource = '__EFMigrationsLock', @LockOwner = 'Session';
SELECT @result
2026-08-30 21:16:00.621 +05:30 [INF] Executed DbCommand (20ms) [Parameters=[], CommandType='"Text"', CommandTimeout='30']
SELECT CASE
    WHEN EXISTS (
        SELECT 1
        FROM [Users] AS [u]
        WHERE [u].[Role] = N'Admin') THEN CAST(1 AS bit)
    ELSE CAST(0 AS bit)
END
2026-08-30 21:16:00.795 +05:30 [INF] User profile is available. Using 'C:\Users\thang\AppData\Local\ASP.NET\DataProtection-Keys' as key repository and Windows DPAPI to encrypt keys at rest.
2026-08-30 21:16:00.810 +05:30 [INF] Payment Behavior Background Service is disabled via configuration. Skipping hourly overdue EMI processing.
2026-08-30 21:16:00.947 +05:30 [INF] Now listening on: http://localhost:5082
2026-08-30 21:16:00.952 +05:30 [INF] Application started. Press Ctrl+C to shut down.
2026-08-30 21:16:00.956 +05:30 [INF] Hosting environment: Development
2026-08-30 21:16:00.957 +05:30 [INF] Content root path: C:\Users\thang\OneDrive\Documents\React Projects\LoanDeductionPrediction\LoanDeductionPrediction.API
2026-08-30 21:16:15.798 +05:30 [INF] Request starting HTTP/1.1 GET http://localhost:5082/swagger/index.html - null null
2026-08-30 21:16:16.116 +05:30 [INF] HTTP GET /swagger/index.html responded 304 in 193.4576 ms
2026-08-30 21:16:16.137 +05:30 [INF] Request finished HTTP/1.1 GET http://localhost:5082/swagger/index.html - 304 null null 343.8804ms
2026-08-30 21:16:16.191 +05:30 [INF] Request starting HTTP/1.1 GET http://localhost:5082/swagger/index.css - null null
2026-08-30 21:16:16.199 +05:30 [INF] Request starting HTTP/1.1 GET http://localhost:5082/swagger/swagger-ui-bundle.js - null null
2026-08-30 21:16:16.216 +05:30 [INF] Request starting HTTP/1.1 GET http://localhost:5082/swagger/swagger-ui-standalone-preset.js - null null
2026-08-30 21:16:16.225 +05:30 [INF] Request starting HTTP/1.1 GET http://localhost:5082/swagger/index.js - null null
2026-08-30 21:16:16.249 +05:30 [INF] Request starting HTTP/1.1 GET http://localhost:5082/swagger/swagger-ui.css - null null
2026-08-30 21:16:16.470 +05:30 [INF] HTTP GET /swagger/index.css responded 304 in 105.2308 ms
2026-08-30 21:16:16.549 +05:30 [INF] HTTP GET /swagger/swagger-ui-bundle.js responded 304 in 46.4480 ms
2026-08-30 21:16:16.561 +05:30 [INF] HTTP GET /swagger/swagger-ui-standalone-preset.js responded 304 in 41.1013 ms
2026-08-30 21:16:16.932 +05:30 [INF] HTTP GET /swagger/index.js responded 304 in 0.6897 ms
2026-08-30 21:16:16.980 +05:30 [INF] HTTP GET /swagger/swagger-ui.css responded 304 in 25.0630 ms
2026-08-30 21:16:16.994 +05:30 [INF] Request finished HTTP/1.1 GET http://localhost:5082/swagger/index.css - 304 null null 804.1944ms
2026-08-30 21:16:16.996 +05:30 [INF] Request finished HTTP/1.1 GET http://localhost:5082/swagger/swagger-ui-bundle.js - 304 null null 797.1873ms
2026-08-30 21:16:17.117 +05:30 [INF] Request finished HTTP/1.1 GET http://localhost:5082/swagger/swagger-ui-standalone-preset.js - 304 null null 900.7211ms
2026-08-30 21:16:17.135 +05:30 [INF] Request finished HTTP/1.1 GET http://localhost:5082/swagger/index.js - 304 null null 909.4262ms
2026-08-30 21:16:17.308 +05:30 [INF] Request finished HTTP/1.1 GET http://localhost:5082/swagger/swagger-ui.css - 304 null null 1058.8868ms
2026-08-30 21:16:17.952 +05:30 [INF] Request starting HTTP/1.1 GET http://localhost:5082/swagger/v1/swagger.json - null null
2026-08-30 21:16:18.462 +05:30 [INF] HTTP GET /swagger/v1/swagger.json responded 200 in 348.3266 ms
2026-08-30 21:16:18.469 +05:30 [INF] Request finished HTTP/1.1 GET http://localhost:5082/swagger/v1/swagger.json - 200 null application/json;charset=utf-8 517.0977ms
2026-08-30 22:04:59.704 +05:30 [INF] Request starting HTTP/1.1 GET http://localhost:5082/swagger/index.html - null null
2026-08-30 22:05:00.011 +05:30 [INF] HTTP GET /swagger/index.html responded 200 in 131.5996 ms
2026-08-30 22:05:00.063 +05:30 [INF] Request starting HTTP/1.1 GET http://localhost:5082/swagger/swagger-ui.css - null null
2026-08-30 22:05:00.123 +05:30 [INF] Request starting HTTP/1.1 GET http://localhost:5082/swagger/swagger-ui-bundle.js - null null
2026-08-30 22:05:00.141 +05:30 [INF] Request finished HTTP/1.1 GET http://localhost:5082/swagger/index.html - 200 null text/html;charset=utf-8 451.1905ms
2026-08-30 22:05:00.149 +05:30 [INF] Request starting HTTP/1.1 GET http://localhost:5082/swagger/index.css - null null
2026-08-30 22:05:00.392 +05:30 [INF] HTTP GET /swagger/swagger-ui.css responded 200 in 26.8180 ms
2026-08-30 22:05:00.432 +05:30 [INF] HTTP GET /swagger/index.css responded 200 in 2.5184 ms
2026-08-30 22:05:00.442 +05:30 [INF] Request finished HTTP/1.1 GET http://localhost:5082/swagger/swagger-ui.css - 200 26499 text/css 384.2346ms
2026-08-30 22:05:00.473 +05:30 [INF] HTTP GET /swagger/swagger-ui-bundle.js responded 200 in 80.5369 ms
2026-08-30 22:05:00.508 +05:30 [INF] Request finished HTTP/1.1 GET http://localhost:5082/swagger/index.css - 200 152 text/css 358.0119ms
2026-08-30 22:05:00.556 +05:30 [INF] Request starting HTTP/1.1 GET http://localhost:5082/swagger/swagger-ui-standalone-preset.js - null null
2026-08-30 22:05:00.562 +05:30 [INF] Request finished HTTP/1.1 GET http://localhost:5082/swagger/swagger-ui-bundle.js - 200 421507 text/javascript 438.3287ms
2026-08-30 22:05:00.594 +05:30 [INF] Request starting HTTP/1.1 GET http://localhost:5082/swagger/index.js - null null
2026-08-30 22:05:00.619 +05:30 [INF] HTTP GET /swagger/swagger-ui-standalone-preset.js responded 200 in 3.6569 ms
2026-08-30 22:05:00.636 +05:30 [INF] HTTP GET /swagger/index.js responded 200 in 2.1730 ms
2026-08-30 22:05:00.674 +05:30 [INF] Request finished HTTP/1.1 GET http://localhost:5082/swagger/swagger-ui-standalone-preset.js - 200 77731 text/javascript 117.3342ms
2026-08-30 22:05:00.682 +05:30 [INF] Request finished HTTP/1.1 GET http://localhost:5082/swagger/index.js - 200 null application/javascript;charset=utf-8 88.1587ms
2026-08-30 22:05:02.546 +05:30 [INF] Request starting HTTP/1.1 GET http://localhost:5082/swagger/v1/swagger.json - null null
2026-08-30 22:05:02.649 +05:30 [INF] HTTP GET /swagger/v1/swagger.json responded 200 in 94.5063 ms
2026-08-30 22:05:02.655 +05:30 [INF] Request finished HTTP/1.1 GET http://localhost:5082/swagger/v1/swagger.json - 200 null application/json;charset=utf-8 109.2844ms
2026-08-30 22:05:03.586 +05:30 [INF] Request starting HTTP/1.1 GET http://localhost:5082/swagger/favicon-32x32.png - null null
2026-08-30 22:05:03.606 +05:30 [INF] HTTP GET /swagger/favicon-32x32.png responded 200 in 11.1386 ms
2026-08-30 22:05:03.614 +05:30 [INF] Request finished HTTP/1.1 GET http://localhost:5082/swagger/favicon-32x32.png - 200 628 image/png 27.9612ms
2026-08-30 22:09:47.265 +05:30 [INF] Request starting HTTP/1.1 GET http://localhost:5082/swagger/v1/swagger.json - null null
2026-08-30 22:09:47.403 +05:30 [INF] HTTP GET /swagger/v1/swagger.json responded 200 in 113.5830 ms
2026-08-30 22:09:47.407 +05:30 [INF] Request finished HTTP/1.1 GET http://localhost:5082/swagger/v1/swagger.json - 200 null application/json;charset=utf-8 143.377ms
2026-08-30 22:10:14.041 +05:30 [INF] Request starting HTTP/1.1 POST http://localhost:5082/api/Auth/login - application/json 63
2026-08-30 22:10:14.121 +05:30 [WRN] Failed to determine the https port for redirect.
2026-08-30 22:10:14.153 +05:30 [INF] CORS policy execution successful.
2026-08-30 22:10:14.462 +05:30 [INF] Executing endpoint 'LoanDeductionPrediction.API.Controllers.AuthController.Login (LoanDeductionPrediction.API)'
2026-08-30 22:10:14.734 +05:30 [INF] Route matched with {action = "Login", controller = "Auth"}. Executing controller action with signature System.Threading.Tasks.Task`1[Microsoft.AspNetCore.Mvc.IActionResult] Login(LoanDeductionPrediction.Models.DTOs.LoginRequest) on controller LoanDeductionPrediction.API.Controllers.AuthController (LoanDeductionPrediction.API).
2026-08-30 22:10:15.264 +05:30 [WRN] You do not have a valid license key for the Lucky Penny software AutoMapper. This is allowed for development and testing scenarios. If you are running in production you are required to have a licensed version. Please visit https://luckypennysoftware.com to obtain a valid license.
2026-08-30 22:10:15.945 +05:30 [INF] Executed DbCommand (100ms) [Parameters=[@email='?' (Size = 150)], CommandType='"Text"', CommandTimeout='30']
SELECT TOP(1) [u].[UserId], [u].[CreatedAt], [u].[Email], [u].[FullName], [u].[IsActive], [u].[PasswordHash], [u].[Role]
FROM [Users] AS [u]
WHERE [u].[Email] = @email
2026-08-30 22:10:16.743 +05:30 [INF] Executing UnauthorizedObjectResult, writing value of type '<>f__AnonymousType0`1[[System.String, System.Private.CoreLib, Version=10.0.0.0, Culture=neutral, PublicKeyToken=7cec85d7bea7798e]]'.
2026-08-30 22:10:16.775 +05:30 [INF] Executed action LoanDeductionPrediction.API.Controllers.AuthController.Login (LoanDeductionPrediction.API) in 2015.3505ms
2026-08-30 22:10:16.789 +05:30 [INF] Executed endpoint 'LoanDeductionPrediction.API.Controllers.AuthController.Login (LoanDeductionPrediction.API)'
2026-08-30 22:10:16.803 +05:30 [INF] HTTP POST /api/Auth/login responded 401 in 2707.8822 ms
2026-08-30 22:10:16.820 +05:30 [INF] Request finished HTTP/1.1 POST http://localhost:5082/api/Auth/login - 401 null application/json; charset=utf-8 2779.7025ms
2026-08-30 22:11:14.256 +05:30 [INF] Request starting HTTP/1.1 POST http://localhost:5082/api/Auth/login - application/json 63
2026-08-30 22:11:14.307 +05:30 [INF] CORS policy execution successful.
2026-08-30 22:11:14.319 +05:30 [INF] Executing endpoint 'LoanDeductionPrediction.API.Controllers.AuthController.Login (LoanDeductionPrediction.API)'
2026-08-30 22:11:14.325 +05:30 [INF] Route matched with {action = "Login", controller = "Auth"}. Executing controller action with signature System.Threading.Tasks.Task`1[Microsoft.AspNetCore.Mvc.IActionResult] Login(LoanDeductionPrediction.Models.DTOs.LoginRequest) on controller LoanDeductionPrediction.API.Controllers.AuthController (LoanDeductionPrediction.API).
2026-08-30 22:11:14.507 +05:30 [INF] Executed DbCommand (5ms) [Parameters=[@email='?' (Size = 150)], CommandType='"Text"', CommandTimeout='30']
SELECT TOP(1) [u].[UserId], [u].[CreatedAt], [u].[Email], [u].[FullName], [u].[IsActive], [u].[PasswordHash], [u].[Role]
FROM [Users] AS [u]
WHERE [u].[Email] = @email
2026-08-30 22:11:14.826 +05:30 [INF] Executing UnauthorizedObjectResult, writing value of type '<>f__AnonymousType0`1[[System.String, System.Private.CoreLib, Version=10.0.0.0, Culture=neutral, PublicKeyToken=7cec85d7bea7798e]]'.
2026-08-30 22:11:14.830 +05:30 [INF] Executed action LoanDeductionPrediction.API.Controllers.AuthController.Login (LoanDeductionPrediction.API) in 492.6536ms
2026-08-30 22:11:14.838 +05:30 [INF] Executed endpoint 'LoanDeductionPrediction.API.Controllers.AuthController.Login (LoanDeductionPrediction.API)'
2026-08-30 22:11:14.842 +05:30 [INF] HTTP POST /api/Auth/login responded 401 in 535.2776 ms
2026-08-30 22:11:14.846 +05:30 [INF] Request finished HTTP/1.1 POST http://localhost:5082/api/Auth/login - 401 null application/json; charset=utf-8 589.6682ms
2026-08-30 22:11:40.925 +05:30 [INF] Request starting HTTP/1.1 POST http://localhost:5082/api/Auth/login - application/json 63
2026-08-30 22:11:40.951 +05:30 [INF] CORS policy execution successful.
2026-08-30 22:11:40.961 +05:30 [INF] Executing endpoint 'LoanDeductionPrediction.API.Controllers.AuthController.Login (LoanDeductionPrediction.API)'
2026-08-30 22:11:40.968 +05:30 [INF] Route matched with {action = "Login", controller = "Auth"}. Executing controller action with signature System.Threading.Tasks.Task`1[Microsoft.AspNetCore.Mvc.IActionResult] Login(LoanDeductionPrediction.Models.DTOs.LoginRequest) on controller LoanDeductionPrediction.API.Controllers.AuthController (LoanDeductionPrediction.API).
2026-08-30 22:11:40.993 +05:30 [INF] Executed DbCommand (4ms) [Parameters=[@email='?' (Size = 150)], CommandType='"Text"', CommandTimeout='30']
SELECT TOP(1) [u].[UserId], [u].[CreatedAt], [u].[Email], [u].[FullName], [u].[IsActive], [u].[PasswordHash], [u].[Role]
FROM [Users] AS [u]
WHERE [u].[Email] = @email
2026-08-30 22:11:41.185 +05:30 [INF] Executing UnauthorizedObjectResult, writing value of type '<>f__AnonymousType0`1[[System.String, System.Private.CoreLib, Version=10.0.0.0, Culture=neutral, PublicKeyToken=7cec85d7bea7798e]]'.
2026-08-30 22:11:41.192 +05:30 [INF] Executed action LoanDeductionPrediction.API.Controllers.AuthController.Login (LoanDeductionPrediction.API) in 215.3875ms
2026-08-30 22:11:41.199 +05:30 [INF] Executed endpoint 'LoanDeductionPrediction.API.Controllers.AuthController.Login (LoanDeductionPrediction.API)'
2026-08-30 22:11:41.205 +05:30 [INF] HTTP POST /api/Auth/login responded 401 in 255.5500 ms
2026-08-30 22:11:41.222 +05:30 [INF] Request finished HTTP/1.1 POST http://localhost:5082/api/Auth/login - 401 null application/json; charset=utf-8 297.4432ms
2026-08-30 22:12:36.034 +05:30 [INF] Request starting HTTP/1.1 POST http://localhost:5082/api/Auth/login - application/json 62
2026-08-30 22:12:36.048 +05:30 [INF] CORS policy execution successful.
2026-08-30 22:12:36.052 +05:30 [INF] Executing endpoint 'LoanDeductionPrediction.API.Controllers.AuthController.Login (LoanDeductionPrediction.API)'
2026-08-30 22:12:36.058 +05:30 [INF] Route matched with {action = "Login", controller = "Auth"}. Executing controller action with signature System.Threading.Tasks.Task`1[Microsoft.AspNetCore.Mvc.IActionResult] Login(LoanDeductionPrediction.Models.DTOs.LoginRequest) on controller LoanDeductionPrediction.API.Controllers.AuthController (LoanDeductionPrediction.API).
2026-08-30 22:12:36.071 +05:30 [INF] Executed DbCommand (4ms) [Parameters=[@email='?' (Size = 150)], CommandType='"Text"', CommandTimeout='30']
SELECT TOP(1) [u].[UserId], [u].[CreatedAt], [u].[Email], [u].[FullName], [u].[IsActive], [u].[PasswordHash], [u].[Role]
FROM [Users] AS [u]
WHERE [u].[Email] = @email
2026-08-30 22:12:36.655 +05:30 [INF] Executed DbCommand (20ms) [Parameters=[@p0='?' (DbType = DateTime2), @p1='?' (DbType = DateTime2), @p2='?' (DbType = Boolean), @p3='?' (DbType = DateTime2), @p4='?' (Size = 500), @p5='?' (DbType = Int32)], CommandType='"Text"', CommandTimeout='30']
SET IMPLICIT_TRANSACTIONS OFF;
SET NOCOUNT ON;
INSERT INTO [RefreshTokens] ([CreatedAt], [ExpiresAt], [IsRevoked], [RevokedAt], [Token], [UserId])
OUTPUT INSERTED.[RefreshTokenId]
VALUES (@p0, @p1, @p2, @p3, @p4, @p5);
2026-08-30 22:12:36.703 +05:30 [INF] Executing OkObjectResult, writing value of type 'LoanDeductionPrediction.Models.DTOs.LoginResponse'.
2026-08-30 22:12:36.715 +05:30 [INF] Executed action LoanDeductionPrediction.API.Controllers.AuthController.Login (LoanDeductionPrediction.API) in 652.2577ms
2026-08-30 22:12:36.719 +05:30 [INF] Executed endpoint 'LoanDeductionPrediction.API.Controllers.AuthController.Login (LoanDeductionPrediction.API)'
2026-08-30 22:12:36.721 +05:30 [INF] HTTP POST /api/Auth/login responded 200 in 673.1313 ms
2026-08-30 22:12:36.725 +05:30 [INF] Request finished HTTP/1.1 POST http://localhost:5082/api/Auth/login - 200 null application/json; charset=utf-8 690.1968ms
2026-08-30 22:13:42.918 +05:30 [INF] Request starting HTTP/1.1 POST http://localhost:5082/api/Auth/login - application/json 63
2026-08-30 22:13:42.955 +05:30 [INF] CORS policy execution successful.
2026-08-30 22:13:43.075 +05:30 [INF] Executing endpoint 'LoanDeductionPrediction.API.Controllers.AuthController.Login (LoanDeductionPrediction.API)'
2026-08-30 22:13:43.103 +05:30 [INF] Route matched with {action = "Login", controller = "Auth"}. Executing controller action with signature System.Threading.Tasks.Task`1[Microsoft.AspNetCore.Mvc.IActionResult] Login(LoanDeductionPrediction.Models.DTOs.LoginRequest) on controller LoanDeductionPrediction.API.Controllers.AuthController (LoanDeductionPrediction.API).
2026-08-30 22:13:43.138 +05:30 [INF] Executed DbCommand (6ms) [Parameters=[@email='?' (Size = 150)], CommandType='"Text"', CommandTimeout='30']
SELECT TOP(1) [u].[UserId], [u].[CreatedAt], [u].[Email], [u].[FullName], [u].[IsActive], [u].[PasswordHash], [u].[Role]
FROM [Users] AS [u]
WHERE [u].[Email] = @email
2026-08-30 22:13:43.362 +05:30 [INF] Executed DbCommand (7ms) [Parameters=[@p0='?' (DbType = DateTime2), @p1='?' (DbType = DateTime2), @p2='?' (DbType = Boolean), @p3='?' (DbType = DateTime2), @p4='?' (Size = 500), @p5='?' (DbType = Int32)], CommandType='"Text"', CommandTimeout='30']
SET IMPLICIT_TRANSACTIONS OFF;
SET NOCOUNT ON;
INSERT INTO [RefreshTokens] ([CreatedAt], [ExpiresAt], [IsRevoked], [RevokedAt], [Token], [UserId])
OUTPUT INSERTED.[RefreshTokenId]
VALUES (@p0, @p1, @p2, @p3, @p4, @p5);
2026-08-30 22:13:43.376 +05:30 [INF] Executing OkObjectResult, writing value of type 'LoanDeductionPrediction.Models.DTOs.LoginResponse'.
2026-08-30 22:13:43.388 +05:30 [INF] Executed action LoanDeductionPrediction.API.Controllers.AuthController.Login (LoanDeductionPrediction.API) in 261.334ms
2026-08-30 22:13:43.391 +05:30 [INF] Executed endpoint 'LoanDeductionPrediction.API.Controllers.AuthController.Login (LoanDeductionPrediction.API)'
2026-08-30 22:13:43.406 +05:30 [INF] HTTP POST /api/Auth/login responded 200 in 452.1173 ms
2026-08-30 22:13:43.421 +05:30 [INF] Request finished HTTP/1.1 POST http://localhost:5082/api/Auth/login - 200 null application/json; charset=utf-8 503.6607ms
2026-08-30 22:14:11.273 +05:30 [INF] Request starting HTTP/1.1 GET http://localhost:5082/api/BorrowerLoanApplication/my - null null
2026-08-30 22:14:11.289 +05:30 [INF] Executing endpoint 'LoanDeductionPrediction.API.Controllers.BorrowerLoanApplicationController.GetMyApplications (LoanDeductionPrediction.API)'
2026-08-30 22:14:11.318 +05:30 [INF] Route matched with {action = "GetMyApplications", controller = "BorrowerLoanApplication"}. Executing controller action with signature System.Threading.Tasks.Task`1[Microsoft.AspNetCore.Mvc.IActionResult] GetMyApplications() on controller LoanDeductionPrediction.API.Controllers.BorrowerLoanApplicationController (LoanDeductionPrediction.API).
2026-08-30 22:14:11.497 +05:30 [INF] Executed DbCommand (29ms) [Parameters=[@userId='?' (DbType = Int32)], CommandType='"Text"', CommandTimeout='30']
SELECT TOP(1) [u].[UserId], [u].[CreatedAt], [u].[Email], [u].[FullName], [u].[IsActive], [u].[PasswordHash], [u].[Role]
FROM [Users] AS [u]
WHERE [u].[UserId] = @userId
2026-08-30 22:14:11.752 +05:30 [INF] Executed DbCommand (16ms) [Parameters=[@normalizedEmail='?' (Size = 150)], CommandType='"Text"', CommandTimeout='30']
SELECT [b].[ApplicationId], [b].[CollateralDetails], [b].[CollateralValue], [b].[CreatedAt], [b].[DateOfBirth], [b].[Email], [b].[FullName], [b].[InterestRate], [b].[LoanType], [b].[MonthlySalary], [b].[PasswordHash], [b].[Remarks], [b].[RequestedAmount], [b].[ReviewedAt], [b].[ReviewedByLoanOfficerId], [b].[Status], [b].[TenureMonths], [u].[UserId], [u].[CreatedAt], [u].[Email], [u].[FullName], [u].[IsActive], [u].[PasswordHash], [u].[Role]
FROM [BorrowerLoanApplications] AS [b]
LEFT JOIN [Users] AS [u] ON [b].[ReviewedByLoanOfficerId] = [u].[UserId]
WHERE LOWER([b].[Email]) = @normalizedEmail
ORDER BY [b].[CreatedAt] DESC
2026-08-30 22:14:11.864 +05:30 [INF] Executing OkObjectResult, writing value of type 'System.Collections.Generic.List`1[[LoanDeductionPrediction.Models.DTOs.BorrowerLoanApplicationDto, LoanDeductionPrediction.Models, Version=1.0.0.0, Culture=neutral, PublicKeyToken=null]]'.
2026-08-30 22:14:11.938 +05:30 [INF] Executed action LoanDeductionPrediction.API.Controllers.BorrowerLoanApplicationController.GetMyApplications (LoanDeductionPrediction.API) in 618.1938ms
2026-08-30 22:14:11.942 +05:30 [INF] Executed endpoint 'LoanDeductionPrediction.API.Controllers.BorrowerLoanApplicationController.GetMyApplications (LoanDeductionPrediction.API)'
2026-08-30 22:14:11.952 +05:30 [INF] HTTP GET /api/BorrowerLoanApplication/my responded 200 in 672.0418 ms
2026-08-30 22:14:11.956 +05:30 [INF] Request finished HTTP/1.1 GET http://localhost:5082/api/BorrowerLoanApplication/my - 200 null application/json; charset=utf-8 682.499ms
2026-08-30 22:14:45.709 +05:30 [INF] Request starting HTTP/1.1 GET http://localhost:5082/api/Dashboard/borrower - null null
2026-08-30 22:14:45.768 +05:30 [INF] Executing endpoint 'LoanDeductionPrediction.API.Controllers.DashboardController.GetBorrowerDashboard (LoanDeductionPrediction.API)'
2026-08-30 22:14:45.809 +05:30 [INF] Route matched with {action = "GetBorrowerDashboard", controller = "Dashboard"}. Executing controller action with signature System.Threading.Tasks.Task`1[Microsoft.AspNetCore.Mvc.IActionResult] GetBorrowerDashboard() on controller LoanDeductionPrediction.API.Controllers.DashboardController (LoanDeductionPrediction.API).
2026-08-30 22:14:45.885 +05:30 [INF] Executed DbCommand (19ms) [Parameters=[@borrowerId='?' (DbType = Int32)], CommandType='"Text"', CommandTimeout='30']
SELECT [l].[LoanId], [l].[BorrowerId], [l].[CreatedAt], [l].[EMIAmount], [l].[EndDate], [l].[InterestRate], [l].[LoanOfficerId], [l].[OutstandingAmount], [l].[PrincipalAmount], [l].[StartDate], [l].[Status], [l].[TenureMonths]
FROM [LoanAccounts] AS [l]
WHERE [l].[BorrowerId] = @borrowerId
2026-08-30 22:14:46.008 +05:30 [INF] Executed DbCommand (7ms) [Parameters=[@loanIds1='?' (DbType = Int32)], CommandType='"Text"', CommandTimeout='30']
SELECT [r].[ScheduleId], [r].[DueDate], [r].[EMIAmount], [r].[InstallmentNumber], [r].[InterestAmount], [r].[LoanId], [r].[PaidAmount], [r].[PaidDate], [r].[PrincipalAmount], [r].[Status]
FROM [RepaymentSchedules] AS [r]
WHERE [r].[LoanId] = @loanIds1
2026-08-30 22:14:46.054 +05:30 [INF] Executed DbCommand (11ms) [Parameters=[@borrowerId='?' (DbType = Int32)], CommandType='"Text"', CommandTimeout='30']
SELECT [p].[BehaviorLogId], [p].[BorrowerId], [p].[DaysLate], [p].[DueDate], [p].[LoanId], [p].[PaymentDate], [p].[PaymentStatus], [p].[RecordedAt], [p].[ScheduleId]
FROM [PaymentBehaviorLogs] AS [p]
WHERE [p].[BorrowerId] = @borrowerId
2026-08-30 22:14:46.103 +05:30 [INF] Executed DbCommand (15ms) [Parameters=[@borrowerId='?' (DbType = Int32)], CommandType='"Text"', CommandTimeout='30']
SELECT [r].[RiskPredictionId], [r].[BorrowerId], [r].[LoanId], [r].[PredictionDate], [r].[Reason], [r].[RiskLevel], [r].[RiskScore]
FROM [RiskPredictions] AS [r]
WHERE [r].[BorrowerId] = @borrowerId
2026-08-30 22:14:46.139 +05:30 [INF] Executing OkObjectResult, writing value of type '<>f__AnonymousType2`21[[System.Int32, System.Private.CoreLib, Version=10.0.0.0, Culture=neutral, PublicKeyToken=7cec85d7bea7798e],[System.Int32, System.Private.CoreLib, Version=10.0.0.0, Culture=neutral, PublicKeyToken=7cec85d7bea7798e],[System.Int32, System.Private.CoreLib, Version=10.0.0.0, Culture=neutral, PublicKeyToken=7cec85d7bea7798e],[System.Int32, System.Private.CoreLib, Version=10.0.0.0, Culture=neutral, PublicKeyToken=7cec85d7bea7798e],[System.Int32, System.Private.CoreLib, Version=10.0.0.0, Culture=neutral, PublicKeyToken=7cec85d7bea7798e],[System.Int32, System.Private.CoreLib, Version=10.0.0.0, Culture=neutral, PublicKeyToken=7cec85d7bea7798e],[System.Decimal, System.Private.CoreLib, Version=10.0.0.0, Culture=neutral, PublicKeyToken=7cec85d7bea7798e],[System.Decimal, System.Private.CoreLib, Version=10.0.0.0, Culture=neutral, PublicKeyToken=7cec85d7bea7798e],[System.Decimal, System.Private.CoreLib, Version=10.0.0.0, Culture=neutral, PublicKeyToken=7cec85d7bea7798e],[System.Int32, System.Private.CoreLib, Version=10.0.0.0, Culture=neutral, PublicKeyToken=7cec85d7bea7798e],[System.Int32, System.Private.CoreLib, Version=10.0.0.0, Culture=neutral, PublicKeyToken=7cec85d7bea7798e],[System.Int32, System.Private.CoreLib, Version=10.0.0.0, Culture=neutral, PublicKeyToken=7cec85d7bea7798e],[System.Int32, System.Private.CoreLib, Version=10.0.0.0, Culture=neutral, PublicKeyToken=7cec85d7bea7798e],[System.Decimal, System.Private.CoreLib, Version=10.0.0.0, Culture=neutral, PublicKeyToken=7cec85d7bea7798e],[System.Int32, System.Private.CoreLib, Version=10.0.0.0, Culture=neutral, PublicKeyToken=7cec85d7bea7798e],[System.Int32, System.Private.CoreLib, Version=10.0.0.0, Culture=neutral, PublicKeyToken=7cec85d7bea7798e],[System.Int32, System.Private.CoreLib, Version=10.0.0.0, Culture=neutral, PublicKeyToken=7cec85d7bea7798e],[System.Int32, System.Private.CoreLib, Version=10.0.0.0, Culture=neutral, PublicKeyToken=7cec85d7bea7798e],[System.Int32, System.Private.CoreLib, Version=10.0.0.0, Culture=neutral, PublicKeyToken=7cec85d7bea7798e],[System.Collections.Generic.List`1[[<>f__AnonymousType3`10[[System.Int32, System.Private.CoreLib, Version=10.0.0.0, Culture=neutral, PublicKeyToken=7cec85d7bea7798e],[System.Int32, System.Private.CoreLib, Version=10.0.0.0, Culture=neutral, PublicKeyToken=7cec85d7bea7798e],[System.Int32, System.Private.CoreLib, Version=10.0.0.0, Culture=neutral, PublicKeyToken=7cec85d7bea7798e],[System.DateOnly, System.Private.CoreLib, Version=10.0.0.0, Culture=neutral, PublicKeyToken=7cec85d7bea7798e],[System.Decimal, System.Private.CoreLib, Version=10.0.0.0, Culture=neutral, PublicKeyToken=7cec85d7bea7798e],[System.Decimal, System.Private.CoreLib, Version=10.0.0.0, Culture=neutral, PublicKeyToken=7cec85d7bea7798e],[System.Decimal, System.Private.CoreLib, Version=10.0.0.0, Culture=neutral, PublicKeyToken=7cec85d7bea7798e],[System.Decimal, System.Private.CoreLib, Version=10.0.0.0, Culture=neutral, PublicKeyToken=7cec85d7bea7798e],[System.Nullable`1[[System.DateOnly, System.Private.CoreLib, Version=10.0.0.0, Culture=neutral, PublicKeyToken=7cec85d7bea7798e]], System.Private.CoreLib, Version=10.0.0.0, Culture=neutral, PublicKeyToken=7cec85d7bea7798e],[System.String, System.Private.CoreLib, Version=10.0.0.0, Culture=neutral, PublicKeyToken=7cec85d7bea7798e]], LoanDeductionPrediction.Services, Version=1.0.0.0, Culture=neutral, PublicKeyToken=null]], System.Private.CoreLib, Version=10.0.0.0, Culture=neutral, PublicKeyToken=7cec85d7bea7798e],[System.Collections.Generic.List`1[[<>f__AnonymousType4`6[[System.Int32, System.Private.CoreLib, Version=10.0.0.0, Culture=neutral, PublicKeyToken=7cec85d7bea7798e],[System.Int32, System.Private.CoreLib, Version=10.0.0.0, Culture=neutral, PublicKeyToken=7cec85d7bea7798e],[System.Decimal, System.Private.CoreLib, Version=10.0.0.0, Culture=neutral, PublicKeyToken=7cec85d7bea7798e],[System.String, System.Private.CoreLib, Version=10.0.0.0, Culture=neutral, PublicKeyToken=7cec85d7bea7798e],[System.DateTime, System.Private.CoreLib, Version=10.0.0.0, Culture=neutral, PublicKeyToken=7cec85d7bea7798e],[System.String, System.Private.CoreLib, Version=10.0.0.0, Culture=neutral, PublicKeyToken=7cec85d7bea7798e]], LoanDeductionPrediction.Services, Version=1.0.0.0, Culture=neutral, PublicKeyToken=null]], System.Private.CoreLib, Version=10.0.0.0, Culture=neutral, PublicKeyToken=7cec85d7bea7798e]]'.
2026-08-30 22:14:46.187 +05:30 [INF] Executed action LoanDeductionPrediction.API.Controllers.DashboardController.GetBorrowerDashboard (LoanDeductionPrediction.API) in 366.8777ms
2026-08-30 22:14:46.195 +05:30 [INF] Executed endpoint 'LoanDeductionPrediction.API.Controllers.DashboardController.GetBorrowerDashboard (LoanDeductionPrediction.API)'
2026-08-30 22:14:46.200 +05:30 [INF] HTTP GET /api/Dashboard/borrower responded 200 in 450.8180 ms
2026-08-30 22:14:46.217 +05:30 [INF] Request finished HTTP/1.1 GET http://localhost:5082/api/Dashboard/borrower - 200 null application/json; charset=utf-8 507.7955ms
2026-08-30 22:17:58.149 +05:30 [INF] Request starting HTTP/1.1 POST http://localhost:5082/api/PaymentBehavior/process-overdue - null 0
2026-08-30 22:17:58.179 +05:30 [INF] CORS policy execution successful.
2026-08-30 22:17:58.223 +05:30 [INF] Executing endpoint 'LoanDeductionPrediction.API.Controllers.PaymentBehaviorController.ProcessOverduePayments (LoanDeductionPrediction.API)'
2026-08-30 22:17:58.295 +05:30 [INF] Route matched with {action = "ProcessOverduePayments", controller = "PaymentBehavior"}. Executing controller action with signature System.Threading.Tasks.Task`1[Microsoft.AspNetCore.Mvc.IActionResult] ProcessOverduePayments() on controller LoanDeductionPrediction.API.Controllers.PaymentBehaviorController (LoanDeductionPrediction.API).
2026-08-30 22:17:58.429 +05:30 [INF] ============================================
2026-08-30 22:17:58.430 +05:30 [INF] Starting overdue EMI processing.
2026-08-30 22:17:58.433 +05:30 [INF] System/Test Date: "2027-07-01"
2026-08-30 22:17:58.505 +05:30 [INF] Executed DbCommand (31ms) [Parameters=[@today='?' (DbType = Date)], CommandType='"Text"', CommandTimeout='30']
SELECT [r].[ScheduleId], [r].[DueDate], [r].[EMIAmount], [r].[InstallmentNumber], [r].[InterestAmount], [r].[LoanId], [r].[PaidAmount], [r].[PaidDate], [r].[PrincipalAmount], [r].[Status]
FROM [RepaymentSchedules] AS [r]
WHERE [r].[DueDate] < @today AND [r].[PaidAmount] < [r].[EMIAmount] AND [r].[Status] <> N'PAID'
ORDER BY [r].[DueDate]
2026-08-30 22:17:58.556 +05:30 [INF] Found 32 overdue repayment schedules.
2026-08-30 22:17:58.560 +05:30 [INF] Processing ScheduleId=1, LoanId=1, DueDate="2026-09-27", CurrentStatus=MISSED, PaidAmount=0.00, EMI=4614.49
2026-08-30 22:17:58.607 +05:30 [INF] Executed DbCommand (16ms) [Parameters=[@loanId='?' (DbType = Int32)], CommandType='"Text"', CommandTimeout='30']
SELECT TOP(1) [l].[LoanId], [l].[BorrowerId], [l].[CreatedAt], [l].[EMIAmount], [l].[EndDate], [l].[InterestRate], [l].[LoanOfficerId], [l].[OutstandingAmount], [l].[PrincipalAmount], [l].[StartDate], [l].[Status], [l].[TenureMonths]
FROM [LoanAccounts] AS [l]
WHERE [l].[LoanId] = @loanId
2026-08-30 22:17:58.651 +05:30 [INF] Executed DbCommand (11ms) [Parameters=[@scheduleId='?' (DbType = Int32)], CommandType='"Text"', CommandTimeout='30']
SELECT TOP(1) [p].[BehaviorLogId], [p].[BorrowerId], [p].[DaysLate], [p].[DueDate], [p].[LoanId], [p].[PaymentDate], [p].[PaymentStatus], [p].[RecordedAt], [p].[ScheduleId]
FROM [PaymentBehaviorLogs] AS [p]
WHERE [p].[ScheduleId] = @scheduleId
2026-08-30 22:17:58.795 +05:30 [INF] Executed DbCommand (29ms) [Parameters=[@p9='?' (DbType = Int32), @p0='?' (DbType = Date), @p1='?' (Precision = 18) (Scale = 2) (DbType = Decimal), @p2='?' (DbType = Int32), @p3='?' (Precision = 18) (Scale = 2) (DbType = Decimal), @p4='?' (DbType = Int32), @p5='?' (Precision = 18) (Scale = 2) (DbType = Decimal), @p6='?' (DbType = Date), @p7='?' (Precision = 18) (Scale = 2) (DbType = Decimal), @p8='?' (Size = 30)], CommandType='"Text"', CommandTimeout='30']
SET IMPLICIT_TRANSACTIONS OFF;
SET NOCOUNT ON;
UPDATE [RepaymentSchedules] SET [DueDate] = @p0, [EMIAmount] = @p1, [InstallmentNumber] = @p2, [InterestAmount] = @p3, [LoanId] = @p4, [PaidAmount] = @p5, [PaidDate] = @p6, [PrincipalAmount] = @p7, [Status] = @p8
OUTPUT 1
WHERE [ScheduleId] = @p9;
2026-08-30 22:17:58.801 +05:30 [INF] Existing behavior log found for ScheduleId=1. Skipping log creation; schedule persisted as MISSED.
2026-08-30 22:17:58.802 +05:30 [INF] ScheduleId=1 was already MISSED. Not counted in processedCount.
2026-08-30 22:17:58.807 +05:30 [INF] Processing ScheduleId=49, LoanId=3, DueDate="2026-09-28", CurrentStatus=PENDING, PaidAmount=0.00, EMI=115362.32
2026-08-30 22:17:58.822 +05:30 [INF] Executed DbCommand (5ms) [Parameters=[@loanId='?' (DbType = Int32)], CommandType='"Text"', CommandTimeout='30']
SELECT TOP(1) [l].[LoanId], [l].[BorrowerId], [l].[CreatedAt], [l].[EMIAmount], [l].[EndDate], [l].[InterestRate], [l].[LoanOfficerId], [l].[OutstandingAmount], [l].[PrincipalAmount], [l].[StartDate], [l].[Status], [l].[TenureMonths]
FROM [LoanAccounts] AS [l]
WHERE [l].[LoanId] = @loanId
2026-08-30 22:17:58.838 +05:30 [INF] Executed DbCommand (4ms) [Parameters=[@scheduleId='?' (DbType = Int32)], CommandType='"Text"', CommandTimeout='30']
SELECT TOP(1) [p].[BehaviorLogId], [p].[BorrowerId], [p].[DaysLate], [p].[DueDate], [p].[LoanId], [p].[PaymentDate], [p].[PaymentStatus], [p].[RecordedAt], [p].[ScheduleId]
FROM [PaymentBehaviorLogs] AS [p]
WHERE [p].[ScheduleId] = @scheduleId
2026-08-30 22:17:58.851 +05:30 [INF] Creating payment behavior log. ScheduleId=49, LoanId=3, Status=MISSED, DueDate="2026-09-28", Today="2027-07-01", DaysLate=276
2026-08-30 22:17:58.912 +05:30 [INF] Executed DbCommand (20ms) [Parameters=[@p0='?' (DbType = Int32), @p1='?' (DbType = Int32), @p2='?' (DbType = Date), @p3='?' (DbType = Int32), @p4='?' (DbType = Date), @p5='?' (Size = 30), @p6='?' (DbType = Int32), @p8='?' (DbType = Int32), @p7='?' (Size = 30)], CommandType='"Text"', CommandTimeout='30']
SET NOCOUNT ON;
INSERT INTO [PaymentBehaviorLogs] ([BorrowerId], [DaysLate], [DueDate], [LoanId], [PaymentDate], [PaymentStatus], [ScheduleId])
OUTPUT INSERTED.[BehaviorLogId], INSERTED.[RecordedAt]
VALUES (@p0, @p1, @p2, @p3, @p4, @p5, @p6);
UPDATE [RepaymentSchedules] SET [Status] = @p7
OUTPUT 1
WHERE [ScheduleId] = @p8;
2026-08-30 22:17:58.956 +05:30 [INF] ScheduleId=49 changed to MISSED and behavior log created.
2026-08-30 22:17:58.958 +05:30 [INF] Processing ScheduleId=73, LoanId=4, DueDate="2026-09-28", CurrentStatus=PENDING, PaidAmount=0.00, EMI=42119.43
2026-08-30 22:17:58.990 +05:30 [INF] Executed DbCommand (17ms) [Parameters=[@loanId='?' (DbType = Int32)], CommandType='"Text"', CommandTimeout='30']
SELECT TOP(1) [l].[LoanId], [l].[BorrowerId], [l].[CreatedAt], [l].[EMIAmount], [l].[EndDate], [l].[InterestRate], [l].[LoanOfficerId], [l].[OutstandingAmount], [l].[PrincipalAmount], [l].[StartDate], [l].[Status], [l].[TenureMonths]
FROM [LoanAccounts] AS [l]
WHERE [l].[LoanId] = @loanId
2026-08-30 22:17:59.010 +05:30 [INF] Executed DbCommand (8ms) [Parameters=[@scheduleId='?' (DbType = Int32)], CommandType='"Text"', CommandTimeout='30']
SELECT TOP(1) [p].[BehaviorLogId], [p].[BorrowerId], [p].[DaysLate], [p].[DueDate], [p].[LoanId], [p].[PaymentDate], [p].[PaymentStatus], [p].[RecordedAt], [p].[ScheduleId]
FROM [PaymentBehaviorLogs] AS [p]
WHERE [p].[ScheduleId] = @scheduleId
2026-08-30 22:17:59.019 +05:30 [INF] Creating payment behavior log. ScheduleId=73, LoanId=4, Status=MISSED, DueDate="2026-09-28", Today="2027-07-01", DaysLate=276
2026-08-30 22:17:59.053 +05:30 [INF] Executed DbCommand (13ms) [Parameters=[@p0='?' (DbType = Int32), @p1='?' (DbType = Int32), @p2='?' (DbType = Date), @p3='?' (DbType = Int32), @p4='?' (DbType = Date), @p5='?' (Size = 30), @p6='?' (DbType = Int32), @p8='?' (DbType = Int32), @p7='?' (Size = 30)], CommandType='"Text"', CommandTimeout='30']
SET NOCOUNT ON;
INSERT INTO [PaymentBehaviorLogs] ([BorrowerId], [DaysLate], [DueDate], [LoanId], [PaymentDate], [PaymentStatus], [ScheduleId])
OUTPUT INSERTED.[BehaviorLogId], INSERTED.[RecordedAt]
VALUES (@p0, @p1, @p2, @p3, @p4, @p5, @p6);
UPDATE [RepaymentSchedules] SET [Status] = @p7
OUTPUT 1
WHERE [ScheduleId] = @p8;
2026-08-30 22:17:59.059 +05:30 [INF] ScheduleId=73 changed to MISSED and behavior log created.
2026-08-30 22:17:59.063 +05:30 [INF] Processing ScheduleId=2, LoanId=1, DueDate="2026-10-27", CurrentStatus=MISSED, PaidAmount=0.00, EMI=4614.49
2026-08-30 22:17:59.071 +05:30 [INF] Executed DbCommand (1ms) [Parameters=[@loanId='?' (DbType = Int32)], CommandType='"Text"', CommandTimeout='30']
SELECT TOP(1) [l].[LoanId], [l].[BorrowerId], [l].[CreatedAt], [l].[EMIAmount], [l].[EndDate], [l].[InterestRate], [l].[LoanOfficerId], [l].[OutstandingAmount], [l].[PrincipalAmount], [l].[StartDate], [l].[Status], [l].[TenureMonths]
FROM [LoanAccounts] AS [l]
WHERE [l].[LoanId] = @loanId
2026-08-30 22:17:59.084 +05:30 [INF] Executed DbCommand (4ms) [Parameters=[@scheduleId='?' (DbType = Int32)], CommandType='"Text"', CommandTimeout='30']
SELECT TOP(1) [p].[BehaviorLogId], [p].[BorrowerId], [p].[DaysLate], [p].[DueDate], [p].[LoanId], [p].[PaymentDate], [p].[PaymentStatus], [p].[RecordedAt], [p].[ScheduleId]
FROM [PaymentBehaviorLogs] AS [p]
WHERE [p].[ScheduleId] = @scheduleId
2026-08-30 22:17:59.102 +05:30 [INF] Executed DbCommand (11ms) [Parameters=[@p9='?' (DbType = Int32), @p0='?' (DbType = Date), @p1='?' (Precision = 18) (Scale = 2) (DbType = Decimal), @p2='?' (DbType = Int32), @p3='?' (Precision = 18) (Scale = 2) (DbType = Decimal), @p4='?' (DbType = Int32), @p5='?' (Precision = 18) (Scale = 2) (DbType = Decimal), @p6='?' (DbType = Date), @p7='?' (Precision = 18) (Scale = 2) (DbType = Decimal), @p8='?' (Size = 30)], CommandType='"Text"', CommandTimeout='30']
SET IMPLICIT_TRANSACTIONS OFF;
SET NOCOUNT ON;
UPDATE [RepaymentSchedules] SET [DueDate] = @p0, [EMIAmount] = @p1, [InstallmentNumber] = @p2, [InterestAmount] = @p3, [LoanId] = @p4, [PaidAmount] = @p5, [PaidDate] = @p6, [PrincipalAmount] = @p7, [Status] = @p8
OUTPUT 1
WHERE [ScheduleId] = @p9;
2026-08-30 22:17:59.106 +05:30 [INF] Existing behavior log found for ScheduleId=2. Skipping log creation; schedule persisted as MISSED.
2026-08-30 22:17:59.113 +05:30 [INF] ScheduleId=2 was already MISSED. Not counted in processedCount.
2026-08-30 22:17:59.119 +05:30 [INF] Processing ScheduleId=50, LoanId=3, DueDate="2026-10-28", CurrentStatus=PENDING, PaidAmount=0.00, EMI=115362.32
2026-08-30 22:17:59.293 +05:30 [INF] Executed DbCommand (1ms) [Parameters=[@loanId='?' (DbType = Int32)], CommandType='"Text"', CommandTimeout='30']
SELECT TOP(1) [l].[LoanId], [l].[BorrowerId], [l].[CreatedAt], [l].[EMIAmount], [l].[EndDate], [l].[InterestRate], [l].[LoanOfficerId], [l].[OutstandingAmount], [l].[PrincipalAmount], [l].[StartDate], [l].[Status], [l].[TenureMonths]
FROM [LoanAccounts] AS [l]
WHERE [l].[LoanId] = @loanId
2026-08-30 22:17:59.310 +05:30 [INF] Executed DbCommand (6ms) [Parameters=[@scheduleId='?' (DbType = Int32)], CommandType='"Text"', CommandTimeout='30']
SELECT TOP(1) [p].[BehaviorLogId], [p].[BorrowerId], [p].[DaysLate], [p].[DueDate], [p].[LoanId], [p].[PaymentDate], [p].[PaymentStatus], [p].[RecordedAt], [p].[ScheduleId]
FROM [PaymentBehaviorLogs] AS [p]
WHERE [p].[ScheduleId] = @scheduleId
2026-08-30 22:17:59.315 +05:30 [INF] Creating payment behavior log. ScheduleId=50, LoanId=3, Status=MISSED, DueDate="2026-10-28", Today="2027-07-01", DaysLate=246
2026-08-30 22:17:59.331 +05:30 [INF] Executed DbCommand (9ms) [Parameters=[@p0='?' (DbType = Int32), @p1='?' (DbType = Int32), @p2='?' (DbType = Date), @p3='?' (DbType = Int32), @p4='?' (DbType = Date), @p5='?' (Size = 30), @p6='?' (DbType = Int32), @p8='?' (DbType = Int32), @p7='?' (Size = 30)], CommandType='"Text"', CommandTimeout='30']
SET NOCOUNT ON;
INSERT INTO [PaymentBehaviorLogs] ([BorrowerId], [DaysLate], [DueDate], [LoanId], [PaymentDate], [PaymentStatus], [ScheduleId])
OUTPUT INSERTED.[BehaviorLogId], INSERTED.[RecordedAt]
VALUES (@p0, @p1, @p2, @p3, @p4, @p5, @p6);
UPDATE [RepaymentSchedules] SET [Status] = @p7
OUTPUT 1
WHERE [ScheduleId] = @p8;
2026-08-30 22:17:59.337 +05:30 [INF] ScheduleId=50 changed to MISSED and behavior log created.
2026-08-30 22:17:59.338 +05:30 [INF] Processing ScheduleId=74, LoanId=4, DueDate="2026-10-28", CurrentStatus=PENDING, PaidAmount=0.00, EMI=42119.43
2026-08-30 22:17:59.350 +05:30 [INF] Executed DbCommand (1ms) [Parameters=[@loanId='?' (DbType = Int32)], CommandType='"Text"', CommandTimeout='30']
SELECT TOP(1) [l].[LoanId], [l].[BorrowerId], [l].[CreatedAt], [l].[EMIAmount], [l].[EndDate], [l].[InterestRate], [l].[LoanOfficerId], [l].[OutstandingAmount], [l].[PrincipalAmount], [l].[StartDate], [l].[Status], [l].[TenureMonths]
FROM [LoanAccounts] AS [l]
WHERE [l].[LoanId] = @loanId
2026-08-30 22:17:59.357 +05:30 [INF] Executed DbCommand (1ms) [Parameters=[@scheduleId='?' (DbType = Int32)], CommandType='"Text"', CommandTimeout='30']
SELECT TOP(1) [p].[BehaviorLogId], [p].[BorrowerId], [p].[DaysLate], [p].[DueDate], [p].[LoanId], [p].[PaymentDate], [p].[PaymentStatus], [p].[RecordedAt], [p].[ScheduleId]
FROM [PaymentBehaviorLogs] AS [p]
WHERE [p].[ScheduleId] = @scheduleId
2026-08-30 22:17:59.366 +05:30 [INF] Creating payment behavior log. ScheduleId=74, LoanId=4, Status=MISSED, DueDate="2026-10-28", Today="2027-07-01", DaysLate=246
2026-08-30 22:17:59.375 +05:30 [INF] Executed DbCommand (1ms) [Parameters=[@p0='?' (DbType = Int32), @p1='?' (DbType = Int32), @p2='?' (DbType = Date), @p3='?' (DbType = Int32), @p4='?' (DbType = Date), @p5='?' (Size = 30), @p6='?' (DbType = Int32), @p8='?' (DbType = Int32), @p7='?' (Size = 30)], CommandType='"Text"', CommandTimeout='30']
SET NOCOUNT ON;
INSERT INTO [PaymentBehaviorLogs] ([BorrowerId], [DaysLate], [DueDate], [LoanId], [PaymentDate], [PaymentStatus], [ScheduleId])
OUTPUT INSERTED.[BehaviorLogId], INSERTED.[RecordedAt]
VALUES (@p0, @p1, @p2, @p3, @p4, @p5, @p6);
UPDATE [RepaymentSchedules] SET [Status] = @p7
OUTPUT 1
WHERE [ScheduleId] = @p8;
2026-08-30 22:17:59.406 +05:30 [INF] ScheduleId=74 changed to MISSED and behavior log created.
2026-08-30 22:17:59.419 +05:30 [INF] Processing ScheduleId=3, LoanId=1, DueDate="2026-11-27", CurrentStatus=MISSED, PaidAmount=0.00, EMI=4614.49
2026-08-30 22:17:59.451 +05:30 [INF] Executed DbCommand (2ms) [Parameters=[@loanId='?' (DbType = Int32)], CommandType='"Text"', CommandTimeout='30']
SELECT TOP(1) [l].[LoanId], [l].[BorrowerId], [l].[CreatedAt], [l].[EMIAmount], [l].[EndDate], [l].[InterestRate], [l].[LoanOfficerId], [l].[OutstandingAmount], [l].[PrincipalAmount], [l].[StartDate], [l].[Status], [l].[TenureMonths]
FROM [LoanAccounts] AS [l]
WHERE [l].[LoanId] = @loanId
2026-08-30 22:17:59.489 +05:30 [INF] Executed DbCommand (8ms) [Parameters=[@scheduleId='?' (DbType = Int32)], CommandType='"Text"', CommandTimeout='30']
SELECT TOP(1) [p].[BehaviorLogId], [p].[BorrowerId], [p].[DaysLate], [p].[DueDate], [p].[LoanId], [p].[PaymentDate], [p].[PaymentStatus], [p].[RecordedAt], [p].[ScheduleId]
FROM [PaymentBehaviorLogs] AS [p]
WHERE [p].[ScheduleId] = @scheduleId
2026-08-30 22:17:59.528 +05:30 [INF] Executed DbCommand (11ms) [Parameters=[@p9='?' (DbType = Int32), @p0='?' (DbType = Date), @p1='?' (Precision = 18) (Scale = 2) (DbType = Decimal), @p2='?' (DbType = Int32), @p3='?' (Precision = 18) (Scale = 2) (DbType = Decimal), @p4='?' (DbType = Int32), @p5='?' (Precision = 18) (Scale = 2) (DbType = Decimal), @p6='?' (DbType = Date), @p7='?' (Precision = 18) (Scale = 2) (DbType = Decimal), @p8='?' (Size = 30)], CommandType='"Text"', CommandTimeout='30']
SET IMPLICIT_TRANSACTIONS OFF;
SET NOCOUNT ON;
UPDATE [RepaymentSchedules] SET [DueDate] = @p0, [EMIAmount] = @p1, [InstallmentNumber] = @p2, [InterestAmount] = @p3, [LoanId] = @p4, [PaidAmount] = @p5, [PaidDate] = @p6, [PrincipalAmount] = @p7, [Status] = @p8
OUTPUT 1
WHERE [ScheduleId] = @p9;
2026-08-30 22:17:59.541 +05:30 [INF] Existing behavior log found for ScheduleId=3. Skipping log creation; schedule persisted as MISSED.
2026-08-30 22:17:59.549 +05:30 [INF] ScheduleId=3 was already MISSED. Not counted in processedCount.
2026-08-30 22:17:59.552 +05:30 [INF] Processing ScheduleId=51, LoanId=3, DueDate="2026-11-28", CurrentStatus=PENDING, PaidAmount=0.00, EMI=115362.32
2026-08-30 22:17:59.566 +05:30 [INF] Executed DbCommand (3ms) [Parameters=[@loanId='?' (DbType = Int32)], CommandType='"Text"', CommandTimeout='30']
SELECT TOP(1) [l].[LoanId], [l].[BorrowerId], [l].[CreatedAt], [l].[EMIAmount], [l].[EndDate], [l].[InterestRate], [l].[LoanOfficerId], [l].[OutstandingAmount], [l].[PrincipalAmount], [l].[StartDate], [l].[Status], [l].[TenureMonths]
FROM [LoanAccounts] AS [l]
WHERE [l].[LoanId] = @loanId
2026-08-30 22:17:59.600 +05:30 [INF] Executed DbCommand (3ms) [Parameters=[@scheduleId='?' (DbType = Int32)], CommandType='"Text"', CommandTimeout='30']
SELECT TOP(1) [p].[BehaviorLogId], [p].[BorrowerId], [p].[DaysLate], [p].[DueDate], [p].[LoanId], [p].[PaymentDate], [p].[PaymentStatus], [p].[RecordedAt], [p].[ScheduleId]
FROM [PaymentBehaviorLogs] AS [p]
WHERE [p].[ScheduleId] = @scheduleId
2026-08-30 22:17:59.621 +05:30 [INF] Creating payment behavior log. ScheduleId=51, LoanId=3, Status=MISSED, DueDate="2026-11-28", Today="2027-07-01", DaysLate=215
2026-08-30 22:17:59.687 +05:30 [INF] Executed DbCommand (18ms) [Parameters=[@p0='?' (DbType = Int32), @p1='?' (DbType = Int32), @p2='?' (DbType = Date), @p3='?' (DbType = Int32), @p4='?' (DbType = Date), @p5='?' (Size = 30), @p6='?' (DbType = Int32), @p8='?' (DbType = Int32), @p7='?' (Size = 30)], CommandType='"Text"', CommandTimeout='30']
SET NOCOUNT ON;
INSERT INTO [PaymentBehaviorLogs] ([BorrowerId], [DaysLate], [DueDate], [LoanId], [PaymentDate], [PaymentStatus], [ScheduleId])
OUTPUT INSERTED.[BehaviorLogId], INSERTED.[RecordedAt]
VALUES (@p0, @p1, @p2, @p3, @p4, @p5, @p6);
UPDATE [RepaymentSchedules] SET [Status] = @p7
OUTPUT 1
WHERE [ScheduleId] = @p8;
2026-08-30 22:17:59.711 +05:30 [INF] ScheduleId=51 changed to MISSED and behavior log created.
2026-08-30 22:17:59.722 +05:30 [INF] Processing ScheduleId=75, LoanId=4, DueDate="2026-11-28", CurrentStatus=PENDING, PaidAmount=0.00, EMI=42119.43
2026-08-30 22:17:59.744 +05:30 [INF] Executed DbCommand (6ms) [Parameters=[@loanId='?' (DbType = Int32)], CommandType='"Text"', CommandTimeout='30']
SELECT TOP(1) [l].[LoanId], [l].[BorrowerId], [l].[CreatedAt], [l].[EMIAmount], [l].[EndDate], [l].[InterestRate], [l].[LoanOfficerId], [l].[OutstandingAmount], [l].[PrincipalAmount], [l].[StartDate], [l].[Status], [l].[TenureMonths]
FROM [LoanAccounts] AS [l]
WHERE [l].[LoanId] = @loanId
2026-08-30 22:17:59.772 +05:30 [INF] Executed DbCommand (8ms) [Parameters=[@scheduleId='?' (DbType = Int32)], CommandType='"Text"', CommandTimeout='30']
SELECT TOP(1) [p].[BehaviorLogId], [p].[BorrowerId], [p].[DaysLate], [p].[DueDate], [p].[LoanId], [p].[PaymentDate], [p].[PaymentStatus], [p].[RecordedAt], [p].[ScheduleId]
FROM [PaymentBehaviorLogs] AS [p]
WHERE [p].[ScheduleId] = @scheduleId
2026-08-30 22:17:59.796 +05:30 [INF] Creating payment behavior log. ScheduleId=75, LoanId=4, Status=MISSED, DueDate="2026-11-28", Today="2027-07-01", DaysLate=215
2026-08-30 22:17:59.821 +05:30 [INF] Executed DbCommand (14ms) [Parameters=[@p0='?' (DbType = Int32), @p1='?' (DbType = Int32), @p2='?' (DbType = Date), @p3='?' (DbType = Int32), @p4='?' (DbType = Date), @p5='?' (Size = 30), @p6='?' (DbType = Int32), @p8='?' (DbType = Int32), @p7='?' (Size = 30)], CommandType='"Text"', CommandTimeout='30']
SET NOCOUNT ON;
INSERT INTO [PaymentBehaviorLogs] ([BorrowerId], [DaysLate], [DueDate], [LoanId], [PaymentDate], [PaymentStatus], [ScheduleId])
OUTPUT INSERTED.[BehaviorLogId], INSERTED.[RecordedAt]
VALUES (@p0, @p1, @p2, @p3, @p4, @p5, @p6);
UPDATE [RepaymentSchedules] SET [Status] = @p7
OUTPUT 1
WHERE [ScheduleId] = @p8;
2026-08-30 22:17:59.838 +05:30 [INF] ScheduleId=75 changed to MISSED and behavior log created.
2026-08-30 22:17:59.849 +05:30 [INF] Processing ScheduleId=4, LoanId=1, DueDate="2026-12-27", CurrentStatus=MISSED, PaidAmount=0.00, EMI=4614.49
2026-08-30 22:17:59.867 +05:30 [INF] Executed DbCommand (2ms) [Parameters=[@loanId='?' (DbType = Int32)], CommandType='"Text"', CommandTimeout='30']
SELECT TOP(1) [l].[LoanId], [l].[BorrowerId], [l].[CreatedAt], [l].[EMIAmount], [l].[EndDate], [l].[InterestRate], [l].[LoanOfficerId], [l].[OutstandingAmount], [l].[PrincipalAmount], [l].[StartDate], [l].[Status], [l].[TenureMonths]
FROM [LoanAccounts] AS [l]
WHERE [l].[LoanId] = @loanId
2026-08-30 22:17:59.906 +05:30 [INF] Executed DbCommand (4ms) [Parameters=[@scheduleId='?' (DbType = Int32)], CommandType='"Text"', CommandTimeout='30']
SELECT TOP(1) [p].[BehaviorLogId], [p].[BorrowerId], [p].[DaysLate], [p].[DueDate], [p].[LoanId], [p].[PaymentDate], [p].[PaymentStatus], [p].[RecordedAt], [p].[ScheduleId]
FROM [PaymentBehaviorLogs] AS [p]
WHERE [p].[ScheduleId] = @scheduleId
2026-08-30 22:17:59.989 +05:30 [INF] Executed DbCommand (9ms) [Parameters=[@p9='?' (DbType = Int32), @p0='?' (DbType = Date), @p1='?' (Precision = 18) (Scale = 2) (DbType = Decimal), @p2='?' (DbType = Int32), @p3='?' (Precision = 18) (Scale = 2) (DbType = Decimal), @p4='?' (DbType = Int32), @p5='?' (Precision = 18) (Scale = 2) (DbType = Decimal), @p6='?' (DbType = Date), @p7='?' (Precision = 18) (Scale = 2) (DbType = Decimal), @p8='?' (Size = 30)], CommandType='"Text"', CommandTimeout='30']
SET IMPLICIT_TRANSACTIONS OFF;
SET NOCOUNT ON;
UPDATE [RepaymentSchedules] SET [DueDate] = @p0, [EMIAmount] = @p1, [InstallmentNumber] = @p2, [InterestAmount] = @p3, [LoanId] = @p4, [PaidAmount] = @p5, [PaidDate] = @p6, [PrincipalAmount] = @p7, [Status] = @p8
OUTPUT 1
WHERE [ScheduleId] = @p9;
2026-08-30 22:18:00.065 +05:30 [INF] Existing behavior log found for ScheduleId=4. Skipping log creation; schedule persisted as MISSED.
2026-08-30 22:18:00.073 +05:30 [INF] ScheduleId=4 was already MISSED. Not counted in processedCount.
2026-08-30 22:18:00.082 +05:30 [INF] Processing ScheduleId=52, LoanId=3, DueDate="2026-12-28", CurrentStatus=PENDING, PaidAmount=0.00, EMI=115362.32
2026-08-30 22:18:00.101 +05:30 [INF] Executed DbCommand (4ms) [Parameters=[@loanId='?' (DbType = Int32)], CommandType='"Text"', CommandTimeout='30']
SELECT TOP(1) [l].[LoanId], [l].[BorrowerId], [l].[CreatedAt], [l].[EMIAmount], [l].[EndDate], [l].[InterestRate], [l].[LoanOfficerId], [l].[OutstandingAmount], [l].[PrincipalAmount], [l].[StartDate], [l].[Status], [l].[TenureMonths]
FROM [LoanAccounts] AS [l]
WHERE [l].[LoanId] = @loanId
2026-08-30 22:18:00.120 +05:30 [INF] Executed DbCommand (3ms) [Parameters=[@scheduleId='?' (DbType = Int32)], CommandType='"Text"', CommandTimeout='30']
SELECT TOP(1) [p].[BehaviorLogId], [p].[BorrowerId], [p].[DaysLate], [p].[DueDate], [p].[LoanId], [p].[PaymentDate], [p].[PaymentStatus], [p].[RecordedAt], [p].[ScheduleId]
FROM [PaymentBehaviorLogs] AS [p]
WHERE [p].[ScheduleId] = @scheduleId
2026-08-30 22:18:00.169 +05:30 [INF] Creating payment behavior log. ScheduleId=52, LoanId=3, Status=MISSED, DueDate="2026-12-28", Today="2027-07-01", DaysLate=185
2026-08-30 22:18:00.242 +05:30 [INF] Executed DbCommand (17ms) [Parameters=[@p0='?' (DbType = Int32), @p1='?' (DbType = Int32), @p2='?' (DbType = Date), @p3='?' (DbType = Int32), @p4='?' (DbType = Date), @p5='?' (Size = 30), @p6='?' (DbType = Int32), @p8='?' (DbType = Int32), @p7='?' (Size = 30)], CommandType='"Text"', CommandTimeout='30']
SET NOCOUNT ON;
INSERT INTO [PaymentBehaviorLogs] ([BorrowerId], [DaysLate], [DueDate], [LoanId], [PaymentDate], [PaymentStatus], [ScheduleId])
OUTPUT INSERTED.[BehaviorLogId], INSERTED.[RecordedAt]
VALUES (@p0, @p1, @p2, @p3, @p4, @p5, @p6);
UPDATE [RepaymentSchedules] SET [Status] = @p7
OUTPUT 1
WHERE [ScheduleId] = @p8;
2026-08-30 22:18:00.280 +05:30 [INF] ScheduleId=52 changed to MISSED and behavior log created.
2026-08-30 22:18:00.298 +05:30 [INF] Processing ScheduleId=76, LoanId=4, DueDate="2026-12-28", CurrentStatus=PENDING, PaidAmount=0.00, EMI=42119.43
2026-08-30 22:18:00.330 +05:30 [INF] Executed DbCommand (3ms) [Parameters=[@loanId='?' (DbType = Int32)], CommandType='"Text"', CommandTimeout='30']
SELECT TOP(1) [l].[LoanId], [l].[BorrowerId], [l].[CreatedAt], [l].[EMIAmount], [l].[EndDate], [l].[InterestRate], [l].[LoanOfficerId], [l].[OutstandingAmount], [l].[PrincipalAmount], [l].[StartDate], [l].[Status], [l].[TenureMonths]
FROM [LoanAccounts] AS [l]
WHERE [l].[LoanId] = @loanId
2026-08-30 22:18:00.351 +05:30 [INF] Executed DbCommand (3ms) [Parameters=[@scheduleId='?' (DbType = Int32)], CommandType='"Text"', CommandTimeout='30']
SELECT TOP(1) [p].[BehaviorLogId], [p].[BorrowerId], [p].[DaysLate], [p].[DueDate], [p].[LoanId], [p].[PaymentDate], [p].[PaymentStatus], [p].[RecordedAt], [p].[ScheduleId]
FROM [PaymentBehaviorLogs] AS [p]
WHERE [p].[ScheduleId] = @scheduleId
2026-08-30 22:18:00.558 +05:30 [INF] Creating payment behavior log. ScheduleId=76, LoanId=4, Status=MISSED, DueDate="2026-12-28", Today="2027-07-01", DaysLate=185
2026-08-30 22:18:00.588 +05:30 [INF] Executed DbCommand (9ms) [Parameters=[@p0='?' (DbType = Int32), @p1='?' (DbType = Int32), @p2='?' (DbType = Date), @p3='?' (DbType = Int32), @p4='?' (DbType = Date), @p5='?' (Size = 30), @p6='?' (DbType = Int32), @p8='?' (DbType = Int32), @p7='?' (Size = 30)], CommandType='"Text"', CommandTimeout='30']
SET NOCOUNT ON;
INSERT INTO [PaymentBehaviorLogs] ([BorrowerId], [DaysLate], [DueDate], [LoanId], [PaymentDate], [PaymentStatus], [ScheduleId])
OUTPUT INSERTED.[BehaviorLogId], INSERTED.[RecordedAt]
VALUES (@p0, @p1, @p2, @p3, @p4, @p5, @p6);
UPDATE [RepaymentSchedules] SET [Status] = @p7
OUTPUT 1
WHERE [ScheduleId] = @p8;
2026-08-30 22:18:00.614 +05:30 [INF] ScheduleId=76 changed to MISSED and behavior log created.
2026-08-30 22:18:00.618 +05:30 [INF] Processing ScheduleId=5, LoanId=1, DueDate="2027-01-27", CurrentStatus=MISSED, PaidAmount=0.00, EMI=4614.49
2026-08-30 22:18:00.673 +05:30 [INF] Executed DbCommand (5ms) [Parameters=[@loanId='?' (DbType = Int32)], CommandType='"Text"', CommandTimeout='30']
SELECT TOP(1) [l].[LoanId], [l].[BorrowerId], [l].[CreatedAt], [l].[EMIAmount], [l].[EndDate], [l].[InterestRate], [l].[LoanOfficerId], [l].[OutstandingAmount], [l].[PrincipalAmount], [l].[StartDate], [l].[Status], [l].[TenureMonths]
FROM [LoanAccounts] AS [l]
WHERE [l].[LoanId] = @loanId
2026-08-30 22:18:00.730 +05:30 [INF] Executed DbCommand (9ms) [Parameters=[@scheduleId='?' (DbType = Int32)], CommandType='"Text"', CommandTimeout='30']
SELECT TOP(1) [p].[BehaviorLogId], [p].[BorrowerId], [p].[DaysLate], [p].[DueDate], [p].[LoanId], [p].[PaymentDate], [p].[PaymentStatus], [p].[RecordedAt], [p].[ScheduleId]
FROM [PaymentBehaviorLogs] AS [p]
WHERE [p].[ScheduleId] = @scheduleId
2026-08-30 22:18:00.775 +05:30 [INF] Executed DbCommand (9ms) [Parameters=[@p9='?' (DbType = Int32), @p0='?' (DbType = Date), @p1='?' (Precision = 18) (Scale = 2) (DbType = Decimal), @p2='?' (DbType = Int32), @p3='?' (Precision = 18) (Scale = 2) (DbType = Decimal), @p4='?' (DbType = Int32), @p5='?' (Precision = 18) (Scale = 2) (DbType = Decimal), @p6='?' (DbType = Date), @p7='?' (Precision = 18) (Scale = 2) (DbType = Decimal), @p8='?' (Size = 30)], CommandType='"Text"', CommandTimeout='30']
SET IMPLICIT_TRANSACTIONS OFF;
SET NOCOUNT ON;
UPDATE [RepaymentSchedules] SET [DueDate] = @p0, [EMIAmount] = @p1, [InstallmentNumber] = @p2, [InterestAmount] = @p3, [LoanId] = @p4, [PaidAmount] = @p5, [PaidDate] = @p6, [PrincipalAmount] = @p7, [Status] = @p8
OUTPUT 1
WHERE [ScheduleId] = @p9;
2026-08-30 22:18:00.786 +05:30 [INF] Existing behavior log found for ScheduleId=5. Skipping log creation; schedule persisted as MISSED.
2026-08-30 22:18:00.792 +05:30 [INF] ScheduleId=5 was already MISSED. Not counted in processedCount.
2026-08-30 22:18:00.796 +05:30 [INF] Processing ScheduleId=53, LoanId=3, DueDate="2027-01-28", CurrentStatus=PENDING, PaidAmount=0.00, EMI=115362.32
2026-08-30 22:18:00.804 +05:30 [INF] Executed DbCommand (4ms) [Parameters=[@loanId='?' (DbType = Int32)], CommandType='"Text"', CommandTimeout='30']
SELECT TOP(1) [l].[LoanId], [l].[BorrowerId], [l].[CreatedAt], [l].[EMIAmount], [l].[EndDate], [l].[InterestRate], [l].[LoanOfficerId], [l].[OutstandingAmount], [l].[PrincipalAmount], [l].[StartDate], [l].[Status], [l].[TenureMonths]
FROM [LoanAccounts] AS [l]
WHERE [l].[LoanId] = @loanId
2026-08-30 22:18:00.817 +05:30 [INF] Executed DbCommand (4ms) [Parameters=[@scheduleId='?' (DbType = Int32)], CommandType='"Text"', CommandTimeout='30']
SELECT TOP(1) [p].[BehaviorLogId], [p].[BorrowerId], [p].[DaysLate], [p].[DueDate], [p].[LoanId], [p].[PaymentDate], [p].[PaymentStatus], [p].[RecordedAt], [p].[ScheduleId]
FROM [PaymentBehaviorLogs] AS [p]
WHERE [p].[ScheduleId] = @scheduleId
2026-08-30 22:18:00.823 +05:30 [INF] Creating payment behavior log. ScheduleId=53, LoanId=3, Status=MISSED, DueDate="2027-01-28", Today="2027-07-01", DaysLate=154
2026-08-30 22:18:00.847 +05:30 [INF] Executed DbCommand (12ms) [Parameters=[@p0='?' (DbType = Int32), @p1='?' (DbType = Int32), @p2='?' (DbType = Date), @p3='?' (DbType = Int32), @p4='?' (DbType = Date), @p5='?' (Size = 30), @p6='?' (DbType = Int32), @p8='?' (DbType = Int32), @p7='?' (Size = 30)], CommandType='"Text"', CommandTimeout='30']
SET NOCOUNT ON;
INSERT INTO [PaymentBehaviorLogs] ([BorrowerId], [DaysLate], [DueDate], [LoanId], [PaymentDate], [PaymentStatus], [ScheduleId])
OUTPUT INSERTED.[BehaviorLogId], INSERTED.[RecordedAt]
VALUES (@p0, @p1, @p2, @p3, @p4, @p5, @p6);
UPDATE [RepaymentSchedules] SET [Status] = @p7
OUTPUT 1
WHERE [ScheduleId] = @p8;
2026-08-30 22:18:00.852 +05:30 [INF] ScheduleId=53 changed to MISSED and behavior log created.
2026-08-30 22:18:00.855 +05:30 [INF] Processing ScheduleId=77, LoanId=4, DueDate="2027-01-28", CurrentStatus=PENDING, PaidAmount=0.00, EMI=42119.43
2026-08-30 22:18:00.864 +05:30 [INF] Executed DbCommand (1ms) [Parameters=[@loanId='?' (DbType = Int32)], CommandType='"Text"', CommandTimeout='30']
SELECT TOP(1) [l].[LoanId], [l].[BorrowerId], [l].[CreatedAt], [l].[EMIAmount], [l].[EndDate], [l].[InterestRate], [l].[LoanOfficerId], [l].[OutstandingAmount], [l].[PrincipalAmount], [l].[StartDate], [l].[Status], [l].[TenureMonths]
FROM [LoanAccounts] AS [l]
WHERE [l].[LoanId] = @loanId
2026-08-30 22:18:00.869 +05:30 [INF] Executed DbCommand (1ms) [Parameters=[@scheduleId='?' (DbType = Int32)], CommandType='"Text"', CommandTimeout='30']
SELECT TOP(1) [p].[BehaviorLogId], [p].[BorrowerId], [p].[DaysLate], [p].[DueDate], [p].[LoanId], [p].[PaymentDate], [p].[PaymentStatus], [p].[RecordedAt], [p].[ScheduleId]
FROM [PaymentBehaviorLogs] AS [p]
WHERE [p].[ScheduleId] = @scheduleId
2026-08-30 22:18:00.876 +05:30 [INF] Creating payment behavior log. ScheduleId=77, LoanId=4, Status=MISSED, DueDate="2027-01-28", Today="2027-07-01", DaysLate=154
2026-08-30 22:18:00.915 +05:30 [INF] Executed DbCommand (12ms) [Parameters=[@p0='?' (DbType = Int32), @p1='?' (DbType = Int32), @p2='?' (DbType = Date), @p3='?' (DbType = Int32), @p4='?' (DbType = Date), @p5='?' (Size = 30), @p6='?' (DbType = Int32), @p8='?' (DbType = Int32), @p7='?' (Size = 30)], CommandType='"Text"', CommandTimeout='30']
SET NOCOUNT ON;
INSERT INTO [PaymentBehaviorLogs] ([BorrowerId], [DaysLate], [DueDate], [LoanId], [PaymentDate], [PaymentStatus], [ScheduleId])
OUTPUT INSERTED.[BehaviorLogId], INSERTED.[RecordedAt]
VALUES (@p0, @p1, @p2, @p3, @p4, @p5, @p6);
UPDATE [RepaymentSchedules] SET [Status] = @p7
OUTPUT 1
WHERE [ScheduleId] = @p8;
2026-08-30 22:18:00.939 +05:30 [INF] ScheduleId=77 changed to MISSED and behavior log created.
2026-08-30 22:18:00.954 +05:30 [INF] Processing ScheduleId=6, LoanId=1, DueDate="2027-02-27", CurrentStatus=MISSED, PaidAmount=0.00, EMI=4614.49
2026-08-30 22:18:00.985 +05:30 [INF] Executed DbCommand (4ms) [Parameters=[@loanId='?' (DbType = Int32)], CommandType='"Text"', CommandTimeout='30']
SELECT TOP(1) [l].[LoanId], [l].[BorrowerId], [l].[CreatedAt], [l].[EMIAmount], [l].[EndDate], [l].[InterestRate], [l].[LoanOfficerId], [l].[OutstandingAmount], [l].[PrincipalAmount], [l].[StartDate], [l].[Status], [l].[TenureMonths]
FROM [LoanAccounts] AS [l]
WHERE [l].[LoanId] = @loanId
2026-08-30 22:18:01.036 +05:30 [INF] Executed DbCommand (5ms) [Parameters=[@scheduleId='?' (DbType = Int32)], CommandType='"Text"', CommandTimeout='30']
SELECT TOP(1) [p].[BehaviorLogId], [p].[BorrowerId], [p].[DaysLate], [p].[DueDate], [p].[LoanId], [p].[PaymentDate], [p].[PaymentStatus], [p].[RecordedAt], [p].[ScheduleId]
FROM [PaymentBehaviorLogs] AS [p]
WHERE [p].[ScheduleId] = @scheduleId
2026-08-30 22:18:01.060 +05:30 [INF] Executed DbCommand (9ms) [Parameters=[@p9='?' (DbType = Int32), @p0='?' (DbType = Date), @p1='?' (Precision = 18) (Scale = 2) (DbType = Decimal), @p2='?' (DbType = Int32), @p3='?' (Precision = 18) (Scale = 2) (DbType = Decimal), @p4='?' (DbType = Int32), @p5='?' (Precision = 18) (Scale = 2) (DbType = Decimal), @p6='?' (DbType = Date), @p7='?' (Precision = 18) (Scale = 2) (DbType = Decimal), @p8='?' (Size = 30)], CommandType='"Text"', CommandTimeout='30']
SET IMPLICIT_TRANSACTIONS OFF;
SET NOCOUNT ON;
UPDATE [RepaymentSchedules] SET [DueDate] = @p0, [EMIAmount] = @p1, [InstallmentNumber] = @p2, [InterestAmount] = @p3, [LoanId] = @p4, [PaidAmount] = @p5, [PaidDate] = @p6, [PrincipalAmount] = @p7, [Status] = @p8
OUTPUT 1
WHERE [ScheduleId] = @p9;
2026-08-30 22:18:01.066 +05:30 [INF] Existing behavior log found for ScheduleId=6. Skipping log creation; schedule persisted as MISSED.
2026-08-30 22:18:01.069 +05:30 [INF] ScheduleId=6 was already MISSED. Not counted in processedCount.
2026-08-30 22:18:01.070 +05:30 [INF] Processing ScheduleId=54, LoanId=3, DueDate="2027-02-28", CurrentStatus=PENDING, PaidAmount=0.00, EMI=115362.32
2026-08-30 22:18:01.080 +05:30 [INF] Executed DbCommand (5ms) [Parameters=[@loanId='?' (DbType = Int32)], CommandType='"Text"', CommandTimeout='30']
SELECT TOP(1) [l].[LoanId], [l].[BorrowerId], [l].[CreatedAt], [l].[EMIAmount], [l].[EndDate], [l].[InterestRate], [l].[LoanOfficerId], [l].[OutstandingAmount], [l].[PrincipalAmount], [l].[StartDate], [l].[Status], [l].[TenureMonths]
FROM [LoanAccounts] AS [l]
WHERE [l].[LoanId] = @loanId
2026-08-30 22:18:01.085 +05:30 [INF] Executed DbCommand (1ms) [Parameters=[@scheduleId='?' (DbType = Int32)], CommandType='"Text"', CommandTimeout='30']
SELECT TOP(1) [p].[BehaviorLogId], [p].[BorrowerId], [p].[DaysLate], [p].[DueDate], [p].[LoanId], [p].[PaymentDate], [p].[PaymentStatus], [p].[RecordedAt], [p].[ScheduleId]
FROM [PaymentBehaviorLogs] AS [p]
WHERE [p].[ScheduleId] = @scheduleId
2026-08-30 22:18:01.090 +05:30 [INF] Creating payment behavior log. ScheduleId=54, LoanId=3, Status=MISSED, DueDate="2027-02-28", Today="2027-07-01", DaysLate=123
2026-08-30 22:18:01.107 +05:30 [INF] Executed DbCommand (7ms) [Parameters=[@p0='?' (DbType = Int32), @p1='?' (DbType = Int32), @p2='?' (DbType = Date), @p3='?' (DbType = Int32), @p4='?' (DbType = Date), @p5='?' (Size = 30), @p6='?' (DbType = Int32), @p8='?' (DbType = Int32), @p7='?' (Size = 30)], CommandType='"Text"', CommandTimeout='30']
SET NOCOUNT ON;
INSERT INTO [PaymentBehaviorLogs] ([BorrowerId], [DaysLate], [DueDate], [LoanId], [PaymentDate], [PaymentStatus], [ScheduleId])
OUTPUT INSERTED.[BehaviorLogId], INSERTED.[RecordedAt]
VALUES (@p0, @p1, @p2, @p3, @p4, @p5, @p6);
UPDATE [RepaymentSchedules] SET [Status] = @p7
OUTPUT 1
WHERE [ScheduleId] = @p8;
2026-08-30 22:18:01.119 +05:30 [INF] ScheduleId=54 changed to MISSED and behavior log created.
2026-08-30 22:18:01.121 +05:30 [INF] Processing ScheduleId=78, LoanId=4, DueDate="2027-02-28", CurrentStatus=PENDING, PaidAmount=0.00, EMI=42119.43
2026-08-30 22:18:01.148 +05:30 [INF] Executed DbCommand (10ms) [Parameters=[@loanId='?' (DbType = Int32)], CommandType='"Text"', CommandTimeout='30']
SELECT TOP(1) [l].[LoanId], [l].[BorrowerId], [l].[CreatedAt], [l].[EMIAmount], [l].[EndDate], [l].[InterestRate], [l].[LoanOfficerId], [l].[OutstandingAmount], [l].[PrincipalAmount], [l].[StartDate], [l].[Status], [l].[TenureMonths]
FROM [LoanAccounts] AS [l]
WHERE [l].[LoanId] = @loanId
2026-08-30 22:18:01.165 +05:30 [INF] Executed DbCommand (8ms) [Parameters=[@scheduleId='?' (DbType = Int32)], CommandType='"Text"', CommandTimeout='30']
SELECT TOP(1) [p].[BehaviorLogId], [p].[BorrowerId], [p].[DaysLate], [p].[DueDate], [p].[LoanId], [p].[PaymentDate], [p].[PaymentStatus], [p].[RecordedAt], [p].[ScheduleId]
FROM [PaymentBehaviorLogs] AS [p]
WHERE [p].[ScheduleId] = @scheduleId
2026-08-30 22:18:01.181 +05:30 [INF] Creating payment behavior log. ScheduleId=78, LoanId=4, Status=MISSED, DueDate="2027-02-28", Today="2027-07-01", DaysLate=123
2026-08-30 22:18:01.221 +05:30 [INF] Executed DbCommand (12ms) [Parameters=[@p0='?' (DbType = Int32), @p1='?' (DbType = Int32), @p2='?' (DbType = Date), @p3='?' (DbType = Int32), @p4='?' (DbType = Date), @p5='?' (Size = 30), @p6='?' (DbType = Int32), @p8='?' (DbType = Int32), @p7='?' (Size = 30)], CommandType='"Text"', CommandTimeout='30']
SET NOCOUNT ON;
INSERT INTO [PaymentBehaviorLogs] ([BorrowerId], [DaysLate], [DueDate], [LoanId], [PaymentDate], [PaymentStatus], [ScheduleId])
OUTPUT INSERTED.[BehaviorLogId], INSERTED.[RecordedAt]
VALUES (@p0, @p1, @p2, @p3, @p4, @p5, @p6);
UPDATE [RepaymentSchedules] SET [Status] = @p7
OUTPUT 1
WHERE [ScheduleId] = @p8;
2026-08-30 22:18:01.245 +05:30 [INF] ScheduleId=78 changed to MISSED and behavior log created.
2026-08-30 22:18:01.252 +05:30 [INF] Processing ScheduleId=7, LoanId=1, DueDate="2027-03-27", CurrentStatus=MISSED, PaidAmount=0.00, EMI=4614.49
2026-08-30 22:18:01.294 +05:30 [INF] Executed DbCommand (7ms) [Parameters=[@loanId='?' (DbType = Int32)], CommandType='"Text"', CommandTimeout='30']
SELECT TOP(1) [l].[LoanId], [l].[BorrowerId], [l].[CreatedAt], [l].[EMIAmount], [l].[EndDate], [l].[InterestRate], [l].[LoanOfficerId], [l].[OutstandingAmount], [l].[PrincipalAmount], [l].[StartDate], [l].[Status], [l].[TenureMonths]
FROM [LoanAccounts] AS [l]
WHERE [l].[LoanId] = @loanId
2026-08-30 22:18:01.306 +05:30 [INF] Executed DbCommand (3ms) [Parameters=[@scheduleId='?' (DbType = Int32)], CommandType='"Text"', CommandTimeout='30']
SELECT TOP(1) [p].[BehaviorLogId], [p].[BorrowerId], [p].[DaysLate], [p].[DueDate], [p].[LoanId], [p].[PaymentDate], [p].[PaymentStatus], [p].[RecordedAt], [p].[ScheduleId]
FROM [PaymentBehaviorLogs] AS [p]
WHERE [p].[ScheduleId] = @scheduleId
2026-08-30 22:18:01.337 +05:30 [INF] Executed DbCommand (14ms) [Parameters=[@p9='?' (DbType = Int32), @p0='?' (DbType = Date), @p1='?' (Precision = 18) (Scale = 2) (DbType = Decimal), @p2='?' (DbType = Int32), @p3='?' (Precision = 18) (Scale = 2) (DbType = Decimal), @p4='?' (DbType = Int32), @p5='?' (Precision = 18) (Scale = 2) (DbType = Decimal), @p6='?' (DbType = Date), @p7='?' (Precision = 18) (Scale = 2) (DbType = Decimal), @p8='?' (Size = 30)], CommandType='"Text"', CommandTimeout='30']
SET IMPLICIT_TRANSACTIONS OFF;
SET NOCOUNT ON;
UPDATE [RepaymentSchedules] SET [DueDate] = @p0, [EMIAmount] = @p1, [InstallmentNumber] = @p2, [InterestAmount] = @p3, [LoanId] = @p4, [PaidAmount] = @p5, [PaidDate] = @p6, [PrincipalAmount] = @p7, [Status] = @p8
OUTPUT 1
WHERE [ScheduleId] = @p9;
2026-08-30 22:18:01.369 +05:30 [INF] Existing behavior log found for ScheduleId=7. Skipping log creation; schedule persisted as MISSED.
2026-08-30 22:18:01.371 +05:30 [INF] ScheduleId=7 was already MISSED. Not counted in processedCount.
2026-08-30 22:18:01.376 +05:30 [INF] Processing ScheduleId=55, LoanId=3, DueDate="2027-03-28", CurrentStatus=PENDING, PaidAmount=0.00, EMI=115362.32
2026-08-30 22:18:01.423 +05:30 [INF] Executed DbCommand (3ms) [Parameters=[@loanId='?' (DbType = Int32)], CommandType='"Text"', CommandTimeout='30']
SELECT TOP(1) [l].[LoanId], [l].[BorrowerId], [l].[CreatedAt], [l].[EMIAmount], [l].[EndDate], [l].[InterestRate], [l].[LoanOfficerId], [l].[OutstandingAmount], [l].[PrincipalAmount], [l].[StartDate], [l].[Status], [l].[TenureMonths]
FROM [LoanAccounts] AS [l]
WHERE [l].[LoanId] = @loanId
2026-08-30 22:18:01.471 +05:30 [INF] Executed DbCommand (15ms) [Parameters=[@scheduleId='?' (DbType = Int32)], CommandType='"Text"', CommandTimeout='30']
SELECT TOP(1) [p].[BehaviorLogId], [p].[BorrowerId], [p].[DaysLate], [p].[DueDate], [p].[LoanId], [p].[PaymentDate], [p].[PaymentStatus], [p].[RecordedAt], [p].[ScheduleId]
FROM [PaymentBehaviorLogs] AS [p]
WHERE [p].[ScheduleId] = @scheduleId
2026-08-30 22:18:01.503 +05:30 [INF] Creating payment behavior log. ScheduleId=55, LoanId=3, Status=MISSED, DueDate="2027-03-28", Today="2027-07-01", DaysLate=95
2026-08-30 22:18:01.561 +05:30 [INF] Executed DbCommand (12ms) [Parameters=[@p0='?' (DbType = Int32), @p1='?' (DbType = Int32), @p2='?' (DbType = Date), @p3='?' (DbType = Int32), @p4='?' (DbType = Date), @p5='?' (Size = 30), @p6='?' (DbType = Int32), @p8='?' (DbType = Int32), @p7='?' (Size = 30)], CommandType='"Text"', CommandTimeout='30']
SET NOCOUNT ON;
INSERT INTO [PaymentBehaviorLogs] ([BorrowerId], [DaysLate], [DueDate], [LoanId], [PaymentDate], [PaymentStatus], [ScheduleId])
OUTPUT INSERTED.[BehaviorLogId], INSERTED.[RecordedAt]
VALUES (@p0, @p1, @p2, @p3, @p4, @p5, @p6);
UPDATE [RepaymentSchedules] SET [Status] = @p7
OUTPUT 1
WHERE [ScheduleId] = @p8;
2026-08-30 22:18:01.570 +05:30 [INF] ScheduleId=55 changed to MISSED and behavior log created.
2026-08-30 22:18:01.572 +05:30 [INF] Processing ScheduleId=79, LoanId=4, DueDate="2027-03-28", CurrentStatus=PENDING, PaidAmount=0.00, EMI=42119.43
2026-08-30 22:18:01.584 +05:30 [INF] Executed DbCommand (4ms) [Parameters=[@loanId='?' (DbType = Int32)], CommandType='"Text"', CommandTimeout='30']
SELECT TOP(1) [l].[LoanId], [l].[BorrowerId], [l].[CreatedAt], [l].[EMIAmount], [l].[EndDate], [l].[InterestRate], [l].[LoanOfficerId], [l].[OutstandingAmount], [l].[PrincipalAmount], [l].[StartDate], [l].[Status], [l].[TenureMonths]
FROM [LoanAccounts] AS [l]
WHERE [l].[LoanId] = @loanId
2026-08-30 22:18:01.598 +05:30 [INF] Executed DbCommand (8ms) [Parameters=[@scheduleId='?' (DbType = Int32)], CommandType='"Text"', CommandTimeout='30']
SELECT TOP(1) [p].[BehaviorLogId], [p].[BorrowerId], [p].[DaysLate], [p].[DueDate], [p].[LoanId], [p].[PaymentDate], [p].[PaymentStatus], [p].[RecordedAt], [p].[ScheduleId]
FROM [PaymentBehaviorLogs] AS [p]
WHERE [p].[ScheduleId] = @scheduleId
2026-08-30 22:18:01.604 +05:30 [INF] Creating payment behavior log. ScheduleId=79, LoanId=4, Status=MISSED, DueDate="2027-03-28", Today="2027-07-01", DaysLate=95
2026-08-30 22:18:01.613 +05:30 [INF] Executed DbCommand (1ms) [Parameters=[@p0='?' (DbType = Int32), @p1='?' (DbType = Int32), @p2='?' (DbType = Date), @p3='?' (DbType = Int32), @p4='?' (DbType = Date), @p5='?' (Size = 30), @p6='?' (DbType = Int32), @p8='?' (DbType = Int32), @p7='?' (Size = 30)], CommandType='"Text"', CommandTimeout='30']
SET NOCOUNT ON;
INSERT INTO [PaymentBehaviorLogs] ([BorrowerId], [DaysLate], [DueDate], [LoanId], [PaymentDate], [PaymentStatus], [ScheduleId])
OUTPUT INSERTED.[BehaviorLogId], INSERTED.[RecordedAt]
VALUES (@p0, @p1, @p2, @p3, @p4, @p5, @p6);
UPDATE [RepaymentSchedules] SET [Status] = @p7
OUTPUT 1
WHERE [ScheduleId] = @p8;
2026-08-30 22:18:01.621 +05:30 [INF] ScheduleId=79 changed to MISSED and behavior log created.
2026-08-30 22:18:01.623 +05:30 [INF] Processing ScheduleId=8, LoanId=1, DueDate="2027-04-27", CurrentStatus=MISSED, PaidAmount=0.00, EMI=4614.49
2026-08-30 22:18:01.632 +05:30 [INF] Executed DbCommand (1ms) [Parameters=[@loanId='?' (DbType = Int32)], CommandType='"Text"', CommandTimeout='30']
SELECT TOP(1) [l].[LoanId], [l].[BorrowerId], [l].[CreatedAt], [l].[EMIAmount], [l].[EndDate], [l].[InterestRate], [l].[LoanOfficerId], [l].[OutstandingAmount], [l].[PrincipalAmount], [l].[StartDate], [l].[Status], [l].[TenureMonths]
FROM [LoanAccounts] AS [l]
WHERE [l].[LoanId] = @loanId
2026-08-30 22:18:01.638 +05:30 [INF] Executed DbCommand (1ms) [Parameters=[@scheduleId='?' (DbType = Int32)], CommandType='"Text"', CommandTimeout='30']
SELECT TOP(1) [p].[BehaviorLogId], [p].[BorrowerId], [p].[DaysLate], [p].[DueDate], [p].[LoanId], [p].[PaymentDate], [p].[PaymentStatus], [p].[RecordedAt], [p].[ScheduleId]
FROM [PaymentBehaviorLogs] AS [p]
WHERE [p].[ScheduleId] = @scheduleId
2026-08-30 22:18:01.661 +05:30 [INF] Executed DbCommand (9ms) [Parameters=[@p9='?' (DbType = Int32), @p0='?' (DbType = Date), @p1='?' (Precision = 18) (Scale = 2) (DbType = Decimal), @p2='?' (DbType = Int32), @p3='?' (Precision = 18) (Scale = 2) (DbType = Decimal), @p4='?' (DbType = Int32), @p5='?' (Precision = 18) (Scale = 2) (DbType = Decimal), @p6='?' (DbType = Date), @p7='?' (Precision = 18) (Scale = 2) (DbType = Decimal), @p8='?' (Size = 30)], CommandType='"Text"', CommandTimeout='30']
SET IMPLICIT_TRANSACTIONS OFF;
SET NOCOUNT ON;
UPDATE [RepaymentSchedules] SET [DueDate] = @p0, [EMIAmount] = @p1, [InstallmentNumber] = @p2, [InterestAmount] = @p3, [LoanId] = @p4, [PaidAmount] = @p5, [PaidDate] = @p6, [PrincipalAmount] = @p7, [Status] = @p8
OUTPUT 1
WHERE [ScheduleId] = @p9;
2026-08-30 22:18:01.674 +05:30 [INF] Existing behavior log found for ScheduleId=8. Skipping log creation; schedule persisted as MISSED.
2026-08-30 22:18:01.688 +05:30 [INF] ScheduleId=8 was already MISSED. Not counted in processedCount.
2026-08-30 22:18:01.699 +05:30 [INF] Processing ScheduleId=56, LoanId=3, DueDate="2027-04-28", CurrentStatus=PENDING, PaidAmount=0.00, EMI=115362.32
2026-08-30 22:18:01.721 +05:30 [INF] Executed DbCommand (4ms) [Parameters=[@loanId='?' (DbType = Int32)], CommandType='"Text"', CommandTimeout='30']
SELECT TOP(1) [l].[LoanId], [l].[BorrowerId], [l].[CreatedAt], [l].[EMIAmount], [l].[EndDate], [l].[InterestRate], [l].[LoanOfficerId], [l].[OutstandingAmount], [l].[PrincipalAmount], [l].[StartDate], [l].[Status], [l].[TenureMonths]
FROM [LoanAccounts] AS [l]
WHERE [l].[LoanId] = @loanId
2026-08-30 22:18:01.739 +05:30 [INF] Executed DbCommand (5ms) [Parameters=[@scheduleId='?' (DbType = Int32)], CommandType='"Text"', CommandTimeout='30']
SELECT TOP(1) [p].[BehaviorLogId], [p].[BorrowerId], [p].[DaysLate], [p].[DueDate], [p].[LoanId], [p].[PaymentDate], [p].[PaymentStatus], [p].[RecordedAt], [p].[ScheduleId]
FROM [PaymentBehaviorLogs] AS [p]
WHERE [p].[ScheduleId] = @scheduleId
2026-08-30 22:18:01.771 +05:30 [INF] Creating payment behavior log. ScheduleId=56, LoanId=3, Status=MISSED, DueDate="2027-04-28", Today="2027-07-01", DaysLate=64
2026-08-30 22:18:01.821 +05:30 [INF] Executed DbCommand (14ms) [Parameters=[@p0='?' (DbType = Int32), @p1='?' (DbType = Int32), @p2='?' (DbType = Date), @p3='?' (DbType = Int32), @p4='?' (DbType = Date), @p5='?' (Size = 30), @p6='?' (DbType = Int32), @p8='?' (DbType = Int32), @p7='?' (Size = 30)], CommandType='"Text"', CommandTimeout='30']
SET NOCOUNT ON;
INSERT INTO [PaymentBehaviorLogs] ([BorrowerId], [DaysLate], [DueDate], [LoanId], [PaymentDate], [PaymentStatus], [ScheduleId])
OUTPUT INSERTED.[BehaviorLogId], INSERTED.[RecordedAt]
VALUES (@p0, @p1, @p2, @p3, @p4, @p5, @p6);
UPDATE [RepaymentSchedules] SET [Status] = @p7
OUTPUT 1
WHERE [ScheduleId] = @p8;
2026-08-30 22:18:01.829 +05:30 [INF] ScheduleId=56 changed to MISSED and behavior log created.
2026-08-30 22:18:01.834 +05:30 [INF] Processing ScheduleId=80, LoanId=4, DueDate="2027-04-28", CurrentStatus=PENDING, PaidAmount=0.00, EMI=42119.43
2026-08-30 22:18:01.848 +05:30 [INF] Executed DbCommand (7ms) [Parameters=[@loanId='?' (DbType = Int32)], CommandType='"Text"', CommandTimeout='30']
SELECT TOP(1) [l].[LoanId], [l].[BorrowerId], [l].[CreatedAt], [l].[EMIAmount], [l].[EndDate], [l].[InterestRate], [l].[LoanOfficerId], [l].[OutstandingAmount], [l].[PrincipalAmount], [l].[StartDate], [l].[Status], [l].[TenureMonths]
FROM [LoanAccounts] AS [l]
WHERE [l].[LoanId] = @loanId
2026-08-30 22:18:01.855 +05:30 [INF] Executed DbCommand (3ms) [Parameters=[@scheduleId='?' (DbType = Int32)], CommandType='"Text"', CommandTimeout='30']
SELECT TOP(1) [p].[BehaviorLogId], [p].[BorrowerId], [p].[DaysLate], [p].[DueDate], [p].[LoanId], [p].[PaymentDate], [p].[PaymentStatus], [p].[RecordedAt], [p].[ScheduleId]
FROM [PaymentBehaviorLogs] AS [p]
WHERE [p].[ScheduleId] = @scheduleId
2026-08-30 22:18:01.867 +05:30 [INF] Creating payment behavior log. ScheduleId=80, LoanId=4, Status=MISSED, DueDate="2027-04-28", Today="2027-07-01", DaysLate=64
2026-08-30 22:18:01.880 +05:30 [INF] Executed DbCommand (6ms) [Parameters=[@p0='?' (DbType = Int32), @p1='?' (DbType = Int32), @p2='?' (DbType = Date), @p3='?' (DbType = Int32), @p4='?' (DbType = Date), @p5='?' (Size = 30), @p6='?' (DbType = Int32), @p8='?' (DbType = Int32), @p7='?' (Size = 30)], CommandType='"Text"', CommandTimeout='30']
SET NOCOUNT ON;
INSERT INTO [PaymentBehaviorLogs] ([BorrowerId], [DaysLate], [DueDate], [LoanId], [PaymentDate], [PaymentStatus], [ScheduleId])
OUTPUT INSERTED.[BehaviorLogId], INSERTED.[RecordedAt]
VALUES (@p0, @p1, @p2, @p3, @p4, @p5, @p6);
UPDATE [RepaymentSchedules] SET [Status] = @p7
OUTPUT 1
WHERE [ScheduleId] = @p8;
2026-08-30 22:18:01.888 +05:30 [INF] ScheduleId=80 changed to MISSED and behavior log created.
2026-08-30 22:18:01.890 +05:30 [INF] Processing ScheduleId=33, LoanId=2, DueDate="2027-05-27", CurrentStatus=MISSED, PaidAmount=0.00, EMI=55373.91
2026-08-30 22:18:01.917 +05:30 [INF] Executed DbCommand (1ms) [Parameters=[@loanId='?' (DbType = Int32)], CommandType='"Text"', CommandTimeout='30']
SELECT TOP(1) [l].[LoanId], [l].[BorrowerId], [l].[CreatedAt], [l].[EMIAmount], [l].[EndDate], [l].[InterestRate], [l].[LoanOfficerId], [l].[OutstandingAmount], [l].[PrincipalAmount], [l].[StartDate], [l].[Status], [l].[TenureMonths]
FROM [LoanAccounts] AS [l]
WHERE [l].[LoanId] = @loanId
2026-08-30 22:18:01.949 +05:30 [INF] Executed DbCommand (4ms) [Parameters=[@scheduleId='?' (DbType = Int32)], CommandType='"Text"', CommandTimeout='30']
SELECT TOP(1) [p].[BehaviorLogId], [p].[BorrowerId], [p].[DaysLate], [p].[DueDate], [p].[LoanId], [p].[PaymentDate], [p].[PaymentStatus], [p].[RecordedAt], [p].[ScheduleId]
FROM [PaymentBehaviorLogs] AS [p]
WHERE [p].[ScheduleId] = @scheduleId
2026-08-30 22:18:01.982 +05:30 [INF] Executed DbCommand (7ms) [Parameters=[@p9='?' (DbType = Int32), @p0='?' (DbType = Date), @p1='?' (Precision = 18) (Scale = 2) (DbType = Decimal), @p2='?' (DbType = Int32), @p3='?' (Precision = 18) (Scale = 2) (DbType = Decimal), @p4='?' (DbType = Int32), @p5='?' (Precision = 18) (Scale = 2) (DbType = Decimal), @p6='?' (DbType = Date), @p7='?' (Precision = 18) (Scale = 2) (DbType = Decimal), @p8='?' (Size = 30)], CommandType='"Text"', CommandTimeout='30']
SET IMPLICIT_TRANSACTIONS OFF;
SET NOCOUNT ON;
UPDATE [RepaymentSchedules] SET [DueDate] = @p0, [EMIAmount] = @p1, [InstallmentNumber] = @p2, [InterestAmount] = @p3, [LoanId] = @p4, [PaidAmount] = @p5, [PaidDate] = @p6, [PrincipalAmount] = @p7, [Status] = @p8
OUTPUT 1
WHERE [ScheduleId] = @p9;
2026-08-30 22:18:02.014 +05:30 [INF] Existing behavior log found for ScheduleId=33. Skipping log creation; schedule persisted as MISSED.
2026-08-30 22:18:02.024 +05:30 [INF] ScheduleId=33 was already MISSED. Not counted in processedCount.
2026-08-30 22:18:02.051 +05:30 [INF] Processing ScheduleId=9, LoanId=1, DueDate="2027-05-27", CurrentStatus=MISSED, PaidAmount=0.00, EMI=4614.49
2026-08-30 22:18:02.071 +05:30 [INF] Executed DbCommand (3ms) [Parameters=[@loanId='?' (DbType = Int32)], CommandType='"Text"', CommandTimeout='30']
SELECT TOP(1) [l].[LoanId], [l].[BorrowerId], [l].[CreatedAt], [l].[EMIAmount], [l].[EndDate], [l].[InterestRate], [l].[LoanOfficerId], [l].[OutstandingAmount], [l].[PrincipalAmount], [l].[StartDate], [l].[Status], [l].[TenureMonths]
FROM [LoanAccounts] AS [l]
WHERE [l].[LoanId] = @loanId
2026-08-30 22:18:02.085 +05:30 [INF] Executed DbCommand (3ms) [Parameters=[@scheduleId='?' (DbType = Int32)], CommandType='"Text"', CommandTimeout='30']
SELECT TOP(1) [p].[BehaviorLogId], [p].[BorrowerId], [p].[DaysLate], [p].[DueDate], [p].[LoanId], [p].[PaymentDate], [p].[PaymentStatus], [p].[RecordedAt], [p].[ScheduleId]
FROM [PaymentBehaviorLogs] AS [p]
WHERE [p].[ScheduleId] = @scheduleId
2026-08-30 22:18:02.102 +05:30 [INF] Executed DbCommand (5ms) [Parameters=[@p9='?' (DbType = Int32), @p0='?' (DbType = Date), @p1='?' (Precision = 18) (Scale = 2) (DbType = Decimal), @p2='?' (DbType = Int32), @p3='?' (Precision = 18) (Scale = 2) (DbType = Decimal), @p4='?' (DbType = Int32), @p5='?' (Precision = 18) (Scale = 2) (DbType = Decimal), @p6='?' (DbType = Date), @p7='?' (Precision = 18) (Scale = 2) (DbType = Decimal), @p8='?' (Size = 30)], CommandType='"Text"', CommandTimeout='30']
SET IMPLICIT_TRANSACTIONS OFF;
SET NOCOUNT ON;
UPDATE [RepaymentSchedules] SET [DueDate] = @p0, [EMIAmount] = @p1, [InstallmentNumber] = @p2, [InterestAmount] = @p3, [LoanId] = @p4, [PaidAmount] = @p5, [PaidDate] = @p6, [PrincipalAmount] = @p7, [Status] = @p8
OUTPUT 1
WHERE [ScheduleId] = @p9;
2026-08-30 22:18:02.107 +05:30 [INF] Existing behavior log found for ScheduleId=9. Skipping log creation; schedule persisted as MISSED.
2026-08-30 22:18:02.113 +05:30 [INF] ScheduleId=9 was already MISSED. Not counted in processedCount.
2026-08-30 22:18:02.116 +05:30 [INF] Processing ScheduleId=57, LoanId=3, DueDate="2027-05-28", CurrentStatus=PENDING, PaidAmount=0.00, EMI=115362.32
2026-08-30 22:18:02.124 +05:30 [INF] Executed DbCommand (1ms) [Parameters=[@loanId='?' (DbType = Int32)], CommandType='"Text"', CommandTimeout='30']
SELECT TOP(1) [l].[LoanId], [l].[BorrowerId], [l].[CreatedAt], [l].[EMIAmount], [l].[EndDate], [l].[InterestRate], [l].[LoanOfficerId], [l].[OutstandingAmount], [l].[PrincipalAmount], [l].[StartDate], [l].[Status], [l].[TenureMonths]
FROM [LoanAccounts] AS [l]
WHERE [l].[LoanId] = @loanId
2026-08-30 22:18:02.134 +05:30 [INF] Executed DbCommand (1ms) [Parameters=[@scheduleId='?' (DbType = Int32)], CommandType='"Text"', CommandTimeout='30']
SELECT TOP(1) [p].[BehaviorLogId], [p].[BorrowerId], [p].[DaysLate], [p].[DueDate], [p].[LoanId], [p].[PaymentDate], [p].[PaymentStatus], [p].[RecordedAt], [p].[ScheduleId]
FROM [PaymentBehaviorLogs] AS [p]
WHERE [p].[ScheduleId] = @scheduleId
2026-08-30 22:18:02.139 +05:30 [INF] Creating payment behavior log. ScheduleId=57, LoanId=3, Status=MISSED, DueDate="2027-05-28", Today="2027-07-01", DaysLate=34
2026-08-30 22:18:02.166 +05:30 [INF] Executed DbCommand (12ms) [Parameters=[@p0='?' (DbType = Int32), @p1='?' (DbType = Int32), @p2='?' (DbType = Date), @p3='?' (DbType = Int32), @p4='?' (DbType = Date), @p5='?' (Size = 30), @p6='?' (DbType = Int32), @p8='?' (DbType = Int32), @p7='?' (Size = 30)], CommandType='"Text"', CommandTimeout='30']
SET NOCOUNT ON;
INSERT INTO [PaymentBehaviorLogs] ([BorrowerId], [DaysLate], [DueDate], [LoanId], [PaymentDate], [PaymentStatus], [ScheduleId])
OUTPUT INSERTED.[BehaviorLogId], INSERTED.[RecordedAt]
VALUES (@p0, @p1, @p2, @p3, @p4, @p5, @p6);
UPDATE [RepaymentSchedules] SET [Status] = @p7
OUTPUT 1
WHERE [ScheduleId] = @p8;
2026-08-30 22:18:02.180 +05:30 [INF] ScheduleId=57 changed to MISSED and behavior log created.
2026-08-30 22:18:02.185 +05:30 [INF] Processing ScheduleId=81, LoanId=4, DueDate="2027-05-28", CurrentStatus=PENDING, PaidAmount=0.00, EMI=42119.43
2026-08-30 22:18:02.204 +05:30 [INF] Executed DbCommand (3ms) [Parameters=[@loanId='?' (DbType = Int32)], CommandType='"Text"', CommandTimeout='30']
SELECT TOP(1) [l].[LoanId], [l].[BorrowerId], [l].[CreatedAt], [l].[EMIAmount], [l].[EndDate], [l].[InterestRate], [l].[LoanOfficerId], [l].[OutstandingAmount], [l].[PrincipalAmount], [l].[StartDate], [l].[Status], [l].[TenureMonths]
FROM [LoanAccounts] AS [l]
WHERE [l].[LoanId] = @loanId
2026-08-30 22:18:02.227 +05:30 [INF] Executed DbCommand (6ms) [Parameters=[@scheduleId='?' (DbType = Int32)], CommandType='"Text"', CommandTimeout='30']
SELECT TOP(1) [p].[BehaviorLogId], [p].[BorrowerId], [p].[DaysLate], [p].[DueDate], [p].[LoanId], [p].[PaymentDate], [p].[PaymentStatus], [p].[RecordedAt], [p].[ScheduleId]
FROM [PaymentBehaviorLogs] AS [p]
WHERE [p].[ScheduleId] = @scheduleId
2026-08-30 22:18:02.250 +05:30 [INF] Creating payment behavior log. ScheduleId=81, LoanId=4, Status=MISSED, DueDate="2027-05-28", Today="2027-07-01", DaysLate=34
2026-08-30 22:18:02.371 +05:30 [INF] Executed DbCommand (43ms) [Parameters=[@p0='?' (DbType = Int32), @p1='?' (DbType = Int32), @p2='?' (DbType = Date), @p3='?' (DbType = Int32), @p4='?' (DbType = Date), @p5='?' (Size = 30), @p6='?' (DbType = Int32), @p8='?' (DbType = Int32), @p7='?' (Size = 30)], CommandType='"Text"', CommandTimeout='30']
SET NOCOUNT ON;
INSERT INTO [PaymentBehaviorLogs] ([BorrowerId], [DaysLate], [DueDate], [LoanId], [PaymentDate], [PaymentStatus], [ScheduleId])
OUTPUT INSERTED.[BehaviorLogId], INSERTED.[RecordedAt]
VALUES (@p0, @p1, @p2, @p3, @p4, @p5, @p6);
UPDATE [RepaymentSchedules] SET [Status] = @p7
OUTPUT 1
WHERE [ScheduleId] = @p8;
2026-08-30 22:18:02.452 +05:30 [INF] ScheduleId=81 changed to MISSED and behavior log created.
2026-08-30 22:18:02.469 +05:30 [INF] Processing ScheduleId=34, LoanId=2, DueDate="2027-06-27", CurrentStatus=MISSED, PaidAmount=0.00, EMI=55373.91
2026-08-30 22:18:02.498 +05:30 [INF] Executed DbCommand (4ms) [Parameters=[@loanId='?' (DbType = Int32)], CommandType='"Text"', CommandTimeout='30']
SELECT TOP(1) [l].[LoanId], [l].[BorrowerId], [l].[CreatedAt], [l].[EMIAmount], [l].[EndDate], [l].[InterestRate], [l].[LoanOfficerId], [l].[OutstandingAmount], [l].[PrincipalAmount], [l].[StartDate], [l].[Status], [l].[TenureMonths]
FROM [LoanAccounts] AS [l]
WHERE [l].[LoanId] = @loanId
2026-08-30 22:18:02.531 +05:30 [INF] Executed DbCommand (8ms) [Parameters=[@scheduleId='?' (DbType = Int32)], CommandType='"Text"', CommandTimeout='30']
SELECT TOP(1) [p].[BehaviorLogId], [p].[BorrowerId], [p].[DaysLate], [p].[DueDate], [p].[LoanId], [p].[PaymentDate], [p].[PaymentStatus], [p].[RecordedAt], [p].[ScheduleId]
FROM [PaymentBehaviorLogs] AS [p]
WHERE [p].[ScheduleId] = @scheduleId
2026-08-30 22:18:02.569 +05:30 [INF] Executed DbCommand (7ms) [Parameters=[@p9='?' (DbType = Int32), @p0='?' (DbType = Date), @p1='?' (Precision = 18) (Scale = 2) (DbType = Decimal), @p2='?' (DbType = Int32), @p3='?' (Precision = 18) (Scale = 2) (DbType = Decimal), @p4='?' (DbType = Int32), @p5='?' (Precision = 18) (Scale = 2) (DbType = Decimal), @p6='?' (DbType = Date), @p7='?' (Precision = 18) (Scale = 2) (DbType = Decimal), @p8='?' (Size = 30)], CommandType='"Text"', CommandTimeout='30']
SET IMPLICIT_TRANSACTIONS OFF;
SET NOCOUNT ON;
UPDATE [RepaymentSchedules] SET [DueDate] = @p0, [EMIAmount] = @p1, [InstallmentNumber] = @p2, [InterestAmount] = @p3, [LoanId] = @p4, [PaidAmount] = @p5, [PaidDate] = @p6, [PrincipalAmount] = @p7, [Status] = @p8
OUTPUT 1
WHERE [ScheduleId] = @p9;
2026-08-30 22:18:02.582 +05:30 [INF] Existing behavior log found for ScheduleId=34. Skipping log creation; schedule persisted as MISSED.
2026-08-30 22:18:02.586 +05:30 [INF] ScheduleId=34 was already MISSED. Not counted in processedCount.
2026-08-30 22:18:02.588 +05:30 [INF] Processing ScheduleId=10, LoanId=1, DueDate="2027-06-27", CurrentStatus=MISSED, PaidAmount=0.00, EMI=4614.49
2026-08-30 22:18:02.602 +05:30 [INF] Executed DbCommand (7ms) [Parameters=[@loanId='?' (DbType = Int32)], CommandType='"Text"', CommandTimeout='30']
SELECT TOP(1) [l].[LoanId], [l].[BorrowerId], [l].[CreatedAt], [l].[EMIAmount], [l].[EndDate], [l].[InterestRate], [l].[LoanOfficerId], [l].[OutstandingAmount], [l].[PrincipalAmount], [l].[StartDate], [l].[Status], [l].[TenureMonths]
FROM [LoanAccounts] AS [l]
WHERE [l].[LoanId] = @loanId
2026-08-30 22:18:02.616 +05:30 [INF] Executed DbCommand (3ms) [Parameters=[@scheduleId='?' (DbType = Int32)], CommandType='"Text"', CommandTimeout='30']
SELECT TOP(1) [p].[BehaviorLogId], [p].[BorrowerId], [p].[DaysLate], [p].[DueDate], [p].[LoanId], [p].[PaymentDate], [p].[PaymentStatus], [p].[RecordedAt], [p].[ScheduleId]
FROM [PaymentBehaviorLogs] AS [p]
WHERE [p].[ScheduleId] = @scheduleId
2026-08-30 22:18:02.627 +05:30 [INF] Executed DbCommand (2ms) [Parameters=[@p9='?' (DbType = Int32), @p0='?' (DbType = Date), @p1='?' (Precision = 18) (Scale = 2) (DbType = Decimal), @p2='?' (DbType = Int32), @p3='?' (Precision = 18) (Scale = 2) (DbType = Decimal), @p4='?' (DbType = Int32), @p5='?' (Precision = 18) (Scale = 2) (DbType = Decimal), @p6='?' (DbType = Date), @p7='?' (Precision = 18) (Scale = 2) (DbType = Decimal), @p8='?' (Size = 30)], CommandType='"Text"', CommandTimeout='30']
SET IMPLICIT_TRANSACTIONS OFF;
SET NOCOUNT ON;
UPDATE [RepaymentSchedules] SET [DueDate] = @p0, [EMIAmount] = @p1, [InstallmentNumber] = @p2, [InterestAmount] = @p3, [LoanId] = @p4, [PaidAmount] = @p5, [PaidDate] = @p6, [PrincipalAmount] = @p7, [Status] = @p8
OUTPUT 1
WHERE [ScheduleId] = @p9;
2026-08-30 22:18:02.636 +05:30 [INF] Existing behavior log found for ScheduleId=10. Skipping log creation; schedule persisted as MISSED.
2026-08-30 22:18:02.638 +05:30 [INF] ScheduleId=10 was already MISSED. Not counted in processedCount.
2026-08-30 22:18:02.643 +05:30 [INF] Processing ScheduleId=58, LoanId=3, DueDate="2027-06-28", CurrentStatus=PENDING, PaidAmount=0.00, EMI=115362.32
2026-08-30 22:18:02.655 +05:30 [INF] Executed DbCommand (1ms) [Parameters=[@loanId='?' (DbType = Int32)], CommandType='"Text"', CommandTimeout='30']
SELECT TOP(1) [l].[LoanId], [l].[BorrowerId], [l].[CreatedAt], [l].[EMIAmount], [l].[EndDate], [l].[InterestRate], [l].[LoanOfficerId], [l].[OutstandingAmount], [l].[PrincipalAmount], [l].[StartDate], [l].[Status], [l].[TenureMonths]
FROM [LoanAccounts] AS [l]
WHERE [l].[LoanId] = @loanId
2026-08-30 22:18:02.674 +05:30 [INF] Executed DbCommand (3ms) [Parameters=[@scheduleId='?' (DbType = Int32)], CommandType='"Text"', CommandTimeout='30']
SELECT TOP(1) [p].[BehaviorLogId], [p].[BorrowerId], [p].[DaysLate], [p].[DueDate], [p].[LoanId], [p].[PaymentDate], [p].[PaymentStatus], [p].[RecordedAt], [p].[ScheduleId]
FROM [PaymentBehaviorLogs] AS [p]
WHERE [p].[ScheduleId] = @scheduleId
2026-08-30 22:18:02.722 +05:30 [INF] Creating payment behavior log. ScheduleId=58, LoanId=3, Status=MISSED, DueDate="2027-06-28", Today="2027-07-01", DaysLate=3
2026-08-30 22:18:02.786 +05:30 [INF] Executed DbCommand (16ms) [Parameters=[@p0='?' (DbType = Int32), @p1='?' (DbType = Int32), @p2='?' (DbType = Date), @p3='?' (DbType = Int32), @p4='?' (DbType = Date), @p5='?' (Size = 30), @p6='?' (DbType = Int32), @p8='?' (DbType = Int32), @p7='?' (Size = 30)], CommandType='"Text"', CommandTimeout='30']
SET NOCOUNT ON;
INSERT INTO [PaymentBehaviorLogs] ([BorrowerId], [DaysLate], [DueDate], [LoanId], [PaymentDate], [PaymentStatus], [ScheduleId])
OUTPUT INSERTED.[BehaviorLogId], INSERTED.[RecordedAt]
VALUES (@p0, @p1, @p2, @p3, @p4, @p5, @p6);
UPDATE [RepaymentSchedules] SET [Status] = @p7
OUTPUT 1
WHERE [ScheduleId] = @p8;
2026-08-30 22:18:02.820 +05:30 [INF] ScheduleId=58 changed to MISSED and behavior log created.
2026-08-30 22:18:02.823 +05:30 [INF] Processing ScheduleId=82, LoanId=4, DueDate="2027-06-28", CurrentStatus=PENDING, PaidAmount=0.00, EMI=42119.43
2026-08-30 22:18:02.846 +05:30 [INF] Executed DbCommand (8ms) [Parameters=[@loanId='?' (DbType = Int32)], CommandType='"Text"', CommandTimeout='30']
SELECT TOP(1) [l].[LoanId], [l].[BorrowerId], [l].[CreatedAt], [l].[EMIAmount], [l].[EndDate], [l].[InterestRate], [l].[LoanOfficerId], [l].[OutstandingAmount], [l].[PrincipalAmount], [l].[StartDate], [l].[Status], [l].[TenureMonths]
FROM [LoanAccounts] AS [l]
WHERE [l].[LoanId] = @loanId
2026-08-30 22:18:02.855 +05:30 [INF] Executed DbCommand (3ms) [Parameters=[@scheduleId='?' (DbType = Int32)], CommandType='"Text"', CommandTimeout='30']
SELECT TOP(1) [p].[BehaviorLogId], [p].[BorrowerId], [p].[DaysLate], [p].[DueDate], [p].[LoanId], [p].[PaymentDate], [p].[PaymentStatus], [p].[RecordedAt], [p].[ScheduleId]
FROM [PaymentBehaviorLogs] AS [p]
WHERE [p].[ScheduleId] = @scheduleId
2026-08-30 22:18:02.867 +05:30 [INF] Creating payment behavior log. ScheduleId=82, LoanId=4, Status=MISSED, DueDate="2027-06-28", Today="2027-07-01", DaysLate=3
2026-08-30 22:18:02.897 +05:30 [INF] Executed DbCommand (12ms) [Parameters=[@p0='?' (DbType = Int32), @p1='?' (DbType = Int32), @p2='?' (DbType = Date), @p3='?' (DbType = Int32), @p4='?' (DbType = Date), @p5='?' (Size = 30), @p6='?' (DbType = Int32), @p8='?' (DbType = Int32), @p7='?' (Size = 30)], CommandType='"Text"', CommandTimeout='30']
SET NOCOUNT ON;
INSERT INTO [PaymentBehaviorLogs] ([BorrowerId], [DaysLate], [DueDate], [LoanId], [PaymentDate], [PaymentStatus], [ScheduleId])
OUTPUT INSERTED.[BehaviorLogId], INSERTED.[RecordedAt]
VALUES (@p0, @p1, @p2, @p3, @p4, @p5, @p6);
UPDATE [RepaymentSchedules] SET [Status] = @p7
OUTPUT 1
WHERE [ScheduleId] = @p8;
2026-08-30 22:18:02.906 +05:30 [INF] ScheduleId=82 changed to MISSED and behavior log created.
2026-08-30 22:18:02.908 +05:30 [INF] Finished overdue EMI processing.
2026-08-30 22:18:02.937 +05:30 [INF] Processed Count: 20
2026-08-30 22:18:02.954 +05:30 [INF] ============================================
2026-08-30 22:18:03.010 +05:30 [INF] Executing OkObjectResult, writing value of type '<>f__AnonymousType7`2[[System.String, System.Private.CoreLib, Version=10.0.0.0, Culture=neutral, PublicKeyToken=7cec85d7bea7798e],[System.Int32, System.Private.CoreLib, Version=10.0.0.0, Culture=neutral, PublicKeyToken=7cec85d7bea7798e]]'.
2026-08-30 22:18:03.078 +05:30 [INF] Executed action LoanDeductionPrediction.API.Controllers.PaymentBehaviorController.ProcessOverduePayments (LoanDeductionPrediction.API) in 4673.8057ms
2026-08-30 22:18:03.083 +05:30 [INF] Executed endpoint 'LoanDeductionPrediction.API.Controllers.PaymentBehaviorController.ProcessOverduePayments (LoanDeductionPrediction.API)'
2026-08-30 22:18:03.089 +05:30 [INF] HTTP POST /api/PaymentBehavior/process-overdue responded 200 in 4910.5492 ms
2026-08-30 22:18:03.119 +05:30 [INF] Request finished HTTP/1.1 POST http://localhost:5082/api/PaymentBehavior/process-overdue - 200 null application/json; charset=utf-8 4969.9563ms
2026-08-30 22:19:27.579 +05:30 [INF] Request starting HTTP/1.1 GET http://localhost:5082/api/RepaymentSchedule/loan/2 - null null
2026-08-30 22:19:27.588 +05:30 [INF] Executing endpoint 'LoanDeductionPrediction.API.Controllers.RepaymentScheduleController.GetLoanSchedule (LoanDeductionPrediction.API)'
2026-08-30 22:19:27.613 +05:30 [INF] Route matched with {action = "GetLoanSchedule", controller = "RepaymentSchedule"}. Executing controller action with signature System.Threading.Tasks.Task`1[Microsoft.AspNetCore.Mvc.IActionResult] GetLoanSchedule(Int32) on controller LoanDeductionPrediction.API.Controllers.RepaymentScheduleController (LoanDeductionPrediction.API).
2026-08-30 22:19:27.635 +05:30 [INF] Executed DbCommand (5ms) [Parameters=[@loanId='?' (DbType = Int32)], CommandType='"Text"', CommandTimeout='30']
SELECT TOP(1) [l].[LoanId], [l].[BorrowerId], [l].[CreatedAt], [l].[EMIAmount], [l].[EndDate], [l].[InterestRate], [l].[LoanOfficerId], [l].[OutstandingAmount], [l].[PrincipalAmount], [l].[StartDate], [l].[Status], [l].[TenureMonths]
FROM [LoanAccounts] AS [l]
WHERE [l].[LoanId] = @loanId
2026-08-30 22:19:27.691 +05:30 [INF] Executed DbCommand (6ms) [Parameters=[@loanId='?' (DbType = Int32)], CommandType='"Text"', CommandTimeout='30']
SELECT [r].[ScheduleId], [r].[DueDate], [r].[EMIAmount], [r].[InstallmentNumber], [r].[InterestAmount], [r].[LoanId], [r].[PaidAmount], [r].[PaidDate], [r].[PrincipalAmount], [r].[Status]
FROM [RepaymentSchedules] AS [r]
WHERE [r].[LoanId] = @loanId
ORDER BY [r].[InstallmentNumber]
2026-08-30 22:19:27.702 +05:30 [INF] Executing OkObjectResult, writing value of type 'System.Collections.Generic.List`1[[LoanDeductionPrediction.Models.DTOs.RepaymentScheduleDto, LoanDeductionPrediction.Models, Version=1.0.0.0, Culture=neutral, PublicKeyToken=null]]'.
2026-08-30 22:19:27.716 +05:30 [INF] Executed action LoanDeductionPrediction.API.Controllers.RepaymentScheduleController.GetLoanSchedule (LoanDeductionPrediction.API) in 98.04ms
2026-08-30 22:19:27.719 +05:30 [INF] Executed endpoint 'LoanDeductionPrediction.API.Controllers.RepaymentScheduleController.GetLoanSchedule (LoanDeductionPrediction.API)'
2026-08-30 22:19:27.721 +05:30 [INF] HTTP GET /api/RepaymentSchedule/loan/2 responded 200 in 133.4790 ms
2026-08-30 22:19:27.727 +05:30 [INF] Request finished HTTP/1.1 GET http://localhost:5082/api/RepaymentSchedule/loan/2 - 200 null application/json; charset=utf-8 147.7982ms
2026-08-30 22:20:16.370 +05:30 [INF] Request starting HTTP/1.1 GET http://localhost:5082/api/PaymentBehavior/loan/2 - null null
2026-08-30 22:20:16.393 +05:30 [INF] Executing endpoint 'LoanDeductionPrediction.API.Controllers.PaymentBehaviorController.GetByLoan (LoanDeductionPrediction.API)'
2026-08-30 22:20:16.432 +05:30 [INF] Route matched with {action = "GetByLoan", controller = "PaymentBehavior"}. Executing controller action with signature System.Threading.Tasks.Task`1[Microsoft.AspNetCore.Mvc.ActionResult`1[System.Collections.Generic.List`1[LoanDeductionPrediction.Repositories.Entities.PaymentBehaviorLog]]] GetByLoan(Int32) on controller LoanDeductionPrediction.API.Controllers.PaymentBehaviorController (LoanDeductionPrediction.API).
2026-08-30 22:20:16.472 +05:30 [INF] Executed DbCommand (5ms) [Parameters=[@loanId='?' (DbType = Int32)], CommandType='"Text"', CommandTimeout='30']
SELECT [p].[BehaviorLogId], [p].[BorrowerId], [p].[DaysLate], [p].[DueDate], [p].[LoanId], [p].[PaymentDate], [p].[PaymentStatus], [p].[RecordedAt], [p].[ScheduleId]
FROM [PaymentBehaviorLogs] AS [p]
WHERE [p].[LoanId] = @loanId
ORDER BY [p].[DueDate]
2026-08-30 22:20:16.481 +05:30 [INF] Executing OkObjectResult, writing value of type 'System.Collections.Generic.List`1[[LoanDeductionPrediction.Repositories.Entities.PaymentBehaviorLog, LoanDeductionPrediction.Repositories, Version=1.0.0.0, Culture=neutral, PublicKeyToken=null]]'.
2026-08-30 22:20:16.503 +05:30 [INF] Executed action LoanDeductionPrediction.API.Controllers.PaymentBehaviorController.GetByLoan (LoanDeductionPrediction.API) in 64.2848ms
2026-08-30 22:20:16.510 +05:30 [INF] Executed endpoint 'LoanDeductionPrediction.API.Controllers.PaymentBehaviorController.GetByLoan (LoanDeductionPrediction.API)'
2026-08-30 22:20:16.514 +05:30 [INF] HTTP GET /api/PaymentBehavior/loan/2 responded 200 in 122.4505 ms
2026-08-30 22:20:16.517 +05:30 [INF] Request finished HTTP/1.1 GET http://localhost:5082/api/PaymentBehavior/loan/2 - 200 null application/json; charset=utf-8 146.8869ms
2026-08-30 22:26:01.947 +05:30 [INF] Application is shutting down...
2026-08-30 22:26:28.145 +05:30 [WRN] No store type was specified for the decimal property 'CollateralValue' on entity type 'BorrowerLoanApplication'. This will cause values to be silently truncated if they do not fit in the default precision and scale. Explicitly specify the SQL server column type that can accommodate all the values in 'OnModelCreating' using 'HasColumnType', specify precision and scale using 'HasPrecision', or configure a value converter using 'HasConversion'.
2026-08-30 22:26:28.187 +05:30 [WRN] No store type was specified for the decimal property 'CollateralValue' on entity type 'LoanRequest'. This will cause values to be silently truncated if they do not fit in the default precision and scale. Explicitly specify the SQL server column type that can accommodate all the values in 'OnModelCreating' using 'HasColumnType', specify precision and scale using 'HasPrecision', or configure a value converter using 'HasConversion'.
2026-08-30 22:26:28.193 +05:30 [WRN] No store type was specified for the decimal property 'InterestRate' on entity type 'LoanRequest'. This will cause values to be silently truncated if they do not fit in the default precision and scale. Explicitly specify the SQL server column type that can accommodate all the values in 'OnModelCreating' using 'HasColumnType', specify precision and scale using 'HasPrecision', or configure a value converter using 'HasConversion'.
2026-08-30 22:26:28.429 +05:30 [WRN] No store type was specified for the decimal property 'MonthlySalary' on entity type 'LoanRequest'. This will cause values to be silently truncated if they do not fit in the default precision and scale. Explicitly specify the SQL server column type that can accommodate all the values in 'OnModelCreating' using 'HasColumnType', specify precision and scale using 'HasPrecision', or configure a value converter using 'HasConversion'.
2026-08-30 22:26:28.517 +05:30 [WRN] No store type was specified for the decimal property 'RequestedAmount' on entity type 'LoanRequest'. This will cause values to be silently truncated if they do not fit in the default precision and scale. Explicitly specify the SQL server column type that can accommodate all the values in 'OnModelCreating' using 'HasColumnType', specify precision and scale using 'HasPrecision', or configure a value converter using 'HasConversion'.
2026-08-30 22:26:28.966 +05:30 [INF] Executed DbCommand (12ms) [Parameters=[], CommandType='"Text"', CommandTimeout='30']
SELECT 1
2026-08-30 22:26:29.019 +05:30 [INF] Acquiring an exclusive lock for migration application. See https://aka.ms/efcore-docs-migrations-lock for more information if this takes too long.
2026-08-30 22:26:29.130 +05:30 [INF] Executed DbCommand (76ms) [Parameters=[], CommandType='"Text"', CommandTimeout='30']
DECLARE @result int;
EXEC @result = sp_getapplock @Resource = '__EFMigrationsLock', @LockOwner = 'Session', @LockMode = 'Exclusive';
SELECT @result
2026-08-30 22:26:29.207 +05:30 [INF] Executed DbCommand (7ms) [Parameters=[], CommandType='"Text"', CommandTimeout='30']
IF OBJECT_ID(N'[__EFMigrationsHistory]') IS NULL
BEGIN
    CREATE TABLE [__EFMigrationsHistory] (
        [MigrationId] nvarchar(150) NOT NULL,
        [ProductVersion] nvarchar(32) NOT NULL,
        CONSTRAINT [PK___EFMigrationsHistory] PRIMARY KEY ([MigrationId])
    );
END;
2026-08-30 22:26:29.234 +05:30 [INF] Executed DbCommand (1ms) [Parameters=[], CommandType='"Text"', CommandTimeout='30']
SELECT 1
2026-08-30 22:26:29.288 +05:30 [INF] Executed DbCommand (4ms) [Parameters=[], CommandType='"Text"', CommandTimeout='30']
SELECT OBJECT_ID(N'[__EFMigrationsHistory]');
2026-08-30 22:26:29.461 +05:30 [INF] Executed DbCommand (44ms) [Parameters=[], CommandType='"Text"', CommandTimeout='30']
SELECT [MigrationId], [ProductVersion]
FROM [__EFMigrationsHistory]
ORDER BY [MigrationId];
2026-08-30 22:26:29.503 +05:30 [INF] No migrations were applied. The database is already up to date.
2026-08-30 22:26:29.541 +05:30 [INF] Executed DbCommand (13ms) [Parameters=[], CommandType='"Text"', CommandTimeout='30']
DECLARE @result int;
EXEC @result = sp_releaseapplock @Resource = '__EFMigrationsLock', @LockOwner = 'Session';
SELECT @result
2026-08-30 22:26:30.072 +05:30 [INF] Executed DbCommand (5ms) [Parameters=[], CommandType='"Text"', CommandTimeout='30']
SELECT CASE
    WHEN EXISTS (
        SELECT 1
        FROM [Users] AS [u]
        WHERE [u].[Role] = N'Admin') THEN CAST(1 AS bit)
    ELSE CAST(0 AS bit)
END
2026-08-30 22:26:30.284 +05:30 [INF] User profile is available. Using 'C:\Users\thang\AppData\Local\ASP.NET\DataProtection-Keys' as key repository and Windows DPAPI to encrypt keys at rest.
2026-08-30 22:26:30.312 +05:30 [INF] Payment Behavior Background Service is disabled via configuration. Skipping hourly overdue EMI processing.
2026-08-30 22:26:30.518 +05:30 [INF] Now listening on: http://localhost:5082
2026-08-30 22:26:30.522 +05:30 [INF] Application started. Press Ctrl+C to shut down.
2026-08-30 22:26:30.523 +05:30 [INF] Hosting environment: Development
2026-08-30 22:26:30.525 +05:30 [INF] Content root path: C:\Users\thang\OneDrive\Documents\React Projects\LoanDeductionPrediction\LoanDeductionPrediction.API
2026-08-30 22:27:25.266 +05:30 [INF] Application is shutting down...
2026-08-30 22:27:47.056 +05:30 [WRN] No store type was specified for the decimal property 'CollateralValue' on entity type 'BorrowerLoanApplication'. This will cause values to be silently truncated if they do not fit in the default precision and scale. Explicitly specify the SQL server column type that can accommodate all the values in 'OnModelCreating' using 'HasColumnType', specify precision and scale using 'HasPrecision', or configure a value converter using 'HasConversion'.
2026-08-30 22:27:47.100 +05:30 [WRN] No store type was specified for the decimal property 'CollateralValue' on entity type 'LoanRequest'. This will cause values to be silently truncated if they do not fit in the default precision and scale. Explicitly specify the SQL server column type that can accommodate all the values in 'OnModelCreating' using 'HasColumnType', specify precision and scale using 'HasPrecision', or configure a value converter using 'HasConversion'.
2026-08-30 22:27:47.102 +05:30 [WRN] No store type was specified for the decimal property 'InterestRate' on entity type 'LoanRequest'. This will cause values to be silently truncated if they do not fit in the default precision and scale. Explicitly specify the SQL server column type that can accommodate all the values in 'OnModelCreating' using 'HasColumnType', specify precision and scale using 'HasPrecision', or configure a value converter using 'HasConversion'.
2026-08-30 22:27:47.104 +05:30 [WRN] No store type was specified for the decimal property 'MonthlySalary' on entity type 'LoanRequest'. This will cause values to be silently truncated if they do not fit in the default precision and scale. Explicitly specify the SQL server column type that can accommodate all the values in 'OnModelCreating' using 'HasColumnType', specify precision and scale using 'HasPrecision', or configure a value converter using 'HasConversion'.
2026-08-30 22:27:47.106 +05:30 [WRN] No store type was specified for the decimal property 'RequestedAmount' on entity type 'LoanRequest'. This will cause values to be silently truncated if they do not fit in the default precision and scale. Explicitly specify the SQL server column type that can accommodate all the values in 'OnModelCreating' using 'HasColumnType', specify precision and scale using 'HasPrecision', or configure a value converter using 'HasConversion'.
2026-08-30 22:27:47.444 +05:30 [INF] Executed DbCommand (17ms) [Parameters=[], CommandType='"Text"', CommandTimeout='30']
SELECT 1
2026-08-30 22:27:47.456 +05:30 [INF] Acquiring an exclusive lock for migration application. See https://aka.ms/efcore-docs-migrations-lock for more information if this takes too long.
2026-08-30 22:27:47.499 +05:30 [INF] Executed DbCommand (39ms) [Parameters=[], CommandType='"Text"', CommandTimeout='30']
DECLARE @result int;
EXEC @result = sp_getapplock @Resource = '__EFMigrationsLock', @LockOwner = 'Session', @LockMode = 'Exclusive';
SELECT @result
2026-08-30 22:27:47.615 +05:30 [INF] Executed DbCommand (8ms) [Parameters=[], CommandType='"Text"', CommandTimeout='30']
IF OBJECT_ID(N'[__EFMigrationsHistory]') IS NULL
BEGIN
    CREATE TABLE [__EFMigrationsHistory] (
        [MigrationId] nvarchar(150) NOT NULL,
        [ProductVersion] nvarchar(32) NOT NULL,
        CONSTRAINT [PK___EFMigrationsHistory] PRIMARY KEY ([MigrationId])
    );
END;
2026-08-30 22:27:47.627 +05:30 [INF] Executed DbCommand (1ms) [Parameters=[], CommandType='"Text"', CommandTimeout='30']
SELECT 1
2026-08-30 22:27:47.631 +05:30 [INF] Executed DbCommand (1ms) [Parameters=[], CommandType='"Text"', CommandTimeout='30']
SELECT OBJECT_ID(N'[__EFMigrationsHistory]');
2026-08-30 22:27:47.645 +05:30 [INF] Executed DbCommand (8ms) [Parameters=[], CommandType='"Text"', CommandTimeout='30']
SELECT [MigrationId], [ProductVersion]
FROM [__EFMigrationsHistory]
ORDER BY [MigrationId];
2026-08-30 22:27:47.655 +05:30 [INF] No migrations were applied. The database is already up to date.
2026-08-30 22:27:47.666 +05:30 [INF] Executed DbCommand (6ms) [Parameters=[], CommandType='"Text"', CommandTimeout='30']
DECLARE @result int;
EXEC @result = sp_releaseapplock @Resource = '__EFMigrationsLock', @LockOwner = 'Session';
SELECT @result
2026-08-30 22:27:47.868 +05:30 [INF] Executed DbCommand (8ms) [Parameters=[], CommandType='"Text"', CommandTimeout='30']
SELECT CASE
    WHEN EXISTS (
        SELECT 1
        FROM [Users] AS [u]
        WHERE [u].[Role] = N'Admin') THEN CAST(1 AS bit)
    ELSE CAST(0 AS bit)
END
2026-08-30 22:27:47.943 +05:30 [INF] User profile is available. Using 'C:\Users\thang\AppData\Local\ASP.NET\DataProtection-Keys' as key repository and Windows DPAPI to encrypt keys at rest.
2026-08-30 22:27:47.951 +05:30 [INF] Payment Behavior Background Service is disabled via configuration. Skipping hourly overdue EMI processing.
2026-08-30 22:27:48.005 +05:30 [INF] Now listening on: http://localhost:5082
2026-08-30 22:27:48.007 +05:30 [INF] Application started. Press Ctrl+C to shut down.
2026-08-30 22:27:48.009 +05:30 [INF] Hosting environment: Development
2026-08-30 22:27:48.010 +05:30 [INF] Content root path: C:\Users\thang\OneDrive\Documents\React Projects\LoanDeductionPrediction\LoanDeductionPrediction.API
2026-08-30 22:27:59.076 +05:30 [INF] Request starting HTTP/1.1 GET http://localhost:5082/swagger/index.html - null null
2026-08-30 22:27:59.415 +05:30 [INF] HTTP GET /swagger/index.html responded 304 in 230.3729 ms
2026-08-30 22:27:59.468 +05:30 [INF] Request finished HTTP/1.1 GET http://localhost:5082/swagger/index.html - 304 null null 368.7114ms
2026-08-30 22:27:59.496 +05:30 [INF] Request starting HTTP/1.1 GET http://localhost:5082/swagger/swagger-ui.css - null null
2026-08-30 22:27:59.499 +05:30 [INF] Request starting HTTP/1.1 GET http://localhost:5082/swagger/swagger-ui-standalone-preset.js - null null
2026-08-30 22:27:59.500 +05:30 [INF] Request starting HTTP/1.1 GET http://localhost:5082/swagger/index.css - null null
2026-08-30 22:27:59.502 +05:30 [INF] Request starting HTTP/1.1 GET http://localhost:5082/swagger/index.js - null null
2026-08-30 22:27:59.570 +05:30 [INF] Request starting HTTP/1.1 GET http://localhost:5082/swagger/swagger-ui-bundle.js - null null
2026-08-30 22:27:59.626 +05:30 [INF] HTTP GET /swagger/swagger-ui.css responded 304 in 41.8836 ms
2026-08-30 22:27:59.624 +05:30 [INF] HTTP GET /swagger/swagger-ui-standalone-preset.js responded 304 in 18.6712 ms
2026-08-30 22:27:59.634 +05:30 [INF] HTTP GET /swagger/index.css responded 304 in 1.4958 ms
2026-08-30 22:27:59.656 +05:30 [INF] HTTP GET /swagger/index.js responded 304 in 1.7404 ms
2026-08-30 22:27:59.703 +05:30 [INF] HTTP GET /swagger/swagger-ui-bundle.js responded 304 in 35.4385 ms
2026-08-30 22:27:59.707 +05:30 [INF] Request finished HTTP/1.1 GET http://localhost:5082/swagger/swagger-ui.css - 304 null null 192.1267ms
2026-08-30 22:27:59.732 +05:30 [INF] Request finished HTTP/1.1 GET http://localhost:5082/swagger/swagger-ui-standalone-preset.js - 304 null null 233.3977ms
2026-08-30 22:27:59.753 +05:30 [INF] Request finished HTTP/1.1 GET http://localhost:5082/swagger/index.css - 304 null null 252.4619ms
2026-08-30 22:27:59.759 +05:30 [INF] Request finished HTTP/1.1 GET http://localhost:5082/swagger/index.js - 304 null null 256.2704ms
2026-08-30 22:27:59.773 +05:30 [INF] Request finished HTTP/1.1 GET http://localhost:5082/swagger/swagger-ui-bundle.js - 304 null null 202.6424ms
2026-08-30 22:27:59.943 +05:30 [INF] Request starting HTTP/1.1 GET http://localhost:5082/swagger/v1/swagger.json - null null
2026-08-30 22:28:00.512 +05:30 [INF] HTTP GET /swagger/v1/swagger.json responded 200 in 441.5116 ms
2026-08-30 22:28:00.523 +05:30 [INF] Request finished HTTP/1.1 GET http://localhost:5082/swagger/v1/swagger.json - 200 null application/json;charset=utf-8 579.8321ms
2026-08-30 22:28:23.865 +05:30 [INF] Request starting HTTP/1.1 POST http://localhost:5082/api/Auth/login - application/json 63
2026-08-30 22:28:23.913 +05:30 [WRN] Failed to determine the https port for redirect.
2026-08-30 22:28:23.931 +05:30 [INF] CORS policy execution successful.
2026-08-30 22:28:24.022 +05:30 [INF] Executing endpoint 'LoanDeductionPrediction.API.Controllers.AuthController.Login (LoanDeductionPrediction.API)'
2026-08-30 22:28:24.079 +05:30 [INF] Route matched with {action = "Login", controller = "Auth"}. Executing controller action with signature System.Threading.Tasks.Task`1[Microsoft.AspNetCore.Mvc.IActionResult] Login(LoanDeductionPrediction.Models.DTOs.LoginRequest) on controller LoanDeductionPrediction.API.Controllers.AuthController (LoanDeductionPrediction.API).
2026-08-30 22:28:24.441 +05:30 [WRN] You do not have a valid license key for the Lucky Penny software AutoMapper. This is allowed for development and testing scenarios. If you are running in production you are required to have a licensed version. Please visit https://luckypennysoftware.com to obtain a valid license.
2026-08-30 22:28:24.860 +05:30 [INF] Executed DbCommand (125ms) [Parameters=[@email='?' (Size = 150)], CommandType='"Text"', CommandTimeout='30']
SELECT TOP(1) [u].[UserId], [u].[CreatedAt], [u].[Email], [u].[FullName], [u].[IsActive], [u].[PasswordHash], [u].[Role]
FROM [Users] AS [u]
WHERE [u].[Email] = @email
2026-08-30 22:28:25.976 +05:30 [INF] Executed DbCommand (33ms) [Parameters=[@p0='?' (DbType = DateTime2), @p1='?' (DbType = DateTime2), @p2='?' (DbType = Boolean), @p3='?' (DbType = DateTime2), @p4='?' (Size = 500), @p5='?' (DbType = Int32)], CommandType='"Text"', CommandTimeout='30']
SET IMPLICIT_TRANSACTIONS OFF;
SET NOCOUNT ON;
INSERT INTO [RefreshTokens] ([CreatedAt], [ExpiresAt], [IsRevoked], [RevokedAt], [Token], [UserId])
OUTPUT INSERTED.[RefreshTokenId]
VALUES (@p0, @p1, @p2, @p3, @p4, @p5);
2026-08-30 22:28:26.089 +05:30 [INF] Executing OkObjectResult, writing value of type 'LoanDeductionPrediction.Models.DTOs.LoginResponse'.
2026-08-30 22:28:26.127 +05:30 [INF] Executed action LoanDeductionPrediction.API.Controllers.AuthController.Login (LoanDeductionPrediction.API) in 2029.4978ms
2026-08-30 22:28:26.131 +05:30 [INF] Executed endpoint 'LoanDeductionPrediction.API.Controllers.AuthController.Login (LoanDeductionPrediction.API)'
2026-08-30 22:28:26.141 +05:30 [INF] HTTP POST /api/Auth/login responded 200 in 2229.7348 ms
2026-08-30 22:28:26.183 +05:30 [INF] Request finished HTTP/1.1 POST http://localhost:5082/api/Auth/login - 200 null application/json; charset=utf-8 2317.8588ms
2026-08-30 22:28:48.046 +05:30 [INF] Request starting HTTP/1.1 POST http://localhost:5082/api/PaymentBehavior/process-overdue - null 0
2026-08-30 22:28:48.140 +05:30 [INF] CORS policy execution successful.
2026-08-30 22:28:48.248 +05:30 [INF] Executing endpoint 'LoanDeductionPrediction.API.Controllers.PaymentBehaviorController.ProcessOverduePayments (LoanDeductionPrediction.API)'
2026-08-30 22:28:48.265 +05:30 [INF] Route matched with {action = "ProcessOverduePayments", controller = "PaymentBehavior"}. Executing controller action with signature System.Threading.Tasks.Task`1[Microsoft.AspNetCore.Mvc.IActionResult] ProcessOverduePayments() on controller LoanDeductionPrediction.API.Controllers.PaymentBehaviorController (LoanDeductionPrediction.API).
2026-08-30 22:28:48.320 +05:30 [INF] ============================================
2026-08-30 22:28:48.330 +05:30 [INF] Starting overdue EMI processing.
2026-08-30 22:28:48.341 +05:30 [INF] System/Test Date: "2027-07-01"
2026-08-30 22:28:48.589 +05:30 [INF] Executed DbCommand (20ms) [Parameters=[@today='?' (DbType = Date)], CommandType='"Text"', CommandTimeout='30']
SELECT [r].[ScheduleId], [r].[DueDate], [r].[EMIAmount], [r].[InstallmentNumber], [r].[InterestAmount], [r].[LoanId], [r].[PaidAmount], [r].[PaidDate], [r].[PrincipalAmount], [r].[Status]
FROM [RepaymentSchedules] AS [r]
WHERE [r].[DueDate] < @today AND [r].[PaidAmount] < [r].[EMIAmount] AND [r].[Status] <> N'PAID'
ORDER BY [r].[DueDate]
2026-08-30 22:28:48.693 +05:30 [INF] Found 32 overdue repayment schedules.
2026-08-30 22:28:48.697 +05:30 [INF] Processing ScheduleId=1, LoanId=1, DueDate="2026-09-27", CurrentStatus=MISSED, PaidAmount=0.00, EMI=4614.49
2026-08-30 22:28:48.799 +05:30 [INF] Executed DbCommand (6ms) [Parameters=[@loanId='?' (DbType = Int32)], CommandType='"Text"', CommandTimeout='30']
SELECT TOP(1) [l].[LoanId], [l].[BorrowerId], [l].[CreatedAt], [l].[EMIAmount], [l].[EndDate], [l].[InterestRate], [l].[LoanOfficerId], [l].[OutstandingAmount], [l].[PrincipalAmount], [l].[StartDate], [l].[Status], [l].[TenureMonths]
FROM [LoanAccounts] AS [l]
WHERE [l].[LoanId] = @loanId
2026-08-30 22:28:48.859 +05:30 [INF] Executed DbCommand (5ms) [Parameters=[@scheduleId='?' (DbType = Int32)], CommandType='"Text"', CommandTimeout='30']
SELECT TOP(1) [p].[BehaviorLogId], [p].[BorrowerId], [p].[DaysLate], [p].[DueDate], [p].[LoanId], [p].[PaymentDate], [p].[PaymentStatus], [p].[RecordedAt], [p].[ScheduleId]
FROM [PaymentBehaviorLogs] AS [p]
WHERE [p].[ScheduleId] = @scheduleId
2026-08-30 22:28:48.987 +05:30 [INF] Executed DbCommand (17ms) [Parameters=[@p9='?' (DbType = Int32), @p0='?' (DbType = Date), @p1='?' (Precision = 18) (Scale = 2) (DbType = Decimal), @p2='?' (DbType = Int32), @p3='?' (Precision = 18) (Scale = 2) (DbType = Decimal), @p4='?' (DbType = Int32), @p5='?' (Precision = 18) (Scale = 2) (DbType = Decimal), @p6='?' (DbType = Date), @p7='?' (Precision = 18) (Scale = 2) (DbType = Decimal), @p8='?' (Size = 30)], CommandType='"Text"', CommandTimeout='30']
SET IMPLICIT_TRANSACTIONS OFF;
SET NOCOUNT ON;
UPDATE [RepaymentSchedules] SET [DueDate] = @p0, [EMIAmount] = @p1, [InstallmentNumber] = @p2, [InterestAmount] = @p3, [LoanId] = @p4, [PaidAmount] = @p5, [PaidDate] = @p6, [PrincipalAmount] = @p7, [Status] = @p8
OUTPUT 1
WHERE [ScheduleId] = @p9;
2026-08-30 22:28:49.013 +05:30 [INF] Existing behavior log found for ScheduleId=1. Skipping log creation; schedule persisted as MISSED.
2026-08-30 22:28:49.030 +05:30 [INF] ScheduleId=1 was already MISSED. Not counted in processedCount.
2026-08-30 22:28:49.044 +05:30 [INF] Processing ScheduleId=49, LoanId=3, DueDate="2026-09-28", CurrentStatus=MISSED, PaidAmount=0.00, EMI=115362.32
2026-08-30 22:28:49.339 +05:30 [INF] Executed DbCommand (9ms) [Parameters=[@loanId='?' (DbType = Int32)], CommandType='"Text"', CommandTimeout='30']
SELECT TOP(1) [l].[LoanId], [l].[BorrowerId], [l].[CreatedAt], [l].[EMIAmount], [l].[EndDate], [l].[InterestRate], [l].[LoanOfficerId], [l].[OutstandingAmount], [l].[PrincipalAmount], [l].[StartDate], [l].[Status], [l].[TenureMonths]
FROM [LoanAccounts] AS [l]
WHERE [l].[LoanId] = @loanId
2026-08-30 22:28:49.379 +05:30 [INF] Executed DbCommand (13ms) [Parameters=[@scheduleId='?' (DbType = Int32)], CommandType='"Text"', CommandTimeout='30']
SELECT TOP(1) [p].[BehaviorLogId], [p].[BorrowerId], [p].[DaysLate], [p].[DueDate], [p].[LoanId], [p].[PaymentDate], [p].[PaymentStatus], [p].[RecordedAt], [p].[ScheduleId]
FROM [PaymentBehaviorLogs] AS [p]
WHERE [p].[ScheduleId] = @scheduleId
2026-08-30 22:28:49.413 +05:30 [INF] Executed DbCommand (20ms) [Parameters=[@p9='?' (DbType = Int32), @p0='?' (DbType = Date), @p1='?' (Precision = 18) (Scale = 2) (DbType = Decimal), @p2='?' (DbType = Int32), @p3='?' (Precision = 18) (Scale = 2) (DbType = Decimal), @p4='?' (DbType = Int32), @p5='?' (Precision = 18) (Scale = 2) (DbType = Decimal), @p6='?' (DbType = Date), @p7='?' (Precision = 18) (Scale = 2) (DbType = Decimal), @p8='?' (Size = 30)], CommandType='"Text"', CommandTimeout='30']
SET IMPLICIT_TRANSACTIONS OFF;
SET NOCOUNT ON;
UPDATE [RepaymentSchedules] SET [DueDate] = @p0, [EMIAmount] = @p1, [InstallmentNumber] = @p2, [InterestAmount] = @p3, [LoanId] = @p4, [PaidAmount] = @p5, [PaidDate] = @p6, [PrincipalAmount] = @p7, [Status] = @p8
OUTPUT 1
WHERE [ScheduleId] = @p9;
2026-08-30 22:28:49.429 +05:30 [INF] Existing behavior log found for ScheduleId=49. Skipping log creation; schedule persisted as MISSED.
2026-08-30 22:28:49.514 +05:30 [INF] ScheduleId=49 was already MISSED. Not counted in processedCount.
2026-08-30 22:28:49.609 +05:30 [INF] Processing ScheduleId=73, LoanId=4, DueDate="2026-09-28", CurrentStatus=MISSED, PaidAmount=0.00, EMI=42119.43
2026-08-30 22:28:49.665 +05:30 [INF] Executed DbCommand (7ms) [Parameters=[@loanId='?' (DbType = Int32)], CommandType='"Text"', CommandTimeout='30']
SELECT TOP(1) [l].[LoanId], [l].[BorrowerId], [l].[CreatedAt], [l].[EMIAmount], [l].[EndDate], [l].[InterestRate], [l].[LoanOfficerId], [l].[OutstandingAmount], [l].[PrincipalAmount], [l].[StartDate], [l].[Status], [l].[TenureMonths]
FROM [LoanAccounts] AS [l]
WHERE [l].[LoanId] = @loanId
2026-08-30 22:28:49.693 +05:30 [INF] Executed DbCommand (4ms) [Parameters=[@scheduleId='?' (DbType = Int32)], CommandType='"Text"', CommandTimeout='30']
SELECT TOP(1) [p].[BehaviorLogId], [p].[BorrowerId], [p].[DaysLate], [p].[DueDate], [p].[LoanId], [p].[PaymentDate], [p].[PaymentStatus], [p].[RecordedAt], [p].[ScheduleId]
FROM [PaymentBehaviorLogs] AS [p]
WHERE [p].[ScheduleId] = @scheduleId
2026-08-30 22:28:49.868 +05:30 [INF] Executed DbCommand (36ms) [Parameters=[@p9='?' (DbType = Int32), @p0='?' (DbType = Date), @p1='?' (Precision = 18) (Scale = 2) (DbType = Decimal), @p2='?' (DbType = Int32), @p3='?' (Precision = 18) (Scale = 2) (DbType = Decimal), @p4='?' (DbType = Int32), @p5='?' (Precision = 18) (Scale = 2) (DbType = Decimal), @p6='?' (DbType = Date), @p7='?' (Precision = 18) (Scale = 2) (DbType = Decimal), @p8='?' (Size = 30)], CommandType='"Text"', CommandTimeout='30']
SET IMPLICIT_TRANSACTIONS OFF;
SET NOCOUNT ON;
UPDATE [RepaymentSchedules] SET [DueDate] = @p0, [EMIAmount] = @p1, [InstallmentNumber] = @p2, [InterestAmount] = @p3, [LoanId] = @p4, [PaidAmount] = @p5, [PaidDate] = @p6, [PrincipalAmount] = @p7, [Status] = @p8
OUTPUT 1
WHERE [ScheduleId] = @p9;
2026-08-30 22:28:49.878 +05:30 [INF] Existing behavior log found for ScheduleId=73. Skipping log creation; schedule persisted as MISSED.
2026-08-30 22:28:49.939 +05:30 [INF] ScheduleId=73 was already MISSED. Not counted in processedCount.
2026-08-30 22:28:50.009 +05:30 [INF] Processing ScheduleId=2, LoanId=1, DueDate="2026-10-27", CurrentStatus=MISSED, PaidAmount=0.00, EMI=4614.49
2026-08-30 22:28:50.126 +05:30 [INF] Executed DbCommand (11ms) [Parameters=[@loanId='?' (DbType = Int32)], CommandType='"Text"', CommandTimeout='30']
SELECT TOP(1) [l].[LoanId], [l].[BorrowerId], [l].[CreatedAt], [l].[EMIAmount], [l].[EndDate], [l].[InterestRate], [l].[LoanOfficerId], [l].[OutstandingAmount], [l].[PrincipalAmount], [l].[StartDate], [l].[Status], [l].[TenureMonths]
FROM [LoanAccounts] AS [l]
WHERE [l].[LoanId] = @loanId
2026-08-30 22:28:50.189 +05:30 [INF] Executed DbCommand (11ms) [Parameters=[@scheduleId='?' (DbType = Int32)], CommandType='"Text"', CommandTimeout='30']
SELECT TOP(1) [p].[BehaviorLogId], [p].[BorrowerId], [p].[DaysLate], [p].[DueDate], [p].[LoanId], [p].[PaymentDate], [p].[PaymentStatus], [p].[RecordedAt], [p].[ScheduleId]
FROM [PaymentBehaviorLogs] AS [p]
WHERE [p].[ScheduleId] = @scheduleId
2026-08-30 22:28:50.390 +05:30 [INF] Executed DbCommand (32ms) [Parameters=[@p9='?' (DbType = Int32), @p0='?' (DbType = Date), @p1='?' (Precision = 18) (Scale = 2) (DbType = Decimal), @p2='?' (DbType = Int32), @p3='?' (Precision = 18) (Scale = 2) (DbType = Decimal), @p4='?' (DbType = Int32), @p5='?' (Precision = 18) (Scale = 2) (DbType = Decimal), @p6='?' (DbType = Date), @p7='?' (Precision = 18) (Scale = 2) (DbType = Decimal), @p8='?' (Size = 30)], CommandType='"Text"', CommandTimeout='30']
SET IMPLICIT_TRANSACTIONS OFF;
SET NOCOUNT ON;
UPDATE [RepaymentSchedules] SET [DueDate] = @p0, [EMIAmount] = @p1, [InstallmentNumber] = @p2, [InterestAmount] = @p3, [LoanId] = @p4, [PaidAmount] = @p5, [PaidDate] = @p6, [PrincipalAmount] = @p7, [Status] = @p8
OUTPUT 1
WHERE [ScheduleId] = @p9;
2026-08-30 22:28:50.417 +05:30 [INF] Existing behavior log found for ScheduleId=2. Skipping log creation; schedule persisted as MISSED.
2026-08-30 22:28:50.427 +05:30 [INF] ScheduleId=2 was already MISSED. Not counted in processedCount.
2026-08-30 22:28:50.432 +05:30 [INF] Processing ScheduleId=50, LoanId=3, DueDate="2026-10-28", CurrentStatus=MISSED, PaidAmount=0.00, EMI=115362.32
2026-08-30 22:28:50.503 +05:30 [INF] Executed DbCommand (8ms) [Parameters=[@loanId='?' (DbType = Int32)], CommandType='"Text"', CommandTimeout='30']
SELECT TOP(1) [l].[LoanId], [l].[BorrowerId], [l].[CreatedAt], [l].[EMIAmount], [l].[EndDate], [l].[InterestRate], [l].[LoanOfficerId], [l].[OutstandingAmount], [l].[PrincipalAmount], [l].[StartDate], [l].[Status], [l].[TenureMonths]
FROM [LoanAccounts] AS [l]
WHERE [l].[LoanId] = @loanId
2026-08-30 22:28:50.605 +05:30 [INF] Executed DbCommand (6ms) [Parameters=[@scheduleId='?' (DbType = Int32)], CommandType='"Text"', CommandTimeout='30']
SELECT TOP(1) [p].[BehaviorLogId], [p].[BorrowerId], [p].[DaysLate], [p].[DueDate], [p].[LoanId], [p].[PaymentDate], [p].[PaymentStatus], [p].[RecordedAt], [p].[ScheduleId]
FROM [PaymentBehaviorLogs] AS [p]
WHERE [p].[ScheduleId] = @scheduleId
2026-08-30 22:28:50.658 +05:30 [INF] Executed DbCommand (18ms) [Parameters=[@p9='?' (DbType = Int32), @p0='?' (DbType = Date), @p1='?' (Precision = 18) (Scale = 2) (DbType = Decimal), @p2='?' (DbType = Int32), @p3='?' (Precision = 18) (Scale = 2) (DbType = Decimal), @p4='?' (DbType = Int32), @p5='?' (Precision = 18) (Scale = 2) (DbType = Decimal), @p6='?' (DbType = Date), @p7='?' (Precision = 18) (Scale = 2) (DbType = Decimal), @p8='?' (Size = 30)], CommandType='"Text"', CommandTimeout='30']
SET IMPLICIT_TRANSACTIONS OFF;
SET NOCOUNT ON;
UPDATE [RepaymentSchedules] SET [DueDate] = @p0, [EMIAmount] = @p1, [InstallmentNumber] = @p2, [InterestAmount] = @p3, [LoanId] = @p4, [PaidAmount] = @p5, [PaidDate] = @p6, [PrincipalAmount] = @p7, [Status] = @p8
OUTPUT 1
WHERE [ScheduleId] = @p9;
2026-08-30 22:28:50.675 +05:30 [INF] Existing behavior log found for ScheduleId=50. Skipping log creation; schedule persisted as MISSED.
2026-08-30 22:28:50.679 +05:30 [INF] ScheduleId=50 was already MISSED. Not counted in processedCount.
2026-08-30 22:28:50.742 +05:30 [INF] Processing ScheduleId=74, LoanId=4, DueDate="2026-10-28", CurrentStatus=MISSED, PaidAmount=0.00, EMI=42119.43
2026-08-30 22:28:50.861 +05:30 [INF] Executed DbCommand (37ms) [Parameters=[@loanId='?' (DbType = Int32)], CommandType='"Text"', CommandTimeout='30']
SELECT TOP(1) [l].[LoanId], [l].[BorrowerId], [l].[CreatedAt], [l].[EMIAmount], [l].[EndDate], [l].[InterestRate], [l].[LoanOfficerId], [l].[OutstandingAmount], [l].[PrincipalAmount], [l].[StartDate], [l].[Status], [l].[TenureMonths]
FROM [LoanAccounts] AS [l]
WHERE [l].[LoanId] = @loanId
2026-08-30 22:28:50.889 +05:30 [INF] Executed DbCommand (5ms) [Parameters=[@scheduleId='?' (DbType = Int32)], CommandType='"Text"', CommandTimeout='30']
SELECT TOP(1) [p].[BehaviorLogId], [p].[BorrowerId], [p].[DaysLate], [p].[DueDate], [p].[LoanId], [p].[PaymentDate], [p].[PaymentStatus], [p].[RecordedAt], [p].[ScheduleId]
FROM [PaymentBehaviorLogs] AS [p]
WHERE [p].[ScheduleId] = @scheduleId
2026-08-30 22:28:50.924 +05:30 [INF] Executed DbCommand (12ms) [Parameters=[@p9='?' (DbType = Int32), @p0='?' (DbType = Date), @p1='?' (Precision = 18) (Scale = 2) (DbType = Decimal), @p2='?' (DbType = Int32), @p3='?' (Precision = 18) (Scale = 2) (DbType = Decimal), @p4='?' (DbType = Int32), @p5='?' (Precision = 18) (Scale = 2) (DbType = Decimal), @p6='?' (DbType = Date), @p7='?' (Precision = 18) (Scale = 2) (DbType = Decimal), @p8='?' (Size = 30)], CommandType='"Text"', CommandTimeout='30']
SET IMPLICIT_TRANSACTIONS OFF;
SET NOCOUNT ON;
UPDATE [RepaymentSchedules] SET [DueDate] = @p0, [EMIAmount] = @p1, [InstallmentNumber] = @p2, [InterestAmount] = @p3, [LoanId] = @p4, [PaidAmount] = @p5, [PaidDate] = @p6, [PrincipalAmount] = @p7, [Status] = @p8
OUTPUT 1
WHERE [ScheduleId] = @p9;
2026-08-30 22:28:50.949 +05:30 [INF] Existing behavior log found for ScheduleId=74. Skipping log creation; schedule persisted as MISSED.
2026-08-30 22:28:50.953 +05:30 [INF] ScheduleId=74 was already MISSED. Not counted in processedCount.
2026-08-30 22:28:50.956 +05:30 [INF] Processing ScheduleId=3, LoanId=1, DueDate="2026-11-27", CurrentStatus=MISSED, PaidAmount=0.00, EMI=4614.49
2026-08-30 22:28:50.980 +05:30 [INF] Executed DbCommand (6ms) [Parameters=[@loanId='?' (DbType = Int32)], CommandType='"Text"', CommandTimeout='30']
SELECT TOP(1) [l].[LoanId], [l].[BorrowerId], [l].[CreatedAt], [l].[EMIAmount], [l].[EndDate], [l].[InterestRate], [l].[LoanOfficerId], [l].[OutstandingAmount], [l].[PrincipalAmount], [l].[StartDate], [l].[Status], [l].[TenureMonths]
FROM [LoanAccounts] AS [l]
WHERE [l].[LoanId] = @loanId
2026-08-30 22:28:51.065 +05:30 [INF] Executed DbCommand (4ms) [Parameters=[@scheduleId='?' (DbType = Int32)], CommandType='"Text"', CommandTimeout='30']
SELECT TOP(1) [p].[BehaviorLogId], [p].[BorrowerId], [p].[DaysLate], [p].[DueDate], [p].[LoanId], [p].[PaymentDate], [p].[PaymentStatus], [p].[RecordedAt], [p].[ScheduleId]
FROM [PaymentBehaviorLogs] AS [p]
WHERE [p].[ScheduleId] = @scheduleId
2026-08-30 22:28:51.234 +05:30 [INF] Executed DbCommand (16ms) [Parameters=[@p9='?' (DbType = Int32), @p0='?' (DbType = Date), @p1='?' (Precision = 18) (Scale = 2) (DbType = Decimal), @p2='?' (DbType = Int32), @p3='?' (Precision = 18) (Scale = 2) (DbType = Decimal), @p4='?' (DbType = Int32), @p5='?' (Precision = 18) (Scale = 2) (DbType = Decimal), @p6='?' (DbType = Date), @p7='?' (Precision = 18) (Scale = 2) (DbType = Decimal), @p8='?' (Size = 30)], CommandType='"Text"', CommandTimeout='30']
SET IMPLICIT_TRANSACTIONS OFF;
SET NOCOUNT ON;
UPDATE [RepaymentSchedules] SET [DueDate] = @p0, [EMIAmount] = @p1, [InstallmentNumber] = @p2, [InterestAmount] = @p3, [LoanId] = @p4, [PaidAmount] = @p5, [PaidDate] = @p6, [PrincipalAmount] = @p7, [Status] = @p8
OUTPUT 1
WHERE [ScheduleId] = @p9;
2026-08-30 22:28:51.319 +05:30 [INF] Existing behavior log found for ScheduleId=3. Skipping log creation; schedule persisted as MISSED.
2026-08-30 22:28:51.333 +05:30 [INF] ScheduleId=3 was already MISSED. Not counted in processedCount.
2026-08-30 22:28:51.353 +05:30 [INF] Processing ScheduleId=51, LoanId=3, DueDate="2026-11-28", CurrentStatus=MISSED, PaidAmount=0.00, EMI=115362.32
2026-08-30 22:28:51.396 +05:30 [INF] Executed DbCommand (7ms) [Parameters=[@loanId='?' (DbType = Int32)], CommandType='"Text"', CommandTimeout='30']
SELECT TOP(1) [l].[LoanId], [l].[BorrowerId], [l].[CreatedAt], [l].[EMIAmount], [l].[EndDate], [l].[InterestRate], [l].[LoanOfficerId], [l].[OutstandingAmount], [l].[PrincipalAmount], [l].[StartDate], [l].[Status], [l].[TenureMonths]
FROM [LoanAccounts] AS [l]
WHERE [l].[LoanId] = @loanId
2026-08-30 22:28:51.407 +05:30 [INF] Executed DbCommand (3ms) [Parameters=[@scheduleId='?' (DbType = Int32)], CommandType='"Text"', CommandTimeout='30']
SELECT TOP(1) [p].[BehaviorLogId], [p].[BorrowerId], [p].[DaysLate], [p].[DueDate], [p].[LoanId], [p].[PaymentDate], [p].[PaymentStatus], [p].[RecordedAt], [p].[ScheduleId]
FROM [PaymentBehaviorLogs] AS [p]
WHERE [p].[ScheduleId] = @scheduleId
2026-08-30 22:28:51.427 +05:30 [INF] Executed DbCommand (8ms) [Parameters=[@p9='?' (DbType = Int32), @p0='?' (DbType = Date), @p1='?' (Precision = 18) (Scale = 2) (DbType = Decimal), @p2='?' (DbType = Int32), @p3='?' (Precision = 18) (Scale = 2) (DbType = Decimal), @p4='?' (DbType = Int32), @p5='?' (Precision = 18) (Scale = 2) (DbType = Decimal), @p6='?' (DbType = Date), @p7='?' (Precision = 18) (Scale = 2) (DbType = Decimal), @p8='?' (Size = 30)], CommandType='"Text"', CommandTimeout='30']
SET IMPLICIT_TRANSACTIONS OFF;
SET NOCOUNT ON;
UPDATE [RepaymentSchedules] SET [DueDate] = @p0, [EMIAmount] = @p1, [InstallmentNumber] = @p2, [InterestAmount] = @p3, [LoanId] = @p4, [PaidAmount] = @p5, [PaidDate] = @p6, [PrincipalAmount] = @p7, [Status] = @p8
OUTPUT 1
WHERE [ScheduleId] = @p9;
2026-08-30 22:28:51.435 +05:30 [INF] Existing behavior log found for ScheduleId=51. Skipping log creation; schedule persisted as MISSED.
2026-08-30 22:28:51.440 +05:30 [INF] ScheduleId=51 was already MISSED. Not counted in processedCount.
2026-08-30 22:28:51.444 +05:30 [INF] Processing ScheduleId=75, LoanId=4, DueDate="2026-11-28", CurrentStatus=MISSED, PaidAmount=0.00, EMI=42119.43
2026-08-30 22:28:51.451 +05:30 [INF] Executed DbCommand (2ms) [Parameters=[@loanId='?' (DbType = Int32)], CommandType='"Text"', CommandTimeout='30']
SELECT TOP(1) [l].[LoanId], [l].[BorrowerId], [l].[CreatedAt], [l].[EMIAmount], [l].[EndDate], [l].[InterestRate], [l].[LoanOfficerId], [l].[OutstandingAmount], [l].[PrincipalAmount], [l].[StartDate], [l].[Status], [l].[TenureMonths]
FROM [LoanAccounts] AS [l]
WHERE [l].[LoanId] = @loanId
2026-08-30 22:28:51.458 +05:30 [INF] Executed DbCommand (1ms) [Parameters=[@scheduleId='?' (DbType = Int32)], CommandType='"Text"', CommandTimeout='30']
SELECT TOP(1) [p].[BehaviorLogId], [p].[BorrowerId], [p].[DaysLate], [p].[DueDate], [p].[LoanId], [p].[PaymentDate], [p].[PaymentStatus], [p].[RecordedAt], [p].[ScheduleId]
FROM [PaymentBehaviorLogs] AS [p]
WHERE [p].[ScheduleId] = @scheduleId
2026-08-30 22:28:51.472 +05:30 [INF] Executed DbCommand (1ms) [Parameters=[@p9='?' (DbType = Int32), @p0='?' (DbType = Date), @p1='?' (Precision = 18) (Scale = 2) (DbType = Decimal), @p2='?' (DbType = Int32), @p3='?' (Precision = 18) (Scale = 2) (DbType = Decimal), @p4='?' (DbType = Int32), @p5='?' (Precision = 18) (Scale = 2) (DbType = Decimal), @p6='?' (DbType = Date), @p7='?' (Precision = 18) (Scale = 2) (DbType = Decimal), @p8='?' (Size = 30)], CommandType='"Text"', CommandTimeout='30']
SET IMPLICIT_TRANSACTIONS OFF;
SET NOCOUNT ON;
UPDATE [RepaymentSchedules] SET [DueDate] = @p0, [EMIAmount] = @p1, [InstallmentNumber] = @p2, [InterestAmount] = @p3, [LoanId] = @p4, [PaidAmount] = @p5, [PaidDate] = @p6, [PrincipalAmount] = @p7, [Status] = @p8
OUTPUT 1
WHERE [ScheduleId] = @p9;
2026-08-30 22:28:51.499 +05:30 [INF] Existing behavior log found for ScheduleId=75. Skipping log creation; schedule persisted as MISSED.
2026-08-30 22:28:51.580 +05:30 [INF] ScheduleId=75 was already MISSED. Not counted in processedCount.
2026-08-30 22:28:51.587 +05:30 [INF] Processing ScheduleId=4, LoanId=1, DueDate="2026-12-27", CurrentStatus=MISSED, PaidAmount=0.00, EMI=4614.49
2026-08-30 22:28:51.617 +05:30 [INF] Executed DbCommand (7ms) [Parameters=[@loanId='?' (DbType = Int32)], CommandType='"Text"', CommandTimeout='30']
SELECT TOP(1) [l].[LoanId], [l].[BorrowerId], [l].[CreatedAt], [l].[EMIAmount], [l].[EndDate], [l].[InterestRate], [l].[LoanOfficerId], [l].[OutstandingAmount], [l].[PrincipalAmount], [l].[StartDate], [l].[Status], [l].[TenureMonths]
FROM [LoanAccounts] AS [l]
WHERE [l].[LoanId] = @loanId
2026-08-30 22:28:51.658 +05:30 [INF] Executed DbCommand (11ms) [Parameters=[@scheduleId='?' (DbType = Int32)], CommandType='"Text"', CommandTimeout='30']
SELECT TOP(1) [p].[BehaviorLogId], [p].[BorrowerId], [p].[DaysLate], [p].[DueDate], [p].[LoanId], [p].[PaymentDate], [p].[PaymentStatus], [p].[RecordedAt], [p].[ScheduleId]
FROM [PaymentBehaviorLogs] AS [p]
WHERE [p].[ScheduleId] = @scheduleId
2026-08-30 22:28:51.698 +05:30 [INF] Executed DbCommand (19ms) [Parameters=[@p9='?' (DbType = Int32), @p0='?' (DbType = Date), @p1='?' (Precision = 18) (Scale = 2) (DbType = Decimal), @p2='?' (DbType = Int32), @p3='?' (Precision = 18) (Scale = 2) (DbType = Decimal), @p4='?' (DbType = Int32), @p5='?' (Precision = 18) (Scale = 2) (DbType = Decimal), @p6='?' (DbType = Date), @p7='?' (Precision = 18) (Scale = 2) (DbType = Decimal), @p8='?' (Size = 30)], CommandType='"Text"', CommandTimeout='30']
SET IMPLICIT_TRANSACTIONS OFF;
SET NOCOUNT ON;
UPDATE [RepaymentSchedules] SET [DueDate] = @p0, [EMIAmount] = @p1, [InstallmentNumber] = @p2, [InterestAmount] = @p3, [LoanId] = @p4, [PaidAmount] = @p5, [PaidDate] = @p6, [PrincipalAmount] = @p7, [Status] = @p8
OUTPUT 1
WHERE [ScheduleId] = @p9;
2026-08-30 22:28:51.745 +05:30 [INF] Existing behavior log found for ScheduleId=4. Skipping log creation; schedule persisted as MISSED.
2026-08-30 22:28:51.781 +05:30 [INF] ScheduleId=4 was already MISSED. Not counted in processedCount.
2026-08-30 22:28:51.799 +05:30 [INF] Processing ScheduleId=52, LoanId=3, DueDate="2026-12-28", CurrentStatus=MISSED, PaidAmount=0.00, EMI=115362.32
2026-08-30 22:28:51.865 +05:30 [INF] Executed DbCommand (6ms) [Parameters=[@loanId='?' (DbType = Int32)], CommandType='"Text"', CommandTimeout='30']
SELECT TOP(1) [l].[LoanId], [l].[BorrowerId], [l].[CreatedAt], [l].[EMIAmount], [l].[EndDate], [l].[InterestRate], [l].[LoanOfficerId], [l].[OutstandingAmount], [l].[PrincipalAmount], [l].[StartDate], [l].[Status], [l].[TenureMonths]
FROM [LoanAccounts] AS [l]
WHERE [l].[LoanId] = @loanId
2026-08-30 22:28:51.898 +05:30 [INF] Executed DbCommand (4ms) [Parameters=[@scheduleId='?' (DbType = Int32)], CommandType='"Text"', CommandTimeout='30']
SELECT TOP(1) [p].[BehaviorLogId], [p].[BorrowerId], [p].[DaysLate], [p].[DueDate], [p].[LoanId], [p].[PaymentDate], [p].[PaymentStatus], [p].[RecordedAt], [p].[ScheduleId]
FROM [PaymentBehaviorLogs] AS [p]
WHERE [p].[ScheduleId] = @scheduleId
2026-08-30 22:28:51.941 +05:30 [INF] Executed DbCommand (11ms) [Parameters=[@p9='?' (DbType = Int32), @p0='?' (DbType = Date), @p1='?' (Precision = 18) (Scale = 2) (DbType = Decimal), @p2='?' (DbType = Int32), @p3='?' (Precision = 18) (Scale = 2) (DbType = Decimal), @p4='?' (DbType = Int32), @p5='?' (Precision = 18) (Scale = 2) (DbType = Decimal), @p6='?' (DbType = Date), @p7='?' (Precision = 18) (Scale = 2) (DbType = Decimal), @p8='?' (Size = 30)], CommandType='"Text"', CommandTimeout='30']
SET IMPLICIT_TRANSACTIONS OFF;
SET NOCOUNT ON;
UPDATE [RepaymentSchedules] SET [DueDate] = @p0, [EMIAmount] = @p1, [InstallmentNumber] = @p2, [InterestAmount] = @p3, [LoanId] = @p4, [PaidAmount] = @p5, [PaidDate] = @p6, [PrincipalAmount] = @p7, [Status] = @p8
OUTPUT 1
WHERE [ScheduleId] = @p9;
2026-08-30 22:28:51.954 +05:30 [INF] Existing behavior log found for ScheduleId=52. Skipping log creation; schedule persisted as MISSED.
2026-08-30 22:28:51.958 +05:30 [INF] ScheduleId=52 was already MISSED. Not counted in processedCount.
2026-08-30 22:28:51.964 +05:30 [INF] Processing ScheduleId=76, LoanId=4, DueDate="2026-12-28", CurrentStatus=MISSED, PaidAmount=0.00, EMI=42119.43
2026-08-30 22:28:52.006 +05:30 [INF] Executed DbCommand (10ms) [Parameters=[@loanId='?' (DbType = Int32)], CommandType='"Text"', CommandTimeout='30']
SELECT TOP(1) [l].[LoanId], [l].[BorrowerId], [l].[CreatedAt], [l].[EMIAmount], [l].[EndDate], [l].[InterestRate], [l].[LoanOfficerId], [l].[OutstandingAmount], [l].[PrincipalAmount], [l].[StartDate], [l].[Status], [l].[TenureMonths]
FROM [LoanAccounts] AS [l]
WHERE [l].[LoanId] = @loanId
2026-08-30 22:28:52.074 +05:30 [INF] Executed DbCommand (9ms) [Parameters=[@scheduleId='?' (DbType = Int32)], CommandType='"Text"', CommandTimeout='30']
SELECT TOP(1) [p].[BehaviorLogId], [p].[BorrowerId], [p].[DaysLate], [p].[DueDate], [p].[LoanId], [p].[PaymentDate], [p].[PaymentStatus], [p].[RecordedAt], [p].[ScheduleId]
FROM [PaymentBehaviorLogs] AS [p]
WHERE [p].[ScheduleId] = @scheduleId
2026-08-30 22:28:52.161 +05:30 [INF] Executed DbCommand (17ms) [Parameters=[@p9='?' (DbType = Int32), @p0='?' (DbType = Date), @p1='?' (Precision = 18) (Scale = 2) (DbType = Decimal), @p2='?' (DbType = Int32), @p3='?' (Precision = 18) (Scale = 2) (DbType = Decimal), @p4='?' (DbType = Int32), @p5='?' (Precision = 18) (Scale = 2) (DbType = Decimal), @p6='?' (DbType = Date), @p7='?' (Precision = 18) (Scale = 2) (DbType = Decimal), @p8='?' (Size = 30)], CommandType='"Text"', CommandTimeout='30']
SET IMPLICIT_TRANSACTIONS OFF;
SET NOCOUNT ON;
UPDATE [RepaymentSchedules] SET [DueDate] = @p0, [EMIAmount] = @p1, [InstallmentNumber] = @p2, [InterestAmount] = @p3, [LoanId] = @p4, [PaidAmount] = @p5, [PaidDate] = @p6, [PrincipalAmount] = @p7, [Status] = @p8
OUTPUT 1
WHERE [ScheduleId] = @p9;
2026-08-30 22:28:52.166 +05:30 [INF] Existing behavior log found for ScheduleId=76. Skipping log creation; schedule persisted as MISSED.
2026-08-30 22:28:52.174 +05:30 [INF] ScheduleId=76 was already MISSED. Not counted in processedCount.
2026-08-30 22:28:52.181 +05:30 [INF] Processing ScheduleId=5, LoanId=1, DueDate="2027-01-27", CurrentStatus=MISSED, PaidAmount=0.00, EMI=4614.49
2026-08-30 22:28:52.208 +05:30 [INF] Executed DbCommand (11ms) [Parameters=[@loanId='?' (DbType = Int32)], CommandType='"Text"', CommandTimeout='30']
SELECT TOP(1) [l].[LoanId], [l].[BorrowerId], [l].[CreatedAt], [l].[EMIAmount], [l].[EndDate], [l].[InterestRate], [l].[LoanOfficerId], [l].[OutstandingAmount], [l].[PrincipalAmount], [l].[StartDate], [l].[Status], [l].[TenureMonths]
FROM [LoanAccounts] AS [l]
WHERE [l].[LoanId] = @loanId
2026-08-30 22:28:52.262 +05:30 [INF] Executed DbCommand (21ms) [Parameters=[@scheduleId='?' (DbType = Int32)], CommandType='"Text"', CommandTimeout='30']
SELECT TOP(1) [p].[BehaviorLogId], [p].[BorrowerId], [p].[DaysLate], [p].[DueDate], [p].[LoanId], [p].[PaymentDate], [p].[PaymentStatus], [p].[RecordedAt], [p].[ScheduleId]
FROM [PaymentBehaviorLogs] AS [p]
WHERE [p].[ScheduleId] = @scheduleId
2026-08-30 22:28:52.414 +05:30 [INF] Executed DbCommand (16ms) [Parameters=[@p9='?' (DbType = Int32), @p0='?' (DbType = Date), @p1='?' (Precision = 18) (Scale = 2) (DbType = Decimal), @p2='?' (DbType = Int32), @p3='?' (Precision = 18) (Scale = 2) (DbType = Decimal), @p4='?' (DbType = Int32), @p5='?' (Precision = 18) (Scale = 2) (DbType = Decimal), @p6='?' (DbType = Date), @p7='?' (Precision = 18) (Scale = 2) (DbType = Decimal), @p8='?' (Size = 30)], CommandType='"Text"', CommandTimeout='30']
SET IMPLICIT_TRANSACTIONS OFF;
SET NOCOUNT ON;
UPDATE [RepaymentSchedules] SET [DueDate] = @p0, [EMIAmount] = @p1, [InstallmentNumber] = @p2, [InterestAmount] = @p3, [LoanId] = @p4, [PaidAmount] = @p5, [PaidDate] = @p6, [PrincipalAmount] = @p7, [Status] = @p8
OUTPUT 1
WHERE [ScheduleId] = @p9;
2026-08-30 22:28:52.445 +05:30 [INF] Existing behavior log found for ScheduleId=5. Skipping log creation; schedule persisted as MISSED.
2026-08-30 22:28:52.462 +05:30 [INF] ScheduleId=5 was already MISSED. Not counted in processedCount.
2026-08-30 22:28:52.464 +05:30 [INF] Processing ScheduleId=53, LoanId=3, DueDate="2027-01-28", CurrentStatus=MISSED, PaidAmount=0.00, EMI=115362.32
2026-08-30 22:28:52.506 +05:30 [INF] Executed DbCommand (8ms) [Parameters=[@loanId='?' (DbType = Int32)], CommandType='"Text"', CommandTimeout='30']
SELECT TOP(1) [l].[LoanId], [l].[BorrowerId], [l].[CreatedAt], [l].[EMIAmount], [l].[EndDate], [l].[InterestRate], [l].[LoanOfficerId], [l].[OutstandingAmount], [l].[PrincipalAmount], [l].[StartDate], [l].[Status], [l].[TenureMonths]
FROM [LoanAccounts] AS [l]
WHERE [l].[LoanId] = @loanId
2026-08-30 22:28:52.563 +05:30 [INF] Executed DbCommand (18ms) [Parameters=[@scheduleId='?' (DbType = Int32)], CommandType='"Text"', CommandTimeout='30']
SELECT TOP(1) [p].[BehaviorLogId], [p].[BorrowerId], [p].[DaysLate], [p].[DueDate], [p].[LoanId], [p].[PaymentDate], [p].[PaymentStatus], [p].[RecordedAt], [p].[ScheduleId]
FROM [PaymentBehaviorLogs] AS [p]
WHERE [p].[ScheduleId] = @scheduleId
2026-08-30 22:28:52.696 +05:30 [INF] Executed DbCommand (42ms) [Parameters=[@p9='?' (DbType = Int32), @p0='?' (DbType = Date), @p1='?' (Precision = 18) (Scale = 2) (DbType = Decimal), @p2='?' (DbType = Int32), @p3='?' (Precision = 18) (Scale = 2) (DbType = Decimal), @p4='?' (DbType = Int32), @p5='?' (Precision = 18) (Scale = 2) (DbType = Decimal), @p6='?' (DbType = Date), @p7='?' (Precision = 18) (Scale = 2) (DbType = Decimal), @p8='?' (Size = 30)], CommandType='"Text"', CommandTimeout='30']
SET IMPLICIT_TRANSACTIONS OFF;
SET NOCOUNT ON;
UPDATE [RepaymentSchedules] SET [DueDate] = @p0, [EMIAmount] = @p1, [InstallmentNumber] = @p2, [InterestAmount] = @p3, [LoanId] = @p4, [PaidAmount] = @p5, [PaidDate] = @p6, [PrincipalAmount] = @p7, [Status] = @p8
OUTPUT 1
WHERE [ScheduleId] = @p9;
2026-08-30 22:28:52.783 +05:30 [INF] Existing behavior log found for ScheduleId=53. Skipping log creation; schedule persisted as MISSED.
2026-08-30 22:28:52.846 +05:30 [INF] ScheduleId=53 was already MISSED. Not counted in processedCount.
2026-08-30 22:28:52.899 +05:30 [INF] Processing ScheduleId=77, LoanId=4, DueDate="2027-01-28", CurrentStatus=MISSED, PaidAmount=0.00, EMI=42119.43
2026-08-30 22:28:52.939 +05:30 [INF] Executed DbCommand (8ms) [Parameters=[@loanId='?' (DbType = Int32)], CommandType='"Text"', CommandTimeout='30']
SELECT TOP(1) [l].[LoanId], [l].[BorrowerId], [l].[CreatedAt], [l].[EMIAmount], [l].[EndDate], [l].[InterestRate], [l].[LoanOfficerId], [l].[OutstandingAmount], [l].[PrincipalAmount], [l].[StartDate], [l].[Status], [l].[TenureMonths]
FROM [LoanAccounts] AS [l]
WHERE [l].[LoanId] = @loanId
2026-08-30 22:28:52.978 +05:30 [INF] Executed DbCommand (12ms) [Parameters=[@scheduleId='?' (DbType = Int32)], CommandType='"Text"', CommandTimeout='30']
SELECT TOP(1) [p].[BehaviorLogId], [p].[BorrowerId], [p].[DaysLate], [p].[DueDate], [p].[LoanId], [p].[PaymentDate], [p].[PaymentStatus], [p].[RecordedAt], [p].[ScheduleId]
FROM [PaymentBehaviorLogs] AS [p]
WHERE [p].[ScheduleId] = @scheduleId
2026-08-30 22:28:53.182 +05:30 [INF] Executed DbCommand (34ms) [Parameters=[@p9='?' (DbType = Int32), @p0='?' (DbType = Date), @p1='?' (Precision = 18) (Scale = 2) (DbType = Decimal), @p2='?' (DbType = Int32), @p3='?' (Precision = 18) (Scale = 2) (DbType = Decimal), @p4='?' (DbType = Int32), @p5='?' (Precision = 18) (Scale = 2) (DbType = Decimal), @p6='?' (DbType = Date), @p7='?' (Precision = 18) (Scale = 2) (DbType = Decimal), @p8='?' (Size = 30)], CommandType='"Text"', CommandTimeout='30']
SET IMPLICIT_TRANSACTIONS OFF;
SET NOCOUNT ON;
UPDATE [RepaymentSchedules] SET [DueDate] = @p0, [EMIAmount] = @p1, [InstallmentNumber] = @p2, [InterestAmount] = @p3, [LoanId] = @p4, [PaidAmount] = @p5, [PaidDate] = @p6, [PrincipalAmount] = @p7, [Status] = @p8
OUTPUT 1
WHERE [ScheduleId] = @p9;
2026-08-30 22:28:53.411 +05:30 [INF] Existing behavior log found for ScheduleId=77. Skipping log creation; schedule persisted as MISSED.
2026-08-30 22:28:53.498 +05:30 [INF] ScheduleId=77 was already MISSED. Not counted in processedCount.
2026-08-30 22:28:53.533 +05:30 [INF] Processing ScheduleId=6, LoanId=1, DueDate="2027-02-27", CurrentStatus=MISSED, PaidAmount=0.00, EMI=4614.49
2026-08-30 22:28:53.590 +05:30 [INF] Executed DbCommand (10ms) [Parameters=[@loanId='?' (DbType = Int32)], CommandType='"Text"', CommandTimeout='30']
SELECT TOP(1) [l].[LoanId], [l].[BorrowerId], [l].[CreatedAt], [l].[EMIAmount], [l].[EndDate], [l].[InterestRate], [l].[LoanOfficerId], [l].[OutstandingAmount], [l].[PrincipalAmount], [l].[StartDate], [l].[Status], [l].[TenureMonths]
FROM [LoanAccounts] AS [l]
WHERE [l].[LoanId] = @loanId
2026-08-30 22:28:53.640 +05:30 [INF] Executed DbCommand (9ms) [Parameters=[@scheduleId='?' (DbType = Int32)], CommandType='"Text"', CommandTimeout='30']
SELECT TOP(1) [p].[BehaviorLogId], [p].[BorrowerId], [p].[DaysLate], [p].[DueDate], [p].[LoanId], [p].[PaymentDate], [p].[PaymentStatus], [p].[RecordedAt], [p].[ScheduleId]
FROM [PaymentBehaviorLogs] AS [p]
WHERE [p].[ScheduleId] = @scheduleId
2026-08-30 22:28:53.664 +05:30 [INF] Executed DbCommand (8ms) [Parameters=[@p9='?' (DbType = Int32), @p0='?' (DbType = Date), @p1='?' (Precision = 18) (Scale = 2) (DbType = Decimal), @p2='?' (DbType = Int32), @p3='?' (Precision = 18) (Scale = 2) (DbType = Decimal), @p4='?' (DbType = Int32), @p5='?' (Precision = 18) (Scale = 2) (DbType = Decimal), @p6='?' (DbType = Date), @p7='?' (Precision = 18) (Scale = 2) (DbType = Decimal), @p8='?' (Size = 30)], CommandType='"Text"', CommandTimeout='30']
SET IMPLICIT_TRANSACTIONS OFF;
SET NOCOUNT ON;
UPDATE [RepaymentSchedules] SET [DueDate] = @p0, [EMIAmount] = @p1, [InstallmentNumber] = @p2, [InterestAmount] = @p3, [LoanId] = @p4, [PaidAmount] = @p5, [PaidDate] = @p6, [PrincipalAmount] = @p7, [Status] = @p8
OUTPUT 1
WHERE [ScheduleId] = @p9;
2026-08-30 22:28:53.675 +05:30 [INF] Existing behavior log found for ScheduleId=6. Skipping log creation; schedule persisted as MISSED.
2026-08-30 22:28:53.680 +05:30 [INF] ScheduleId=6 was already MISSED. Not counted in processedCount.
2026-08-30 22:28:53.687 +05:30 [INF] Processing ScheduleId=54, LoanId=3, DueDate="2027-02-28", CurrentStatus=MISSED, PaidAmount=0.00, EMI=115362.32
2026-08-30 22:28:53.714 +05:30 [INF] Executed DbCommand (5ms) [Parameters=[@loanId='?' (DbType = Int32)], CommandType='"Text"', CommandTimeout='30']
SELECT TOP(1) [l].[LoanId], [l].[BorrowerId], [l].[CreatedAt], [l].[EMIAmount], [l].[EndDate], [l].[InterestRate], [l].[LoanOfficerId], [l].[OutstandingAmount], [l].[PrincipalAmount], [l].[StartDate], [l].[Status], [l].[TenureMonths]
FROM [LoanAccounts] AS [l]
WHERE [l].[LoanId] = @loanId
2026-08-30 22:28:53.774 +05:30 [INF] Executed DbCommand (9ms) [Parameters=[@scheduleId='?' (DbType = Int32)], CommandType='"Text"', CommandTimeout='30']
SELECT TOP(1) [p].[BehaviorLogId], [p].[BorrowerId], [p].[DaysLate], [p].[DueDate], [p].[LoanId], [p].[PaymentDate], [p].[PaymentStatus], [p].[RecordedAt], [p].[ScheduleId]
FROM [PaymentBehaviorLogs] AS [p]
WHERE [p].[ScheduleId] = @scheduleId
2026-08-30 22:28:53.842 +05:30 [INF] Executed DbCommand (23ms) [Parameters=[@p9='?' (DbType = Int32), @p0='?' (DbType = Date), @p1='?' (Precision = 18) (Scale = 2) (DbType = Decimal), @p2='?' (DbType = Int32), @p3='?' (Precision = 18) (Scale = 2) (DbType = Decimal), @p4='?' (DbType = Int32), @p5='?' (Precision = 18) (Scale = 2) (DbType = Decimal), @p6='?' (DbType = Date), @p7='?' (Precision = 18) (Scale = 2) (DbType = Decimal), @p8='?' (Size = 30)], CommandType='"Text"', CommandTimeout='30']
SET IMPLICIT_TRANSACTIONS OFF;
SET NOCOUNT ON;
UPDATE [RepaymentSchedules] SET [DueDate] = @p0, [EMIAmount] = @p1, [InstallmentNumber] = @p2, [InterestAmount] = @p3, [LoanId] = @p4, [PaidAmount] = @p5, [PaidDate] = @p6, [PrincipalAmount] = @p7, [Status] = @p8
OUTPUT 1
WHERE [ScheduleId] = @p9;
2026-08-30 22:28:53.894 +05:30 [INF] Existing behavior log found for ScheduleId=54. Skipping log creation; schedule persisted as MISSED.
2026-08-30 22:28:53.898 +05:30 [INF] ScheduleId=54 was already MISSED. Not counted in processedCount.
2026-08-30 22:28:53.909 +05:30 [INF] Processing ScheduleId=78, LoanId=4, DueDate="2027-02-28", CurrentStatus=MISSED, PaidAmount=0.00, EMI=42119.43
2026-08-30 22:28:53.940 +05:30 [INF] Executed DbCommand (11ms) [Parameters=[@loanId='?' (DbType = Int32)], CommandType='"Text"', CommandTimeout='30']
SELECT TOP(1) [l].[LoanId], [l].[BorrowerId], [l].[CreatedAt], [l].[EMIAmount], [l].[EndDate], [l].[InterestRate], [l].[LoanOfficerId], [l].[OutstandingAmount], [l].[PrincipalAmount], [l].[StartDate], [l].[Status], [l].[TenureMonths]
FROM [LoanAccounts] AS [l]
WHERE [l].[LoanId] = @loanId
2026-08-30 22:28:53.956 +05:30 [INF] Executed DbCommand (6ms) [Parameters=[@scheduleId='?' (DbType = Int32)], CommandType='"Text"', CommandTimeout='30']
SELECT TOP(1) [p].[BehaviorLogId], [p].[BorrowerId], [p].[DaysLate], [p].[DueDate], [p].[LoanId], [p].[PaymentDate], [p].[PaymentStatus], [p].[RecordedAt], [p].[ScheduleId]
FROM [PaymentBehaviorLogs] AS [p]
WHERE [p].[ScheduleId] = @scheduleId
2026-08-30 22:28:53.981 +05:30 [INF] Executed DbCommand (9ms) [Parameters=[@p9='?' (DbType = Int32), @p0='?' (DbType = Date), @p1='?' (Precision = 18) (Scale = 2) (DbType = Decimal), @p2='?' (DbType = Int32), @p3='?' (Precision = 18) (Scale = 2) (DbType = Decimal), @p4='?' (DbType = Int32), @p5='?' (Precision = 18) (Scale = 2) (DbType = Decimal), @p6='?' (DbType = Date), @p7='?' (Precision = 18) (Scale = 2) (DbType = Decimal), @p8='?' (Size = 30)], CommandType='"Text"', CommandTimeout='30']
SET IMPLICIT_TRANSACTIONS OFF;
SET NOCOUNT ON;
UPDATE [RepaymentSchedules] SET [DueDate] = @p0, [EMIAmount] = @p1, [InstallmentNumber] = @p2, [InterestAmount] = @p3, [LoanId] = @p4, [PaidAmount] = @p5, [PaidDate] = @p6, [PrincipalAmount] = @p7, [Status] = @p8
OUTPUT 1
WHERE [ScheduleId] = @p9;
2026-08-30 22:28:54.032 +05:30 [INF] Existing behavior log found for ScheduleId=78. Skipping log creation; schedule persisted as MISSED.
2026-08-30 22:28:54.081 +05:30 [INF] ScheduleId=78 was already MISSED. Not counted in processedCount.
2026-08-30 22:28:54.115 +05:30 [INF] Processing ScheduleId=7, LoanId=1, DueDate="2027-03-27", CurrentStatus=MISSED, PaidAmount=0.00, EMI=4614.49
2026-08-30 22:28:54.151 +05:30 [INF] Executed DbCommand (5ms) [Parameters=[@loanId='?' (DbType = Int32)], CommandType='"Text"', CommandTimeout='30']
SELECT TOP(1) [l].[LoanId], [l].[BorrowerId], [l].[CreatedAt], [l].[EMIAmount], [l].[EndDate], [l].[InterestRate], [l].[LoanOfficerId], [l].[OutstandingAmount], [l].[PrincipalAmount], [l].[StartDate], [l].[Status], [l].[TenureMonths]
FROM [LoanAccounts] AS [l]
WHERE [l].[LoanId] = @loanId
2026-08-30 22:28:54.173 +05:30 [INF] Executed DbCommand (9ms) [Parameters=[@scheduleId='?' (DbType = Int32)], CommandType='"Text"', CommandTimeout='30']
SELECT TOP(1) [p].[BehaviorLogId], [p].[BorrowerId], [p].[DaysLate], [p].[DueDate], [p].[LoanId], [p].[PaymentDate], [p].[PaymentStatus], [p].[RecordedAt], [p].[ScheduleId]
FROM [PaymentBehaviorLogs] AS [p]
WHERE [p].[ScheduleId] = @scheduleId
2026-08-30 22:28:54.209 +05:30 [INF] Executed DbCommand (11ms) [Parameters=[@p9='?' (DbType = Int32), @p0='?' (DbType = Date), @p1='?' (Precision = 18) (Scale = 2) (DbType = Decimal), @p2='?' (DbType = Int32), @p3='?' (Precision = 18) (Scale = 2) (DbType = Decimal), @p4='?' (DbType = Int32), @p5='?' (Precision = 18) (Scale = 2) (DbType = Decimal), @p6='?' (DbType = Date), @p7='?' (Precision = 18) (Scale = 2) (DbType = Decimal), @p8='?' (Size = 30)], CommandType='"Text"', CommandTimeout='30']
SET IMPLICIT_TRANSACTIONS OFF;
SET NOCOUNT ON;
UPDATE [RepaymentSchedules] SET [DueDate] = @p0, [EMIAmount] = @p1, [InstallmentNumber] = @p2, [InterestAmount] = @p3, [LoanId] = @p4, [PaidAmount] = @p5, [PaidDate] = @p6, [PrincipalAmount] = @p7, [Status] = @p8
OUTPUT 1
WHERE [ScheduleId] = @p9;
2026-08-30 22:28:54.231 +05:30 [INF] Existing behavior log found for ScheduleId=7. Skipping log creation; schedule persisted as MISSED.
2026-08-30 22:28:54.271 +05:30 [INF] ScheduleId=7 was already MISSED. Not counted in processedCount.
2026-08-30 22:28:54.294 +05:30 [INF] Processing ScheduleId=55, LoanId=3, DueDate="2027-03-28", CurrentStatus=MISSED, PaidAmount=0.00, EMI=115362.32
2026-08-30 22:28:54.365 +05:30 [INF] Executed DbCommand (4ms) [Parameters=[@loanId='?' (DbType = Int32)], CommandType='"Text"', CommandTimeout='30']
SELECT TOP(1) [l].[LoanId], [l].[BorrowerId], [l].[CreatedAt], [l].[EMIAmount], [l].[EndDate], [l].[InterestRate], [l].[LoanOfficerId], [l].[OutstandingAmount], [l].[PrincipalAmount], [l].[StartDate], [l].[Status], [l].[TenureMonths]
FROM [LoanAccounts] AS [l]
WHERE [l].[LoanId] = @loanId
2026-08-30 22:28:54.397 +05:30 [INF] Executed DbCommand (5ms) [Parameters=[@scheduleId='?' (DbType = Int32)], CommandType='"Text"', CommandTimeout='30']
SELECT TOP(1) [p].[BehaviorLogId], [p].[BorrowerId], [p].[DaysLate], [p].[DueDate], [p].[LoanId], [p].[PaymentDate], [p].[PaymentStatus], [p].[RecordedAt], [p].[ScheduleId]
FROM [PaymentBehaviorLogs] AS [p]
WHERE [p].[ScheduleId] = @scheduleId
2026-08-30 22:28:54.430 +05:30 [INF] Executed DbCommand (17ms) [Parameters=[@p9='?' (DbType = Int32), @p0='?' (DbType = Date), @p1='?' (Precision = 18) (Scale = 2) (DbType = Decimal), @p2='?' (DbType = Int32), @p3='?' (Precision = 18) (Scale = 2) (DbType = Decimal), @p4='?' (DbType = Int32), @p5='?' (Precision = 18) (Scale = 2) (DbType = Decimal), @p6='?' (DbType = Date), @p7='?' (Precision = 18) (Scale = 2) (DbType = Decimal), @p8='?' (Size = 30)], CommandType='"Text"', CommandTimeout='30']
SET IMPLICIT_TRANSACTIONS OFF;
SET NOCOUNT ON;
UPDATE [RepaymentSchedules] SET [DueDate] = @p0, [EMIAmount] = @p1, [InstallmentNumber] = @p2, [InterestAmount] = @p3, [LoanId] = @p4, [PaidAmount] = @p5, [PaidDate] = @p6, [PrincipalAmount] = @p7, [Status] = @p8
OUTPUT 1
WHERE [ScheduleId] = @p9;
2026-08-30 22:28:54.445 +05:30 [INF] Existing behavior log found for ScheduleId=55. Skipping log creation; schedule persisted as MISSED.
2026-08-30 22:28:54.461 +05:30 [INF] ScheduleId=55 was already MISSED. Not counted in processedCount.
2026-08-30 22:28:54.463 +05:30 [INF] Processing ScheduleId=79, LoanId=4, DueDate="2027-03-28", CurrentStatus=MISSED, PaidAmount=0.00, EMI=42119.43
2026-08-30 22:28:54.511 +05:30 [INF] Executed DbCommand (5ms) [Parameters=[@loanId='?' (DbType = Int32)], CommandType='"Text"', CommandTimeout='30']
SELECT TOP(1) [l].[LoanId], [l].[BorrowerId], [l].[CreatedAt], [l].[EMIAmount], [l].[EndDate], [l].[InterestRate], [l].[LoanOfficerId], [l].[OutstandingAmount], [l].[PrincipalAmount], [l].[StartDate], [l].[Status], [l].[TenureMonths]
FROM [LoanAccounts] AS [l]
WHERE [l].[LoanId] = @loanId
2026-08-30 22:28:54.631 +05:30 [INF] Executed DbCommand (32ms) [Parameters=[@scheduleId='?' (DbType = Int32)], CommandType='"Text"', CommandTimeout='30']
SELECT TOP(1) [p].[BehaviorLogId], [p].[BorrowerId], [p].[DaysLate], [p].[DueDate], [p].[LoanId], [p].[PaymentDate], [p].[PaymentStatus], [p].[RecordedAt], [p].[ScheduleId]
FROM [PaymentBehaviorLogs] AS [p]
WHERE [p].[ScheduleId] = @scheduleId
2026-08-30 22:28:54.677 +05:30 [INF] Executed DbCommand (17ms) [Parameters=[@p9='?' (DbType = Int32), @p0='?' (DbType = Date), @p1='?' (Precision = 18) (Scale = 2) (DbType = Decimal), @p2='?' (DbType = Int32), @p3='?' (Precision = 18) (Scale = 2) (DbType = Decimal), @p4='?' (DbType = Int32), @p5='?' (Precision = 18) (Scale = 2) (DbType = Decimal), @p6='?' (DbType = Date), @p7='?' (Precision = 18) (Scale = 2) (DbType = Decimal), @p8='?' (Size = 30)], CommandType='"Text"', CommandTimeout='30']
SET IMPLICIT_TRANSACTIONS OFF;
SET NOCOUNT ON;
UPDATE [RepaymentSchedules] SET [DueDate] = @p0, [EMIAmount] = @p1, [InstallmentNumber] = @p2, [InterestAmount] = @p3, [LoanId] = @p4, [PaidAmount] = @p5, [PaidDate] = @p6, [PrincipalAmount] = @p7, [Status] = @p8
OUTPUT 1
WHERE [ScheduleId] = @p9;
2026-08-30 22:28:54.690 +05:30 [INF] Existing behavior log found for ScheduleId=79. Skipping log creation; schedule persisted as MISSED.
2026-08-30 22:28:54.695 +05:30 [INF] ScheduleId=79 was already MISSED. Not counted in processedCount.
2026-08-30 22:28:54.709 +05:30 [INF] Processing ScheduleId=8, LoanId=1, DueDate="2027-04-27", CurrentStatus=MISSED, PaidAmount=0.00, EMI=4614.49
2026-08-30 22:28:54.725 +05:30 [INF] Executed DbCommand (9ms) [Parameters=[@loanId='?' (DbType = Int32)], CommandType='"Text"', CommandTimeout='30']
SELECT TOP(1) [l].[LoanId], [l].[BorrowerId], [l].[CreatedAt], [l].[EMIAmount], [l].[EndDate], [l].[InterestRate], [l].[LoanOfficerId], [l].[OutstandingAmount], [l].[PrincipalAmount], [l].[StartDate], [l].[Status], [l].[TenureMonths]
FROM [LoanAccounts] AS [l]
WHERE [l].[LoanId] = @loanId
2026-08-30 22:28:54.814 +05:30 [INF] Executed DbCommand (5ms) [Parameters=[@scheduleId='?' (DbType = Int32)], CommandType='"Text"', CommandTimeout='30']
SELECT TOP(1) [p].[BehaviorLogId], [p].[BorrowerId], [p].[DaysLate], [p].[DueDate], [p].[LoanId], [p].[PaymentDate], [p].[PaymentStatus], [p].[RecordedAt], [p].[ScheduleId]
FROM [PaymentBehaviorLogs] AS [p]
WHERE [p].[ScheduleId] = @scheduleId
2026-08-30 22:28:54.857 +05:30 [INF] Executed DbCommand (14ms) [Parameters=[@p9='?' (DbType = Int32), @p0='?' (DbType = Date), @p1='?' (Precision = 18) (Scale = 2) (DbType = Decimal), @p2='?' (DbType = Int32), @p3='?' (Precision = 18) (Scale = 2) (DbType = Decimal), @p4='?' (DbType = Int32), @p5='?' (Precision = 18) (Scale = 2) (DbType = Decimal), @p6='?' (DbType = Date), @p7='?' (Precision = 18) (Scale = 2) (DbType = Decimal), @p8='?' (Size = 30)], CommandType='"Text"', CommandTimeout='30']
SET IMPLICIT_TRANSACTIONS OFF;
SET NOCOUNT ON;
UPDATE [RepaymentSchedules] SET [DueDate] = @p0, [EMIAmount] = @p1, [InstallmentNumber] = @p2, [InterestAmount] = @p3, [LoanId] = @p4, [PaidAmount] = @p5, [PaidDate] = @p6, [PrincipalAmount] = @p7, [Status] = @p8
OUTPUT 1
WHERE [ScheduleId] = @p9;
2026-08-30 22:28:54.891 +05:30 [INF] Existing behavior log found for ScheduleId=8. Skipping log creation; schedule persisted as MISSED.
2026-08-30 22:28:54.897 +05:30 [INF] ScheduleId=8 was already MISSED. Not counted in processedCount.
2026-08-30 22:28:54.899 +05:30 [INF] Processing ScheduleId=56, LoanId=3, DueDate="2027-04-28", CurrentStatus=MISSED, PaidAmount=0.00, EMI=115362.32
2026-08-30 22:28:54.923 +05:30 [INF] Executed DbCommand (8ms) [Parameters=[@loanId='?' (DbType = Int32)], CommandType='"Text"', CommandTimeout='30']
SELECT TOP(1) [l].[LoanId], [l].[BorrowerId], [l].[CreatedAt], [l].[EMIAmount], [l].[EndDate], [l].[InterestRate], [l].[LoanOfficerId], [l].[OutstandingAmount], [l].[PrincipalAmount], [l].[StartDate], [l].[Status], [l].[TenureMonths]
FROM [LoanAccounts] AS [l]
WHERE [l].[LoanId] = @loanId
2026-08-30 22:28:54.940 +05:30 [INF] Executed DbCommand (8ms) [Parameters=[@scheduleId='?' (DbType = Int32)], CommandType='"Text"', CommandTimeout='30']
SELECT TOP(1) [p].[BehaviorLogId], [p].[BorrowerId], [p].[DaysLate], [p].[DueDate], [p].[LoanId], [p].[PaymentDate], [p].[PaymentStatus], [p].[RecordedAt], [p].[ScheduleId]
FROM [PaymentBehaviorLogs] AS [p]
WHERE [p].[ScheduleId] = @scheduleId
2026-08-30 22:28:54.950 +05:30 [INF] Executed DbCommand (2ms) [Parameters=[@p9='?' (DbType = Int32), @p0='?' (DbType = Date), @p1='?' (Precision = 18) (Scale = 2) (DbType = Decimal), @p2='?' (DbType = Int32), @p3='?' (Precision = 18) (Scale = 2) (DbType = Decimal), @p4='?' (DbType = Int32), @p5='?' (Precision = 18) (Scale = 2) (DbType = Decimal), @p6='?' (DbType = Date), @p7='?' (Precision = 18) (Scale = 2) (DbType = Decimal), @p8='?' (Size = 30)], CommandType='"Text"', CommandTimeout='30']
SET IMPLICIT_TRANSACTIONS OFF;
SET NOCOUNT ON;
UPDATE [RepaymentSchedules] SET [DueDate] = @p0, [EMIAmount] = @p1, [InstallmentNumber] = @p2, [InterestAmount] = @p3, [LoanId] = @p4, [PaidAmount] = @p5, [PaidDate] = @p6, [PrincipalAmount] = @p7, [Status] = @p8
OUTPUT 1
WHERE [ScheduleId] = @p9;
2026-08-30 22:28:54.957 +05:30 [INF] Existing behavior log found for ScheduleId=56. Skipping log creation; schedule persisted as MISSED.
2026-08-30 22:28:54.961 +05:30 [INF] ScheduleId=56 was already MISSED. Not counted in processedCount.
2026-08-30 22:28:54.964 +05:30 [INF] Processing ScheduleId=80, LoanId=4, DueDate="2027-04-28", CurrentStatus=MISSED, PaidAmount=0.00, EMI=42119.43
2026-08-30 22:28:54.994 +05:30 [INF] Executed DbCommand (3ms) [Parameters=[@loanId='?' (DbType = Int32)], CommandType='"Text"', CommandTimeout='30']
SELECT TOP(1) [l].[LoanId], [l].[BorrowerId], [l].[CreatedAt], [l].[EMIAmount], [l].[EndDate], [l].[InterestRate], [l].[LoanOfficerId], [l].[OutstandingAmount], [l].[PrincipalAmount], [l].[StartDate], [l].[Status], [l].[TenureMonths]
FROM [LoanAccounts] AS [l]
WHERE [l].[LoanId] = @loanId
2026-08-30 22:28:55.027 +05:30 [INF] Executed DbCommand (5ms) [Parameters=[@scheduleId='?' (DbType = Int32)], CommandType='"Text"', CommandTimeout='30']
SELECT TOP(1) [p].[BehaviorLogId], [p].[BorrowerId], [p].[DaysLate], [p].[DueDate], [p].[LoanId], [p].[PaymentDate], [p].[PaymentStatus], [p].[RecordedAt], [p].[ScheduleId]
FROM [PaymentBehaviorLogs] AS [p]
WHERE [p].[ScheduleId] = @scheduleId
2026-08-30 22:28:55.091 +05:30 [INF] Executed DbCommand (21ms) [Parameters=[@p9='?' (DbType = Int32), @p0='?' (DbType = Date), @p1='?' (Precision = 18) (Scale = 2) (DbType = Decimal), @p2='?' (DbType = Int32), @p3='?' (Precision = 18) (Scale = 2) (DbType = Decimal), @p4='?' (DbType = Int32), @p5='?' (Precision = 18) (Scale = 2) (DbType = Decimal), @p6='?' (DbType = Date), @p7='?' (Precision = 18) (Scale = 2) (DbType = Decimal), @p8='?' (Size = 30)], CommandType='"Text"', CommandTimeout='30']
SET IMPLICIT_TRANSACTIONS OFF;
SET NOCOUNT ON;
UPDATE [RepaymentSchedules] SET [DueDate] = @p0, [EMIAmount] = @p1, [InstallmentNumber] = @p2, [InterestAmount] = @p3, [LoanId] = @p4, [PaidAmount] = @p5, [PaidDate] = @p6, [PrincipalAmount] = @p7, [Status] = @p8
OUTPUT 1
WHERE [ScheduleId] = @p9;
2026-08-30 22:28:55.130 +05:30 [INF] Existing behavior log found for ScheduleId=80. Skipping log creation; schedule persisted as MISSED.
2026-08-30 22:28:55.140 +05:30 [INF] ScheduleId=80 was already MISSED. Not counted in processedCount.
2026-08-30 22:28:55.145 +05:30 [INF] Processing ScheduleId=33, LoanId=2, DueDate="2027-05-27", CurrentStatus=MISSED, PaidAmount=0.00, EMI=55373.91
2026-08-30 22:28:55.165 +05:30 [INF] Executed DbCommand (4ms) [Parameters=[@loanId='?' (DbType = Int32)], CommandType='"Text"', CommandTimeout='30']
SELECT TOP(1) [l].[LoanId], [l].[BorrowerId], [l].[CreatedAt], [l].[EMIAmount], [l].[EndDate], [l].[InterestRate], [l].[LoanOfficerId], [l].[OutstandingAmount], [l].[PrincipalAmount], [l].[StartDate], [l].[Status], [l].[TenureMonths]
FROM [LoanAccounts] AS [l]
WHERE [l].[LoanId] = @loanId
2026-08-30 22:28:55.192 +05:30 [INF] Executed DbCommand (11ms) [Parameters=[@scheduleId='?' (DbType = Int32)], CommandType='"Text"', CommandTimeout='30']
SELECT TOP(1) [p].[BehaviorLogId], [p].[BorrowerId], [p].[DaysLate], [p].[DueDate], [p].[LoanId], [p].[PaymentDate], [p].[PaymentStatus], [p].[RecordedAt], [p].[ScheduleId]
FROM [PaymentBehaviorLogs] AS [p]
WHERE [p].[ScheduleId] = @scheduleId
2026-08-30 22:28:55.223 +05:30 [INF] Executed DbCommand (14ms) [Parameters=[@p9='?' (DbType = Int32), @p0='?' (DbType = Date), @p1='?' (Precision = 18) (Scale = 2) (DbType = Decimal), @p2='?' (DbType = Int32), @p3='?' (Precision = 18) (Scale = 2) (DbType = Decimal), @p4='?' (DbType = Int32), @p5='?' (Precision = 18) (Scale = 2) (DbType = Decimal), @p6='?' (DbType = Date), @p7='?' (Precision = 18) (Scale = 2) (DbType = Decimal), @p8='?' (Size = 30)], CommandType='"Text"', CommandTimeout='30']
SET IMPLICIT_TRANSACTIONS OFF;
SET NOCOUNT ON;
UPDATE [RepaymentSchedules] SET [DueDate] = @p0, [EMIAmount] = @p1, [InstallmentNumber] = @p2, [InterestAmount] = @p3, [LoanId] = @p4, [PaidAmount] = @p5, [PaidDate] = @p6, [PrincipalAmount] = @p7, [Status] = @p8
OUTPUT 1
WHERE [ScheduleId] = @p9;
2026-08-30 22:28:55.252 +05:30 [INF] Existing behavior log found for ScheduleId=33. Skipping log creation; schedule persisted as MISSED.
2026-08-30 22:28:55.281 +05:30 [INF] ScheduleId=33 was already MISSED. Not counted in processedCount.
2026-08-30 22:28:55.298 +05:30 [INF] Processing ScheduleId=9, LoanId=1, DueDate="2027-05-27", CurrentStatus=MISSED, PaidAmount=0.00, EMI=4614.49
2026-08-30 22:28:55.326 +05:30 [INF] Executed DbCommand (4ms) [Parameters=[@loanId='?' (DbType = Int32)], CommandType='"Text"', CommandTimeout='30']
SELECT TOP(1) [l].[LoanId], [l].[BorrowerId], [l].[CreatedAt], [l].[EMIAmount], [l].[EndDate], [l].[InterestRate], [l].[LoanOfficerId], [l].[OutstandingAmount], [l].[PrincipalAmount], [l].[StartDate], [l].[Status], [l].[TenureMonths]
FROM [LoanAccounts] AS [l]
WHERE [l].[LoanId] = @loanId
2026-08-30 22:28:55.360 +05:30 [INF] Executed DbCommand (14ms) [Parameters=[@scheduleId='?' (DbType = Int32)], CommandType='"Text"', CommandTimeout='30']
SELECT TOP(1) [p].[BehaviorLogId], [p].[BorrowerId], [p].[DaysLate], [p].[DueDate], [p].[LoanId], [p].[PaymentDate], [p].[PaymentStatus], [p].[RecordedAt], [p].[ScheduleId]
FROM [PaymentBehaviorLogs] AS [p]
WHERE [p].[ScheduleId] = @scheduleId
2026-08-30 22:28:55.413 +05:30 [INF] Executed DbCommand (19ms) [Parameters=[@p9='?' (DbType = Int32), @p0='?' (DbType = Date), @p1='?' (Precision = 18) (Scale = 2) (DbType = Decimal), @p2='?' (DbType = Int32), @p3='?' (Precision = 18) (Scale = 2) (DbType = Decimal), @p4='?' (DbType = Int32), @p5='?' (Precision = 18) (Scale = 2) (DbType = Decimal), @p6='?' (DbType = Date), @p7='?' (Precision = 18) (Scale = 2) (DbType = Decimal), @p8='?' (Size = 30)], CommandType='"Text"', CommandTimeout='30']
SET IMPLICIT_TRANSACTIONS OFF;
SET NOCOUNT ON;
UPDATE [RepaymentSchedules] SET [DueDate] = @p0, [EMIAmount] = @p1, [InstallmentNumber] = @p2, [InterestAmount] = @p3, [LoanId] = @p4, [PaidAmount] = @p5, [PaidDate] = @p6, [PrincipalAmount] = @p7, [Status] = @p8
OUTPUT 1
WHERE [ScheduleId] = @p9;
2026-08-30 22:28:55.423 +05:30 [INF] Existing behavior log found for ScheduleId=9. Skipping log creation; schedule persisted as MISSED.
2026-08-30 22:28:55.426 +05:30 [INF] ScheduleId=9 was already MISSED. Not counted in processedCount.
2026-08-30 22:28:55.430 +05:30 [INF] Processing ScheduleId=57, LoanId=3, DueDate="2027-05-28", CurrentStatus=MISSED, PaidAmount=0.00, EMI=115362.32
2026-08-30 22:28:55.447 +05:30 [INF] Executed DbCommand (3ms) [Parameters=[@loanId='?' (DbType = Int32)], CommandType='"Text"', CommandTimeout='30']
SELECT TOP(1) [l].[LoanId], [l].[BorrowerId], [l].[CreatedAt], [l].[EMIAmount], [l].[EndDate], [l].[InterestRate], [l].[LoanOfficerId], [l].[OutstandingAmount], [l].[PrincipalAmount], [l].[StartDate], [l].[Status], [l].[TenureMonths]
FROM [LoanAccounts] AS [l]
WHERE [l].[LoanId] = @loanId
2026-08-30 22:28:55.461 +05:30 [INF] Executed DbCommand (1ms) [Parameters=[@scheduleId='?' (DbType = Int32)], CommandType='"Text"', CommandTimeout='30']
SELECT TOP(1) [p].[BehaviorLogId], [p].[BorrowerId], [p].[DaysLate], [p].[DueDate], [p].[LoanId], [p].[PaymentDate], [p].[PaymentStatus], [p].[RecordedAt], [p].[ScheduleId]
FROM [PaymentBehaviorLogs] AS [p]
WHERE [p].[ScheduleId] = @scheduleId
2026-08-30 22:28:55.492 +05:30 [INF] Executed DbCommand (4ms) [Parameters=[@p9='?' (DbType = Int32), @p0='?' (DbType = Date), @p1='?' (Precision = 18) (Scale = 2) (DbType = Decimal), @p2='?' (DbType = Int32), @p3='?' (Precision = 18) (Scale = 2) (DbType = Decimal), @p4='?' (DbType = Int32), @p5='?' (Precision = 18) (Scale = 2) (DbType = Decimal), @p6='?' (DbType = Date), @p7='?' (Precision = 18) (Scale = 2) (DbType = Decimal), @p8='?' (Size = 30)], CommandType='"Text"', CommandTimeout='30']
SET IMPLICIT_TRANSACTIONS OFF;
SET NOCOUNT ON;
UPDATE [RepaymentSchedules] SET [DueDate] = @p0, [EMIAmount] = @p1, [InstallmentNumber] = @p2, [InterestAmount] = @p3, [LoanId] = @p4, [PaidAmount] = @p5, [PaidDate] = @p6, [PrincipalAmount] = @p7, [Status] = @p8
OUTPUT 1
WHERE [ScheduleId] = @p9;
2026-08-30 22:28:55.549 +05:30 [INF] Existing behavior log found for ScheduleId=57. Skipping log creation; schedule persisted as MISSED.
2026-08-30 22:28:55.581 +05:30 [INF] ScheduleId=57 was already MISSED. Not counted in processedCount.
2026-08-30 22:28:55.599 +05:30 [INF] Processing ScheduleId=81, LoanId=4, DueDate="2027-05-28", CurrentStatus=MISSED, PaidAmount=0.00, EMI=42119.43
2026-08-30 22:28:55.656 +05:30 [INF] Executed DbCommand (9ms) [Parameters=[@loanId='?' (DbType = Int32)], CommandType='"Text"', CommandTimeout='30']
SELECT TOP(1) [l].[LoanId], [l].[BorrowerId], [l].[CreatedAt], [l].[EMIAmount], [l].[EndDate], [l].[InterestRate], [l].[LoanOfficerId], [l].[OutstandingAmount], [l].[PrincipalAmount], [l].[StartDate], [l].[Status], [l].[TenureMonths]
FROM [LoanAccounts] AS [l]
WHERE [l].[LoanId] = @loanId
2026-08-30 22:28:55.672 +05:30 [INF] Executed DbCommand (8ms) [Parameters=[@scheduleId='?' (DbType = Int32)], CommandType='"Text"', CommandTimeout='30']
SELECT TOP(1) [p].[BehaviorLogId], [p].[BorrowerId], [p].[DaysLate], [p].[DueDate], [p].[LoanId], [p].[PaymentDate], [p].[PaymentStatus], [p].[RecordedAt], [p].[ScheduleId]
FROM [PaymentBehaviorLogs] AS [p]
WHERE [p].[ScheduleId] = @scheduleId
2026-08-30 22:28:55.697 +05:30 [INF] Executed DbCommand (8ms) [Parameters=[@p9='?' (DbType = Int32), @p0='?' (DbType = Date), @p1='?' (Precision = 18) (Scale = 2) (DbType = Decimal), @p2='?' (DbType = Int32), @p3='?' (Precision = 18) (Scale = 2) (DbType = Decimal), @p4='?' (DbType = Int32), @p5='?' (Precision = 18) (Scale = 2) (DbType = Decimal), @p6='?' (DbType = Date), @p7='?' (Precision = 18) (Scale = 2) (DbType = Decimal), @p8='?' (Size = 30)], CommandType='"Text"', CommandTimeout='30']
SET IMPLICIT_TRANSACTIONS OFF;
SET NOCOUNT ON;
UPDATE [RepaymentSchedules] SET [DueDate] = @p0, [EMIAmount] = @p1, [InstallmentNumber] = @p2, [InterestAmount] = @p3, [LoanId] = @p4, [PaidAmount] = @p5, [PaidDate] = @p6, [PrincipalAmount] = @p7, [Status] = @p8
OUTPUT 1
WHERE [ScheduleId] = @p9;
2026-08-30 22:28:55.708 +05:30 [INF] Existing behavior log found for ScheduleId=81. Skipping log creation; schedule persisted as MISSED.
2026-08-30 22:28:55.715 +05:30 [INF] ScheduleId=81 was already MISSED. Not counted in processedCount.
2026-08-30 22:28:55.745 +05:30 [INF] Processing ScheduleId=34, LoanId=2, DueDate="2027-06-27", CurrentStatus=MISSED, PaidAmount=0.00, EMI=55373.91
2026-08-30 22:28:55.829 +05:30 [INF] Executed DbCommand (6ms) [Parameters=[@loanId='?' (DbType = Int32)], CommandType='"Text"', CommandTimeout='30']
SELECT TOP(1) [l].[LoanId], [l].[BorrowerId], [l].[CreatedAt], [l].[EMIAmount], [l].[EndDate], [l].[InterestRate], [l].[LoanOfficerId], [l].[OutstandingAmount], [l].[PrincipalAmount], [l].[StartDate], [l].[Status], [l].[TenureMonths]
FROM [LoanAccounts] AS [l]
WHERE [l].[LoanId] = @loanId
2026-08-30 22:28:55.896 +05:30 [INF] Executed DbCommand (6ms) [Parameters=[@scheduleId='?' (DbType = Int32)], CommandType='"Text"', CommandTimeout='30']
SELECT TOP(1) [p].[BehaviorLogId], [p].[BorrowerId], [p].[DaysLate], [p].[DueDate], [p].[LoanId], [p].[PaymentDate], [p].[PaymentStatus], [p].[RecordedAt], [p].[ScheduleId]
FROM [PaymentBehaviorLogs] AS [p]
WHERE [p].[ScheduleId] = @scheduleId
2026-08-30 22:28:55.929 +05:30 [INF] Executed DbCommand (20ms) [Parameters=[@p9='?' (DbType = Int32), @p0='?' (DbType = Date), @p1='?' (Precision = 18) (Scale = 2) (DbType = Decimal), @p2='?' (DbType = Int32), @p3='?' (Precision = 18) (Scale = 2) (DbType = Decimal), @p4='?' (DbType = Int32), @p5='?' (Precision = 18) (Scale = 2) (DbType = Decimal), @p6='?' (DbType = Date), @p7='?' (Precision = 18) (Scale = 2) (DbType = Decimal), @p8='?' (Size = 30)], CommandType='"Text"', CommandTimeout='30']
SET IMPLICIT_TRANSACTIONS OFF;
SET NOCOUNT ON;
UPDATE [RepaymentSchedules] SET [DueDate] = @p0, [EMIAmount] = @p1, [InstallmentNumber] = @p2, [InterestAmount] = @p3, [LoanId] = @p4, [PaidAmount] = @p5, [PaidDate] = @p6, [PrincipalAmount] = @p7, [Status] = @p8
OUTPUT 1
WHERE [ScheduleId] = @p9;
2026-08-30 22:28:55.944 +05:30 [INF] Existing behavior log found for ScheduleId=34. Skipping log creation; schedule persisted as MISSED.
2026-08-30 22:28:55.964 +05:30 [INF] ScheduleId=34 was already MISSED. Not counted in processedCount.
2026-08-30 22:28:55.998 +05:30 [INF] Processing ScheduleId=10, LoanId=1, DueDate="2027-06-27", CurrentStatus=MISSED, PaidAmount=0.00, EMI=4614.49
2026-08-30 22:28:56.090 +05:30 [INF] Executed DbCommand (10ms) [Parameters=[@loanId='?' (DbType = Int32)], CommandType='"Text"', CommandTimeout='30']
SELECT TOP(1) [l].[LoanId], [l].[BorrowerId], [l].[CreatedAt], [l].[EMIAmount], [l].[EndDate], [l].[InterestRate], [l].[LoanOfficerId], [l].[OutstandingAmount], [l].[PrincipalAmount], [l].[StartDate], [l].[Status], [l].[TenureMonths]
FROM [LoanAccounts] AS [l]
WHERE [l].[LoanId] = @loanId
2026-08-30 22:28:56.147 +05:30 [INF] Executed DbCommand (6ms) [Parameters=[@scheduleId='?' (DbType = Int32)], CommandType='"Text"', CommandTimeout='30']
SELECT TOP(1) [p].[BehaviorLogId], [p].[BorrowerId], [p].[DaysLate], [p].[DueDate], [p].[LoanId], [p].[PaymentDate], [p].[PaymentStatus], [p].[RecordedAt], [p].[ScheduleId]
FROM [PaymentBehaviorLogs] AS [p]
WHERE [p].[ScheduleId] = @scheduleId
2026-08-30 22:28:56.190 +05:30 [INF] Executed DbCommand (26ms) [Parameters=[@p9='?' (DbType = Int32), @p0='?' (DbType = Date), @p1='?' (Precision = 18) (Scale = 2) (DbType = Decimal), @p2='?' (DbType = Int32), @p3='?' (Precision = 18) (Scale = 2) (DbType = Decimal), @p4='?' (DbType = Int32), @p5='?' (Precision = 18) (Scale = 2) (DbType = Decimal), @p6='?' (DbType = Date), @p7='?' (Precision = 18) (Scale = 2) (DbType = Decimal), @p8='?' (Size = 30)], CommandType='"Text"', CommandTimeout='30']
SET IMPLICIT_TRANSACTIONS OFF;
SET NOCOUNT ON;
UPDATE [RepaymentSchedules] SET [DueDate] = @p0, [EMIAmount] = @p1, [InstallmentNumber] = @p2, [InterestAmount] = @p3, [LoanId] = @p4, [PaidAmount] = @p5, [PaidDate] = @p6, [PrincipalAmount] = @p7, [Status] = @p8
OUTPUT 1
WHERE [ScheduleId] = @p9;
2026-08-30 22:28:56.211 +05:30 [INF] Existing behavior log found for ScheduleId=10. Skipping log creation; schedule persisted as MISSED.
2026-08-30 22:28:56.213 +05:30 [INF] ScheduleId=10 was already MISSED. Not counted in processedCount.
2026-08-30 22:28:56.233 +05:30 [INF] Processing ScheduleId=58, LoanId=3, DueDate="2027-06-28", CurrentStatus=MISSED, PaidAmount=0.00, EMI=115362.32
2026-08-30 22:28:56.290 +05:30 [INF] Executed DbCommand (9ms) [Parameters=[@loanId='?' (DbType = Int32)], CommandType='"Text"', CommandTimeout='30']
SELECT TOP(1) [l].[LoanId], [l].[BorrowerId], [l].[CreatedAt], [l].[EMIAmount], [l].[EndDate], [l].[InterestRate], [l].[LoanOfficerId], [l].[OutstandingAmount], [l].[PrincipalAmount], [l].[StartDate], [l].[Status], [l].[TenureMonths]
FROM [LoanAccounts] AS [l]
WHERE [l].[LoanId] = @loanId
2026-08-30 22:28:56.330 +05:30 [INF] Executed DbCommand (6ms) [Parameters=[@scheduleId='?' (DbType = Int32)], CommandType='"Text"', CommandTimeout='30']
SELECT TOP(1) [p].[BehaviorLogId], [p].[BorrowerId], [p].[DaysLate], [p].[DueDate], [p].[LoanId], [p].[PaymentDate], [p].[PaymentStatus], [p].[RecordedAt], [p].[ScheduleId]
FROM [PaymentBehaviorLogs] AS [p]
WHERE [p].[ScheduleId] = @scheduleId
2026-08-30 22:28:56.410 +05:30 [INF] Executed DbCommand (13ms) [Parameters=[@p9='?' (DbType = Int32), @p0='?' (DbType = Date), @p1='?' (Precision = 18) (Scale = 2) (DbType = Decimal), @p2='?' (DbType = Int32), @p3='?' (Precision = 18) (Scale = 2) (DbType = Decimal), @p4='?' (DbType = Int32), @p5='?' (Precision = 18) (Scale = 2) (DbType = Decimal), @p6='?' (DbType = Date), @p7='?' (Precision = 18) (Scale = 2) (DbType = Decimal), @p8='?' (Size = 30)], CommandType='"Text"', CommandTimeout='30']
SET IMPLICIT_TRANSACTIONS OFF;
SET NOCOUNT ON;
UPDATE [RepaymentSchedules] SET [DueDate] = @p0, [EMIAmount] = @p1, [InstallmentNumber] = @p2, [InterestAmount] = @p3, [LoanId] = @p4, [PaidAmount] = @p5, [PaidDate] = @p6, [PrincipalAmount] = @p7, [Status] = @p8
OUTPUT 1
WHERE [ScheduleId] = @p9;
2026-08-30 22:28:56.424 +05:30 [INF] Existing behavior log found for ScheduleId=58. Skipping log creation; schedule persisted as MISSED.
2026-08-30 22:28:56.430 +05:30 [INF] ScheduleId=58 was already MISSED. Not counted in processedCount.
2026-08-30 22:28:56.433 +05:30 [INF] Processing ScheduleId=82, LoanId=4, DueDate="2027-06-28", CurrentStatus=MISSED, PaidAmount=0.00, EMI=42119.43
2026-08-30 22:28:56.461 +05:30 [INF] Executed DbCommand (12ms) [Parameters=[@loanId='?' (DbType = Int32)], CommandType='"Text"', CommandTimeout='30']
SELECT TOP(1) [l].[LoanId], [l].[BorrowerId], [l].[CreatedAt], [l].[EMIAmount], [l].[EndDate], [l].[InterestRate], [l].[LoanOfficerId], [l].[OutstandingAmount], [l].[PrincipalAmount], [l].[StartDate], [l].[Status], [l].[TenureMonths]
FROM [LoanAccounts] AS [l]
WHERE [l].[LoanId] = @loanId
2026-08-30 22:28:56.525 +05:30 [INF] Executed DbCommand (11ms) [Parameters=[@scheduleId='?' (DbType = Int32)], CommandType='"Text"', CommandTimeout='30']
SELECT TOP(1) [p].[BehaviorLogId], [p].[BorrowerId], [p].[DaysLate], [p].[DueDate], [p].[LoanId], [p].[PaymentDate], [p].[PaymentStatus], [p].[RecordedAt], [p].[ScheduleId]
FROM [PaymentBehaviorLogs] AS [p]
WHERE [p].[ScheduleId] = @scheduleId
2026-08-30 22:28:56.578 +05:30 [INF] Executed DbCommand (16ms) [Parameters=[@p9='?' (DbType = Int32), @p0='?' (DbType = Date), @p1='?' (Precision = 18) (Scale = 2) (DbType = Decimal), @p2='?' (DbType = Int32), @p3='?' (Precision = 18) (Scale = 2) (DbType = Decimal), @p4='?' (DbType = Int32), @p5='?' (Precision = 18) (Scale = 2) (DbType = Decimal), @p6='?' (DbType = Date), @p7='?' (Precision = 18) (Scale = 2) (DbType = Decimal), @p8='?' (Size = 30)], CommandType='"Text"', CommandTimeout='30']
SET IMPLICIT_TRANSACTIONS OFF;
SET NOCOUNT ON;
UPDATE [RepaymentSchedules] SET [DueDate] = @p0, [EMIAmount] = @p1, [InstallmentNumber] = @p2, [InterestAmount] = @p3, [LoanId] = @p4, [PaidAmount] = @p5, [PaidDate] = @p6, [PrincipalAmount] = @p7, [Status] = @p8
OUTPUT 1
WHERE [ScheduleId] = @p9;
2026-08-30 22:28:56.627 +05:30 [INF] Existing behavior log found for ScheduleId=82. Skipping log creation; schedule persisted as MISSED.
2026-08-30 22:28:56.647 +05:30 [INF] ScheduleId=82 was already MISSED. Not counted in processedCount.
2026-08-30 22:28:56.660 +05:30 [INF] Finished overdue EMI processing.
2026-08-30 22:28:56.664 +05:30 [INF] Processed Count: 0
2026-08-30 22:28:56.673 +05:30 [INF] ============================================
2026-08-30 22:28:56.680 +05:30 [INF] Executing OkObjectResult, writing value of type '<>f__AnonymousType7`2[[System.String, System.Private.CoreLib, Version=10.0.0.0, Culture=neutral, PublicKeyToken=7cec85d7bea7798e],[System.Int32, System.Private.CoreLib, Version=10.0.0.0, Culture=neutral, PublicKeyToken=7cec85d7bea7798e]]'.
2026-08-30 22:28:56.711 +05:30 [INF] Executed action LoanDeductionPrediction.API.Controllers.PaymentBehaviorController.ProcessOverduePayments (LoanDeductionPrediction.API) in 8416.1245ms
2026-08-30 22:28:56.715 +05:30 [INF] Executed endpoint 'LoanDeductionPrediction.API.Controllers.PaymentBehaviorController.ProcessOverduePayments (LoanDeductionPrediction.API)'
2026-08-30 22:28:56.731 +05:30 [INF] HTTP POST /api/PaymentBehavior/process-overdue responded 200 in 8592.0118 ms
2026-08-30 22:28:56.765 +05:30 [INF] Request finished HTTP/1.1 POST http://localhost:5082/api/PaymentBehavior/process-overdue - 200 null application/json; charset=utf-8 8719.0894ms
2026-08-30 22:31:09.054 +05:30 [INF] Request starting HTTP/1.1 GET http://localhost:5082/api/RepaymentSchedule/loan/2 - null null
2026-08-30 22:31:09.088 +05:30 [INF] Executing endpoint 'LoanDeductionPrediction.API.Controllers.RepaymentScheduleController.GetLoanSchedule (LoanDeductionPrediction.API)'
2026-08-30 22:31:09.155 +05:30 [INF] Route matched with {action = "GetLoanSchedule", controller = "RepaymentSchedule"}. Executing controller action with signature System.Threading.Tasks.Task`1[Microsoft.AspNetCore.Mvc.IActionResult] GetLoanSchedule(Int32) on controller LoanDeductionPrediction.API.Controllers.RepaymentScheduleController (LoanDeductionPrediction.API).
2026-08-30 22:31:09.202 +05:30 [INF] Executed DbCommand (12ms) [Parameters=[@loanId='?' (DbType = Int32)], CommandType='"Text"', CommandTimeout='30']
SELECT TOP(1) [l].[LoanId], [l].[BorrowerId], [l].[CreatedAt], [l].[EMIAmount], [l].[EndDate], [l].[InterestRate], [l].[LoanOfficerId], [l].[OutstandingAmount], [l].[PrincipalAmount], [l].[StartDate], [l].[Status], [l].[TenureMonths]
FROM [LoanAccounts] AS [l]
WHERE [l].[LoanId] = @loanId
2026-08-30 22:31:09.291 +05:30 [INF] Executed DbCommand (5ms) [Parameters=[@loanId='?' (DbType = Int32)], CommandType='"Text"', CommandTimeout='30']
SELECT [r].[ScheduleId], [r].[DueDate], [r].[EMIAmount], [r].[InstallmentNumber], [r].[InterestAmount], [r].[LoanId], [r].[PaidAmount], [r].[PaidDate], [r].[PrincipalAmount], [r].[Status]
FROM [RepaymentSchedules] AS [r]
WHERE [r].[LoanId] = @loanId
ORDER BY [r].[InstallmentNumber]
2026-08-30 22:31:09.324 +05:30 [INF] Executing OkObjectResult, writing value of type 'System.Collections.Generic.List`1[[LoanDeductionPrediction.Models.DTOs.RepaymentScheduleDto, LoanDeductionPrediction.Models, Version=1.0.0.0, Culture=neutral, PublicKeyToken=null]]'.
2026-08-30 22:31:09.438 +05:30 [INF] Executed action LoanDeductionPrediction.API.Controllers.RepaymentScheduleController.GetLoanSchedule (LoanDeductionPrediction.API) in 275.1672ms
2026-08-30 22:31:09.441 +05:30 [INF] Executed endpoint 'LoanDeductionPrediction.API.Controllers.RepaymentScheduleController.GetLoanSchedule (LoanDeductionPrediction.API)'
2026-08-30 22:31:09.452 +05:30 [INF] HTTP GET /api/RepaymentSchedule/loan/2 responded 200 in 390.2024 ms
2026-08-30 22:31:09.481 +05:30 [INF] Request finished HTTP/1.1 GET http://localhost:5082/api/RepaymentSchedule/loan/2 - 200 null application/json; charset=utf-8 427.3011ms
2026-08-30 22:32:31.060 +05:30 [INF] Request starting HTTP/1.1 POST http://localhost:5082/api/Auth/login - application/json 62
2026-08-30 22:32:31.072 +05:30 [INF] CORS policy execution successful.
2026-08-30 22:32:31.111 +05:30 [INF] Executing endpoint 'LoanDeductionPrediction.API.Controllers.AuthController.Login (LoanDeductionPrediction.API)'
2026-08-30 22:32:31.126 +05:30 [INF] Route matched with {action = "Login", controller = "Auth"}. Executing controller action with signature System.Threading.Tasks.Task`1[Microsoft.AspNetCore.Mvc.IActionResult] Login(LoanDeductionPrediction.Models.DTOs.LoginRequest) on controller LoanDeductionPrediction.API.Controllers.AuthController (LoanDeductionPrediction.API).
2026-08-30 22:32:31.162 +05:30 [INF] Executed DbCommand (11ms) [Parameters=[@email='?' (Size = 150)], CommandType='"Text"', CommandTimeout='30']
SELECT TOP(1) [u].[UserId], [u].[CreatedAt], [u].[Email], [u].[FullName], [u].[IsActive], [u].[PasswordHash], [u].[Role]
FROM [Users] AS [u]
WHERE [u].[Email] = @email
2026-08-30 22:32:31.608 +05:30 [INF] Executed DbCommand (8ms) [Parameters=[@p0='?' (DbType = DateTime2), @p1='?' (DbType = DateTime2), @p2='?' (DbType = Boolean), @p3='?' (DbType = DateTime2), @p4='?' (Size = 500), @p5='?' (DbType = Int32)], CommandType='"Text"', CommandTimeout='30']
SET IMPLICIT_TRANSACTIONS OFF;
SET NOCOUNT ON;
INSERT INTO [RefreshTokens] ([CreatedAt], [ExpiresAt], [IsRevoked], [RevokedAt], [Token], [UserId])
OUTPUT INSERTED.[RefreshTokenId]
VALUES (@p0, @p1, @p2, @p3, @p4, @p5);
2026-08-30 22:32:31.616 +05:30 [INF] Executing OkObjectResult, writing value of type 'LoanDeductionPrediction.Models.DTOs.LoginResponse'.
2026-08-30 22:32:31.622 +05:30 [INF] Executed action LoanDeductionPrediction.API.Controllers.AuthController.Login (LoanDeductionPrediction.API) in 478.9962ms
2026-08-30 22:32:31.635 +05:30 [INF] Executed endpoint 'LoanDeductionPrediction.API.Controllers.AuthController.Login (LoanDeductionPrediction.API)'
2026-08-30 22:32:31.642 +05:30 [INF] HTTP POST /api/Auth/login responded 200 in 570.7833 ms
2026-08-30 22:32:31.654 +05:30 [INF] Request finished HTTP/1.1 POST http://localhost:5082/api/Auth/login - 200 null application/json; charset=utf-8 594.7284ms
2026-08-30 22:33:00.975 +05:30 [INF] Request starting HTTP/1.1 GET http://localhost:5082/api/RepaymentSchedule/loan/2 - null null
2026-08-30 22:33:01.028 +05:30 [INF] Executing endpoint 'LoanDeductionPrediction.API.Controllers.RepaymentScheduleController.GetLoanSchedule (LoanDeductionPrediction.API)'
2026-08-30 22:33:01.045 +05:30 [INF] Route matched with {action = "GetLoanSchedule", controller = "RepaymentSchedule"}. Executing controller action with signature System.Threading.Tasks.Task`1[Microsoft.AspNetCore.Mvc.IActionResult] GetLoanSchedule(Int32) on controller LoanDeductionPrediction.API.Controllers.RepaymentScheduleController (LoanDeductionPrediction.API).
2026-08-30 22:33:01.100 +05:30 [INF] Executed DbCommand (26ms) [Parameters=[@loanId='?' (DbType = Int32)], CommandType='"Text"', CommandTimeout='30']
SELECT TOP(1) [l].[LoanId], [l].[BorrowerId], [l].[CreatedAt], [l].[EMIAmount], [l].[EndDate], [l].[InterestRate], [l].[LoanOfficerId], [l].[OutstandingAmount], [l].[PrincipalAmount], [l].[StartDate], [l].[Status], [l].[TenureMonths]
FROM [LoanAccounts] AS [l]
WHERE [l].[LoanId] = @loanId
2026-08-30 22:33:01.178 +05:30 [INF] Executed DbCommand (25ms) [Parameters=[@loanId='?' (DbType = Int32)], CommandType='"Text"', CommandTimeout='30']
SELECT [r].[ScheduleId], [r].[DueDate], [r].[EMIAmount], [r].[InstallmentNumber], [r].[InterestAmount], [r].[LoanId], [r].[PaidAmount], [r].[PaidDate], [r].[PrincipalAmount], [r].[Status]
FROM [RepaymentSchedules] AS [r]
WHERE [r].[LoanId] = @loanId
ORDER BY [r].[InstallmentNumber]
2026-08-30 22:33:01.212 +05:30 [INF] Executing OkObjectResult, writing value of type 'System.Collections.Generic.List`1[[LoanDeductionPrediction.Models.DTOs.RepaymentScheduleDto, LoanDeductionPrediction.Models, Version=1.0.0.0, Culture=neutral, PublicKeyToken=null]]'.
2026-08-30 22:33:01.240 +05:30 [INF] Executed action LoanDeductionPrediction.API.Controllers.RepaymentScheduleController.GetLoanSchedule (LoanDeductionPrediction.API) in 178.6259ms
2026-08-30 22:33:01.253 +05:30 [INF] Executed endpoint 'LoanDeductionPrediction.API.Controllers.RepaymentScheduleController.GetLoanSchedule (LoanDeductionPrediction.API)'
2026-08-30 22:33:01.260 +05:30 [INF] HTTP GET /api/RepaymentSchedule/loan/2 responded 200 in 254.3940 ms
2026-08-30 22:33:01.268 +05:30 [INF] Request finished HTTP/1.1 GET http://localhost:5082/api/RepaymentSchedule/loan/2 - 200 null application/json; charset=utf-8 293.2948ms
2026-08-30 22:33:31.226 +05:30 [INF] Request starting HTTP/1.1 POST http://localhost:5082/api/PaymentBehavior/process-overdue - null 0
2026-08-30 22:33:31.250 +05:30 [INF] CORS policy execution successful.
2026-08-30 22:33:31.269 +05:30 [INF] Executing endpoint 'LoanDeductionPrediction.API.Controllers.PaymentBehaviorController.ProcessOverduePayments (LoanDeductionPrediction.API)'
2026-08-30 22:33:31.276 +05:30 [INF] Route matched with {action = "ProcessOverduePayments", controller = "PaymentBehavior"}. Executing controller action with signature System.Threading.Tasks.Task`1[Microsoft.AspNetCore.Mvc.IActionResult] ProcessOverduePayments() on controller LoanDeductionPrediction.API.Controllers.PaymentBehaviorController (LoanDeductionPrediction.API).
2026-08-30 22:33:31.336 +05:30 [INF] ============================================
2026-08-30 22:33:31.366 +05:30 [INF] Starting overdue EMI processing.
2026-08-30 22:33:31.388 +05:30 [INF] System/Test Date: "2027-07-01"
2026-08-30 22:33:31.450 +05:30 [INF] Executed DbCommand (40ms) [Parameters=[@today='?' (DbType = Date)], CommandType='"Text"', CommandTimeout='30']
SELECT [r].[ScheduleId], [r].[DueDate], [r].[EMIAmount], [r].[InstallmentNumber], [r].[InterestAmount], [r].[LoanId], [r].[PaidAmount], [r].[PaidDate], [r].[PrincipalAmount], [r].[Status]
FROM [RepaymentSchedules] AS [r]
WHERE [r].[DueDate] < @today AND [r].[PaidAmount] < [r].[EMIAmount] AND [r].[Status] <> N'PAID'
ORDER BY [r].[DueDate]
2026-08-30 22:33:31.457 +05:30 [INF] Found 32 overdue repayment schedules.
2026-08-30 22:33:31.459 +05:30 [INF] Processing ScheduleId=1, LoanId=1, DueDate="2026-09-27", CurrentStatus=MISSED, PaidAmount=0.00, EMI=4614.49
2026-08-30 22:33:31.481 +05:30 [INF] Executed DbCommand (12ms) [Parameters=[@loanId='?' (DbType = Int32)], CommandType='"Text"', CommandTimeout='30']
SELECT TOP(1) [l].[LoanId], [l].[BorrowerId], [l].[CreatedAt], [l].[EMIAmount], [l].[EndDate], [l].[InterestRate], [l].[LoanOfficerId], [l].[OutstandingAmount], [l].[PrincipalAmount], [l].[StartDate], [l].[Status], [l].[TenureMonths]
FROM [LoanAccounts] AS [l]
WHERE [l].[LoanId] = @loanId
2026-08-30 22:33:31.501 +05:30 [INF] Executed DbCommand (9ms) [Parameters=[@scheduleId='?' (DbType = Int32)], CommandType='"Text"', CommandTimeout='30']
SELECT TOP(1) [p].[BehaviorLogId], [p].[BorrowerId], [p].[DaysLate], [p].[DueDate], [p].[LoanId], [p].[PaymentDate], [p].[PaymentStatus], [p].[RecordedAt], [p].[ScheduleId]
FROM [PaymentBehaviorLogs] AS [p]
WHERE [p].[ScheduleId] = @scheduleId
2026-08-30 22:33:31.520 +05:30 [INF] Executed DbCommand (13ms) [Parameters=[@p9='?' (DbType = Int32), @p0='?' (DbType = Date), @p1='?' (Precision = 18) (Scale = 2) (DbType = Decimal), @p2='?' (DbType = Int32), @p3='?' (Precision = 18) (Scale = 2) (DbType = Decimal), @p4='?' (DbType = Int32), @p5='?' (Precision = 18) (Scale = 2) (DbType = Decimal), @p6='?' (DbType = Date), @p7='?' (Precision = 18) (Scale = 2) (DbType = Decimal), @p8='?' (Size = 30)], CommandType='"Text"', CommandTimeout='30']
SET IMPLICIT_TRANSACTIONS OFF;
SET NOCOUNT ON;
UPDATE [RepaymentSchedules] SET [DueDate] = @p0, [EMIAmount] = @p1, [InstallmentNumber] = @p2, [InterestAmount] = @p3, [LoanId] = @p4, [PaidAmount] = @p5, [PaidDate] = @p6, [PrincipalAmount] = @p7, [Status] = @p8
OUTPUT 1
WHERE [ScheduleId] = @p9;
2026-08-30 22:33:31.558 +05:30 [INF] Existing behavior log found for ScheduleId=1. Skipping log creation; schedule persisted as MISSED.
2026-08-30 22:33:31.607 +05:30 [INF] ScheduleId=1 was already MISSED. Not counted in processedCount.
2026-08-30 22:33:31.629 +05:30 [INF] Processing ScheduleId=49, LoanId=3, DueDate="2026-09-28", CurrentStatus=MISSED, PaidAmount=0.00, EMI=115362.32
2026-08-30 22:33:31.675 +05:30 [INF] Executed DbCommand (4ms) [Parameters=[@loanId='?' (DbType = Int32)], CommandType='"Text"', CommandTimeout='30']
SELECT TOP(1) [l].[LoanId], [l].[BorrowerId], [l].[CreatedAt], [l].[EMIAmount], [l].[EndDate], [l].[InterestRate], [l].[LoanOfficerId], [l].[OutstandingAmount], [l].[PrincipalAmount], [l].[StartDate], [l].[Status], [l].[TenureMonths]
FROM [LoanAccounts] AS [l]
WHERE [l].[LoanId] = @loanId
2026-08-30 22:33:31.768 +05:30 [INF] Executed DbCommand (60ms) [Parameters=[@scheduleId='?' (DbType = Int32)], CommandType='"Text"', CommandTimeout='30']
SELECT TOP(1) [p].[BehaviorLogId], [p].[BorrowerId], [p].[DaysLate], [p].[DueDate], [p].[LoanId], [p].[PaymentDate], [p].[PaymentStatus], [p].[RecordedAt], [p].[ScheduleId]
FROM [PaymentBehaviorLogs] AS [p]
WHERE [p].[ScheduleId] = @scheduleId
2026-08-30 22:33:31.976 +05:30 [INF] Executed DbCommand (16ms) [Parameters=[@p9='?' (DbType = Int32), @p0='?' (DbType = Date), @p1='?' (Precision = 18) (Scale = 2) (DbType = Decimal), @p2='?' (DbType = Int32), @p3='?' (Precision = 18) (Scale = 2) (DbType = Decimal), @p4='?' (DbType = Int32), @p5='?' (Precision = 18) (Scale = 2) (DbType = Decimal), @p6='?' (DbType = Date), @p7='?' (Precision = 18) (Scale = 2) (DbType = Decimal), @p8='?' (Size = 30)], CommandType='"Text"', CommandTimeout='30']
SET IMPLICIT_TRANSACTIONS OFF;
SET NOCOUNT ON;
UPDATE [RepaymentSchedules] SET [DueDate] = @p0, [EMIAmount] = @p1, [InstallmentNumber] = @p2, [InterestAmount] = @p3, [LoanId] = @p4, [PaidAmount] = @p5, [PaidDate] = @p6, [PrincipalAmount] = @p7, [Status] = @p8
OUTPUT 1
WHERE [ScheduleId] = @p9;
2026-08-30 22:33:31.988 +05:30 [INF] Existing behavior log found for ScheduleId=49. Skipping log creation; schedule persisted as MISSED.
2026-08-30 22:33:31.995 +05:30 [INF] ScheduleId=49 was already MISSED. Not counted in processedCount.
2026-08-30 22:33:32.002 +05:30 [INF] Processing ScheduleId=73, LoanId=4, DueDate="2026-09-28", CurrentStatus=MISSED, PaidAmount=0.00, EMI=42119.43
2026-08-30 22:33:32.025 +05:30 [INF] Executed DbCommand (1ms) [Parameters=[@loanId='?' (DbType = Int32)], CommandType='"Text"', CommandTimeout='30']
SELECT TOP(1) [l].[LoanId], [l].[BorrowerId], [l].[CreatedAt], [l].[EMIAmount], [l].[EndDate], [l].[InterestRate], [l].[LoanOfficerId], [l].[OutstandingAmount], [l].[PrincipalAmount], [l].[StartDate], [l].[Status], [l].[TenureMonths]
FROM [LoanAccounts] AS [l]
WHERE [l].[LoanId] = @loanId
2026-08-30 22:33:32.115 +05:30 [INF] Executed DbCommand (21ms) [Parameters=[@scheduleId='?' (DbType = Int32)], CommandType='"Text"', CommandTimeout='30']
SELECT TOP(1) [p].[BehaviorLogId], [p].[BorrowerId], [p].[DaysLate], [p].[DueDate], [p].[LoanId], [p].[PaymentDate], [p].[PaymentStatus], [p].[RecordedAt], [p].[ScheduleId]
FROM [PaymentBehaviorLogs] AS [p]
WHERE [p].[ScheduleId] = @scheduleId
2026-08-30 22:33:32.204 +05:30 [INF] Executed DbCommand (7ms) [Parameters=[@p9='?' (DbType = Int32), @p0='?' (DbType = Date), @p1='?' (Precision = 18) (Scale = 2) (DbType = Decimal), @p2='?' (DbType = Int32), @p3='?' (Precision = 18) (Scale = 2) (DbType = Decimal), @p4='?' (DbType = Int32), @p5='?' (Precision = 18) (Scale = 2) (DbType = Decimal), @p6='?' (DbType = Date), @p7='?' (Precision = 18) (Scale = 2) (DbType = Decimal), @p8='?' (Size = 30)], CommandType='"Text"', CommandTimeout='30']
SET IMPLICIT_TRANSACTIONS OFF;
SET NOCOUNT ON;
UPDATE [RepaymentSchedules] SET [DueDate] = @p0, [EMIAmount] = @p1, [InstallmentNumber] = @p2, [InterestAmount] = @p3, [LoanId] = @p4, [PaidAmount] = @p5, [PaidDate] = @p6, [PrincipalAmount] = @p7, [Status] = @p8
OUTPUT 1
WHERE [ScheduleId] = @p9;
2026-08-30 22:33:32.247 +05:30 [INF] Existing behavior log found for ScheduleId=73. Skipping log creation; schedule persisted as MISSED.
2026-08-30 22:33:32.256 +05:30 [INF] ScheduleId=73 was already MISSED. Not counted in processedCount.
2026-08-30 22:33:32.262 +05:30 [INF] Processing ScheduleId=2, LoanId=1, DueDate="2026-10-27", CurrentStatus=MISSED, PaidAmount=0.00, EMI=4614.49
2026-08-30 22:33:32.343 +05:30 [INF] Executed DbCommand (15ms) [Parameters=[@loanId='?' (DbType = Int32)], CommandType='"Text"', CommandTimeout='30']
SELECT TOP(1) [l].[LoanId], [l].[BorrowerId], [l].[CreatedAt], [l].[EMIAmount], [l].[EndDate], [l].[InterestRate], [l].[LoanOfficerId], [l].[OutstandingAmount], [l].[PrincipalAmount], [l].[StartDate], [l].[Status], [l].[TenureMonths]
FROM [LoanAccounts] AS [l]
WHERE [l].[LoanId] = @loanId
2026-08-30 22:33:32.408 +05:30 [INF] Executed DbCommand (34ms) [Parameters=[@scheduleId='?' (DbType = Int32)], CommandType='"Text"', CommandTimeout='30']
SELECT TOP(1) [p].[BehaviorLogId], [p].[BorrowerId], [p].[DaysLate], [p].[DueDate], [p].[LoanId], [p].[PaymentDate], [p].[PaymentStatus], [p].[RecordedAt], [p].[ScheduleId]
FROM [PaymentBehaviorLogs] AS [p]
WHERE [p].[ScheduleId] = @scheduleId
2026-08-30 22:33:32.474 +05:30 [INF] Executed DbCommand (38ms) [Parameters=[@p9='?' (DbType = Int32), @p0='?' (DbType = Date), @p1='?' (Precision = 18) (Scale = 2) (DbType = Decimal), @p2='?' (DbType = Int32), @p3='?' (Precision = 18) (Scale = 2) (DbType = Decimal), @p4='?' (DbType = Int32), @p5='?' (Precision = 18) (Scale = 2) (DbType = Decimal), @p6='?' (DbType = Date), @p7='?' (Precision = 18) (Scale = 2) (DbType = Decimal), @p8='?' (Size = 30)], CommandType='"Text"', CommandTimeout='30']
SET IMPLICIT_TRANSACTIONS OFF;
SET NOCOUNT ON;
UPDATE [RepaymentSchedules] SET [DueDate] = @p0, [EMIAmount] = @p1, [InstallmentNumber] = @p2, [InterestAmount] = @p3, [LoanId] = @p4, [PaidAmount] = @p5, [PaidDate] = @p6, [PrincipalAmount] = @p7, [Status] = @p8
OUTPUT 1
WHERE [ScheduleId] = @p9;
2026-08-30 22:33:32.479 +05:30 [INF] Existing behavior log found for ScheduleId=2. Skipping log creation; schedule persisted as MISSED.
2026-08-30 22:33:32.489 +05:30 [INF] ScheduleId=2 was already MISSED. Not counted in processedCount.
2026-08-30 22:33:32.491 +05:30 [INF] Processing ScheduleId=50, LoanId=3, DueDate="2026-10-28", CurrentStatus=MISSED, PaidAmount=0.00, EMI=115362.32
2026-08-30 22:33:32.502 +05:30 [INF] Executed DbCommand (1ms) [Parameters=[@loanId='?' (DbType = Int32)], CommandType='"Text"', CommandTimeout='30']
SELECT TOP(1) [l].[LoanId], [l].[BorrowerId], [l].[CreatedAt], [l].[EMIAmount], [l].[EndDate], [l].[InterestRate], [l].[LoanOfficerId], [l].[OutstandingAmount], [l].[PrincipalAmount], [l].[StartDate], [l].[Status], [l].[TenureMonths]
FROM [LoanAccounts] AS [l]
WHERE [l].[LoanId] = @loanId
2026-08-30 22:33:32.555 +05:30 [INF] Executed DbCommand (11ms) [Parameters=[@scheduleId='?' (DbType = Int32)], CommandType='"Text"', CommandTimeout='30']
SELECT TOP(1) [p].[BehaviorLogId], [p].[BorrowerId], [p].[DaysLate], [p].[DueDate], [p].[LoanId], [p].[PaymentDate], [p].[PaymentStatus], [p].[RecordedAt], [p].[ScheduleId]
FROM [PaymentBehaviorLogs] AS [p]
WHERE [p].[ScheduleId] = @scheduleId
2026-08-30 22:33:32.644 +05:30 [INF] Executed DbCommand (9ms) [Parameters=[@p9='?' (DbType = Int32), @p0='?' (DbType = Date), @p1='?' (Precision = 18) (Scale = 2) (DbType = Decimal), @p2='?' (DbType = Int32), @p3='?' (Precision = 18) (Scale = 2) (DbType = Decimal), @p4='?' (DbType = Int32), @p5='?' (Precision = 18) (Scale = 2) (DbType = Decimal), @p6='?' (DbType = Date), @p7='?' (Precision = 18) (Scale = 2) (DbType = Decimal), @p8='?' (Size = 30)], CommandType='"Text"', CommandTimeout='30']
SET IMPLICIT_TRANSACTIONS OFF;
SET NOCOUNT ON;
UPDATE [RepaymentSchedules] SET [DueDate] = @p0, [EMIAmount] = @p1, [InstallmentNumber] = @p2, [InterestAmount] = @p3, [LoanId] = @p4, [PaidAmount] = @p5, [PaidDate] = @p6, [PrincipalAmount] = @p7, [Status] = @p8
OUTPUT 1
WHERE [ScheduleId] = @p9;
2026-08-30 22:33:32.719 +05:30 [INF] Existing behavior log found for ScheduleId=50. Skipping log creation; schedule persisted as MISSED.
2026-08-30 22:33:32.722 +05:30 [INF] ScheduleId=50 was already MISSED. Not counted in processedCount.
2026-08-30 22:33:32.726 +05:30 [INF] Processing ScheduleId=74, LoanId=4, DueDate="2026-10-28", CurrentStatus=MISSED, PaidAmount=0.00, EMI=42119.43
2026-08-30 22:33:32.744 +05:30 [INF] Executed DbCommand (8ms) [Parameters=[@loanId='?' (DbType = Int32)], CommandType='"Text"', CommandTimeout='30']
SELECT TOP(1) [l].[LoanId], [l].[BorrowerId], [l].[CreatedAt], [l].[EMIAmount], [l].[EndDate], [l].[InterestRate], [l].[LoanOfficerId], [l].[OutstandingAmount], [l].[PrincipalAmount], [l].[StartDate], [l].[Status], [l].[TenureMonths]
FROM [LoanAccounts] AS [l]
WHERE [l].[LoanId] = @loanId
2026-08-30 22:33:32.769 +05:30 [INF] Executed DbCommand (9ms) [Parameters=[@scheduleId='?' (DbType = Int32)], CommandType='"Text"', CommandTimeout='30']
SELECT TOP(1) [p].[BehaviorLogId], [p].[BorrowerId], [p].[DaysLate], [p].[DueDate], [p].[LoanId], [p].[PaymentDate], [p].[PaymentStatus], [p].[RecordedAt], [p].[ScheduleId]
FROM [PaymentBehaviorLogs] AS [p]
WHERE [p].[ScheduleId] = @scheduleId
2026-08-30 22:33:32.776 +05:30 [INF] Executed DbCommand (2ms) [Parameters=[@p9='?' (DbType = Int32), @p0='?' (DbType = Date), @p1='?' (Precision = 18) (Scale = 2) (DbType = Decimal), @p2='?' (DbType = Int32), @p3='?' (Precision = 18) (Scale = 2) (DbType = Decimal), @p4='?' (DbType = Int32), @p5='?' (Precision = 18) (Scale = 2) (DbType = Decimal), @p6='?' (DbType = Date), @p7='?' (Precision = 18) (Scale = 2) (DbType = Decimal), @p8='?' (Size = 30)], CommandType='"Text"', CommandTimeout='30']
SET IMPLICIT_TRANSACTIONS OFF;
SET NOCOUNT ON;
UPDATE [RepaymentSchedules] SET [DueDate] = @p0, [EMIAmount] = @p1, [InstallmentNumber] = @p2, [InterestAmount] = @p3, [LoanId] = @p4, [PaidAmount] = @p5, [PaidDate] = @p6, [PrincipalAmount] = @p7, [Status] = @p8
OUTPUT 1
WHERE [ScheduleId] = @p9;
2026-08-30 22:33:32.827 +05:30 [INF] Existing behavior log found for ScheduleId=74. Skipping log creation; schedule persisted as MISSED.
2026-08-30 22:33:32.862 +05:30 [INF] ScheduleId=74 was already MISSED. Not counted in processedCount.
2026-08-30 22:33:32.944 +05:30 [INF] Processing ScheduleId=3, LoanId=1, DueDate="2026-11-27", CurrentStatus=MISSED, PaidAmount=0.00, EMI=4614.49
2026-08-30 22:33:32.991 +05:30 [INF] Executed DbCommand (32ms) [Parameters=[@loanId='?' (DbType = Int32)], CommandType='"Text"', CommandTimeout='30']
SELECT TOP(1) [l].[LoanId], [l].[BorrowerId], [l].[CreatedAt], [l].[EMIAmount], [l].[EndDate], [l].[InterestRate], [l].[LoanOfficerId], [l].[OutstandingAmount], [l].[PrincipalAmount], [l].[StartDate], [l].[Status], [l].[TenureMonths]
FROM [LoanAccounts] AS [l]
WHERE [l].[LoanId] = @loanId
2026-08-30 22:33:33.274 +05:30 [INF] Executed DbCommand (48ms) [Parameters=[@scheduleId='?' (DbType = Int32)], CommandType='"Text"', CommandTimeout='30']
SELECT TOP(1) [p].[BehaviorLogId], [p].[BorrowerId], [p].[DaysLate], [p].[DueDate], [p].[LoanId], [p].[PaymentDate], [p].[PaymentStatus], [p].[RecordedAt], [p].[ScheduleId]
FROM [PaymentBehaviorLogs] AS [p]
WHERE [p].[ScheduleId] = @scheduleId
2026-08-30 22:33:33.364 +05:30 [INF] Executed DbCommand (70ms) [Parameters=[@p9='?' (DbType = Int32), @p0='?' (DbType = Date), @p1='?' (Precision = 18) (Scale = 2) (DbType = Decimal), @p2='?' (DbType = Int32), @p3='?' (Precision = 18) (Scale = 2) (DbType = Decimal), @p4='?' (DbType = Int32), @p5='?' (Precision = 18) (Scale = 2) (DbType = Decimal), @p6='?' (DbType = Date), @p7='?' (Precision = 18) (Scale = 2) (DbType = Decimal), @p8='?' (Size = 30)], CommandType='"Text"', CommandTimeout='30']
SET IMPLICIT_TRANSACTIONS OFF;
SET NOCOUNT ON;
UPDATE [RepaymentSchedules] SET [DueDate] = @p0, [EMIAmount] = @p1, [InstallmentNumber] = @p2, [InterestAmount] = @p3, [LoanId] = @p4, [PaidAmount] = @p5, [PaidDate] = @p6, [PrincipalAmount] = @p7, [Status] = @p8
OUTPUT 1
WHERE [ScheduleId] = @p9;
2026-08-30 22:33:33.477 +05:30 [INF] Existing behavior log found for ScheduleId=3. Skipping log creation; schedule persisted as MISSED.
2026-08-30 22:33:33.492 +05:30 [INF] ScheduleId=3 was already MISSED. Not counted in processedCount.
2026-08-30 22:33:33.496 +05:30 [INF] Processing ScheduleId=51, LoanId=3, DueDate="2026-11-28", CurrentStatus=MISSED, PaidAmount=0.00, EMI=115362.32
2026-08-30 22:33:33.511 +05:30 [INF] Executed DbCommand (2ms) [Parameters=[@loanId='?' (DbType = Int32)], CommandType='"Text"', CommandTimeout='30']
SELECT TOP(1) [l].[LoanId], [l].[BorrowerId], [l].[CreatedAt], [l].[EMIAmount], [l].[EndDate], [l].[InterestRate], [l].[LoanOfficerId], [l].[OutstandingAmount], [l].[PrincipalAmount], [l].[StartDate], [l].[Status], [l].[TenureMonths]
FROM [LoanAccounts] AS [l]
WHERE [l].[LoanId] = @loanId
2026-08-30 22:33:33.561 +05:30 [INF] Executed DbCommand (19ms) [Parameters=[@scheduleId='?' (DbType = Int32)], CommandType='"Text"', CommandTimeout='30']
SELECT TOP(1) [p].[BehaviorLogId], [p].[BorrowerId], [p].[DaysLate], [p].[DueDate], [p].[LoanId], [p].[PaymentDate], [p].[PaymentStatus], [p].[RecordedAt], [p].[ScheduleId]
FROM [PaymentBehaviorLogs] AS [p]
WHERE [p].[ScheduleId] = @scheduleId
2026-08-30 22:33:33.778 +05:30 [INF] Executed DbCommand (37ms) [Parameters=[@p9='?' (DbType = Int32), @p0='?' (DbType = Date), @p1='?' (Precision = 18) (Scale = 2) (DbType = Decimal), @p2='?' (DbType = Int32), @p3='?' (Precision = 18) (Scale = 2) (DbType = Decimal), @p4='?' (DbType = Int32), @p5='?' (Precision = 18) (Scale = 2) (DbType = Decimal), @p6='?' (DbType = Date), @p7='?' (Precision = 18) (Scale = 2) (DbType = Decimal), @p8='?' (Size = 30)], CommandType='"Text"', CommandTimeout='30']
SET IMPLICIT_TRANSACTIONS OFF;
SET NOCOUNT ON;
UPDATE [RepaymentSchedules] SET [DueDate] = @p0, [EMIAmount] = @p1, [InstallmentNumber] = @p2, [InterestAmount] = @p3, [LoanId] = @p4, [PaidAmount] = @p5, [PaidDate] = @p6, [PrincipalAmount] = @p7, [Status] = @p8
OUTPUT 1
WHERE [ScheduleId] = @p9;
2026-08-30 22:33:33.787 +05:30 [INF] Existing behavior log found for ScheduleId=51. Skipping log creation; schedule persisted as MISSED.
2026-08-30 22:33:33.826 +05:30 [INF] ScheduleId=51 was already MISSED. Not counted in processedCount.
2026-08-30 22:33:33.854 +05:30 [INF] Processing ScheduleId=75, LoanId=4, DueDate="2026-11-28", CurrentStatus=MISSED, PaidAmount=0.00, EMI=42119.43
2026-08-30 22:33:33.904 +05:30 [INF] Executed DbCommand (3ms) [Parameters=[@loanId='?' (DbType = Int32)], CommandType='"Text"', CommandTimeout='30']
SELECT TOP(1) [l].[LoanId], [l].[BorrowerId], [l].[CreatedAt], [l].[EMIAmount], [l].[EndDate], [l].[InterestRate], [l].[LoanOfficerId], [l].[OutstandingAmount], [l].[PrincipalAmount], [l].[StartDate], [l].[Status], [l].[TenureMonths]
FROM [LoanAccounts] AS [l]
WHERE [l].[LoanId] = @loanId
2026-08-30 22:33:33.977 +05:30 [INF] Executed DbCommand (6ms) [Parameters=[@scheduleId='?' (DbType = Int32)], CommandType='"Text"', CommandTimeout='30']
SELECT TOP(1) [p].[BehaviorLogId], [p].[BorrowerId], [p].[DaysLate], [p].[DueDate], [p].[LoanId], [p].[PaymentDate], [p].[PaymentStatus], [p].[RecordedAt], [p].[ScheduleId]
FROM [PaymentBehaviorLogs] AS [p]
WHERE [p].[ScheduleId] = @scheduleId
2026-08-30 22:33:34.008 +05:30 [INF] Executed DbCommand (7ms) [Parameters=[@p9='?' (DbType = Int32), @p0='?' (DbType = Date), @p1='?' (Precision = 18) (Scale = 2) (DbType = Decimal), @p2='?' (DbType = Int32), @p3='?' (Precision = 18) (Scale = 2) (DbType = Decimal), @p4='?' (DbType = Int32), @p5='?' (Precision = 18) (Scale = 2) (DbType = Decimal), @p6='?' (DbType = Date), @p7='?' (Precision = 18) (Scale = 2) (DbType = Decimal), @p8='?' (Size = 30)], CommandType='"Text"', CommandTimeout='30']
SET IMPLICIT_TRANSACTIONS OFF;
SET NOCOUNT ON;
UPDATE [RepaymentSchedules] SET [DueDate] = @p0, [EMIAmount] = @p1, [InstallmentNumber] = @p2, [InterestAmount] = @p3, [LoanId] = @p4, [PaidAmount] = @p5, [PaidDate] = @p6, [PrincipalAmount] = @p7, [Status] = @p8
OUTPUT 1
WHERE [ScheduleId] = @p9;
2026-08-30 22:33:34.014 +05:30 [INF] Existing behavior log found for ScheduleId=75. Skipping log creation; schedule persisted as MISSED.
2026-08-30 22:33:34.021 +05:30 [INF] ScheduleId=75 was already MISSED. Not counted in processedCount.
2026-08-30 22:33:34.026 +05:30 [INF] Processing ScheduleId=4, LoanId=1, DueDate="2026-12-27", CurrentStatus=MISSED, PaidAmount=0.00, EMI=4614.49
2026-08-30 22:33:34.071 +05:30 [INF] Executed DbCommand (13ms) [Parameters=[@loanId='?' (DbType = Int32)], CommandType='"Text"', CommandTimeout='30']
SELECT TOP(1) [l].[LoanId], [l].[BorrowerId], [l].[CreatedAt], [l].[EMIAmount], [l].[EndDate], [l].[InterestRate], [l].[LoanOfficerId], [l].[OutstandingAmount], [l].[PrincipalAmount], [l].[StartDate], [l].[Status], [l].[TenureMonths]
FROM [LoanAccounts] AS [l]
WHERE [l].[LoanId] = @loanId
2026-08-30 22:33:34.161 +05:30 [INF] Executed DbCommand (4ms) [Parameters=[@scheduleId='?' (DbType = Int32)], CommandType='"Text"', CommandTimeout='30']
SELECT TOP(1) [p].[BehaviorLogId], [p].[BorrowerId], [p].[DaysLate], [p].[DueDate], [p].[LoanId], [p].[PaymentDate], [p].[PaymentStatus], [p].[RecordedAt], [p].[ScheduleId]
FROM [PaymentBehaviorLogs] AS [p]
WHERE [p].[ScheduleId] = @scheduleId
2026-08-30 22:33:34.236 +05:30 [INF] Executed DbCommand (13ms) [Parameters=[@p9='?' (DbType = Int32), @p0='?' (DbType = Date), @p1='?' (Precision = 18) (Scale = 2) (DbType = Decimal), @p2='?' (DbType = Int32), @p3='?' (Precision = 18) (Scale = 2) (DbType = Decimal), @p4='?' (DbType = Int32), @p5='?' (Precision = 18) (Scale = 2) (DbType = Decimal), @p6='?' (DbType = Date), @p7='?' (Precision = 18) (Scale = 2) (DbType = Decimal), @p8='?' (Size = 30)], CommandType='"Text"', CommandTimeout='30']
SET IMPLICIT_TRANSACTIONS OFF;
SET NOCOUNT ON;
UPDATE [RepaymentSchedules] SET [DueDate] = @p0, [EMIAmount] = @p1, [InstallmentNumber] = @p2, [InterestAmount] = @p3, [LoanId] = @p4, [PaidAmount] = @p5, [PaidDate] = @p6, [PrincipalAmount] = @p7, [Status] = @p8
OUTPUT 1
WHERE [ScheduleId] = @p9;
2026-08-30 22:33:34.244 +05:30 [INF] Existing behavior log found for ScheduleId=4. Skipping log creation; schedule persisted as MISSED.
2026-08-30 22:33:34.251 +05:30 [INF] ScheduleId=4 was already MISSED. Not counted in processedCount.
2026-08-30 22:33:34.254 +05:30 [INF] Processing ScheduleId=52, LoanId=3, DueDate="2026-12-28", CurrentStatus=MISSED, PaidAmount=0.00, EMI=115362.32
2026-08-30 22:33:34.272 +05:30 [INF] Executed DbCommand (2ms) [Parameters=[@loanId='?' (DbType = Int32)], CommandType='"Text"', CommandTimeout='30']
SELECT TOP(1) [l].[LoanId], [l].[BorrowerId], [l].[CreatedAt], [l].[EMIAmount], [l].[EndDate], [l].[InterestRate], [l].[LoanOfficerId], [l].[OutstandingAmount], [l].[PrincipalAmount], [l].[StartDate], [l].[Status], [l].[TenureMonths]
FROM [LoanAccounts] AS [l]
WHERE [l].[LoanId] = @loanId
2026-08-30 22:33:34.286 +05:30 [INF] Executed DbCommand (7ms) [Parameters=[@scheduleId='?' (DbType = Int32)], CommandType='"Text"', CommandTimeout='30']
SELECT TOP(1) [p].[BehaviorLogId], [p].[BorrowerId], [p].[DaysLate], [p].[DueDate], [p].[LoanId], [p].[PaymentDate], [p].[PaymentStatus], [p].[RecordedAt], [p].[ScheduleId]
FROM [PaymentBehaviorLogs] AS [p]
WHERE [p].[ScheduleId] = @scheduleId
2026-08-30 22:33:34.295 +05:30 [INF] Executed DbCommand (1ms) [Parameters=[@p9='?' (DbType = Int32), @p0='?' (DbType = Date), @p1='?' (Precision = 18) (Scale = 2) (DbType = Decimal), @p2='?' (DbType = Int32), @p3='?' (Precision = 18) (Scale = 2) (DbType = Decimal), @p4='?' (DbType = Int32), @p5='?' (Precision = 18) (Scale = 2) (DbType = Decimal), @p6='?' (DbType = Date), @p7='?' (Precision = 18) (Scale = 2) (DbType = Decimal), @p8='?' (Size = 30)], CommandType='"Text"', CommandTimeout='30']
SET IMPLICIT_TRANSACTIONS OFF;
SET NOCOUNT ON;
UPDATE [RepaymentSchedules] SET [DueDate] = @p0, [EMIAmount] = @p1, [InstallmentNumber] = @p2, [InterestAmount] = @p3, [LoanId] = @p4, [PaidAmount] = @p5, [PaidDate] = @p6, [PrincipalAmount] = @p7, [Status] = @p8
OUTPUT 1
WHERE [ScheduleId] = @p9;
2026-08-30 22:33:34.309 +05:30 [INF] Existing behavior log found for ScheduleId=52. Skipping log creation; schedule persisted as MISSED.
2026-08-30 22:33:34.311 +05:30 [INF] ScheduleId=52 was already MISSED. Not counted in processedCount.
2026-08-30 22:33:34.327 +05:30 [INF] Processing ScheduleId=76, LoanId=4, DueDate="2026-12-28", CurrentStatus=MISSED, PaidAmount=0.00, EMI=42119.43
2026-08-30 22:33:34.388 +05:30 [INF] Executed DbCommand (10ms) [Parameters=[@loanId='?' (DbType = Int32)], CommandType='"Text"', CommandTimeout='30']
SELECT TOP(1) [l].[LoanId], [l].[BorrowerId], [l].[CreatedAt], [l].[EMIAmount], [l].[EndDate], [l].[InterestRate], [l].[LoanOfficerId], [l].[OutstandingAmount], [l].[PrincipalAmount], [l].[StartDate], [l].[Status], [l].[TenureMonths]
FROM [LoanAccounts] AS [l]
WHERE [l].[LoanId] = @loanId
2026-08-30 22:33:34.488 +05:30 [INF] Executed DbCommand (10ms) [Parameters=[@scheduleId='?' (DbType = Int32)], CommandType='"Text"', CommandTimeout='30']
SELECT TOP(1) [p].[BehaviorLogId], [p].[BorrowerId], [p].[DaysLate], [p].[DueDate], [p].[LoanId], [p].[PaymentDate], [p].[PaymentStatus], [p].[RecordedAt], [p].[ScheduleId]
FROM [PaymentBehaviorLogs] AS [p]
WHERE [p].[ScheduleId] = @scheduleId
2026-08-30 22:33:34.522 +05:30 [INF] Executed DbCommand (16ms) [Parameters=[@p9='?' (DbType = Int32), @p0='?' (DbType = Date), @p1='?' (Precision = 18) (Scale = 2) (DbType = Decimal), @p2='?' (DbType = Int32), @p3='?' (Precision = 18) (Scale = 2) (DbType = Decimal), @p4='?' (DbType = Int32), @p5='?' (Precision = 18) (Scale = 2) (DbType = Decimal), @p6='?' (DbType = Date), @p7='?' (Precision = 18) (Scale = 2) (DbType = Decimal), @p8='?' (Size = 30)], CommandType='"Text"', CommandTimeout='30']
SET IMPLICIT_TRANSACTIONS OFF;
SET NOCOUNT ON;
UPDATE [RepaymentSchedules] SET [DueDate] = @p0, [EMIAmount] = @p1, [InstallmentNumber] = @p2, [InterestAmount] = @p3, [LoanId] = @p4, [PaidAmount] = @p5, [PaidDate] = @p6, [PrincipalAmount] = @p7, [Status] = @p8
OUTPUT 1
WHERE [ScheduleId] = @p9;
2026-08-30 22:33:34.537 +05:30 [INF] Existing behavior log found for ScheduleId=76. Skipping log creation; schedule persisted as MISSED.
2026-08-30 22:33:34.541 +05:30 [INF] ScheduleId=76 was already MISSED. Not counted in processedCount.
2026-08-30 22:33:34.550 +05:30 [INF] Processing ScheduleId=5, LoanId=1, DueDate="2027-01-27", CurrentStatus=MISSED, PaidAmount=0.00, EMI=4614.49
2026-08-30 22:33:34.569 +05:30 [INF] Executed DbCommand (8ms) [Parameters=[@loanId='?' (DbType = Int32)], CommandType='"Text"', CommandTimeout='30']
SELECT TOP(1) [l].[LoanId], [l].[BorrowerId], [l].[CreatedAt], [l].[EMIAmount], [l].[EndDate], [l].[InterestRate], [l].[LoanOfficerId], [l].[OutstandingAmount], [l].[PrincipalAmount], [l].[StartDate], [l].[Status], [l].[TenureMonths]
FROM [LoanAccounts] AS [l]
WHERE [l].[LoanId] = @loanId
2026-08-30 22:33:34.626 +05:30 [INF] Executed DbCommand (7ms) [Parameters=[@scheduleId='?' (DbType = Int32)], CommandType='"Text"', CommandTimeout='30']
SELECT TOP(1) [p].[BehaviorLogId], [p].[BorrowerId], [p].[DaysLate], [p].[DueDate], [p].[LoanId], [p].[PaymentDate], [p].[PaymentStatus], [p].[RecordedAt], [p].[ScheduleId]
FROM [PaymentBehaviorLogs] AS [p]
WHERE [p].[ScheduleId] = @scheduleId
2026-08-30 22:33:34.712 +05:30 [INF] Executed DbCommand (8ms) [Parameters=[@p9='?' (DbType = Int32), @p0='?' (DbType = Date), @p1='?' (Precision = 18) (Scale = 2) (DbType = Decimal), @p2='?' (DbType = Int32), @p3='?' (Precision = 18) (Scale = 2) (DbType = Decimal), @p4='?' (DbType = Int32), @p5='?' (Precision = 18) (Scale = 2) (DbType = Decimal), @p6='?' (DbType = Date), @p7='?' (Precision = 18) (Scale = 2) (DbType = Decimal), @p8='?' (Size = 30)], CommandType='"Text"', CommandTimeout='30']
SET IMPLICIT_TRANSACTIONS OFF;
SET NOCOUNT ON;
UPDATE [RepaymentSchedules] SET [DueDate] = @p0, [EMIAmount] = @p1, [InstallmentNumber] = @p2, [InterestAmount] = @p3, [LoanId] = @p4, [PaidAmount] = @p5, [PaidDate] = @p6, [PrincipalAmount] = @p7, [Status] = @p8
OUTPUT 1
WHERE [ScheduleId] = @p9;
2026-08-30 22:33:34.738 +05:30 [INF] Existing behavior log found for ScheduleId=5. Skipping log creation; schedule persisted as MISSED.
2026-08-30 22:33:34.744 +05:30 [INF] ScheduleId=5 was already MISSED. Not counted in processedCount.
2026-08-30 22:33:34.750 +05:30 [INF] Processing ScheduleId=53, LoanId=3, DueDate="2027-01-28", CurrentStatus=MISSED, PaidAmount=0.00, EMI=115362.32
2026-08-30 22:33:34.761 +05:30 [INF] Executed DbCommand (2ms) [Parameters=[@loanId='?' (DbType = Int32)], CommandType='"Text"', CommandTimeout='30']
SELECT TOP(1) [l].[LoanId], [l].[BorrowerId], [l].[CreatedAt], [l].[EMIAmount], [l].[EndDate], [l].[InterestRate], [l].[LoanOfficerId], [l].[OutstandingAmount], [l].[PrincipalAmount], [l].[StartDate], [l].[Status], [l].[TenureMonths]
FROM [LoanAccounts] AS [l]
WHERE [l].[LoanId] = @loanId
2026-08-30 22:33:34.776 +05:30 [INF] Executed DbCommand (3ms) [Parameters=[@scheduleId='?' (DbType = Int32)], CommandType='"Text"', CommandTimeout='30']
SELECT TOP(1) [p].[BehaviorLogId], [p].[BorrowerId], [p].[DaysLate], [p].[DueDate], [p].[LoanId], [p].[PaymentDate], [p].[PaymentStatus], [p].[RecordedAt], [p].[ScheduleId]
FROM [PaymentBehaviorLogs] AS [p]
WHERE [p].[ScheduleId] = @scheduleId
2026-08-30 22:33:34.802 +05:30 [INF] Executed DbCommand (13ms) [Parameters=[@p9='?' (DbType = Int32), @p0='?' (DbType = Date), @p1='?' (Precision = 18) (Scale = 2) (DbType = Decimal), @p2='?' (DbType = Int32), @p3='?' (Precision = 18) (Scale = 2) (DbType = Decimal), @p4='?' (DbType = Int32), @p5='?' (Precision = 18) (Scale = 2) (DbType = Decimal), @p6='?' (DbType = Date), @p7='?' (Precision = 18) (Scale = 2) (DbType = Decimal), @p8='?' (Size = 30)], CommandType='"Text"', CommandTimeout='30']
SET IMPLICIT_TRANSACTIONS OFF;
SET NOCOUNT ON;
UPDATE [RepaymentSchedules] SET [DueDate] = @p0, [EMIAmount] = @p1, [InstallmentNumber] = @p2, [InterestAmount] = @p3, [LoanId] = @p4, [PaidAmount] = @p5, [PaidDate] = @p6, [PrincipalAmount] = @p7, [Status] = @p8
OUTPUT 1
WHERE [ScheduleId] = @p9;
2026-08-30 22:33:34.837 +05:30 [INF] Existing behavior log found for ScheduleId=53. Skipping log creation; schedule persisted as MISSED.
2026-08-30 22:33:34.862 +05:30 [INF] ScheduleId=53 was already MISSED. Not counted in processedCount.
2026-08-30 22:33:34.878 +05:30 [INF] Processing ScheduleId=77, LoanId=4, DueDate="2027-01-28", CurrentStatus=MISSED, PaidAmount=0.00, EMI=42119.43
2026-08-30 22:33:34.925 +05:30 [INF] Executed DbCommand (4ms) [Parameters=[@loanId='?' (DbType = Int32)], CommandType='"Text"', CommandTimeout='30']
SELECT TOP(1) [l].[LoanId], [l].[BorrowerId], [l].[CreatedAt], [l].[EMIAmount], [l].[EndDate], [l].[InterestRate], [l].[LoanOfficerId], [l].[OutstandingAmount], [l].[PrincipalAmount], [l].[StartDate], [l].[Status], [l].[TenureMonths]
FROM [LoanAccounts] AS [l]
WHERE [l].[LoanId] = @loanId
2026-08-30 22:33:34.976 +05:30 [INF] Executed DbCommand (6ms) [Parameters=[@scheduleId='?' (DbType = Int32)], CommandType='"Text"', CommandTimeout='30']
SELECT TOP(1) [p].[BehaviorLogId], [p].[BorrowerId], [p].[DaysLate], [p].[DueDate], [p].[LoanId], [p].[PaymentDate], [p].[PaymentStatus], [p].[RecordedAt], [p].[ScheduleId]
FROM [PaymentBehaviorLogs] AS [p]
WHERE [p].[ScheduleId] = @scheduleId
2026-08-30 22:33:35.010 +05:30 [INF] Executed DbCommand (19ms) [Parameters=[@p9='?' (DbType = Int32), @p0='?' (DbType = Date), @p1='?' (Precision = 18) (Scale = 2) (DbType = Decimal), @p2='?' (DbType = Int32), @p3='?' (Precision = 18) (Scale = 2) (DbType = Decimal), @p4='?' (DbType = Int32), @p5='?' (Precision = 18) (Scale = 2) (DbType = Decimal), @p6='?' (DbType = Date), @p7='?' (Precision = 18) (Scale = 2) (DbType = Decimal), @p8='?' (Size = 30)], CommandType='"Text"', CommandTimeout='30']
SET IMPLICIT_TRANSACTIONS OFF;
SET NOCOUNT ON;
UPDATE [RepaymentSchedules] SET [DueDate] = @p0, [EMIAmount] = @p1, [InstallmentNumber] = @p2, [InterestAmount] = @p3, [LoanId] = @p4, [PaidAmount] = @p5, [PaidDate] = @p6, [PrincipalAmount] = @p7, [Status] = @p8
OUTPUT 1
WHERE [ScheduleId] = @p9;
2026-08-30 22:33:35.037 +05:30 [INF] Existing behavior log found for ScheduleId=77. Skipping log creation; schedule persisted as MISSED.
2026-08-30 22:33:35.043 +05:30 [INF] ScheduleId=77 was already MISSED. Not counted in processedCount.
2026-08-30 22:33:35.045 +05:30 [INF] Processing ScheduleId=6, LoanId=1, DueDate="2027-02-27", CurrentStatus=MISSED, PaidAmount=0.00, EMI=4614.49
2026-08-30 22:33:35.110 +05:30 [INF] Executed DbCommand (3ms) [Parameters=[@loanId='?' (DbType = Int32)], CommandType='"Text"', CommandTimeout='30']
SELECT TOP(1) [l].[LoanId], [l].[BorrowerId], [l].[CreatedAt], [l].[EMIAmount], [l].[EndDate], [l].[InterestRate], [l].[LoanOfficerId], [l].[OutstandingAmount], [l].[PrincipalAmount], [l].[StartDate], [l].[Status], [l].[TenureMonths]
FROM [LoanAccounts] AS [l]
WHERE [l].[LoanId] = @loanId
2026-08-30 22:33:35.202 +05:30 [INF] Executed DbCommand (13ms) [Parameters=[@scheduleId='?' (DbType = Int32)], CommandType='"Text"', CommandTimeout='30']
SELECT TOP(1) [p].[BehaviorLogId], [p].[BorrowerId], [p].[DaysLate], [p].[DueDate], [p].[LoanId], [p].[PaymentDate], [p].[PaymentStatus], [p].[RecordedAt], [p].[ScheduleId]
FROM [PaymentBehaviorLogs] AS [p]
WHERE [p].[ScheduleId] = @scheduleId
2026-08-30 22:33:35.250 +05:30 [INF] Executed DbCommand (11ms) [Parameters=[@p9='?' (DbType = Int32), @p0='?' (DbType = Date), @p1='?' (Precision = 18) (Scale = 2) (DbType = Decimal), @p2='?' (DbType = Int32), @p3='?' (Precision = 18) (Scale = 2) (DbType = Decimal), @p4='?' (DbType = Int32), @p5='?' (Precision = 18) (Scale = 2) (DbType = Decimal), @p6='?' (DbType = Date), @p7='?' (Precision = 18) (Scale = 2) (DbType = Decimal), @p8='?' (Size = 30)], CommandType='"Text"', CommandTimeout='30']
SET IMPLICIT_TRANSACTIONS OFF;
SET NOCOUNT ON;
UPDATE [RepaymentSchedules] SET [DueDate] = @p0, [EMIAmount] = @p1, [InstallmentNumber] = @p2, [InterestAmount] = @p3, [LoanId] = @p4, [PaidAmount] = @p5, [PaidDate] = @p6, [PrincipalAmount] = @p7, [Status] = @p8
OUTPUT 1
WHERE [ScheduleId] = @p9;
2026-08-30 22:33:35.260 +05:30 [INF] Existing behavior log found for ScheduleId=6. Skipping log creation; schedule persisted as MISSED.
2026-08-30 22:33:35.268 +05:30 [INF] ScheduleId=6 was already MISSED. Not counted in processedCount.
2026-08-30 22:33:35.272 +05:30 [INF] Processing ScheduleId=54, LoanId=3, DueDate="2027-02-28", CurrentStatus=MISSED, PaidAmount=0.00, EMI=115362.32
2026-08-30 22:33:35.290 +05:30 [INF] Executed DbCommand (4ms) [Parameters=[@loanId='?' (DbType = Int32)], CommandType='"Text"', CommandTimeout='30']
SELECT TOP(1) [l].[LoanId], [l].[BorrowerId], [l].[CreatedAt], [l].[EMIAmount], [l].[EndDate], [l].[InterestRate], [l].[LoanOfficerId], [l].[OutstandingAmount], [l].[PrincipalAmount], [l].[StartDate], [l].[Status], [l].[TenureMonths]
FROM [LoanAccounts] AS [l]
WHERE [l].[LoanId] = @loanId
2026-08-30 22:33:35.307 +05:30 [INF] Executed DbCommand (4ms) [Parameters=[@scheduleId='?' (DbType = Int32)], CommandType='"Text"', CommandTimeout='30']
SELECT TOP(1) [p].[BehaviorLogId], [p].[BorrowerId], [p].[DaysLate], [p].[DueDate], [p].[LoanId], [p].[PaymentDate], [p].[PaymentStatus], [p].[RecordedAt], [p].[ScheduleId]
FROM [PaymentBehaviorLogs] AS [p]
WHERE [p].[ScheduleId] = @scheduleId
2026-08-30 22:33:35.371 +05:30 [INF] Executed DbCommand (20ms) [Parameters=[@p9='?' (DbType = Int32), @p0='?' (DbType = Date), @p1='?' (Precision = 18) (Scale = 2) (DbType = Decimal), @p2='?' (DbType = Int32), @p3='?' (Precision = 18) (Scale = 2) (DbType = Decimal), @p4='?' (DbType = Int32), @p5='?' (Precision = 18) (Scale = 2) (DbType = Decimal), @p6='?' (DbType = Date), @p7='?' (Precision = 18) (Scale = 2) (DbType = Decimal), @p8='?' (Size = 30)], CommandType='"Text"', CommandTimeout='30']
SET IMPLICIT_TRANSACTIONS OFF;
SET NOCOUNT ON;
UPDATE [RepaymentSchedules] SET [DueDate] = @p0, [EMIAmount] = @p1, [InstallmentNumber] = @p2, [InterestAmount] = @p3, [LoanId] = @p4, [PaidAmount] = @p5, [PaidDate] = @p6, [PrincipalAmount] = @p7, [Status] = @p8
OUTPUT 1
WHERE [ScheduleId] = @p9;
2026-08-30 22:33:35.406 +05:30 [INF] Existing behavior log found for ScheduleId=54. Skipping log creation; schedule persisted as MISSED.
2026-08-30 22:33:35.428 +05:30 [INF] ScheduleId=54 was already MISSED. Not counted in processedCount.
2026-08-30 22:33:35.444 +05:30 [INF] Processing ScheduleId=78, LoanId=4, DueDate="2027-02-28", CurrentStatus=MISSED, PaidAmount=0.00, EMI=42119.43
2026-08-30 22:33:35.485 +05:30 [INF] Executed DbCommand (5ms) [Parameters=[@loanId='?' (DbType = Int32)], CommandType='"Text"', CommandTimeout='30']
SELECT TOP(1) [l].[LoanId], [l].[BorrowerId], [l].[CreatedAt], [l].[EMIAmount], [l].[EndDate], [l].[InterestRate], [l].[LoanOfficerId], [l].[OutstandingAmount], [l].[PrincipalAmount], [l].[StartDate], [l].[Status], [l].[TenureMonths]
FROM [LoanAccounts] AS [l]
WHERE [l].[LoanId] = @loanId
2026-08-30 22:33:35.503 +05:30 [INF] Executed DbCommand (9ms) [Parameters=[@scheduleId='?' (DbType = Int32)], CommandType='"Text"', CommandTimeout='30']
SELECT TOP(1) [p].[BehaviorLogId], [p].[BorrowerId], [p].[DaysLate], [p].[DueDate], [p].[LoanId], [p].[PaymentDate], [p].[PaymentStatus], [p].[RecordedAt], [p].[ScheduleId]
FROM [PaymentBehaviorLogs] AS [p]
WHERE [p].[ScheduleId] = @scheduleId
2026-08-30 22:33:35.521 +05:30 [INF] Executed DbCommand (10ms) [Parameters=[@p9='?' (DbType = Int32), @p0='?' (DbType = Date), @p1='?' (Precision = 18) (Scale = 2) (DbType = Decimal), @p2='?' (DbType = Int32), @p3='?' (Precision = 18) (Scale = 2) (DbType = Decimal), @p4='?' (DbType = Int32), @p5='?' (Precision = 18) (Scale = 2) (DbType = Decimal), @p6='?' (DbType = Date), @p7='?' (Precision = 18) (Scale = 2) (DbType = Decimal), @p8='?' (Size = 30)], CommandType='"Text"', CommandTimeout='30']
SET IMPLICIT_TRANSACTIONS OFF;
SET NOCOUNT ON;
UPDATE [RepaymentSchedules] SET [DueDate] = @p0, [EMIAmount] = @p1, [InstallmentNumber] = @p2, [InterestAmount] = @p3, [LoanId] = @p4, [PaidAmount] = @p5, [PaidDate] = @p6, [PrincipalAmount] = @p7, [Status] = @p8
OUTPUT 1
WHERE [ScheduleId] = @p9;
2026-08-30 22:33:35.529 +05:30 [INF] Existing behavior log found for ScheduleId=78. Skipping log creation; schedule persisted as MISSED.
2026-08-30 22:33:35.543 +05:30 [INF] ScheduleId=78 was already MISSED. Not counted in processedCount.
2026-08-30 22:33:35.545 +05:30 [INF] Processing ScheduleId=7, LoanId=1, DueDate="2027-03-27", CurrentStatus=MISSED, PaidAmount=0.00, EMI=4614.49
2026-08-30 22:33:35.577 +05:30 [INF] Executed DbCommand (6ms) [Parameters=[@loanId='?' (DbType = Int32)], CommandType='"Text"', CommandTimeout='30']
SELECT TOP(1) [l].[LoanId], [l].[BorrowerId], [l].[CreatedAt], [l].[EMIAmount], [l].[EndDate], [l].[InterestRate], [l].[LoanOfficerId], [l].[OutstandingAmount], [l].[PrincipalAmount], [l].[StartDate], [l].[Status], [l].[TenureMonths]
FROM [LoanAccounts] AS [l]
WHERE [l].[LoanId] = @loanId
2026-08-30 22:33:35.640 +05:30 [INF] Executed DbCommand (9ms) [Parameters=[@scheduleId='?' (DbType = Int32)], CommandType='"Text"', CommandTimeout='30']
SELECT TOP(1) [p].[BehaviorLogId], [p].[BorrowerId], [p].[DaysLate], [p].[DueDate], [p].[LoanId], [p].[PaymentDate], [p].[PaymentStatus], [p].[RecordedAt], [p].[ScheduleId]
FROM [PaymentBehaviorLogs] AS [p]
WHERE [p].[ScheduleId] = @scheduleId
2026-08-30 22:33:35.725 +05:30 [INF] Executed DbCommand (14ms) [Parameters=[@p9='?' (DbType = Int32), @p0='?' (DbType = Date), @p1='?' (Precision = 18) (Scale = 2) (DbType = Decimal), @p2='?' (DbType = Int32), @p3='?' (Precision = 18) (Scale = 2) (DbType = Decimal), @p4='?' (DbType = Int32), @p5='?' (Precision = 18) (Scale = 2) (DbType = Decimal), @p6='?' (DbType = Date), @p7='?' (Precision = 18) (Scale = 2) (DbType = Decimal), @p8='?' (Size = 30)], CommandType='"Text"', CommandTimeout='30']
SET IMPLICIT_TRANSACTIONS OFF;
SET NOCOUNT ON;
UPDATE [RepaymentSchedules] SET [DueDate] = @p0, [EMIAmount] = @p1, [InstallmentNumber] = @p2, [InterestAmount] = @p3, [LoanId] = @p4, [PaidAmount] = @p5, [PaidDate] = @p6, [PrincipalAmount] = @p7, [Status] = @p8
OUTPUT 1
WHERE [ScheduleId] = @p9;
2026-08-30 22:33:35.738 +05:30 [INF] Existing behavior log found for ScheduleId=7. Skipping log creation; schedule persisted as MISSED.
2026-08-30 22:33:35.743 +05:30 [INF] ScheduleId=7 was already MISSED. Not counted in processedCount.
2026-08-30 22:33:35.752 +05:30 [INF] Processing ScheduleId=55, LoanId=3, DueDate="2027-03-28", CurrentStatus=MISSED, PaidAmount=0.00, EMI=115362.32
2026-08-30 22:33:35.774 +05:30 [INF] Executed DbCommand (12ms) [Parameters=[@loanId='?' (DbType = Int32)], CommandType='"Text"', CommandTimeout='30']
SELECT TOP(1) [l].[LoanId], [l].[BorrowerId], [l].[CreatedAt], [l].[EMIAmount], [l].[EndDate], [l].[InterestRate], [l].[LoanOfficerId], [l].[OutstandingAmount], [l].[PrincipalAmount], [l].[StartDate], [l].[Status], [l].[TenureMonths]
FROM [LoanAccounts] AS [l]
WHERE [l].[LoanId] = @loanId
2026-08-30 22:33:35.788 +05:30 [INF] Executed DbCommand (9ms) [Parameters=[@scheduleId='?' (DbType = Int32)], CommandType='"Text"', CommandTimeout='30']
SELECT TOP(1) [p].[BehaviorLogId], [p].[BorrowerId], [p].[DaysLate], [p].[DueDate], [p].[LoanId], [p].[PaymentDate], [p].[PaymentStatus], [p].[RecordedAt], [p].[ScheduleId]
FROM [PaymentBehaviorLogs] AS [p]
WHERE [p].[ScheduleId] = @scheduleId
2026-08-30 22:33:35.803 +05:30 [INF] Executed DbCommand (6ms) [Parameters=[@p9='?' (DbType = Int32), @p0='?' (DbType = Date), @p1='?' (Precision = 18) (Scale = 2) (DbType = Decimal), @p2='?' (DbType = Int32), @p3='?' (Precision = 18) (Scale = 2) (DbType = Decimal), @p4='?' (DbType = Int32), @p5='?' (Precision = 18) (Scale = 2) (DbType = Decimal), @p6='?' (DbType = Date), @p7='?' (Precision = 18) (Scale = 2) (DbType = Decimal), @p8='?' (Size = 30)], CommandType='"Text"', CommandTimeout='30']
SET IMPLICIT_TRANSACTIONS OFF;
SET NOCOUNT ON;
UPDATE [RepaymentSchedules] SET [DueDate] = @p0, [EMIAmount] = @p1, [InstallmentNumber] = @p2, [InterestAmount] = @p3, [LoanId] = @p4, [PaidAmount] = @p5, [PaidDate] = @p6, [PrincipalAmount] = @p7, [Status] = @p8
OUTPUT 1
WHERE [ScheduleId] = @p9;
2026-08-30 22:33:35.815 +05:30 [INF] Existing behavior log found for ScheduleId=55. Skipping log creation; schedule persisted as MISSED.
2026-08-30 22:33:35.824 +05:30 [INF] ScheduleId=55 was already MISSED. Not counted in processedCount.
2026-08-30 22:33:35.831 +05:30 [INF] Processing ScheduleId=79, LoanId=4, DueDate="2027-03-28", CurrentStatus=MISSED, PaidAmount=0.00, EMI=42119.43
2026-08-30 22:33:35.848 +05:30 [INF] Executed DbCommand (3ms) [Parameters=[@loanId='?' (DbType = Int32)], CommandType='"Text"', CommandTimeout='30']
SELECT TOP(1) [l].[LoanId], [l].[BorrowerId], [l].[CreatedAt], [l].[EMIAmount], [l].[EndDate], [l].[InterestRate], [l].[LoanOfficerId], [l].[OutstandingAmount], [l].[PrincipalAmount], [l].[StartDate], [l].[Status], [l].[TenureMonths]
FROM [LoanAccounts] AS [l]
WHERE [l].[LoanId] = @loanId
2026-08-30 22:33:35.860 +05:30 [INF] Executed DbCommand (3ms) [Parameters=[@scheduleId='?' (DbType = Int32)], CommandType='"Text"', CommandTimeout='30']
SELECT TOP(1) [p].[BehaviorLogId], [p].[BorrowerId], [p].[DaysLate], [p].[DueDate], [p].[LoanId], [p].[PaymentDate], [p].[PaymentStatus], [p].[RecordedAt], [p].[ScheduleId]
FROM [PaymentBehaviorLogs] AS [p]
WHERE [p].[ScheduleId] = @scheduleId
2026-08-30 22:33:35.878 +05:30 [INF] Executed DbCommand (7ms) [Parameters=[@p9='?' (DbType = Int32), @p0='?' (DbType = Date), @p1='?' (Precision = 18) (Scale = 2) (DbType = Decimal), @p2='?' (DbType = Int32), @p3='?' (Precision = 18) (Scale = 2) (DbType = Decimal), @p4='?' (DbType = Int32), @p5='?' (Precision = 18) (Scale = 2) (DbType = Decimal), @p6='?' (DbType = Date), @p7='?' (Precision = 18) (Scale = 2) (DbType = Decimal), @p8='?' (Size = 30)], CommandType='"Text"', CommandTimeout='30']
SET IMPLICIT_TRANSACTIONS OFF;
SET NOCOUNT ON;
UPDATE [RepaymentSchedules] SET [DueDate] = @p0, [EMIAmount] = @p1, [InstallmentNumber] = @p2, [InterestAmount] = @p3, [LoanId] = @p4, [PaidAmount] = @p5, [PaidDate] = @p6, [PrincipalAmount] = @p7, [Status] = @p8
OUTPUT 1
WHERE [ScheduleId] = @p9;
2026-08-30 22:33:35.886 +05:30 [INF] Existing behavior log found for ScheduleId=79. Skipping log creation; schedule persisted as MISSED.
2026-08-30 22:33:35.892 +05:30 [INF] ScheduleId=79 was already MISSED. Not counted in processedCount.
2026-08-30 22:33:35.899 +05:30 [INF] Processing ScheduleId=8, LoanId=1, DueDate="2027-04-27", CurrentStatus=MISSED, PaidAmount=0.00, EMI=4614.49
2026-08-30 22:33:35.911 +05:30 [INF] Executed DbCommand (2ms) [Parameters=[@loanId='?' (DbType = Int32)], CommandType='"Text"', CommandTimeout='30']
SELECT TOP(1) [l].[LoanId], [l].[BorrowerId], [l].[CreatedAt], [l].[EMIAmount], [l].[EndDate], [l].[InterestRate], [l].[LoanOfficerId], [l].[OutstandingAmount], [l].[PrincipalAmount], [l].[StartDate], [l].[Status], [l].[TenureMonths]
FROM [LoanAccounts] AS [l]
WHERE [l].[LoanId] = @loanId
2026-08-30 22:33:35.924 +05:30 [INF] Executed DbCommand (3ms) [Parameters=[@scheduleId='?' (DbType = Int32)], CommandType='"Text"', CommandTimeout='30']
SELECT TOP(1) [p].[BehaviorLogId], [p].[BorrowerId], [p].[DaysLate], [p].[DueDate], [p].[LoanId], [p].[PaymentDate], [p].[PaymentStatus], [p].[RecordedAt], [p].[ScheduleId]
FROM [PaymentBehaviorLogs] AS [p]
WHERE [p].[ScheduleId] = @scheduleId
2026-08-30 22:33:35.952 +05:30 [INF] Executed DbCommand (17ms) [Parameters=[@p9='?' (DbType = Int32), @p0='?' (DbType = Date), @p1='?' (Precision = 18) (Scale = 2) (DbType = Decimal), @p2='?' (DbType = Int32), @p3='?' (Precision = 18) (Scale = 2) (DbType = Decimal), @p4='?' (DbType = Int32), @p5='?' (Precision = 18) (Scale = 2) (DbType = Decimal), @p6='?' (DbType = Date), @p7='?' (Precision = 18) (Scale = 2) (DbType = Decimal), @p8='?' (Size = 30)], CommandType='"Text"', CommandTimeout='30']
SET IMPLICIT_TRANSACTIONS OFF;
SET NOCOUNT ON;
UPDATE [RepaymentSchedules] SET [DueDate] = @p0, [EMIAmount] = @p1, [InstallmentNumber] = @p2, [InterestAmount] = @p3, [LoanId] = @p4, [PaidAmount] = @p5, [PaidDate] = @p6, [PrincipalAmount] = @p7, [Status] = @p8
OUTPUT 1
WHERE [ScheduleId] = @p9;
2026-08-30 22:33:35.978 +05:30 [INF] Existing behavior log found for ScheduleId=8. Skipping log creation; schedule persisted as MISSED.
2026-08-30 22:33:35.985 +05:30 [INF] ScheduleId=8 was already MISSED. Not counted in processedCount.
2026-08-30 22:33:35.987 +05:30 [INF] Processing ScheduleId=56, LoanId=3, DueDate="2027-04-28", CurrentStatus=MISSED, PaidAmount=0.00, EMI=115362.32
2026-08-30 22:33:35.996 +05:30 [INF] Executed DbCommand (3ms) [Parameters=[@loanId='?' (DbType = Int32)], CommandType='"Text"', CommandTimeout='30']
SELECT TOP(1) [l].[LoanId], [l].[BorrowerId], [l].[CreatedAt], [l].[EMIAmount], [l].[EndDate], [l].[InterestRate], [l].[LoanOfficerId], [l].[OutstandingAmount], [l].[PrincipalAmount], [l].[StartDate], [l].[Status], [l].[TenureMonths]
FROM [LoanAccounts] AS [l]
WHERE [l].[LoanId] = @loanId
2026-08-30 22:33:36.004 +05:30 [INF] Executed DbCommand (4ms) [Parameters=[@scheduleId='?' (DbType = Int32)], CommandType='"Text"', CommandTimeout='30']
SELECT TOP(1) [p].[BehaviorLogId], [p].[BorrowerId], [p].[DaysLate], [p].[DueDate], [p].[LoanId], [p].[PaymentDate], [p].[PaymentStatus], [p].[RecordedAt], [p].[ScheduleId]
FROM [PaymentBehaviorLogs] AS [p]
WHERE [p].[ScheduleId] = @scheduleId
2026-08-30 22:33:36.011 +05:30 [INF] Executed DbCommand (2ms) [Parameters=[@p9='?' (DbType = Int32), @p0='?' (DbType = Date), @p1='?' (Precision = 18) (Scale = 2) (DbType = Decimal), @p2='?' (DbType = Int32), @p3='?' (Precision = 18) (Scale = 2) (DbType = Decimal), @p4='?' (DbType = Int32), @p5='?' (Precision = 18) (Scale = 2) (DbType = Decimal), @p6='?' (DbType = Date), @p7='?' (Precision = 18) (Scale = 2) (DbType = Decimal), @p8='?' (Size = 30)], CommandType='"Text"', CommandTimeout='30']
SET IMPLICIT_TRANSACTIONS OFF;
SET NOCOUNT ON;
UPDATE [RepaymentSchedules] SET [DueDate] = @p0, [EMIAmount] = @p1, [InstallmentNumber] = @p2, [InterestAmount] = @p3, [LoanId] = @p4, [PaidAmount] = @p5, [PaidDate] = @p6, [PrincipalAmount] = @p7, [Status] = @p8
OUTPUT 1
WHERE [ScheduleId] = @p9;
2026-08-30 22:33:36.018 +05:30 [INF] Existing behavior log found for ScheduleId=56. Skipping log creation; schedule persisted as MISSED.
2026-08-30 22:33:36.020 +05:30 [INF] ScheduleId=56 was already MISSED. Not counted in processedCount.
2026-08-30 22:33:36.023 +05:30 [INF] Processing ScheduleId=80, LoanId=4, DueDate="2027-04-28", CurrentStatus=MISSED, PaidAmount=0.00, EMI=42119.43
2026-08-30 22:33:36.029 +05:30 [INF] Executed DbCommand (1ms) [Parameters=[@loanId='?' (DbType = Int32)], CommandType='"Text"', CommandTimeout='30']
SELECT TOP(1) [l].[LoanId], [l].[BorrowerId], [l].[CreatedAt], [l].[EMIAmount], [l].[EndDate], [l].[InterestRate], [l].[LoanOfficerId], [l].[OutstandingAmount], [l].[PrincipalAmount], [l].[StartDate], [l].[Status], [l].[TenureMonths]
FROM [LoanAccounts] AS [l]
WHERE [l].[LoanId] = @loanId
2026-08-30 22:33:36.036 +05:30 [INF] Executed DbCommand (1ms) [Parameters=[@scheduleId='?' (DbType = Int32)], CommandType='"Text"', CommandTimeout='30']
SELECT TOP(1) [p].[BehaviorLogId], [p].[BorrowerId], [p].[DaysLate], [p].[DueDate], [p].[LoanId], [p].[PaymentDate], [p].[PaymentStatus], [p].[RecordedAt], [p].[ScheduleId]
FROM [PaymentBehaviorLogs] AS [p]
WHERE [p].[ScheduleId] = @scheduleId
2026-08-30 22:33:36.041 +05:30 [INF] Executed DbCommand (1ms) [Parameters=[@p9='?' (DbType = Int32), @p0='?' (DbType = Date), @p1='?' (Precision = 18) (Scale = 2) (DbType = Decimal), @p2='?' (DbType = Int32), @p3='?' (Precision = 18) (Scale = 2) (DbType = Decimal), @p4='?' (DbType = Int32), @p5='?' (Precision = 18) (Scale = 2) (DbType = Decimal), @p6='?' (DbType = Date), @p7='?' (Precision = 18) (Scale = 2) (DbType = Decimal), @p8='?' (Size = 30)], CommandType='"Text"', CommandTimeout='30']
SET IMPLICIT_TRANSACTIONS OFF;
SET NOCOUNT ON;
UPDATE [RepaymentSchedules] SET [DueDate] = @p0, [EMIAmount] = @p1, [InstallmentNumber] = @p2, [InterestAmount] = @p3, [LoanId] = @p4, [PaidAmount] = @p5, [PaidDate] = @p6, [PrincipalAmount] = @p7, [Status] = @p8
OUTPUT 1
WHERE [ScheduleId] = @p9;
2026-08-30 22:33:36.047 +05:30 [INF] Existing behavior log found for ScheduleId=80. Skipping log creation; schedule persisted as MISSED.
2026-08-30 22:33:36.049 +05:30 [INF] ScheduleId=80 was already MISSED. Not counted in processedCount.
2026-08-30 22:33:36.051 +05:30 [INF] Processing ScheduleId=33, LoanId=2, DueDate="2027-05-27", CurrentStatus=PENDING, PaidAmount=0.00, EMI=55373.91
2026-08-30 22:33:36.056 +05:30 [INF] Executed DbCommand (1ms) [Parameters=[@loanId='?' (DbType = Int32)], CommandType='"Text"', CommandTimeout='30']
SELECT TOP(1) [l].[LoanId], [l].[BorrowerId], [l].[CreatedAt], [l].[EMIAmount], [l].[EndDate], [l].[InterestRate], [l].[LoanOfficerId], [l].[OutstandingAmount], [l].[PrincipalAmount], [l].[StartDate], [l].[Status], [l].[TenureMonths]
FROM [LoanAccounts] AS [l]
WHERE [l].[LoanId] = @loanId
2026-08-30 22:33:36.060 +05:30 [INF] Executed DbCommand (1ms) [Parameters=[@scheduleId='?' (DbType = Int32)], CommandType='"Text"', CommandTimeout='30']
SELECT TOP(1) [p].[BehaviorLogId], [p].[BorrowerId], [p].[DaysLate], [p].[DueDate], [p].[LoanId], [p].[PaymentDate], [p].[PaymentStatus], [p].[RecordedAt], [p].[ScheduleId]
FROM [PaymentBehaviorLogs] AS [p]
WHERE [p].[ScheduleId] = @scheduleId
2026-08-30 22:33:36.087 +05:30 [INF] Creating payment behavior log. ScheduleId=33, LoanId=2, Status=MISSED, DueDate="2027-05-27", Today="2027-07-01", DaysLate=35
2026-08-30 22:33:36.194 +05:30 [INF] Executed DbCommand (22ms) [Parameters=[@p0='?' (DbType = Int32), @p1='?' (DbType = Int32), @p2='?' (DbType = Date), @p3='?' (DbType = Int32), @p4='?' (DbType = Date), @p5='?' (Size = 30), @p6='?' (DbType = Int32), @p8='?' (DbType = Int32), @p7='?' (Size = 30)], CommandType='"Text"', CommandTimeout='30']
SET NOCOUNT ON;
INSERT INTO [PaymentBehaviorLogs] ([BorrowerId], [DaysLate], [DueDate], [LoanId], [PaymentDate], [PaymentStatus], [ScheduleId])
OUTPUT INSERTED.[BehaviorLogId], INSERTED.[RecordedAt]
VALUES (@p0, @p1, @p2, @p3, @p4, @p5, @p6);
UPDATE [RepaymentSchedules] SET [Status] = @p7
OUTPUT 1
WHERE [ScheduleId] = @p8;
2026-08-30 22:33:36.241 +05:30 [INF] ScheduleId=33 changed to MISSED and behavior log created.
2026-08-30 22:33:36.248 +05:30 [INF] Processing ScheduleId=9, LoanId=1, DueDate="2027-05-27", CurrentStatus=MISSED, PaidAmount=0.00, EMI=4614.49
2026-08-30 22:33:36.264 +05:30 [INF] Executed DbCommand (3ms) [Parameters=[@loanId='?' (DbType = Int32)], CommandType='"Text"', CommandTimeout='30']
SELECT TOP(1) [l].[LoanId], [l].[BorrowerId], [l].[CreatedAt], [l].[EMIAmount], [l].[EndDate], [l].[InterestRate], [l].[LoanOfficerId], [l].[OutstandingAmount], [l].[PrincipalAmount], [l].[StartDate], [l].[Status], [l].[TenureMonths]
FROM [LoanAccounts] AS [l]
WHERE [l].[LoanId] = @loanId
2026-08-30 22:33:36.280 +05:30 [INF] Executed DbCommand (10ms) [Parameters=[@scheduleId='?' (DbType = Int32)], CommandType='"Text"', CommandTimeout='30']
SELECT TOP(1) [p].[BehaviorLogId], [p].[BorrowerId], [p].[DaysLate], [p].[DueDate], [p].[LoanId], [p].[PaymentDate], [p].[PaymentStatus], [p].[RecordedAt], [p].[ScheduleId]
FROM [PaymentBehaviorLogs] AS [p]
WHERE [p].[ScheduleId] = @scheduleId
2026-08-30 22:33:36.299 +05:30 [INF] Executed DbCommand (12ms) [Parameters=[@p9='?' (DbType = Int32), @p0='?' (DbType = Date), @p1='?' (Precision = 18) (Scale = 2) (DbType = Decimal), @p2='?' (DbType = Int32), @p3='?' (Precision = 18) (Scale = 2) (DbType = Decimal), @p4='?' (DbType = Int32), @p5='?' (Precision = 18) (Scale = 2) (DbType = Decimal), @p6='?' (DbType = Date), @p7='?' (Precision = 18) (Scale = 2) (DbType = Decimal), @p8='?' (Size = 30)], CommandType='"Text"', CommandTimeout='30']
SET IMPLICIT_TRANSACTIONS OFF;
SET NOCOUNT ON;
UPDATE [RepaymentSchedules] SET [DueDate] = @p0, [EMIAmount] = @p1, [InstallmentNumber] = @p2, [InterestAmount] = @p3, [LoanId] = @p4, [PaidAmount] = @p5, [PaidDate] = @p6, [PrincipalAmount] = @p7, [Status] = @p8
OUTPUT 1
WHERE [ScheduleId] = @p9;
2026-08-30 22:33:36.305 +05:30 [INF] Existing behavior log found for ScheduleId=9. Skipping log creation; schedule persisted as MISSED.
2026-08-30 22:33:36.313 +05:30 [INF] ScheduleId=9 was already MISSED. Not counted in processedCount.
2026-08-30 22:33:36.317 +05:30 [INF] Processing ScheduleId=57, LoanId=3, DueDate="2027-05-28", CurrentStatus=MISSED, PaidAmount=0.00, EMI=115362.32
2026-08-30 22:33:36.339 +05:30 [INF] Executed DbCommand (1ms) [Parameters=[@loanId='?' (DbType = Int32)], CommandType='"Text"', CommandTimeout='30']
SELECT TOP(1) [l].[LoanId], [l].[BorrowerId], [l].[CreatedAt], [l].[EMIAmount], [l].[EndDate], [l].[InterestRate], [l].[LoanOfficerId], [l].[OutstandingAmount], [l].[PrincipalAmount], [l].[StartDate], [l].[Status], [l].[TenureMonths]
FROM [LoanAccounts] AS [l]
WHERE [l].[LoanId] = @loanId
2026-08-30 22:33:36.366 +05:30 [INF] Executed DbCommand (2ms) [Parameters=[@scheduleId='?' (DbType = Int32)], CommandType='"Text"', CommandTimeout='30']
SELECT TOP(1) [p].[BehaviorLogId], [p].[BorrowerId], [p].[DaysLate], [p].[DueDate], [p].[LoanId], [p].[PaymentDate], [p].[PaymentStatus], [p].[RecordedAt], [p].[ScheduleId]
FROM [PaymentBehaviorLogs] AS [p]
WHERE [p].[ScheduleId] = @scheduleId
2026-08-30 22:33:36.397 +05:30 [INF] Executed DbCommand (12ms) [Parameters=[@p9='?' (DbType = Int32), @p0='?' (DbType = Date), @p1='?' (Precision = 18) (Scale = 2) (DbType = Decimal), @p2='?' (DbType = Int32), @p3='?' (Precision = 18) (Scale = 2) (DbType = Decimal), @p4='?' (DbType = Int32), @p5='?' (Precision = 18) (Scale = 2) (DbType = Decimal), @p6='?' (DbType = Date), @p7='?' (Precision = 18) (Scale = 2) (DbType = Decimal), @p8='?' (Size = 30)], CommandType='"Text"', CommandTimeout='30']
SET IMPLICIT_TRANSACTIONS OFF;
SET NOCOUNT ON;
UPDATE [RepaymentSchedules] SET [DueDate] = @p0, [EMIAmount] = @p1, [InstallmentNumber] = @p2, [InterestAmount] = @p3, [LoanId] = @p4, [PaidAmount] = @p5, [PaidDate] = @p6, [PrincipalAmount] = @p7, [Status] = @p8
OUTPUT 1
WHERE [ScheduleId] = @p9;
2026-08-30 22:33:36.454 +05:30 [INF] Existing behavior log found for ScheduleId=57. Skipping log creation; schedule persisted as MISSED.
2026-08-30 22:33:36.477 +05:30 [INF] ScheduleId=57 was already MISSED. Not counted in processedCount.
2026-08-30 22:33:36.494 +05:30 [INF] Processing ScheduleId=81, LoanId=4, DueDate="2027-05-28", CurrentStatus=MISSED, PaidAmount=0.00, EMI=42119.43
2026-08-30 22:33:36.510 +05:30 [INF] Executed DbCommand (7ms) [Parameters=[@loanId='?' (DbType = Int32)], CommandType='"Text"', CommandTimeout='30']
SELECT TOP(1) [l].[LoanId], [l].[BorrowerId], [l].[CreatedAt], [l].[EMIAmount], [l].[EndDate], [l].[InterestRate], [l].[LoanOfficerId], [l].[OutstandingAmount], [l].[PrincipalAmount], [l].[StartDate], [l].[Status], [l].[TenureMonths]
FROM [LoanAccounts] AS [l]
WHERE [l].[LoanId] = @loanId
2026-08-30 22:33:36.536 +05:30 [INF] Executed DbCommand (16ms) [Parameters=[@scheduleId='?' (DbType = Int32)], CommandType='"Text"', CommandTimeout='30']
SELECT TOP(1) [p].[BehaviorLogId], [p].[BorrowerId], [p].[DaysLate], [p].[DueDate], [p].[LoanId], [p].[PaymentDate], [p].[PaymentStatus], [p].[RecordedAt], [p].[ScheduleId]
FROM [PaymentBehaviorLogs] AS [p]
WHERE [p].[ScheduleId] = @scheduleId
2026-08-30 22:33:36.557 +05:30 [INF] Executed DbCommand (8ms) [Parameters=[@p9='?' (DbType = Int32), @p0='?' (DbType = Date), @p1='?' (Precision = 18) (Scale = 2) (DbType = Decimal), @p2='?' (DbType = Int32), @p3='?' (Precision = 18) (Scale = 2) (DbType = Decimal), @p4='?' (DbType = Int32), @p5='?' (Precision = 18) (Scale = 2) (DbType = Decimal), @p6='?' (DbType = Date), @p7='?' (Precision = 18) (Scale = 2) (DbType = Decimal), @p8='?' (Size = 30)], CommandType='"Text"', CommandTimeout='30']
SET IMPLICIT_TRANSACTIONS OFF;
SET NOCOUNT ON;
UPDATE [RepaymentSchedules] SET [DueDate] = @p0, [EMIAmount] = @p1, [InstallmentNumber] = @p2, [InterestAmount] = @p3, [LoanId] = @p4, [PaidAmount] = @p5, [PaidDate] = @p6, [PrincipalAmount] = @p7, [Status] = @p8
OUTPUT 1
WHERE [ScheduleId] = @p9;
2026-08-30 22:33:36.565 +05:30 [INF] Existing behavior log found for ScheduleId=81. Skipping log creation; schedule persisted as MISSED.
2026-08-30 22:33:36.569 +05:30 [INF] ScheduleId=81 was already MISSED. Not counted in processedCount.
2026-08-30 22:33:36.607 +05:30 [INF] Processing ScheduleId=34, LoanId=2, DueDate="2027-06-27", CurrentStatus=PENDING, PaidAmount=0.00, EMI=55373.91
2026-08-30 22:33:36.661 +05:30 [INF] Executed DbCommand (2ms) [Parameters=[@loanId='?' (DbType = Int32)], CommandType='"Text"', CommandTimeout='30']
SELECT TOP(1) [l].[LoanId], [l].[BorrowerId], [l].[CreatedAt], [l].[EMIAmount], [l].[EndDate], [l].[InterestRate], [l].[LoanOfficerId], [l].[OutstandingAmount], [l].[PrincipalAmount], [l].[StartDate], [l].[Status], [l].[TenureMonths]
FROM [LoanAccounts] AS [l]
WHERE [l].[LoanId] = @loanId
2026-08-30 22:33:36.681 +05:30 [INF] Executed DbCommand (3ms) [Parameters=[@scheduleId='?' (DbType = Int32)], CommandType='"Text"', CommandTimeout='30']
SELECT TOP(1) [p].[BehaviorLogId], [p].[BorrowerId], [p].[DaysLate], [p].[DueDate], [p].[LoanId], [p].[PaymentDate], [p].[PaymentStatus], [p].[RecordedAt], [p].[ScheduleId]
FROM [PaymentBehaviorLogs] AS [p]
WHERE [p].[ScheduleId] = @scheduleId
2026-08-30 22:33:36.698 +05:30 [INF] Creating payment behavior log. ScheduleId=34, LoanId=2, Status=MISSED, DueDate="2027-06-27", Today="2027-07-01", DaysLate=4
2026-08-30 22:33:36.724 +05:30 [INF] Executed DbCommand (8ms) [Parameters=[@p0='?' (DbType = Int32), @p1='?' (DbType = Int32), @p2='?' (DbType = Date), @p3='?' (DbType = Int32), @p4='?' (DbType = Date), @p5='?' (Size = 30), @p6='?' (DbType = Int32), @p8='?' (DbType = Int32), @p7='?' (Size = 30)], CommandType='"Text"', CommandTimeout='30']
SET NOCOUNT ON;
INSERT INTO [PaymentBehaviorLogs] ([BorrowerId], [DaysLate], [DueDate], [LoanId], [PaymentDate], [PaymentStatus], [ScheduleId])
OUTPUT INSERTED.[BehaviorLogId], INSERTED.[RecordedAt]
VALUES (@p0, @p1, @p2, @p3, @p4, @p5, @p6);
UPDATE [RepaymentSchedules] SET [Status] = @p7
OUTPUT 1
WHERE [ScheduleId] = @p8;
2026-08-30 22:33:36.740 +05:30 [INF] ScheduleId=34 changed to MISSED and behavior log created.
2026-08-30 22:33:36.744 +05:30 [INF] Processing ScheduleId=10, LoanId=1, DueDate="2027-06-27", CurrentStatus=MISSED, PaidAmount=0.00, EMI=4614.49
2026-08-30 22:33:36.760 +05:30 [INF] Executed DbCommand (2ms) [Parameters=[@loanId='?' (DbType = Int32)], CommandType='"Text"', CommandTimeout='30']
SELECT TOP(1) [l].[LoanId], [l].[BorrowerId], [l].[CreatedAt], [l].[EMIAmount], [l].[EndDate], [l].[InterestRate], [l].[LoanOfficerId], [l].[OutstandingAmount], [l].[PrincipalAmount], [l].[StartDate], [l].[Status], [l].[TenureMonths]
FROM [LoanAccounts] AS [l]
WHERE [l].[LoanId] = @loanId
2026-08-30 22:33:36.770 +05:30 [INF] Executed DbCommand (3ms) [Parameters=[@scheduleId='?' (DbType = Int32)], CommandType='"Text"', CommandTimeout='30']
SELECT TOP(1) [p].[BehaviorLogId], [p].[BorrowerId], [p].[DaysLate], [p].[DueDate], [p].[LoanId], [p].[PaymentDate], [p].[PaymentStatus], [p].[RecordedAt], [p].[ScheduleId]
FROM [PaymentBehaviorLogs] AS [p]
WHERE [p].[ScheduleId] = @scheduleId
2026-08-30 22:33:36.779 +05:30 [INF] Executed DbCommand (5ms) [Parameters=[@p9='?' (DbType = Int32), @p0='?' (DbType = Date), @p1='?' (Precision = 18) (Scale = 2) (DbType = Decimal), @p2='?' (DbType = Int32), @p3='?' (Precision = 18) (Scale = 2) (DbType = Decimal), @p4='?' (DbType = Int32), @p5='?' (Precision = 18) (Scale = 2) (DbType = Decimal), @p6='?' (DbType = Date), @p7='?' (Precision = 18) (Scale = 2) (DbType = Decimal), @p8='?' (Size = 30)], CommandType='"Text"', CommandTimeout='30']
SET IMPLICIT_TRANSACTIONS OFF;
SET NOCOUNT ON;
UPDATE [RepaymentSchedules] SET [DueDate] = @p0, [EMIAmount] = @p1, [InstallmentNumber] = @p2, [InterestAmount] = @p3, [LoanId] = @p4, [PaidAmount] = @p5, [PaidDate] = @p6, [PrincipalAmount] = @p7, [Status] = @p8
OUTPUT 1
WHERE [ScheduleId] = @p9;
2026-08-30 22:33:36.784 +05:30 [INF] Existing behavior log found for ScheduleId=10. Skipping log creation; schedule persisted as MISSED.
2026-08-30 22:33:36.786 +05:30 [INF] ScheduleId=10 was already MISSED. Not counted in processedCount.
2026-08-30 22:33:36.788 +05:30 [INF] Processing ScheduleId=58, LoanId=3, DueDate="2027-06-28", CurrentStatus=MISSED, PaidAmount=0.00, EMI=115362.32
2026-08-30 22:33:36.794 +05:30 [INF] Executed DbCommand (0ms) [Parameters=[@loanId='?' (DbType = Int32)], CommandType='"Text"', CommandTimeout='30']
SELECT TOP(1) [l].[LoanId], [l].[BorrowerId], [l].[CreatedAt], [l].[EMIAmount], [l].[EndDate], [l].[InterestRate], [l].[LoanOfficerId], [l].[OutstandingAmount], [l].[PrincipalAmount], [l].[StartDate], [l].[Status], [l].[TenureMonths]
FROM [LoanAccounts] AS [l]
WHERE [l].[LoanId] = @loanId
2026-08-30 22:33:36.797 +05:30 [INF] Executed DbCommand (1ms) [Parameters=[@scheduleId='?' (DbType = Int32)], CommandType='"Text"', CommandTimeout='30']
SELECT TOP(1) [p].[BehaviorLogId], [p].[BorrowerId], [p].[DaysLate], [p].[DueDate], [p].[LoanId], [p].[PaymentDate], [p].[PaymentStatus], [p].[RecordedAt], [p].[ScheduleId]
FROM [PaymentBehaviorLogs] AS [p]
WHERE [p].[ScheduleId] = @scheduleId
2026-08-30 22:33:36.802 +05:30 [INF] Executed DbCommand (1ms) [Parameters=[@p9='?' (DbType = Int32), @p0='?' (DbType = Date), @p1='?' (Precision = 18) (Scale = 2) (DbType = Decimal), @p2='?' (DbType = Int32), @p3='?' (Precision = 18) (Scale = 2) (DbType = Decimal), @p4='?' (DbType = Int32), @p5='?' (Precision = 18) (Scale = 2) (DbType = Decimal), @p6='?' (DbType = Date), @p7='?' (Precision = 18) (Scale = 2) (DbType = Decimal), @p8='?' (Size = 30)], CommandType='"Text"', CommandTimeout='30']
SET IMPLICIT_TRANSACTIONS OFF;
SET NOCOUNT ON;
UPDATE [RepaymentSchedules] SET [DueDate] = @p0, [EMIAmount] = @p1, [InstallmentNumber] = @p2, [InterestAmount] = @p3, [LoanId] = @p4, [PaidAmount] = @p5, [PaidDate] = @p6, [PrincipalAmount] = @p7, [Status] = @p8
OUTPUT 1
WHERE [ScheduleId] = @p9;
2026-08-30 22:33:36.806 +05:30 [INF] Existing behavior log found for ScheduleId=58. Skipping log creation; schedule persisted as MISSED.
2026-08-30 22:33:36.807 +05:30 [INF] ScheduleId=58 was already MISSED. Not counted in processedCount.
2026-08-30 22:33:36.810 +05:30 [INF] Processing ScheduleId=82, LoanId=4, DueDate="2027-06-28", CurrentStatus=MISSED, PaidAmount=0.00, EMI=42119.43
2026-08-30 22:33:36.816 +05:30 [INF] Executed DbCommand (1ms) [Parameters=[@loanId='?' (DbType = Int32)], CommandType='"Text"', CommandTimeout='30']
SELECT TOP(1) [l].[LoanId], [l].[BorrowerId], [l].[CreatedAt], [l].[EMIAmount], [l].[EndDate], [l].[InterestRate], [l].[LoanOfficerId], [l].[OutstandingAmount], [l].[PrincipalAmount], [l].[StartDate], [l].[Status], [l].[TenureMonths]
FROM [LoanAccounts] AS [l]
WHERE [l].[LoanId] = @loanId
2026-08-30 22:33:36.822 +05:30 [INF] Executed DbCommand (1ms) [Parameters=[@scheduleId='?' (DbType = Int32)], CommandType='"Text"', CommandTimeout='30']
SELECT TOP(1) [p].[BehaviorLogId], [p].[BorrowerId], [p].[DaysLate], [p].[DueDate], [p].[LoanId], [p].[PaymentDate], [p].[PaymentStatus], [p].[RecordedAt], [p].[ScheduleId]
FROM [PaymentBehaviorLogs] AS [p]
WHERE [p].[ScheduleId] = @scheduleId
2026-08-30 22:33:36.829 +05:30 [INF] Executed DbCommand (2ms) [Parameters=[@p9='?' (DbType = Int32), @p0='?' (DbType = Date), @p1='?' (Precision = 18) (Scale = 2) (DbType = Decimal), @p2='?' (DbType = Int32), @p3='?' (Precision = 18) (Scale = 2) (DbType = Decimal), @p4='?' (DbType = Int32), @p5='?' (Precision = 18) (Scale = 2) (DbType = Decimal), @p6='?' (DbType = Date), @p7='?' (Precision = 18) (Scale = 2) (DbType = Decimal), @p8='?' (Size = 30)], CommandType='"Text"', CommandTimeout='30']
SET IMPLICIT_TRANSACTIONS OFF;
SET NOCOUNT ON;
UPDATE [RepaymentSchedules] SET [DueDate] = @p0, [EMIAmount] = @p1, [InstallmentNumber] = @p2, [InterestAmount] = @p3, [LoanId] = @p4, [PaidAmount] = @p5, [PaidDate] = @p6, [PrincipalAmount] = @p7, [Status] = @p8
OUTPUT 1
WHERE [ScheduleId] = @p9;
2026-08-30 22:33:36.833 +05:30 [INF] Existing behavior log found for ScheduleId=82. Skipping log creation; schedule persisted as MISSED.
2026-08-30 22:33:36.836 +05:30 [INF] ScheduleId=82 was already MISSED. Not counted in processedCount.
2026-08-30 22:33:36.838 +05:30 [INF] Finished overdue EMI processing.
2026-08-30 22:33:36.840 +05:30 [INF] Processed Count: 2
2026-08-30 22:33:36.842 +05:30 [INF] ============================================
2026-08-30 22:33:36.844 +05:30 [INF] Executing OkObjectResult, writing value of type '<>f__AnonymousType7`2[[System.String, System.Private.CoreLib, Version=10.0.0.0, Culture=neutral, PublicKeyToken=7cec85d7bea7798e],[System.Int32, System.Private.CoreLib, Version=10.0.0.0, Culture=neutral, PublicKeyToken=7cec85d7bea7798e]]'.
2026-08-30 22:33:36.848 +05:30 [INF] Executed action LoanDeductionPrediction.API.Controllers.PaymentBehaviorController.ProcessOverduePayments (LoanDeductionPrediction.API) in 5513.1723ms
2026-08-30 22:33:36.854 +05:30 [INF] Executed endpoint 'LoanDeductionPrediction.API.Controllers.PaymentBehaviorController.ProcessOverduePayments (LoanDeductionPrediction.API)'
2026-08-30 22:33:36.858 +05:30 [INF] HTTP POST /api/PaymentBehavior/process-overdue responded 200 in 5608.4209 ms
2026-08-30 22:33:36.866 +05:30 [INF] Request finished HTTP/1.1 POST http://localhost:5082/api/PaymentBehavior/process-overdue - 200 null application/json; charset=utf-8 5640.2479ms
2026-08-30 22:34:10.311 +05:30 [INF] Request starting HTTP/1.1 POST http://localhost:5082/api/PaymentBehavior/process-overdue - null 0
2026-08-30 22:34:10.338 +05:30 [INF] CORS policy execution successful.
2026-08-30 22:34:10.350 +05:30 [INF] Executing endpoint 'LoanDeductionPrediction.API.Controllers.PaymentBehaviorController.ProcessOverduePayments (LoanDeductionPrediction.API)'
2026-08-30 22:34:10.369 +05:30 [INF] Route matched with {action = "ProcessOverduePayments", controller = "PaymentBehavior"}. Executing controller action with signature System.Threading.Tasks.Task`1[Microsoft.AspNetCore.Mvc.IActionResult] ProcessOverduePayments() on controller LoanDeductionPrediction.API.Controllers.PaymentBehaviorController (LoanDeductionPrediction.API).
2026-08-30 22:34:10.394 +05:30 [INF] ============================================
2026-08-30 22:34:10.400 +05:30 [INF] Starting overdue EMI processing.
2026-08-30 22:34:10.405 +05:30 [INF] System/Test Date: "2027-07-01"
2026-08-30 22:34:10.427 +05:30 [INF] Executed DbCommand (10ms) [Parameters=[@today='?' (DbType = Date)], CommandType='"Text"', CommandTimeout='30']
SELECT [r].[ScheduleId], [r].[DueDate], [r].[EMIAmount], [r].[InstallmentNumber], [r].[InterestAmount], [r].[LoanId], [r].[PaidAmount], [r].[PaidDate], [r].[PrincipalAmount], [r].[Status]
FROM [RepaymentSchedules] AS [r]
WHERE [r].[DueDate] < @today AND [r].[PaidAmount] < [r].[EMIAmount] AND [r].[Status] <> N'PAID'
ORDER BY [r].[DueDate]
2026-08-30 22:34:10.440 +05:30 [INF] Found 32 overdue repayment schedules.
2026-08-30 22:34:10.443 +05:30 [INF] Processing ScheduleId=1, LoanId=1, DueDate="2026-09-27", CurrentStatus=MISSED, PaidAmount=0.00, EMI=4614.49
2026-08-30 22:34:10.481 +05:30 [INF] Executed DbCommand (8ms) [Parameters=[@loanId='?' (DbType = Int32)], CommandType='"Text"', CommandTimeout='30']
SELECT TOP(1) [l].[LoanId], [l].[BorrowerId], [l].[CreatedAt], [l].[EMIAmount], [l].[EndDate], [l].[InterestRate], [l].[LoanOfficerId], [l].[OutstandingAmount], [l].[PrincipalAmount], [l].[StartDate], [l].[Status], [l].[TenureMonths]
FROM [LoanAccounts] AS [l]
WHERE [l].[LoanId] = @loanId
2026-08-30 22:34:10.507 +05:30 [INF] Executed DbCommand (14ms) [Parameters=[@scheduleId='?' (DbType = Int32)], CommandType='"Text"', CommandTimeout='30']
SELECT TOP(1) [p].[BehaviorLogId], [p].[BorrowerId], [p].[DaysLate], [p].[DueDate], [p].[LoanId], [p].[PaymentDate], [p].[PaymentStatus], [p].[RecordedAt], [p].[ScheduleId]
FROM [PaymentBehaviorLogs] AS [p]
WHERE [p].[ScheduleId] = @scheduleId
2026-08-30 22:34:10.529 +05:30 [INF] Executed DbCommand (6ms) [Parameters=[@p9='?' (DbType = Int32), @p0='?' (DbType = Date), @p1='?' (Precision = 18) (Scale = 2) (DbType = Decimal), @p2='?' (DbType = Int32), @p3='?' (Precision = 18) (Scale = 2) (DbType = Decimal), @p4='?' (DbType = Int32), @p5='?' (Precision = 18) (Scale = 2) (DbType = Decimal), @p6='?' (DbType = Date), @p7='?' (Precision = 18) (Scale = 2) (DbType = Decimal), @p8='?' (Size = 30)], CommandType='"Text"', CommandTimeout='30']
SET IMPLICIT_TRANSACTIONS OFF;
SET NOCOUNT ON;
UPDATE [RepaymentSchedules] SET [DueDate] = @p0, [EMIAmount] = @p1, [InstallmentNumber] = @p2, [InterestAmount] = @p3, [LoanId] = @p4, [PaidAmount] = @p5, [PaidDate] = @p6, [PrincipalAmount] = @p7, [Status] = @p8
OUTPUT 1
WHERE [ScheduleId] = @p9;
2026-08-30 22:34:10.541 +05:30 [INF] Existing behavior log found for ScheduleId=1. Skipping log creation; schedule persisted as MISSED.
2026-08-30 22:34:10.545 +05:30 [INF] ScheduleId=1 was already MISSED. Not counted in processedCount.
2026-08-30 22:34:10.558 +05:30 [INF] Processing ScheduleId=49, LoanId=3, DueDate="2026-09-28", CurrentStatus=MISSED, PaidAmount=0.00, EMI=115362.32
2026-08-30 22:34:10.575 +05:30 [INF] Executed DbCommand (1ms) [Parameters=[@loanId='?' (DbType = Int32)], CommandType='"Text"', CommandTimeout='30']
SELECT TOP(1) [l].[LoanId], [l].[BorrowerId], [l].[CreatedAt], [l].[EMIAmount], [l].[EndDate], [l].[InterestRate], [l].[LoanOfficerId], [l].[OutstandingAmount], [l].[PrincipalAmount], [l].[StartDate], [l].[Status], [l].[TenureMonths]
FROM [LoanAccounts] AS [l]
WHERE [l].[LoanId] = @loanId
2026-08-30 22:34:10.593 +05:30 [INF] Executed DbCommand (1ms) [Parameters=[@scheduleId='?' (DbType = Int32)], CommandType='"Text"', CommandTimeout='30']
SELECT TOP(1) [p].[BehaviorLogId], [p].[BorrowerId], [p].[DaysLate], [p].[DueDate], [p].[LoanId], [p].[PaymentDate], [p].[PaymentStatus], [p].[RecordedAt], [p].[ScheduleId]
FROM [PaymentBehaviorLogs] AS [p]
WHERE [p].[ScheduleId] = @scheduleId
2026-08-30 22:34:10.609 +05:30 [INF] Executed DbCommand (2ms) [Parameters=[@p9='?' (DbType = Int32), @p0='?' (DbType = Date), @p1='?' (Precision = 18) (Scale = 2) (DbType = Decimal), @p2='?' (DbType = Int32), @p3='?' (Precision = 18) (Scale = 2) (DbType = Decimal), @p4='?' (DbType = Int32), @p5='?' (Precision = 18) (Scale = 2) (DbType = Decimal), @p6='?' (DbType = Date), @p7='?' (Precision = 18) (Scale = 2) (DbType = Decimal), @p8='?' (Size = 30)], CommandType='"Text"', CommandTimeout='30']
SET IMPLICIT_TRANSACTIONS OFF;
SET NOCOUNT ON;
UPDATE [RepaymentSchedules] SET [DueDate] = @p0, [EMIAmount] = @p1, [InstallmentNumber] = @p2, [InterestAmount] = @p3, [LoanId] = @p4, [PaidAmount] = @p5, [PaidDate] = @p6, [PrincipalAmount] = @p7, [Status] = @p8
OUTPUT 1
WHERE [ScheduleId] = @p9;
2026-08-30 22:34:10.621 +05:30 [INF] Existing behavior log found for ScheduleId=49. Skipping log creation; schedule persisted as MISSED.
2026-08-30 22:34:10.623 +05:30 [INF] ScheduleId=49 was already MISSED. Not counted in processedCount.
2026-08-30 22:34:10.626 +05:30 [INF] Processing ScheduleId=73, LoanId=4, DueDate="2026-09-28", CurrentStatus=MISSED, PaidAmount=0.00, EMI=42119.43
2026-08-30 22:34:10.635 +05:30 [INF] Executed DbCommand (1ms) [Parameters=[@loanId='?' (DbType = Int32)], CommandType='"Text"', CommandTimeout='30']
SELECT TOP(1) [l].[LoanId], [l].[BorrowerId], [l].[CreatedAt], [l].[EMIAmount], [l].[EndDate], [l].[InterestRate], [l].[LoanOfficerId], [l].[OutstandingAmount], [l].[PrincipalAmount], [l].[StartDate], [l].[Status], [l].[TenureMonths]
FROM [LoanAccounts] AS [l]
WHERE [l].[LoanId] = @loanId
2026-08-30 22:34:10.645 +05:30 [INF] Executed DbCommand (1ms) [Parameters=[@scheduleId='?' (DbType = Int32)], CommandType='"Text"', CommandTimeout='30']
SELECT TOP(1) [p].[BehaviorLogId], [p].[BorrowerId], [p].[DaysLate], [p].[DueDate], [p].[LoanId], [p].[PaymentDate], [p].[PaymentStatus], [p].[RecordedAt], [p].[ScheduleId]
FROM [PaymentBehaviorLogs] AS [p]
WHERE [p].[ScheduleId] = @scheduleId
2026-08-30 22:34:10.662 +05:30 [INF] Executed DbCommand (2ms) [Parameters=[@p9='?' (DbType = Int32), @p0='?' (DbType = Date), @p1='?' (Precision = 18) (Scale = 2) (DbType = Decimal), @p2='?' (DbType = Int32), @p3='?' (Precision = 18) (Scale = 2) (DbType = Decimal), @p4='?' (DbType = Int32), @p5='?' (Precision = 18) (Scale = 2) (DbType = Decimal), @p6='?' (DbType = Date), @p7='?' (Precision = 18) (Scale = 2) (DbType = Decimal), @p8='?' (Size = 30)], CommandType='"Text"', CommandTimeout='30']
SET IMPLICIT_TRANSACTIONS OFF;
SET NOCOUNT ON;
UPDATE [RepaymentSchedules] SET [DueDate] = @p0, [EMIAmount] = @p1, [InstallmentNumber] = @p2, [InterestAmount] = @p3, [LoanId] = @p4, [PaidAmount] = @p5, [PaidDate] = @p6, [PrincipalAmount] = @p7, [Status] = @p8
OUTPUT 1
WHERE [ScheduleId] = @p9;
2026-08-30 22:34:10.678 +05:30 [INF] Existing behavior log found for ScheduleId=73. Skipping log creation; schedule persisted as MISSED.
2026-08-30 22:34:10.685 +05:30 [INF] ScheduleId=73 was already MISSED. Not counted in processedCount.
2026-08-30 22:34:10.688 +05:30 [INF] Processing ScheduleId=2, LoanId=1, DueDate="2026-10-27", CurrentStatus=MISSED, PaidAmount=0.00, EMI=4614.49
2026-08-30 22:34:10.740 +05:30 [INF] Executed DbCommand (2ms) [Parameters=[@loanId='?' (DbType = Int32)], CommandType='"Text"', CommandTimeout='30']
SELECT TOP(1) [l].[LoanId], [l].[BorrowerId], [l].[CreatedAt], [l].[EMIAmount], [l].[EndDate], [l].[InterestRate], [l].[LoanOfficerId], [l].[OutstandingAmount], [l].[PrincipalAmount], [l].[StartDate], [l].[Status], [l].[TenureMonths]
FROM [LoanAccounts] AS [l]
WHERE [l].[LoanId] = @loanId
2026-08-30 22:34:10.767 +05:30 [INF] Executed DbCommand (9ms) [Parameters=[@scheduleId='?' (DbType = Int32)], CommandType='"Text"', CommandTimeout='30']
SELECT TOP(1) [p].[BehaviorLogId], [p].[BorrowerId], [p].[DaysLate], [p].[DueDate], [p].[LoanId], [p].[PaymentDate], [p].[PaymentStatus], [p].[RecordedAt], [p].[ScheduleId]
FROM [PaymentBehaviorLogs] AS [p]
WHERE [p].[ScheduleId] = @scheduleId
2026-08-30 22:34:10.893 +05:30 [INF] Executed DbCommand (87ms) [Parameters=[@p9='?' (DbType = Int32), @p0='?' (DbType = Date), @p1='?' (Precision = 18) (Scale = 2) (DbType = Decimal), @p2='?' (DbType = Int32), @p3='?' (Precision = 18) (Scale = 2) (DbType = Decimal), @p4='?' (DbType = Int32), @p5='?' (Precision = 18) (Scale = 2) (DbType = Decimal), @p6='?' (DbType = Date), @p7='?' (Precision = 18) (Scale = 2) (DbType = Decimal), @p8='?' (Size = 30)], CommandType='"Text"', CommandTimeout='30']
SET IMPLICIT_TRANSACTIONS OFF;
SET NOCOUNT ON;
UPDATE [RepaymentSchedules] SET [DueDate] = @p0, [EMIAmount] = @p1, [InstallmentNumber] = @p2, [InterestAmount] = @p3, [LoanId] = @p4, [PaidAmount] = @p5, [PaidDate] = @p6, [PrincipalAmount] = @p7, [Status] = @p8
OUTPUT 1
WHERE [ScheduleId] = @p9;
2026-08-30 22:34:11.025 +05:30 [INF] Existing behavior log found for ScheduleId=2. Skipping log creation; schedule persisted as MISSED.
2026-08-30 22:34:11.031 +05:30 [INF] ScheduleId=2 was already MISSED. Not counted in processedCount.
2026-08-30 22:34:11.043 +05:30 [INF] Processing ScheduleId=50, LoanId=3, DueDate="2026-10-28", CurrentStatus=MISSED, PaidAmount=0.00, EMI=115362.32
2026-08-30 22:34:11.081 +05:30 [INF] Executed DbCommand (4ms) [Parameters=[@loanId='?' (DbType = Int32)], CommandType='"Text"', CommandTimeout='30']
SELECT TOP(1) [l].[LoanId], [l].[BorrowerId], [l].[CreatedAt], [l].[EMIAmount], [l].[EndDate], [l].[InterestRate], [l].[LoanOfficerId], [l].[OutstandingAmount], [l].[PrincipalAmount], [l].[StartDate], [l].[Status], [l].[TenureMonths]
FROM [LoanAccounts] AS [l]
WHERE [l].[LoanId] = @loanId
2026-08-30 22:34:11.113 +05:30 [INF] Executed DbCommand (7ms) [Parameters=[@scheduleId='?' (DbType = Int32)], CommandType='"Text"', CommandTimeout='30']
SELECT TOP(1) [p].[BehaviorLogId], [p].[BorrowerId], [p].[DaysLate], [p].[DueDate], [p].[LoanId], [p].[PaymentDate], [p].[PaymentStatus], [p].[RecordedAt], [p].[ScheduleId]
FROM [PaymentBehaviorLogs] AS [p]
WHERE [p].[ScheduleId] = @scheduleId
2026-08-30 22:34:11.131 +05:30 [INF] Executed DbCommand (9ms) [Parameters=[@p9='?' (DbType = Int32), @p0='?' (DbType = Date), @p1='?' (Precision = 18) (Scale = 2) (DbType = Decimal), @p2='?' (DbType = Int32), @p3='?' (Precision = 18) (Scale = 2) (DbType = Decimal), @p4='?' (DbType = Int32), @p5='?' (Precision = 18) (Scale = 2) (DbType = Decimal), @p6='?' (DbType = Date), @p7='?' (Precision = 18) (Scale = 2) (DbType = Decimal), @p8='?' (Size = 30)], CommandType='"Text"', CommandTimeout='30']
SET IMPLICIT_TRANSACTIONS OFF;
SET NOCOUNT ON;
UPDATE [RepaymentSchedules] SET [DueDate] = @p0, [EMIAmount] = @p1, [InstallmentNumber] = @p2, [InterestAmount] = @p3, [LoanId] = @p4, [PaidAmount] = @p5, [PaidDate] = @p6, [PrincipalAmount] = @p7, [Status] = @p8
OUTPUT 1
WHERE [ScheduleId] = @p9;
2026-08-30 22:34:11.136 +05:30 [INF] Existing behavior log found for ScheduleId=50. Skipping log creation; schedule persisted as MISSED.
2026-08-30 22:34:11.141 +05:30 [INF] ScheduleId=50 was already MISSED. Not counted in processedCount.
2026-08-30 22:34:11.143 +05:30 [INF] Processing ScheduleId=74, LoanId=4, DueDate="2026-10-28", CurrentStatus=MISSED, PaidAmount=0.00, EMI=42119.43
2026-08-30 22:34:11.151 +05:30 [INF] Executed DbCommand (2ms) [Parameters=[@loanId='?' (DbType = Int32)], CommandType='"Text"', CommandTimeout='30']
SELECT TOP(1) [l].[LoanId], [l].[BorrowerId], [l].[CreatedAt], [l].[EMIAmount], [l].[EndDate], [l].[InterestRate], [l].[LoanOfficerId], [l].[OutstandingAmount], [l].[PrincipalAmount], [l].[StartDate], [l].[Status], [l].[TenureMonths]
FROM [LoanAccounts] AS [l]
WHERE [l].[LoanId] = @loanId
2026-08-30 22:34:11.162 +05:30 [INF] Executed DbCommand (3ms) [Parameters=[@scheduleId='?' (DbType = Int32)], CommandType='"Text"', CommandTimeout='30']
SELECT TOP(1) [p].[BehaviorLogId], [p].[BorrowerId], [p].[DaysLate], [p].[DueDate], [p].[LoanId], [p].[PaymentDate], [p].[PaymentStatus], [p].[RecordedAt], [p].[ScheduleId]
FROM [PaymentBehaviorLogs] AS [p]
WHERE [p].[ScheduleId] = @scheduleId
2026-08-30 22:34:11.169 +05:30 [INF] Executed DbCommand (2ms) [Parameters=[@p9='?' (DbType = Int32), @p0='?' (DbType = Date), @p1='?' (Precision = 18) (Scale = 2) (DbType = Decimal), @p2='?' (DbType = Int32), @p3='?' (Precision = 18) (Scale = 2) (DbType = Decimal), @p4='?' (DbType = Int32), @p5='?' (Precision = 18) (Scale = 2) (DbType = Decimal), @p6='?' (DbType = Date), @p7='?' (Precision = 18) (Scale = 2) (DbType = Decimal), @p8='?' (Size = 30)], CommandType='"Text"', CommandTimeout='30']
SET IMPLICIT_TRANSACTIONS OFF;
SET NOCOUNT ON;
UPDATE [RepaymentSchedules] SET [DueDate] = @p0, [EMIAmount] = @p1, [InstallmentNumber] = @p2, [InterestAmount] = @p3, [LoanId] = @p4, [PaidAmount] = @p5, [PaidDate] = @p6, [PrincipalAmount] = @p7, [Status] = @p8
OUTPUT 1
WHERE [ScheduleId] = @p9;
2026-08-30 22:34:11.176 +05:30 [INF] Existing behavior log found for ScheduleId=74. Skipping log creation; schedule persisted as MISSED.
2026-08-30 22:34:11.178 +05:30 [INF] ScheduleId=74 was already MISSED. Not counted in processedCount.
2026-08-30 22:34:11.181 +05:30 [INF] Processing ScheduleId=3, LoanId=1, DueDate="2026-11-27", CurrentStatus=MISSED, PaidAmount=0.00, EMI=4614.49
2026-08-30 22:34:11.186 +05:30 [INF] Executed DbCommand (1ms) [Parameters=[@loanId='?' (DbType = Int32)], CommandType='"Text"', CommandTimeout='30']
SELECT TOP(1) [l].[LoanId], [l].[BorrowerId], [l].[CreatedAt], [l].[EMIAmount], [l].[EndDate], [l].[InterestRate], [l].[LoanOfficerId], [l].[OutstandingAmount], [l].[PrincipalAmount], [l].[StartDate], [l].[Status], [l].[TenureMonths]
FROM [LoanAccounts] AS [l]
WHERE [l].[LoanId] = @loanId
2026-08-30 22:34:11.193 +05:30 [INF] Executed DbCommand (1ms) [Parameters=[@scheduleId='?' (DbType = Int32)], CommandType='"Text"', CommandTimeout='30']
SELECT TOP(1) [p].[BehaviorLogId], [p].[BorrowerId], [p].[DaysLate], [p].[DueDate], [p].[LoanId], [p].[PaymentDate], [p].[PaymentStatus], [p].[RecordedAt], [p].[ScheduleId]
FROM [PaymentBehaviorLogs] AS [p]
WHERE [p].[ScheduleId] = @scheduleId
2026-08-30 22:34:11.198 +05:30 [INF] Executed DbCommand (1ms) [Parameters=[@p9='?' (DbType = Int32), @p0='?' (DbType = Date), @p1='?' (Precision = 18) (Scale = 2) (DbType = Decimal), @p2='?' (DbType = Int32), @p3='?' (Precision = 18) (Scale = 2) (DbType = Decimal), @p4='?' (DbType = Int32), @p5='?' (Precision = 18) (Scale = 2) (DbType = Decimal), @p6='?' (DbType = Date), @p7='?' (Precision = 18) (Scale = 2) (DbType = Decimal), @p8='?' (Size = 30)], CommandType='"Text"', CommandTimeout='30']
SET IMPLICIT_TRANSACTIONS OFF;
SET NOCOUNT ON;
UPDATE [RepaymentSchedules] SET [DueDate] = @p0, [EMIAmount] = @p1, [InstallmentNumber] = @p2, [InterestAmount] = @p3, [LoanId] = @p4, [PaidAmount] = @p5, [PaidDate] = @p6, [PrincipalAmount] = @p7, [Status] = @p8
OUTPUT 1
WHERE [ScheduleId] = @p9;
2026-08-30 22:34:11.202 +05:30 [INF] Existing behavior log found for ScheduleId=3. Skipping log creation; schedule persisted as MISSED.
2026-08-30 22:34:11.213 +05:30 [INF] ScheduleId=3 was already MISSED. Not counted in processedCount.
2026-08-30 22:34:11.218 +05:30 [INF] Processing ScheduleId=51, LoanId=3, DueDate="2026-11-28", CurrentStatus=MISSED, PaidAmount=0.00, EMI=115362.32
2026-08-30 22:34:11.245 +05:30 [INF] Executed DbCommand (3ms) [Parameters=[@loanId='?' (DbType = Int32)], CommandType='"Text"', CommandTimeout='30']
SELECT TOP(1) [l].[LoanId], [l].[BorrowerId], [l].[CreatedAt], [l].[EMIAmount], [l].[EndDate], [l].[InterestRate], [l].[LoanOfficerId], [l].[OutstandingAmount], [l].[PrincipalAmount], [l].[StartDate], [l].[Status], [l].[TenureMonths]
FROM [LoanAccounts] AS [l]
WHERE [l].[LoanId] = @loanId
2026-08-30 22:34:11.266 +05:30 [INF] Executed DbCommand (4ms) [Parameters=[@scheduleId='?' (DbType = Int32)], CommandType='"Text"', CommandTimeout='30']
SELECT TOP(1) [p].[BehaviorLogId], [p].[BorrowerId], [p].[DaysLate], [p].[DueDate], [p].[LoanId], [p].[PaymentDate], [p].[PaymentStatus], [p].[RecordedAt], [p].[ScheduleId]
FROM [PaymentBehaviorLogs] AS [p]
WHERE [p].[ScheduleId] = @scheduleId
2026-08-30 22:34:11.296 +05:30 [INF] Executed DbCommand (13ms) [Parameters=[@p9='?' (DbType = Int32), @p0='?' (DbType = Date), @p1='?' (Precision = 18) (Scale = 2) (DbType = Decimal), @p2='?' (DbType = Int32), @p3='?' (Precision = 18) (Scale = 2) (DbType = Decimal), @p4='?' (DbType = Int32), @p5='?' (Precision = 18) (Scale = 2) (DbType = Decimal), @p6='?' (DbType = Date), @p7='?' (Precision = 18) (Scale = 2) (DbType = Decimal), @p8='?' (Size = 30)], CommandType='"Text"', CommandTimeout='30']
SET IMPLICIT_TRANSACTIONS OFF;
SET NOCOUNT ON;
UPDATE [RepaymentSchedules] SET [DueDate] = @p0, [EMIAmount] = @p1, [InstallmentNumber] = @p2, [InterestAmount] = @p3, [LoanId] = @p4, [PaidAmount] = @p5, [PaidDate] = @p6, [PrincipalAmount] = @p7, [Status] = @p8
OUTPUT 1
WHERE [ScheduleId] = @p9;
2026-08-30 22:34:11.319 +05:30 [INF] Existing behavior log found for ScheduleId=51. Skipping log creation; schedule persisted as MISSED.
2026-08-30 22:34:11.362 +05:30 [INF] ScheduleId=51 was already MISSED. Not counted in processedCount.
2026-08-30 22:34:11.369 +05:30 [INF] Processing ScheduleId=75, LoanId=4, DueDate="2026-11-28", CurrentStatus=MISSED, PaidAmount=0.00, EMI=42119.43
2026-08-30 22:34:11.382 +05:30 [INF] Executed DbCommand (3ms) [Parameters=[@loanId='?' (DbType = Int32)], CommandType='"Text"', CommandTimeout='30']
SELECT TOP(1) [l].[LoanId], [l].[BorrowerId], [l].[CreatedAt], [l].[EMIAmount], [l].[EndDate], [l].[InterestRate], [l].[LoanOfficerId], [l].[OutstandingAmount], [l].[PrincipalAmount], [l].[StartDate], [l].[Status], [l].[TenureMonths]
FROM [LoanAccounts] AS [l]
WHERE [l].[LoanId] = @loanId
2026-08-30 22:34:11.396 +05:30 [INF] Executed DbCommand (3ms) [Parameters=[@scheduleId='?' (DbType = Int32)], CommandType='"Text"', CommandTimeout='30']
SELECT TOP(1) [p].[BehaviorLogId], [p].[BorrowerId], [p].[DaysLate], [p].[DueDate], [p].[LoanId], [p].[PaymentDate], [p].[PaymentStatus], [p].[RecordedAt], [p].[ScheduleId]
FROM [PaymentBehaviorLogs] AS [p]
WHERE [p].[ScheduleId] = @scheduleId
2026-08-30 22:34:11.411 +05:30 [INF] Executed DbCommand (11ms) [Parameters=[@p9='?' (DbType = Int32), @p0='?' (DbType = Date), @p1='?' (Precision = 18) (Scale = 2) (DbType = Decimal), @p2='?' (DbType = Int32), @p3='?' (Precision = 18) (Scale = 2) (DbType = Decimal), @p4='?' (DbType = Int32), @p5='?' (Precision = 18) (Scale = 2) (DbType = Decimal), @p6='?' (DbType = Date), @p7='?' (Precision = 18) (Scale = 2) (DbType = Decimal), @p8='?' (Size = 30)], CommandType='"Text"', CommandTimeout='30']
SET IMPLICIT_TRANSACTIONS OFF;
SET NOCOUNT ON;
UPDATE [RepaymentSchedules] SET [DueDate] = @p0, [EMIAmount] = @p1, [InstallmentNumber] = @p2, [InterestAmount] = @p3, [LoanId] = @p4, [PaidAmount] = @p5, [PaidDate] = @p6, [PrincipalAmount] = @p7, [Status] = @p8
OUTPUT 1
WHERE [ScheduleId] = @p9;
2026-08-30 22:34:11.416 +05:30 [INF] Existing behavior log found for ScheduleId=75. Skipping log creation; schedule persisted as MISSED.
2026-08-30 22:34:11.425 +05:30 [INF] ScheduleId=75 was already MISSED. Not counted in processedCount.
2026-08-30 22:34:11.434 +05:30 [INF] Processing ScheduleId=4, LoanId=1, DueDate="2026-12-27", CurrentStatus=MISSED, PaidAmount=0.00, EMI=4614.49
2026-08-30 22:34:11.451 +05:30 [INF] Executed DbCommand (4ms) [Parameters=[@loanId='?' (DbType = Int32)], CommandType='"Text"', CommandTimeout='30']
SELECT TOP(1) [l].[LoanId], [l].[BorrowerId], [l].[CreatedAt], [l].[EMIAmount], [l].[EndDate], [l].[InterestRate], [l].[LoanOfficerId], [l].[OutstandingAmount], [l].[PrincipalAmount], [l].[StartDate], [l].[Status], [l].[TenureMonths]
FROM [LoanAccounts] AS [l]
WHERE [l].[LoanId] = @loanId
2026-08-30 22:34:11.458 +05:30 [INF] Executed DbCommand (2ms) [Parameters=[@scheduleId='?' (DbType = Int32)], CommandType='"Text"', CommandTimeout='30']
SELECT TOP(1) [p].[BehaviorLogId], [p].[BorrowerId], [p].[DaysLate], [p].[DueDate], [p].[LoanId], [p].[PaymentDate], [p].[PaymentStatus], [p].[RecordedAt], [p].[ScheduleId]
FROM [PaymentBehaviorLogs] AS [p]
WHERE [p].[ScheduleId] = @scheduleId
2026-08-30 22:34:11.545 +05:30 [INF] Executed DbCommand (33ms) [Parameters=[@p9='?' (DbType = Int32), @p0='?' (DbType = Date), @p1='?' (Precision = 18) (Scale = 2) (DbType = Decimal), @p2='?' (DbType = Int32), @p3='?' (Precision = 18) (Scale = 2) (DbType = Decimal), @p4='?' (DbType = Int32), @p5='?' (Precision = 18) (Scale = 2) (DbType = Decimal), @p6='?' (DbType = Date), @p7='?' (Precision = 18) (Scale = 2) (DbType = Decimal), @p8='?' (Size = 30)], CommandType='"Text"', CommandTimeout='30']
SET IMPLICIT_TRANSACTIONS OFF;
SET NOCOUNT ON;
UPDATE [RepaymentSchedules] SET [DueDate] = @p0, [EMIAmount] = @p1, [InstallmentNumber] = @p2, [InterestAmount] = @p3, [LoanId] = @p4, [PaidAmount] = @p5, [PaidDate] = @p6, [PrincipalAmount] = @p7, [Status] = @p8
OUTPUT 1
WHERE [ScheduleId] = @p9;
2026-08-30 22:34:11.625 +05:30 [INF] Existing behavior log found for ScheduleId=4. Skipping log creation; schedule persisted as MISSED.
2026-08-30 22:34:11.628 +05:30 [INF] ScheduleId=4 was already MISSED. Not counted in processedCount.
2026-08-30 22:34:11.641 +05:30 [INF] Processing ScheduleId=52, LoanId=3, DueDate="2026-12-28", CurrentStatus=MISSED, PaidAmount=0.00, EMI=115362.32
2026-08-30 22:34:11.706 +05:30 [INF] Executed DbCommand (19ms) [Parameters=[@loanId='?' (DbType = Int32)], CommandType='"Text"', CommandTimeout='30']
SELECT TOP(1) [l].[LoanId], [l].[BorrowerId], [l].[CreatedAt], [l].[EMIAmount], [l].[EndDate], [l].[InterestRate], [l].[LoanOfficerId], [l].[OutstandingAmount], [l].[PrincipalAmount], [l].[StartDate], [l].[Status], [l].[TenureMonths]
FROM [LoanAccounts] AS [l]
WHERE [l].[LoanId] = @loanId
2026-08-30 22:34:11.886 +05:30 [INF] Executed DbCommand (8ms) [Parameters=[@scheduleId='?' (DbType = Int32)], CommandType='"Text"', CommandTimeout='30']
SELECT TOP(1) [p].[BehaviorLogId], [p].[BorrowerId], [p].[DaysLate], [p].[DueDate], [p].[LoanId], [p].[PaymentDate], [p].[PaymentStatus], [p].[RecordedAt], [p].[ScheduleId]
FROM [PaymentBehaviorLogs] AS [p]
WHERE [p].[ScheduleId] = @scheduleId
2026-08-30 22:34:11.906 +05:30 [INF] Executed DbCommand (11ms) [Parameters=[@p9='?' (DbType = Int32), @p0='?' (DbType = Date), @p1='?' (Precision = 18) (Scale = 2) (DbType = Decimal), @p2='?' (DbType = Int32), @p3='?' (Precision = 18) (Scale = 2) (DbType = Decimal), @p4='?' (DbType = Int32), @p5='?' (Precision = 18) (Scale = 2) (DbType = Decimal), @p6='?' (DbType = Date), @p7='?' (Precision = 18) (Scale = 2) (DbType = Decimal), @p8='?' (Size = 30)], CommandType='"Text"', CommandTimeout='30']
SET IMPLICIT_TRANSACTIONS OFF;
SET NOCOUNT ON;
UPDATE [RepaymentSchedules] SET [DueDate] = @p0, [EMIAmount] = @p1, [InstallmentNumber] = @p2, [InterestAmount] = @p3, [LoanId] = @p4, [PaidAmount] = @p5, [PaidDate] = @p6, [PrincipalAmount] = @p7, [Status] = @p8
OUTPUT 1
WHERE [ScheduleId] = @p9;
2026-08-30 22:34:11.921 +05:30 [INF] Existing behavior log found for ScheduleId=52. Skipping log creation; schedule persisted as MISSED.
2026-08-30 22:34:11.927 +05:30 [INF] ScheduleId=52 was already MISSED. Not counted in processedCount.
2026-08-30 22:34:11.937 +05:30 [INF] Processing ScheduleId=76, LoanId=4, DueDate="2026-12-28", CurrentStatus=MISSED, PaidAmount=0.00, EMI=42119.43
2026-08-30 22:34:11.957 +05:30 [INF] Executed DbCommand (7ms) [Parameters=[@loanId='?' (DbType = Int32)], CommandType='"Text"', CommandTimeout='30']
SELECT TOP(1) [l].[LoanId], [l].[BorrowerId], [l].[CreatedAt], [l].[EMIAmount], [l].[EndDate], [l].[InterestRate], [l].[LoanOfficerId], [l].[OutstandingAmount], [l].[PrincipalAmount], [l].[StartDate], [l].[Status], [l].[TenureMonths]
FROM [LoanAccounts] AS [l]
WHERE [l].[LoanId] = @loanId
2026-08-30 22:34:12.006 +05:30 [INF] Executed DbCommand (11ms) [Parameters=[@scheduleId='?' (DbType = Int32)], CommandType='"Text"', CommandTimeout='30']
SELECT TOP(1) [p].[BehaviorLogId], [p].[BorrowerId], [p].[DaysLate], [p].[DueDate], [p].[LoanId], [p].[PaymentDate], [p].[PaymentStatus], [p].[RecordedAt], [p].[ScheduleId]
FROM [PaymentBehaviorLogs] AS [p]
WHERE [p].[ScheduleId] = @scheduleId
2026-08-30 22:34:12.073 +05:30 [INF] Executed DbCommand (14ms) [Parameters=[@p9='?' (DbType = Int32), @p0='?' (DbType = Date), @p1='?' (Precision = 18) (Scale = 2) (DbType = Decimal), @p2='?' (DbType = Int32), @p3='?' (Precision = 18) (Scale = 2) (DbType = Decimal), @p4='?' (DbType = Int32), @p5='?' (Precision = 18) (Scale = 2) (DbType = Decimal), @p6='?' (DbType = Date), @p7='?' (Precision = 18) (Scale = 2) (DbType = Decimal), @p8='?' (Size = 30)], CommandType='"Text"', CommandTimeout='30']
SET IMPLICIT_TRANSACTIONS OFF;
SET NOCOUNT ON;
UPDATE [RepaymentSchedules] SET [DueDate] = @p0, [EMIAmount] = @p1, [InstallmentNumber] = @p2, [InterestAmount] = @p3, [LoanId] = @p4, [PaidAmount] = @p5, [PaidDate] = @p6, [PrincipalAmount] = @p7, [Status] = @p8
OUTPUT 1
WHERE [ScheduleId] = @p9;
2026-08-30 22:34:12.139 +05:30 [INF] Existing behavior log found for ScheduleId=76. Skipping log creation; schedule persisted as MISSED.
2026-08-30 22:34:12.155 +05:30 [INF] ScheduleId=76 was already MISSED. Not counted in processedCount.
2026-08-30 22:34:12.160 +05:30 [INF] Processing ScheduleId=5, LoanId=1, DueDate="2027-01-27", CurrentStatus=MISSED, PaidAmount=0.00, EMI=4614.49
2026-08-30 22:34:12.176 +05:30 [INF] Executed DbCommand (5ms) [Parameters=[@loanId='?' (DbType = Int32)], CommandType='"Text"', CommandTimeout='30']
SELECT TOP(1) [l].[LoanId], [l].[BorrowerId], [l].[CreatedAt], [l].[EMIAmount], [l].[EndDate], [l].[InterestRate], [l].[LoanOfficerId], [l].[OutstandingAmount], [l].[PrincipalAmount], [l].[StartDate], [l].[Status], [l].[TenureMonths]
FROM [LoanAccounts] AS [l]
WHERE [l].[LoanId] = @loanId
2026-08-30 22:34:12.208 +05:30 [INF] Executed DbCommand (10ms) [Parameters=[@scheduleId='?' (DbType = Int32)], CommandType='"Text"', CommandTimeout='30']
SELECT TOP(1) [p].[BehaviorLogId], [p].[BorrowerId], [p].[DaysLate], [p].[DueDate], [p].[LoanId], [p].[PaymentDate], [p].[PaymentStatus], [p].[RecordedAt], [p].[ScheduleId]
FROM [PaymentBehaviorLogs] AS [p]
WHERE [p].[ScheduleId] = @scheduleId
2026-08-30 22:34:12.244 +05:30 [INF] Executed DbCommand (18ms) [Parameters=[@p9='?' (DbType = Int32), @p0='?' (DbType = Date), @p1='?' (Precision = 18) (Scale = 2) (DbType = Decimal), @p2='?' (DbType = Int32), @p3='?' (Precision = 18) (Scale = 2) (DbType = Decimal), @p4='?' (DbType = Int32), @p5='?' (Precision = 18) (Scale = 2) (DbType = Decimal), @p6='?' (DbType = Date), @p7='?' (Precision = 18) (Scale = 2) (DbType = Decimal), @p8='?' (Size = 30)], CommandType='"Text"', CommandTimeout='30']
SET IMPLICIT_TRANSACTIONS OFF;
SET NOCOUNT ON;
UPDATE [RepaymentSchedules] SET [DueDate] = @p0, [EMIAmount] = @p1, [InstallmentNumber] = @p2, [InterestAmount] = @p3, [LoanId] = @p4, [PaidAmount] = @p5, [PaidDate] = @p6, [PrincipalAmount] = @p7, [Status] = @p8
OUTPUT 1
WHERE [ScheduleId] = @p9;
2026-08-30 22:34:12.297 +05:30 [INF] Existing behavior log found for ScheduleId=5. Skipping log creation; schedule persisted as MISSED.
2026-08-30 22:34:12.328 +05:30 [INF] ScheduleId=5 was already MISSED. Not counted in processedCount.
2026-08-30 22:34:12.358 +05:30 [INF] Processing ScheduleId=53, LoanId=3, DueDate="2027-01-28", CurrentStatus=MISSED, PaidAmount=0.00, EMI=115362.32
2026-08-30 22:34:12.403 +05:30 [INF] Executed DbCommand (9ms) [Parameters=[@loanId='?' (DbType = Int32)], CommandType='"Text"', CommandTimeout='30']
SELECT TOP(1) [l].[LoanId], [l].[BorrowerId], [l].[CreatedAt], [l].[EMIAmount], [l].[EndDate], [l].[InterestRate], [l].[LoanOfficerId], [l].[OutstandingAmount], [l].[PrincipalAmount], [l].[StartDate], [l].[Status], [l].[TenureMonths]
FROM [LoanAccounts] AS [l]
WHERE [l].[LoanId] = @loanId
2026-08-30 22:34:12.418 +05:30 [INF] Executed DbCommand (6ms) [Parameters=[@scheduleId='?' (DbType = Int32)], CommandType='"Text"', CommandTimeout='30']
SELECT TOP(1) [p].[BehaviorLogId], [p].[BorrowerId], [p].[DaysLate], [p].[DueDate], [p].[LoanId], [p].[PaymentDate], [p].[PaymentStatus], [p].[RecordedAt], [p].[ScheduleId]
FROM [PaymentBehaviorLogs] AS [p]
WHERE [p].[ScheduleId] = @scheduleId
2026-08-30 22:34:12.436 +05:30 [INF] Executed DbCommand (11ms) [Parameters=[@p9='?' (DbType = Int32), @p0='?' (DbType = Date), @p1='?' (Precision = 18) (Scale = 2) (DbType = Decimal), @p2='?' (DbType = Int32), @p3='?' (Precision = 18) (Scale = 2) (DbType = Decimal), @p4='?' (DbType = Int32), @p5='?' (Precision = 18) (Scale = 2) (DbType = Decimal), @p6='?' (DbType = Date), @p7='?' (Precision = 18) (Scale = 2) (DbType = Decimal), @p8='?' (Size = 30)], CommandType='"Text"', CommandTimeout='30']
SET IMPLICIT_TRANSACTIONS OFF;
SET NOCOUNT ON;
UPDATE [RepaymentSchedules] SET [DueDate] = @p0, [EMIAmount] = @p1, [InstallmentNumber] = @p2, [InterestAmount] = @p3, [LoanId] = @p4, [PaidAmount] = @p5, [PaidDate] = @p6, [PrincipalAmount] = @p7, [Status] = @p8
OUTPUT 1
WHERE [ScheduleId] = @p9;
2026-08-30 22:34:12.442 +05:30 [INF] Existing behavior log found for ScheduleId=53. Skipping log creation; schedule persisted as MISSED.
2026-08-30 22:34:12.444 +05:30 [INF] ScheduleId=53 was already MISSED. Not counted in processedCount.
2026-08-30 22:34:12.450 +05:30 [INF] Processing ScheduleId=77, LoanId=4, DueDate="2027-01-28", CurrentStatus=MISSED, PaidAmount=0.00, EMI=42119.43
2026-08-30 22:34:12.456 +05:30 [INF] Executed DbCommand (1ms) [Parameters=[@loanId='?' (DbType = Int32)], CommandType='"Text"', CommandTimeout='30']
SELECT TOP(1) [l].[LoanId], [l].[BorrowerId], [l].[CreatedAt], [l].[EMIAmount], [l].[EndDate], [l].[InterestRate], [l].[LoanOfficerId], [l].[OutstandingAmount], [l].[PrincipalAmount], [l].[StartDate], [l].[Status], [l].[TenureMonths]
FROM [LoanAccounts] AS [l]
WHERE [l].[LoanId] = @loanId
2026-08-30 22:34:12.474 +05:30 [INF] Executed DbCommand (1ms) [Parameters=[@scheduleId='?' (DbType = Int32)], CommandType='"Text"', CommandTimeout='30']
SELECT TOP(1) [p].[BehaviorLogId], [p].[BorrowerId], [p].[DaysLate], [p].[DueDate], [p].[LoanId], [p].[PaymentDate], [p].[PaymentStatus], [p].[RecordedAt], [p].[ScheduleId]
FROM [PaymentBehaviorLogs] AS [p]
WHERE [p].[ScheduleId] = @scheduleId
2026-08-30 22:34:12.512 +05:30 [INF] Executed DbCommand (11ms) [Parameters=[@p9='?' (DbType = Int32), @p0='?' (DbType = Date), @p1='?' (Precision = 18) (Scale = 2) (DbType = Decimal), @p2='?' (DbType = Int32), @p3='?' (Precision = 18) (Scale = 2) (DbType = Decimal), @p4='?' (DbType = Int32), @p5='?' (Precision = 18) (Scale = 2) (DbType = Decimal), @p6='?' (DbType = Date), @p7='?' (Precision = 18) (Scale = 2) (DbType = Decimal), @p8='?' (Size = 30)], CommandType='"Text"', CommandTimeout='30']
SET IMPLICIT_TRANSACTIONS OFF;
SET NOCOUNT ON;
UPDATE [RepaymentSchedules] SET [DueDate] = @p0, [EMIAmount] = @p1, [InstallmentNumber] = @p2, [InterestAmount] = @p3, [LoanId] = @p4, [PaidAmount] = @p5, [PaidDate] = @p6, [PrincipalAmount] = @p7, [Status] = @p8
OUTPUT 1
WHERE [ScheduleId] = @p9;
2026-08-30 22:34:12.542 +05:30 [INF] Existing behavior log found for ScheduleId=77. Skipping log creation; schedule persisted as MISSED.
2026-08-30 22:34:12.560 +05:30 [INF] ScheduleId=77 was already MISSED. Not counted in processedCount.
2026-08-30 22:34:12.577 +05:30 [INF] Processing ScheduleId=6, LoanId=1, DueDate="2027-02-27", CurrentStatus=MISSED, PaidAmount=0.00, EMI=4614.49
2026-08-30 22:34:12.605 +05:30 [INF] Executed DbCommand (4ms) [Parameters=[@loanId='?' (DbType = Int32)], CommandType='"Text"', CommandTimeout='30']
SELECT TOP(1) [l].[LoanId], [l].[BorrowerId], [l].[CreatedAt], [l].[EMIAmount], [l].[EndDate], [l].[InterestRate], [l].[LoanOfficerId], [l].[OutstandingAmount], [l].[PrincipalAmount], [l].[StartDate], [l].[Status], [l].[TenureMonths]
FROM [LoanAccounts] AS [l]
WHERE [l].[LoanId] = @loanId
2026-08-30 22:34:12.637 +05:30 [INF] Executed DbCommand (11ms) [Parameters=[@scheduleId='?' (DbType = Int32)], CommandType='"Text"', CommandTimeout='30']
SELECT TOP(1) [p].[BehaviorLogId], [p].[BorrowerId], [p].[DaysLate], [p].[DueDate], [p].[LoanId], [p].[PaymentDate], [p].[PaymentStatus], [p].[RecordedAt], [p].[ScheduleId]
FROM [PaymentBehaviorLogs] AS [p]
WHERE [p].[ScheduleId] = @scheduleId
2026-08-30 22:34:12.689 +05:30 [INF] Executed DbCommand (17ms) [Parameters=[@p9='?' (DbType = Int32), @p0='?' (DbType = Date), @p1='?' (Precision = 18) (Scale = 2) (DbType = Decimal), @p2='?' (DbType = Int32), @p3='?' (Precision = 18) (Scale = 2) (DbType = Decimal), @p4='?' (DbType = Int32), @p5='?' (Precision = 18) (Scale = 2) (DbType = Decimal), @p6='?' (DbType = Date), @p7='?' (Precision = 18) (Scale = 2) (DbType = Decimal), @p8='?' (Size = 30)], CommandType='"Text"', CommandTimeout='30']
SET IMPLICIT_TRANSACTIONS OFF;
SET NOCOUNT ON;
UPDATE [RepaymentSchedules] SET [DueDate] = @p0, [EMIAmount] = @p1, [InstallmentNumber] = @p2, [InterestAmount] = @p3, [LoanId] = @p4, [PaidAmount] = @p5, [PaidDate] = @p6, [PrincipalAmount] = @p7, [Status] = @p8
OUTPUT 1
WHERE [ScheduleId] = @p9;
2026-08-30 22:34:12.697 +05:30 [INF] Existing behavior log found for ScheduleId=6. Skipping log creation; schedule persisted as MISSED.
2026-08-30 22:34:12.702 +05:30 [INF] ScheduleId=6 was already MISSED. Not counted in processedCount.
2026-08-30 22:34:12.704 +05:30 [INF] Processing ScheduleId=54, LoanId=3, DueDate="2027-02-28", CurrentStatus=MISSED, PaidAmount=0.00, EMI=115362.32
2026-08-30 22:34:12.720 +05:30 [INF] Executed DbCommand (9ms) [Parameters=[@loanId='?' (DbType = Int32)], CommandType='"Text"', CommandTimeout='30']
SELECT TOP(1) [l].[LoanId], [l].[BorrowerId], [l].[CreatedAt], [l].[EMIAmount], [l].[EndDate], [l].[InterestRate], [l].[LoanOfficerId], [l].[OutstandingAmount], [l].[PrincipalAmount], [l].[StartDate], [l].[Status], [l].[TenureMonths]
FROM [LoanAccounts] AS [l]
WHERE [l].[LoanId] = @loanId
2026-08-30 22:34:12.734 +05:30 [INF] Executed DbCommand (8ms) [Parameters=[@scheduleId='?' (DbType = Int32)], CommandType='"Text"', CommandTimeout='30']
SELECT TOP(1) [p].[BehaviorLogId], [p].[BorrowerId], [p].[DaysLate], [p].[DueDate], [p].[LoanId], [p].[PaymentDate], [p].[PaymentStatus], [p].[RecordedAt], [p].[ScheduleId]
FROM [PaymentBehaviorLogs] AS [p]
WHERE [p].[ScheduleId] = @scheduleId
2026-08-30 22:34:12.741 +05:30 [INF] Executed DbCommand (1ms) [Parameters=[@p9='?' (DbType = Int32), @p0='?' (DbType = Date), @p1='?' (Precision = 18) (Scale = 2) (DbType = Decimal), @p2='?' (DbType = Int32), @p3='?' (Precision = 18) (Scale = 2) (DbType = Decimal), @p4='?' (DbType = Int32), @p5='?' (Precision = 18) (Scale = 2) (DbType = Decimal), @p6='?' (DbType = Date), @p7='?' (Precision = 18) (Scale = 2) (DbType = Decimal), @p8='?' (Size = 30)], CommandType='"Text"', CommandTimeout='30']
SET IMPLICIT_TRANSACTIONS OFF;
SET NOCOUNT ON;
UPDATE [RepaymentSchedules] SET [DueDate] = @p0, [EMIAmount] = @p1, [InstallmentNumber] = @p2, [InterestAmount] = @p3, [LoanId] = @p4, [PaidAmount] = @p5, [PaidDate] = @p6, [PrincipalAmount] = @p7, [Status] = @p8
OUTPUT 1
WHERE [ScheduleId] = @p9;
2026-08-30 22:34:12.761 +05:30 [INF] Existing behavior log found for ScheduleId=54. Skipping log creation; schedule persisted as MISSED.
2026-08-30 22:34:12.770 +05:30 [INF] ScheduleId=54 was already MISSED. Not counted in processedCount.
2026-08-30 22:34:12.787 +05:30 [INF] Processing ScheduleId=78, LoanId=4, DueDate="2027-02-28", CurrentStatus=MISSED, PaidAmount=0.00, EMI=42119.43
2026-08-30 22:34:12.820 +05:30 [INF] Executed DbCommand (9ms) [Parameters=[@loanId='?' (DbType = Int32)], CommandType='"Text"', CommandTimeout='30']
SELECT TOP(1) [l].[LoanId], [l].[BorrowerId], [l].[CreatedAt], [l].[EMIAmount], [l].[EndDate], [l].[InterestRate], [l].[LoanOfficerId], [l].[OutstandingAmount], [l].[PrincipalAmount], [l].[StartDate], [l].[Status], [l].[TenureMonths]
FROM [LoanAccounts] AS [l]
WHERE [l].[LoanId] = @loanId
2026-08-30 22:34:12.839 +05:30 [INF] Executed DbCommand (5ms) [Parameters=[@scheduleId='?' (DbType = Int32)], CommandType='"Text"', CommandTimeout='30']
SELECT TOP(1) [p].[BehaviorLogId], [p].[BorrowerId], [p].[DaysLate], [p].[DueDate], [p].[LoanId], [p].[PaymentDate], [p].[PaymentStatus], [p].[RecordedAt], [p].[ScheduleId]
FROM [PaymentBehaviorLogs] AS [p]
WHERE [p].[ScheduleId] = @scheduleId
2026-08-30 22:34:12.865 +05:30 [INF] Executed DbCommand (14ms) [Parameters=[@p9='?' (DbType = Int32), @p0='?' (DbType = Date), @p1='?' (Precision = 18) (Scale = 2) (DbType = Decimal), @p2='?' (DbType = Int32), @p3='?' (Precision = 18) (Scale = 2) (DbType = Decimal), @p4='?' (DbType = Int32), @p5='?' (Precision = 18) (Scale = 2) (DbType = Decimal), @p6='?' (DbType = Date), @p7='?' (Precision = 18) (Scale = 2) (DbType = Decimal), @p8='?' (Size = 30)], CommandType='"Text"', CommandTimeout='30']
SET IMPLICIT_TRANSACTIONS OFF;
SET NOCOUNT ON;
UPDATE [RepaymentSchedules] SET [DueDate] = @p0, [EMIAmount] = @p1, [InstallmentNumber] = @p2, [InterestAmount] = @p3, [LoanId] = @p4, [PaidAmount] = @p5, [PaidDate] = @p6, [PrincipalAmount] = @p7, [Status] = @p8
OUTPUT 1
WHERE [ScheduleId] = @p9;
2026-08-30 22:34:12.933 +05:30 [INF] Existing behavior log found for ScheduleId=78. Skipping log creation; schedule persisted as MISSED.
2026-08-30 22:34:12.943 +05:30 [INF] ScheduleId=78 was already MISSED. Not counted in processedCount.
2026-08-30 22:34:12.956 +05:30 [INF] Processing ScheduleId=7, LoanId=1, DueDate="2027-03-27", CurrentStatus=MISSED, PaidAmount=0.00, EMI=4614.49
2026-08-30 22:34:12.976 +05:30 [INF] Executed DbCommand (5ms) [Parameters=[@loanId='?' (DbType = Int32)], CommandType='"Text"', CommandTimeout='30']
SELECT TOP(1) [l].[LoanId], [l].[BorrowerId], [l].[CreatedAt], [l].[EMIAmount], [l].[EndDate], [l].[InterestRate], [l].[LoanOfficerId], [l].[OutstandingAmount], [l].[PrincipalAmount], [l].[StartDate], [l].[Status], [l].[TenureMonths]
FROM [LoanAccounts] AS [l]
WHERE [l].[LoanId] = @loanId
2026-08-30 22:34:13.010 +05:30 [INF] Executed DbCommand (11ms) [Parameters=[@scheduleId='?' (DbType = Int32)], CommandType='"Text"', CommandTimeout='30']
SELECT TOP(1) [p].[BehaviorLogId], [p].[BorrowerId], [p].[DaysLate], [p].[DueDate], [p].[LoanId], [p].[PaymentDate], [p].[PaymentStatus], [p].[RecordedAt], [p].[ScheduleId]
FROM [PaymentBehaviorLogs] AS [p]
WHERE [p].[ScheduleId] = @scheduleId
2026-08-30 22:34:13.110 +05:30 [INF] Executed DbCommand (9ms) [Parameters=[@p9='?' (DbType = Int32), @p0='?' (DbType = Date), @p1='?' (Precision = 18) (Scale = 2) (DbType = Decimal), @p2='?' (DbType = Int32), @p3='?' (Precision = 18) (Scale = 2) (DbType = Decimal), @p4='?' (DbType = Int32), @p5='?' (Precision = 18) (Scale = 2) (DbType = Decimal), @p6='?' (DbType = Date), @p7='?' (Precision = 18) (Scale = 2) (DbType = Decimal), @p8='?' (Size = 30)], CommandType='"Text"', CommandTimeout='30']
SET IMPLICIT_TRANSACTIONS OFF;
SET NOCOUNT ON;
UPDATE [RepaymentSchedules] SET [DueDate] = @p0, [EMIAmount] = @p1, [InstallmentNumber] = @p2, [InterestAmount] = @p3, [LoanId] = @p4, [PaidAmount] = @p5, [PaidDate] = @p6, [PrincipalAmount] = @p7, [Status] = @p8
OUTPUT 1
WHERE [ScheduleId] = @p9;
2026-08-30 22:34:13.188 +05:30 [INF] Existing behavior log found for ScheduleId=7. Skipping log creation; schedule persisted as MISSED.
2026-08-30 22:34:13.195 +05:30 [INF] ScheduleId=7 was already MISSED. Not counted in processedCount.
2026-08-30 22:34:13.204 +05:30 [INF] Processing ScheduleId=55, LoanId=3, DueDate="2027-03-28", CurrentStatus=MISSED, PaidAmount=0.00, EMI=115362.32
2026-08-30 22:34:13.239 +05:30 [INF] Executed DbCommand (15ms) [Parameters=[@loanId='?' (DbType = Int32)], CommandType='"Text"', CommandTimeout='30']
SELECT TOP(1) [l].[LoanId], [l].[BorrowerId], [l].[CreatedAt], [l].[EMIAmount], [l].[EndDate], [l].[InterestRate], [l].[LoanOfficerId], [l].[OutstandingAmount], [l].[PrincipalAmount], [l].[StartDate], [l].[Status], [l].[TenureMonths]
FROM [LoanAccounts] AS [l]
WHERE [l].[LoanId] = @loanId
2026-08-30 22:34:13.256 +05:30 [INF] Executed DbCommand (3ms) [Parameters=[@scheduleId='?' (DbType = Int32)], CommandType='"Text"', CommandTimeout='30']
SELECT TOP(1) [p].[BehaviorLogId], [p].[BorrowerId], [p].[DaysLate], [p].[DueDate], [p].[LoanId], [p].[PaymentDate], [p].[PaymentStatus], [p].[RecordedAt], [p].[ScheduleId]
FROM [PaymentBehaviorLogs] AS [p]
WHERE [p].[ScheduleId] = @scheduleId
2026-08-30 22:34:13.351 +05:30 [INF] Executed DbCommand (22ms) [Parameters=[@p9='?' (DbType = Int32), @p0='?' (DbType = Date), @p1='?' (Precision = 18) (Scale = 2) (DbType = Decimal), @p2='?' (DbType = Int32), @p3='?' (Precision = 18) (Scale = 2) (DbType = Decimal), @p4='?' (DbType = Int32), @p5='?' (Precision = 18) (Scale = 2) (DbType = Decimal), @p6='?' (DbType = Date), @p7='?' (Precision = 18) (Scale = 2) (DbType = Decimal), @p8='?' (Size = 30)], CommandType='"Text"', CommandTimeout='30']
SET IMPLICIT_TRANSACTIONS OFF;
SET NOCOUNT ON;
UPDATE [RepaymentSchedules] SET [DueDate] = @p0, [EMIAmount] = @p1, [InstallmentNumber] = @p2, [InterestAmount] = @p3, [LoanId] = @p4, [PaidAmount] = @p5, [PaidDate] = @p6, [PrincipalAmount] = @p7, [Status] = @p8
OUTPUT 1
WHERE [ScheduleId] = @p9;
2026-08-30 22:34:13.387 +05:30 [INF] Existing behavior log found for ScheduleId=55. Skipping log creation; schedule persisted as MISSED.
2026-08-30 22:34:13.395 +05:30 [INF] ScheduleId=55 was already MISSED. Not counted in processedCount.
2026-08-30 22:34:13.407 +05:30 [INF] Processing ScheduleId=79, LoanId=4, DueDate="2027-03-28", CurrentStatus=MISSED, PaidAmount=0.00, EMI=42119.43
2026-08-30 22:34:13.436 +05:30 [INF] Executed DbCommand (9ms) [Parameters=[@loanId='?' (DbType = Int32)], CommandType='"Text"', CommandTimeout='30']
SELECT TOP(1) [l].[LoanId], [l].[BorrowerId], [l].[CreatedAt], [l].[EMIAmount], [l].[EndDate], [l].[InterestRate], [l].[LoanOfficerId], [l].[OutstandingAmount], [l].[PrincipalAmount], [l].[StartDate], [l].[Status], [l].[TenureMonths]
FROM [LoanAccounts] AS [l]
WHERE [l].[LoanId] = @loanId
2026-08-30 22:34:13.452 +05:30 [INF] Executed DbCommand (6ms) [Parameters=[@scheduleId='?' (DbType = Int32)], CommandType='"Text"', CommandTimeout='30']
SELECT TOP(1) [p].[BehaviorLogId], [p].[BorrowerId], [p].[DaysLate], [p].[DueDate], [p].[LoanId], [p].[PaymentDate], [p].[PaymentStatus], [p].[RecordedAt], [p].[ScheduleId]
FROM [PaymentBehaviorLogs] AS [p]
WHERE [p].[ScheduleId] = @scheduleId
2026-08-30 22:34:13.474 +05:30 [INF] Executed DbCommand (12ms) [Parameters=[@p9='?' (DbType = Int32), @p0='?' (DbType = Date), @p1='?' (Precision = 18) (Scale = 2) (DbType = Decimal), @p2='?' (DbType = Int32), @p3='?' (Precision = 18) (Scale = 2) (DbType = Decimal), @p4='?' (DbType = Int32), @p5='?' (Precision = 18) (Scale = 2) (DbType = Decimal), @p6='?' (DbType = Date), @p7='?' (Precision = 18) (Scale = 2) (DbType = Decimal), @p8='?' (Size = 30)], CommandType='"Text"', CommandTimeout='30']
SET IMPLICIT_TRANSACTIONS OFF;
SET NOCOUNT ON;
UPDATE [RepaymentSchedules] SET [DueDate] = @p0, [EMIAmount] = @p1, [InstallmentNumber] = @p2, [InterestAmount] = @p3, [LoanId] = @p4, [PaidAmount] = @p5, [PaidDate] = @p6, [PrincipalAmount] = @p7, [Status] = @p8
OUTPUT 1
WHERE [ScheduleId] = @p9;
2026-08-30 22:34:13.487 +05:30 [INF] Existing behavior log found for ScheduleId=79. Skipping log creation; schedule persisted as MISSED.
2026-08-30 22:34:13.495 +05:30 [INF] ScheduleId=79 was already MISSED. Not counted in processedCount.
2026-08-30 22:34:13.507 +05:30 [INF] Processing ScheduleId=8, LoanId=1, DueDate="2027-04-27", CurrentStatus=MISSED, PaidAmount=0.00, EMI=4614.49
2026-08-30 22:34:13.576 +05:30 [INF] Executed DbCommand (5ms) [Parameters=[@loanId='?' (DbType = Int32)], CommandType='"Text"', CommandTimeout='30']
SELECT TOP(1) [l].[LoanId], [l].[BorrowerId], [l].[CreatedAt], [l].[EMIAmount], [l].[EndDate], [l].[InterestRate], [l].[LoanOfficerId], [l].[OutstandingAmount], [l].[PrincipalAmount], [l].[StartDate], [l].[Status], [l].[TenureMonths]
FROM [LoanAccounts] AS [l]
WHERE [l].[LoanId] = @loanId
2026-08-30 22:34:13.621 +05:30 [INF] Executed DbCommand (10ms) [Parameters=[@scheduleId='?' (DbType = Int32)], CommandType='"Text"', CommandTimeout='30']
SELECT TOP(1) [p].[BehaviorLogId], [p].[BorrowerId], [p].[DaysLate], [p].[DueDate], [p].[LoanId], [p].[PaymentDate], [p].[PaymentStatus], [p].[RecordedAt], [p].[ScheduleId]
FROM [PaymentBehaviorLogs] AS [p]
WHERE [p].[ScheduleId] = @scheduleId
2026-08-30 22:34:13.819 +05:30 [INF] Executed DbCommand (125ms) [Parameters=[@p9='?' (DbType = Int32), @p0='?' (DbType = Date), @p1='?' (Precision = 18) (Scale = 2) (DbType = Decimal), @p2='?' (DbType = Int32), @p3='?' (Precision = 18) (Scale = 2) (DbType = Decimal), @p4='?' (DbType = Int32), @p5='?' (Precision = 18) (Scale = 2) (DbType = Decimal), @p6='?' (DbType = Date), @p7='?' (Precision = 18) (Scale = 2) (DbType = Decimal), @p8='?' (Size = 30)], CommandType='"Text"', CommandTimeout='30']
SET IMPLICIT_TRANSACTIONS OFF;
SET NOCOUNT ON;
UPDATE [RepaymentSchedules] SET [DueDate] = @p0, [EMIAmount] = @p1, [InstallmentNumber] = @p2, [InterestAmount] = @p3, [LoanId] = @p4, [PaidAmount] = @p5, [PaidDate] = @p6, [PrincipalAmount] = @p7, [Status] = @p8
OUTPUT 1
WHERE [ScheduleId] = @p9;
2026-08-30 22:34:13.861 +05:30 [INF] Existing behavior log found for ScheduleId=8. Skipping log creation; schedule persisted as MISSED.
2026-08-30 22:34:13.912 +05:30 [INF] ScheduleId=8 was already MISSED. Not counted in processedCount.
2026-08-30 22:34:13.944 +05:30 [INF] Processing ScheduleId=56, LoanId=3, DueDate="2027-04-28", CurrentStatus=MISSED, PaidAmount=0.00, EMI=115362.32
2026-08-30 22:34:13.970 +05:30 [INF] Executed DbCommand (9ms) [Parameters=[@loanId='?' (DbType = Int32)], CommandType='"Text"', CommandTimeout='30']
SELECT TOP(1) [l].[LoanId], [l].[BorrowerId], [l].[CreatedAt], [l].[EMIAmount], [l].[EndDate], [l].[InterestRate], [l].[LoanOfficerId], [l].[OutstandingAmount], [l].[PrincipalAmount], [l].[StartDate], [l].[Status], [l].[TenureMonths]
FROM [LoanAccounts] AS [l]
WHERE [l].[LoanId] = @loanId
2026-08-30 22:34:13.988 +05:30 [INF] Executed DbCommand (4ms) [Parameters=[@scheduleId='?' (DbType = Int32)], CommandType='"Text"', CommandTimeout='30']
SELECT TOP(1) [p].[BehaviorLogId], [p].[BorrowerId], [p].[DaysLate], [p].[DueDate], [p].[LoanId], [p].[PaymentDate], [p].[PaymentStatus], [p].[RecordedAt], [p].[ScheduleId]
FROM [PaymentBehaviorLogs] AS [p]
WHERE [p].[ScheduleId] = @scheduleId
2026-08-30 22:34:14.042 +05:30 [INF] Executed DbCommand (20ms) [Parameters=[@p9='?' (DbType = Int32), @p0='?' (DbType = Date), @p1='?' (Precision = 18) (Scale = 2) (DbType = Decimal), @p2='?' (DbType = Int32), @p3='?' (Precision = 18) (Scale = 2) (DbType = Decimal), @p4='?' (DbType = Int32), @p5='?' (Precision = 18) (Scale = 2) (DbType = Decimal), @p6='?' (DbType = Date), @p7='?' (Precision = 18) (Scale = 2) (DbType = Decimal), @p8='?' (Size = 30)], CommandType='"Text"', CommandTimeout='30']
SET IMPLICIT_TRANSACTIONS OFF;
SET NOCOUNT ON;
UPDATE [RepaymentSchedules] SET [DueDate] = @p0, [EMIAmount] = @p1, [InstallmentNumber] = @p2, [InterestAmount] = @p3, [LoanId] = @p4, [PaidAmount] = @p5, [PaidDate] = @p6, [PrincipalAmount] = @p7, [Status] = @p8
OUTPUT 1
WHERE [ScheduleId] = @p9;
2026-08-30 22:34:14.153 +05:30 [INF] Existing behavior log found for ScheduleId=56. Skipping log creation; schedule persisted as MISSED.
2026-08-30 22:34:14.172 +05:30 [INF] ScheduleId=56 was already MISSED. Not counted in processedCount.
2026-08-30 22:34:14.198 +05:30 [INF] Processing ScheduleId=80, LoanId=4, DueDate="2027-04-28", CurrentStatus=MISSED, PaidAmount=0.00, EMI=42119.43
2026-08-30 22:34:14.273 +05:30 [INF] Executed DbCommand (5ms) [Parameters=[@loanId='?' (DbType = Int32)], CommandType='"Text"', CommandTimeout='30']
SELECT TOP(1) [l].[LoanId], [l].[BorrowerId], [l].[CreatedAt], [l].[EMIAmount], [l].[EndDate], [l].[InterestRate], [l].[LoanOfficerId], [l].[OutstandingAmount], [l].[PrincipalAmount], [l].[StartDate], [l].[Status], [l].[TenureMonths]
FROM [LoanAccounts] AS [l]
WHERE [l].[LoanId] = @loanId
2026-08-30 22:34:14.323 +05:30 [INF] Executed DbCommand (30ms) [Parameters=[@scheduleId='?' (DbType = Int32)], CommandType='"Text"', CommandTimeout='30']
SELECT TOP(1) [p].[BehaviorLogId], [p].[BorrowerId], [p].[DaysLate], [p].[DueDate], [p].[LoanId], [p].[PaymentDate], [p].[PaymentStatus], [p].[RecordedAt], [p].[ScheduleId]
FROM [PaymentBehaviorLogs] AS [p]
WHERE [p].[ScheduleId] = @scheduleId
2026-08-30 22:34:14.423 +05:30 [INF] Executed DbCommand (28ms) [Parameters=[@p9='?' (DbType = Int32), @p0='?' (DbType = Date), @p1='?' (Precision = 18) (Scale = 2) (DbType = Decimal), @p2='?' (DbType = Int32), @p3='?' (Precision = 18) (Scale = 2) (DbType = Decimal), @p4='?' (DbType = Int32), @p5='?' (Precision = 18) (Scale = 2) (DbType = Decimal), @p6='?' (DbType = Date), @p7='?' (Precision = 18) (Scale = 2) (DbType = Decimal), @p8='?' (Size = 30)], CommandType='"Text"', CommandTimeout='30']
SET IMPLICIT_TRANSACTIONS OFF;
SET NOCOUNT ON;
UPDATE [RepaymentSchedules] SET [DueDate] = @p0, [EMIAmount] = @p1, [InstallmentNumber] = @p2, [InterestAmount] = @p3, [LoanId] = @p4, [PaidAmount] = @p5, [PaidDate] = @p6, [PrincipalAmount] = @p7, [Status] = @p8
OUTPUT 1
WHERE [ScheduleId] = @p9;
2026-08-30 22:34:14.441 +05:30 [INF] Existing behavior log found for ScheduleId=80. Skipping log creation; schedule persisted as MISSED.
2026-08-30 22:34:14.453 +05:30 [INF] ScheduleId=80 was already MISSED. Not counted in processedCount.
2026-08-30 22:34:14.458 +05:30 [INF] Processing ScheduleId=33, LoanId=2, DueDate="2027-05-27", CurrentStatus=MISSED, PaidAmount=0.00, EMI=55373.91
2026-08-30 22:34:14.477 +05:30 [INF] Executed DbCommand (6ms) [Parameters=[@loanId='?' (DbType = Int32)], CommandType='"Text"', CommandTimeout='30']
SELECT TOP(1) [l].[LoanId], [l].[BorrowerId], [l].[CreatedAt], [l].[EMIAmount], [l].[EndDate], [l].[InterestRate], [l].[LoanOfficerId], [l].[OutstandingAmount], [l].[PrincipalAmount], [l].[StartDate], [l].[Status], [l].[TenureMonths]
FROM [LoanAccounts] AS [l]
WHERE [l].[LoanId] = @loanId
2026-08-30 22:34:14.488 +05:30 [INF] Executed DbCommand (2ms) [Parameters=[@scheduleId='?' (DbType = Int32)], CommandType='"Text"', CommandTimeout='30']
SELECT TOP(1) [p].[BehaviorLogId], [p].[BorrowerId], [p].[DaysLate], [p].[DueDate], [p].[LoanId], [p].[PaymentDate], [p].[PaymentStatus], [p].[RecordedAt], [p].[ScheduleId]
FROM [PaymentBehaviorLogs] AS [p]
WHERE [p].[ScheduleId] = @scheduleId
2026-08-30 22:34:14.502 +05:30 [INF] Executed DbCommand (4ms) [Parameters=[@p9='?' (DbType = Int32), @p0='?' (DbType = Date), @p1='?' (Precision = 18) (Scale = 2) (DbType = Decimal), @p2='?' (DbType = Int32), @p3='?' (Precision = 18) (Scale = 2) (DbType = Decimal), @p4='?' (DbType = Int32), @p5='?' (Precision = 18) (Scale = 2) (DbType = Decimal), @p6='?' (DbType = Date), @p7='?' (Precision = 18) (Scale = 2) (DbType = Decimal), @p8='?' (Size = 30)], CommandType='"Text"', CommandTimeout='30']
SET IMPLICIT_TRANSACTIONS OFF;
SET NOCOUNT ON;
UPDATE [RepaymentSchedules] SET [DueDate] = @p0, [EMIAmount] = @p1, [InstallmentNumber] = @p2, [InterestAmount] = @p3, [LoanId] = @p4, [PaidAmount] = @p5, [PaidDate] = @p6, [PrincipalAmount] = @p7, [Status] = @p8
OUTPUT 1
WHERE [ScheduleId] = @p9;
2026-08-30 22:34:14.509 +05:30 [INF] Existing behavior log found for ScheduleId=33. Skipping log creation; schedule persisted as MISSED.
2026-08-30 22:34:14.511 +05:30 [INF] ScheduleId=33 was already MISSED. Not counted in processedCount.
2026-08-30 22:34:14.519 +05:30 [INF] Processing ScheduleId=9, LoanId=1, DueDate="2027-05-27", CurrentStatus=MISSED, PaidAmount=0.00, EMI=4614.49
2026-08-30 22:34:14.526 +05:30 [INF] Executed DbCommand (1ms) [Parameters=[@loanId='?' (DbType = Int32)], CommandType='"Text"', CommandTimeout='30']
SELECT TOP(1) [l].[LoanId], [l].[BorrowerId], [l].[CreatedAt], [l].[EMIAmount], [l].[EndDate], [l].[InterestRate], [l].[LoanOfficerId], [l].[OutstandingAmount], [l].[PrincipalAmount], [l].[StartDate], [l].[Status], [l].[TenureMonths]
FROM [LoanAccounts] AS [l]
WHERE [l].[LoanId] = @loanId
2026-08-30 22:34:14.549 +05:30 [INF] Executed DbCommand (7ms) [Parameters=[@scheduleId='?' (DbType = Int32)], CommandType='"Text"', CommandTimeout='30']
SELECT TOP(1) [p].[BehaviorLogId], [p].[BorrowerId], [p].[DaysLate], [p].[DueDate], [p].[LoanId], [p].[PaymentDate], [p].[PaymentStatus], [p].[RecordedAt], [p].[ScheduleId]
FROM [PaymentBehaviorLogs] AS [p]
WHERE [p].[ScheduleId] = @scheduleId
2026-08-30 22:34:14.589 +05:30 [INF] Executed DbCommand (8ms) [Parameters=[@p9='?' (DbType = Int32), @p0='?' (DbType = Date), @p1='?' (Precision = 18) (Scale = 2) (DbType = Decimal), @p2='?' (DbType = Int32), @p3='?' (Precision = 18) (Scale = 2) (DbType = Decimal), @p4='?' (DbType = Int32), @p5='?' (Precision = 18) (Scale = 2) (DbType = Decimal), @p6='?' (DbType = Date), @p7='?' (Precision = 18) (Scale = 2) (DbType = Decimal), @p8='?' (Size = 30)], CommandType='"Text"', CommandTimeout='30']
SET IMPLICIT_TRANSACTIONS OFF;
SET NOCOUNT ON;
UPDATE [RepaymentSchedules] SET [DueDate] = @p0, [EMIAmount] = @p1, [InstallmentNumber] = @p2, [InterestAmount] = @p3, [LoanId] = @p4, [PaidAmount] = @p5, [PaidDate] = @p6, [PrincipalAmount] = @p7, [Status] = @p8
OUTPUT 1
WHERE [ScheduleId] = @p9;
2026-08-30 22:34:14.622 +05:30 [INF] Existing behavior log found for ScheduleId=9. Skipping log creation; schedule persisted as MISSED.
2026-08-30 22:34:14.643 +05:30 [INF] ScheduleId=9 was already MISSED. Not counted in processedCount.
2026-08-30 22:34:14.656 +05:30 [INF] Processing ScheduleId=57, LoanId=3, DueDate="2027-05-28", CurrentStatus=MISSED, PaidAmount=0.00, EMI=115362.32
2026-08-30 22:34:14.693 +05:30 [INF] Executed DbCommand (5ms) [Parameters=[@loanId='?' (DbType = Int32)], CommandType='"Text"', CommandTimeout='30']
SELECT TOP(1) [l].[LoanId], [l].[BorrowerId], [l].[CreatedAt], [l].[EMIAmount], [l].[EndDate], [l].[InterestRate], [l].[LoanOfficerId], [l].[OutstandingAmount], [l].[PrincipalAmount], [l].[StartDate], [l].[Status], [l].[TenureMonths]
FROM [LoanAccounts] AS [l]
WHERE [l].[LoanId] = @loanId
2026-08-30 22:34:14.711 +05:30 [INF] Executed DbCommand (5ms) [Parameters=[@scheduleId='?' (DbType = Int32)], CommandType='"Text"', CommandTimeout='30']
SELECT TOP(1) [p].[BehaviorLogId], [p].[BorrowerId], [p].[DaysLate], [p].[DueDate], [p].[LoanId], [p].[PaymentDate], [p].[PaymentStatus], [p].[RecordedAt], [p].[ScheduleId]
FROM [PaymentBehaviorLogs] AS [p]
WHERE [p].[ScheduleId] = @scheduleId
2026-08-30 22:34:14.739 +05:30 [INF] Executed DbCommand (15ms) [Parameters=[@p9='?' (DbType = Int32), @p0='?' (DbType = Date), @p1='?' (Precision = 18) (Scale = 2) (DbType = Decimal), @p2='?' (DbType = Int32), @p3='?' (Precision = 18) (Scale = 2) (DbType = Decimal), @p4='?' (DbType = Int32), @p5='?' (Precision = 18) (Scale = 2) (DbType = Decimal), @p6='?' (DbType = Date), @p7='?' (Precision = 18) (Scale = 2) (DbType = Decimal), @p8='?' (Size = 30)], CommandType='"Text"', CommandTimeout='30']
SET IMPLICIT_TRANSACTIONS OFF;
SET NOCOUNT ON;
UPDATE [RepaymentSchedules] SET [DueDate] = @p0, [EMIAmount] = @p1, [InstallmentNumber] = @p2, [InterestAmount] = @p3, [LoanId] = @p4, [PaidAmount] = @p5, [PaidDate] = @p6, [PrincipalAmount] = @p7, [Status] = @p8
OUTPUT 1
WHERE [ScheduleId] = @p9;
2026-08-30 22:34:14.751 +05:30 [INF] Existing behavior log found for ScheduleId=57. Skipping log creation; schedule persisted as MISSED.
2026-08-30 22:34:14.755 +05:30 [INF] ScheduleId=57 was already MISSED. Not counted in processedCount.
2026-08-30 22:34:14.760 +05:30 [INF] Processing ScheduleId=81, LoanId=4, DueDate="2027-05-28", CurrentStatus=MISSED, PaidAmount=0.00, EMI=42119.43
2026-08-30 22:34:14.774 +05:30 [INF] Executed DbCommand (1ms) [Parameters=[@loanId='?' (DbType = Int32)], CommandType='"Text"', CommandTimeout='30']
SELECT TOP(1) [l].[LoanId], [l].[BorrowerId], [l].[CreatedAt], [l].[EMIAmount], [l].[EndDate], [l].[InterestRate], [l].[LoanOfficerId], [l].[OutstandingAmount], [l].[PrincipalAmount], [l].[StartDate], [l].[Status], [l].[TenureMonths]
FROM [LoanAccounts] AS [l]
WHERE [l].[LoanId] = @loanId
2026-08-30 22:34:14.819 +05:30 [INF] Executed DbCommand (7ms) [Parameters=[@scheduleId='?' (DbType = Int32)], CommandType='"Text"', CommandTimeout='30']
SELECT TOP(1) [p].[BehaviorLogId], [p].[BorrowerId], [p].[DaysLate], [p].[DueDate], [p].[LoanId], [p].[PaymentDate], [p].[PaymentStatus], [p].[RecordedAt], [p].[ScheduleId]
FROM [PaymentBehaviorLogs] AS [p]
WHERE [p].[ScheduleId] = @scheduleId
2026-08-30 22:34:14.856 +05:30 [INF] Executed DbCommand (12ms) [Parameters=[@p9='?' (DbType = Int32), @p0='?' (DbType = Date), @p1='?' (Precision = 18) (Scale = 2) (DbType = Decimal), @p2='?' (DbType = Int32), @p3='?' (Precision = 18) (Scale = 2) (DbType = Decimal), @p4='?' (DbType = Int32), @p5='?' (Precision = 18) (Scale = 2) (DbType = Decimal), @p6='?' (DbType = Date), @p7='?' (Precision = 18) (Scale = 2) (DbType = Decimal), @p8='?' (Size = 30)], CommandType='"Text"', CommandTimeout='30']
SET IMPLICIT_TRANSACTIONS OFF;
SET NOCOUNT ON;
UPDATE [RepaymentSchedules] SET [DueDate] = @p0, [EMIAmount] = @p1, [InstallmentNumber] = @p2, [InterestAmount] = @p3, [LoanId] = @p4, [PaidAmount] = @p5, [PaidDate] = @p6, [PrincipalAmount] = @p7, [Status] = @p8
OUTPUT 1
WHERE [ScheduleId] = @p9;
2026-08-30 22:34:14.881 +05:30 [INF] Existing behavior log found for ScheduleId=81. Skipping log creation; schedule persisted as MISSED.
2026-08-30 22:34:14.904 +05:30 [INF] ScheduleId=81 was already MISSED. Not counted in processedCount.
2026-08-30 22:34:14.919 +05:30 [INF] Processing ScheduleId=34, LoanId=2, DueDate="2027-06-27", CurrentStatus=MISSED, PaidAmount=0.00, EMI=55373.91
2026-08-30 22:34:14.947 +05:30 [INF] Executed DbCommand (5ms) [Parameters=[@loanId='?' (DbType = Int32)], CommandType='"Text"', CommandTimeout='30']
SELECT TOP(1) [l].[LoanId], [l].[BorrowerId], [l].[CreatedAt], [l].[EMIAmount], [l].[EndDate], [l].[InterestRate], [l].[LoanOfficerId], [l].[OutstandingAmount], [l].[PrincipalAmount], [l].[StartDate], [l].[Status], [l].[TenureMonths]
FROM [LoanAccounts] AS [l]
WHERE [l].[LoanId] = @loanId
2026-08-30 22:34:14.960 +05:30 [INF] Executed DbCommand (4ms) [Parameters=[@scheduleId='?' (DbType = Int32)], CommandType='"Text"', CommandTimeout='30']
SELECT TOP(1) [p].[BehaviorLogId], [p].[BorrowerId], [p].[DaysLate], [p].[DueDate], [p].[LoanId], [p].[PaymentDate], [p].[PaymentStatus], [p].[RecordedAt], [p].[ScheduleId]
FROM [PaymentBehaviorLogs] AS [p]
WHERE [p].[ScheduleId] = @scheduleId
2026-08-30 22:34:14.977 +05:30 [INF] Executed DbCommand (7ms) [Parameters=[@p9='?' (DbType = Int32), @p0='?' (DbType = Date), @p1='?' (Precision = 18) (Scale = 2) (DbType = Decimal), @p2='?' (DbType = Int32), @p3='?' (Precision = 18) (Scale = 2) (DbType = Decimal), @p4='?' (DbType = Int32), @p5='?' (Precision = 18) (Scale = 2) (DbType = Decimal), @p6='?' (DbType = Date), @p7='?' (Precision = 18) (Scale = 2) (DbType = Decimal), @p8='?' (Size = 30)], CommandType='"Text"', CommandTimeout='30']
SET IMPLICIT_TRANSACTIONS OFF;
SET NOCOUNT ON;
UPDATE [RepaymentSchedules] SET [DueDate] = @p0, [EMIAmount] = @p1, [InstallmentNumber] = @p2, [InterestAmount] = @p3, [LoanId] = @p4, [PaidAmount] = @p5, [PaidDate] = @p6, [PrincipalAmount] = @p7, [Status] = @p8
OUTPUT 1
WHERE [ScheduleId] = @p9;
2026-08-30 22:34:14.990 +05:30 [INF] Existing behavior log found for ScheduleId=34. Skipping log creation; schedule persisted as MISSED.
2026-08-30 22:34:14.994 +05:30 [INF] ScheduleId=34 was already MISSED. Not counted in processedCount.
2026-08-30 22:34:15.000 +05:30 [INF] Processing ScheduleId=10, LoanId=1, DueDate="2027-06-27", CurrentStatus=MISSED, PaidAmount=0.00, EMI=4614.49
2026-08-30 22:34:15.009 +05:30 [INF] Executed DbCommand (1ms) [Parameters=[@loanId='?' (DbType = Int32)], CommandType='"Text"', CommandTimeout='30']
SELECT TOP(1) [l].[LoanId], [l].[BorrowerId], [l].[CreatedAt], [l].[EMIAmount], [l].[EndDate], [l].[InterestRate], [l].[LoanOfficerId], [l].[OutstandingAmount], [l].[PrincipalAmount], [l].[StartDate], [l].[Status], [l].[TenureMonths]
FROM [LoanAccounts] AS [l]
WHERE [l].[LoanId] = @loanId
2026-08-30 22:34:15.023 +05:30 [INF] Executed DbCommand (2ms) [Parameters=[@scheduleId='?' (DbType = Int32)], CommandType='"Text"', CommandTimeout='30']
SELECT TOP(1) [p].[BehaviorLogId], [p].[BorrowerId], [p].[DaysLate], [p].[DueDate], [p].[LoanId], [p].[PaymentDate], [p].[PaymentStatus], [p].[RecordedAt], [p].[ScheduleId]
FROM [PaymentBehaviorLogs] AS [p]
WHERE [p].[ScheduleId] = @scheduleId
2026-08-30 22:34:15.055 +05:30 [INF] Executed DbCommand (12ms) [Parameters=[@p9='?' (DbType = Int32), @p0='?' (DbType = Date), @p1='?' (Precision = 18) (Scale = 2) (DbType = Decimal), @p2='?' (DbType = Int32), @p3='?' (Precision = 18) (Scale = 2) (DbType = Decimal), @p4='?' (DbType = Int32), @p5='?' (Precision = 18) (Scale = 2) (DbType = Decimal), @p6='?' (DbType = Date), @p7='?' (Precision = 18) (Scale = 2) (DbType = Decimal), @p8='?' (Size = 30)], CommandType='"Text"', CommandTimeout='30']
SET IMPLICIT_TRANSACTIONS OFF;
SET NOCOUNT ON;
UPDATE [RepaymentSchedules] SET [DueDate] = @p0, [EMIAmount] = @p1, [InstallmentNumber] = @p2, [InterestAmount] = @p3, [LoanId] = @p4, [PaidAmount] = @p5, [PaidDate] = @p6, [PrincipalAmount] = @p7, [Status] = @p8
OUTPUT 1
WHERE [ScheduleId] = @p9;
2026-08-30 22:34:15.077 +05:30 [INF] Existing behavior log found for ScheduleId=10. Skipping log creation; schedule persisted as MISSED.
2026-08-30 22:34:15.089 +05:30 [INF] ScheduleId=10 was already MISSED. Not counted in processedCount.
2026-08-30 22:34:15.095 +05:30 [INF] Processing ScheduleId=58, LoanId=3, DueDate="2027-06-28", CurrentStatus=MISSED, PaidAmount=0.00, EMI=115362.32
2026-08-30 22:34:15.134 +05:30 [INF] Executed DbCommand (6ms) [Parameters=[@loanId='?' (DbType = Int32)], CommandType='"Text"', CommandTimeout='30']
SELECT TOP(1) [l].[LoanId], [l].[BorrowerId], [l].[CreatedAt], [l].[EMIAmount], [l].[EndDate], [l].[InterestRate], [l].[LoanOfficerId], [l].[OutstandingAmount], [l].[PrincipalAmount], [l].[StartDate], [l].[Status], [l].[TenureMonths]
FROM [LoanAccounts] AS [l]
WHERE [l].[LoanId] = @loanId
2026-08-30 22:34:15.171 +05:30 [INF] Executed DbCommand (6ms) [Parameters=[@scheduleId='?' (DbType = Int32)], CommandType='"Text"', CommandTimeout='30']
SELECT TOP(1) [p].[BehaviorLogId], [p].[BorrowerId], [p].[DaysLate], [p].[DueDate], [p].[LoanId], [p].[PaymentDate], [p].[PaymentStatus], [p].[RecordedAt], [p].[ScheduleId]
FROM [PaymentBehaviorLogs] AS [p]
WHERE [p].[ScheduleId] = @scheduleId
2026-08-30 22:34:15.205 +05:30 [INF] Executed DbCommand (11ms) [Parameters=[@p9='?' (DbType = Int32), @p0='?' (DbType = Date), @p1='?' (Precision = 18) (Scale = 2) (DbType = Decimal), @p2='?' (DbType = Int32), @p3='?' (Precision = 18) (Scale = 2) (DbType = Decimal), @p4='?' (DbType = Int32), @p5='?' (Precision = 18) (Scale = 2) (DbType = Decimal), @p6='?' (DbType = Date), @p7='?' (Precision = 18) (Scale = 2) (DbType = Decimal), @p8='?' (Size = 30)], CommandType='"Text"', CommandTimeout='30']
SET IMPLICIT_TRANSACTIONS OFF;
SET NOCOUNT ON;
UPDATE [RepaymentSchedules] SET [DueDate] = @p0, [EMIAmount] = @p1, [InstallmentNumber] = @p2, [InterestAmount] = @p3, [LoanId] = @p4, [PaidAmount] = @p5, [PaidDate] = @p6, [PrincipalAmount] = @p7, [Status] = @p8
OUTPUT 1
WHERE [ScheduleId] = @p9;
2026-08-30 22:34:15.212 +05:30 [INF] Existing behavior log found for ScheduleId=58. Skipping log creation; schedule persisted as MISSED.
2026-08-30 22:34:15.217 +05:30 [INF] ScheduleId=58 was already MISSED. Not counted in processedCount.
2026-08-30 22:34:15.220 +05:30 [INF] Processing ScheduleId=82, LoanId=4, DueDate="2027-06-28", CurrentStatus=MISSED, PaidAmount=0.00, EMI=42119.43
2026-08-30 22:34:15.240 +05:30 [INF] Executed DbCommand (7ms) [Parameters=[@loanId='?' (DbType = Int32)], CommandType='"Text"', CommandTimeout='30']
SELECT TOP(1) [l].[LoanId], [l].[BorrowerId], [l].[CreatedAt], [l].[EMIAmount], [l].[EndDate], [l].[InterestRate], [l].[LoanOfficerId], [l].[OutstandingAmount], [l].[PrincipalAmount], [l].[StartDate], [l].[Status], [l].[TenureMonths]
FROM [LoanAccounts] AS [l]
WHERE [l].[LoanId] = @loanId
2026-08-30 22:34:15.258 +05:30 [INF] Executed DbCommand (5ms) [Parameters=[@scheduleId='?' (DbType = Int32)], CommandType='"Text"', CommandTimeout='30']
SELECT TOP(1) [p].[BehaviorLogId], [p].[BorrowerId], [p].[DaysLate], [p].[DueDate], [p].[LoanId], [p].[PaymentDate], [p].[PaymentStatus], [p].[RecordedAt], [p].[ScheduleId]
FROM [PaymentBehaviorLogs] AS [p]
WHERE [p].[ScheduleId] = @scheduleId
2026-08-30 22:34:15.276 +05:30 [INF] Executed DbCommand (3ms) [Parameters=[@p9='?' (DbType = Int32), @p0='?' (DbType = Date), @p1='?' (Precision = 18) (Scale = 2) (DbType = Decimal), @p2='?' (DbType = Int32), @p3='?' (Precision = 18) (Scale = 2) (DbType = Decimal), @p4='?' (DbType = Int32), @p5='?' (Precision = 18) (Scale = 2) (DbType = Decimal), @p6='?' (DbType = Date), @p7='?' (Precision = 18) (Scale = 2) (DbType = Decimal), @p8='?' (Size = 30)], CommandType='"Text"', CommandTimeout='30']
SET IMPLICIT_TRANSACTIONS OFF;
SET NOCOUNT ON;
UPDATE [RepaymentSchedules] SET [DueDate] = @p0, [EMIAmount] = @p1, [InstallmentNumber] = @p2, [InterestAmount] = @p3, [LoanId] = @p4, [PaidAmount] = @p5, [PaidDate] = @p6, [PrincipalAmount] = @p7, [Status] = @p8
OUTPUT 1
WHERE [ScheduleId] = @p9;
2026-08-30 22:34:15.356 +05:30 [INF] Existing behavior log found for ScheduleId=82. Skipping log creation; schedule persisted as MISSED.
2026-08-30 22:34:15.363 +05:30 [INF] ScheduleId=82 was already MISSED. Not counted in processedCount.
2026-08-30 22:34:15.367 +05:30 [INF] Finished overdue EMI processing.
2026-08-30 22:34:15.378 +05:30 [INF] Processed Count: 0
2026-08-30 22:34:15.383 +05:30 [INF] ============================================
2026-08-30 22:34:15.394 +05:30 [INF] Executing OkObjectResult, writing value of type '<>f__AnonymousType7`2[[System.String, System.Private.CoreLib, Version=10.0.0.0, Culture=neutral, PublicKeyToken=7cec85d7bea7798e],[System.Int32, System.Private.CoreLib, Version=10.0.0.0, Culture=neutral, PublicKeyToken=7cec85d7bea7798e]]'.
2026-08-30 22:34:15.401 +05:30 [INF] Executed action LoanDeductionPrediction.API.Controllers.PaymentBehaviorController.ProcessOverduePayments (LoanDeductionPrediction.API) in 5026.3148ms
2026-08-30 22:34:15.428 +05:30 [INF] Executed endpoint 'LoanDeductionPrediction.API.Controllers.PaymentBehaviorController.ProcessOverduePayments (LoanDeductionPrediction.API)'
2026-08-30 22:34:15.441 +05:30 [INF] HTTP POST /api/PaymentBehavior/process-overdue responded 200 in 5103.7063 ms
2026-08-30 22:34:15.449 +05:30 [INF] Request finished HTTP/1.1 POST http://localhost:5082/api/PaymentBehavior/process-overdue - 200 null application/json; charset=utf-8 5137.4105ms
2026-08-30 22:38:36.304 +05:30 [INF] Request starting HTTP/1.1 GET http://localhost:5082/api/Loan - null null
2026-08-30 22:38:36.332 +05:30 [INF] Executing endpoint 'LoanDeductionPrediction.API.Controllers.LoanController.GetAll (LoanDeductionPrediction.API)'
2026-08-30 22:38:36.374 +05:30 [INF] Route matched with {action = "GetAll", controller = "Loan"}. Executing controller action with signature System.Threading.Tasks.Task`1[Microsoft.AspNetCore.Mvc.IActionResult] GetAll() on controller LoanDeductionPrediction.API.Controllers.LoanController (LoanDeductionPrediction.API).
2026-08-30 22:38:36.474 +05:30 [INF] Executed DbCommand (17ms) [Parameters=[], CommandType='"Text"', CommandTimeout='30']
SELECT [l].[LoanId], [l].[BorrowerId], [l].[CreatedAt], [l].[EMIAmount], [l].[EndDate], [l].[InterestRate], [l].[LoanOfficerId], [l].[OutstandingAmount], [l].[PrincipalAmount], [l].[StartDate], [l].[Status], [l].[TenureMonths]
FROM [LoanAccounts] AS [l]
ORDER BY [l].[LoanId] DESC
2026-08-30 22:38:36.488 +05:30 [INF] Executing OkObjectResult, writing value of type 'System.Collections.Generic.List`1[[LoanDeductionPrediction.Models.DTOs.LoanDto, LoanDeductionPrediction.Models, Version=1.0.0.0, Culture=neutral, PublicKeyToken=null]]'.
2026-08-30 22:38:36.514 +05:30 [INF] Executed action LoanDeductionPrediction.API.Controllers.LoanController.GetAll (LoanDeductionPrediction.API) in 127.9459ms
2026-08-30 22:38:36.524 +05:30 [INF] Executed endpoint 'LoanDeductionPrediction.API.Controllers.LoanController.GetAll (LoanDeductionPrediction.API)'
2026-08-30 22:38:36.533 +05:30 [INF] HTTP GET /api/Loan responded 200 in 207.8204 ms
2026-08-30 22:38:36.547 +05:30 [INF] Request finished HTTP/1.1 GET http://localhost:5082/api/Loan - 200 null application/json; charset=utf-8 242.1321ms
2026-08-30 22:49:44.239 +05:30 [INF] Request starting HTTP/1.1 POST http://localhost:5082/api/BorrowerLoanApplication - application/json 277
2026-08-30 22:49:44.249 +05:30 [INF] CORS policy execution successful.
2026-08-30 22:49:44.264 +05:30 [INF] Executing endpoint 'LoanDeductionPrediction.API.Controllers.BorrowerLoanApplicationController.SubmitApplication (LoanDeductionPrediction.API)'
2026-08-30 22:49:44.312 +05:30 [INF] Route matched with {action = "SubmitApplication", controller = "BorrowerLoanApplication"}. Executing controller action with signature System.Threading.Tasks.Task`1[Microsoft.AspNetCore.Mvc.IActionResult] SubmitApplication(LoanDeductionPrediction.Models.DTOs.CreateBorrowerLoanApplicationRequest) on controller LoanDeductionPrediction.API.Controllers.BorrowerLoanApplicationController (LoanDeductionPrediction.API).
2026-08-30 22:49:44.673 +05:30 [INF] Executed DbCommand (37ms) [Parameters=[@normalizedEmail='?' (Size = 150)], CommandType='"Text"', CommandTimeout='30']
SELECT [b].[ApplicationId], [b].[CollateralDetails], [b].[CollateralValue], [b].[CreatedAt], [b].[DateOfBirth], [b].[Email], [b].[FullName], [b].[InterestRate], [b].[LoanType], [b].[MonthlySalary], [b].[PasswordHash], [b].[Remarks], [b].[RequestedAmount], [b].[ReviewedAt], [b].[ReviewedByLoanOfficerId], [b].[Status], [b].[TenureMonths], [u].[UserId], [u].[CreatedAt], [u].[Email], [u].[FullName], [u].[IsActive], [u].[PasswordHash], [u].[Role]
FROM [BorrowerLoanApplications] AS [b]
LEFT JOIN [Users] AS [u] ON [b].[ReviewedByLoanOfficerId] = [u].[UserId]
WHERE LOWER([b].[Email]) = @normalizedEmail
ORDER BY [b].[CreatedAt] DESC
2026-08-30 22:49:44.697 +05:30 [INF] Executed DbCommand (10ms) [Parameters=[@email='?' (Size = 150)], CommandType='"Text"', CommandTimeout='30']
SELECT TOP(1) [u].[UserId], [u].[CreatedAt], [u].[Email], [u].[FullName], [u].[IsActive], [u].[PasswordHash], [u].[Role]
FROM [Users] AS [u]
WHERE [u].[Email] = @email
2026-08-30 22:49:45.056 +05:30 [INF] Executed DbCommand (14ms) [Parameters=[@p0='?' (Size = 500), @p1='?' (Precision = 18) (Scale = 2) (DbType = Decimal), @p2='?' (DbType = DateTime2), @p3='?' (DbType = Date), @p4='?' (Size = 150), @p5='?' (Size = 100), @p6='?' (Precision = 5) (Scale = 2) (DbType = Decimal), @p7='?' (Size = 50), @p8='?' (Precision = 18) (Scale = 2) (DbType = Decimal), @p9='?' (Size = 255), @p10='?' (Size = 500), @p11='?' (Precision = 18) (Scale = 2) (DbType = Decimal), @p12='?' (DbType = DateTime2), @p13='?' (DbType = Int32), @p14='?' (Size = 30), @p15='?' (DbType = Int32)], CommandType='"Text"', CommandTimeout='30']
SET IMPLICIT_TRANSACTIONS OFF;
SET NOCOUNT ON;
INSERT INTO [BorrowerLoanApplications] ([CollateralDetails], [CollateralValue], [CreatedAt], [DateOfBirth], [Email], [FullName], [InterestRate], [LoanType], [MonthlySalary], [PasswordHash], [Remarks], [RequestedAmount], [ReviewedAt], [ReviewedByLoanOfficerId], [Status], [TenureMonths])
OUTPUT INSERTED.[ApplicationId]
VALUES (@p0, @p1, @p2, @p3, @p4, @p5, @p6, @p7, @p8, @p9, @p10, @p11, @p12, @p13, @p14, @p15);
2026-08-30 22:49:45.078 +05:30 [INF] Executing CreatedAtActionResult, writing value of type 'LoanDeductionPrediction.Models.DTOs.BorrowerLoanApplicationDto'.
2026-08-30 22:49:45.149 +05:30 [INF] Executed action LoanDeductionPrediction.API.Controllers.BorrowerLoanApplicationController.SubmitApplication (LoanDeductionPrediction.API) in 805.9482ms
2026-08-30 22:49:45.155 +05:30 [INF] Executed endpoint 'LoanDeductionPrediction.API.Controllers.BorrowerLoanApplicationController.SubmitApplication (LoanDeductionPrediction.API)'
2026-08-30 22:49:45.162 +05:30 [INF] HTTP POST /api/BorrowerLoanApplication responded 201 in 912.5283 ms
2026-08-30 22:49:45.176 +05:30 [INF] Request finished HTTP/1.1 POST http://localhost:5082/api/BorrowerLoanApplication - 201 null application/json; charset=utf-8 937.1057ms
2026-08-30 22:49:52.394 +05:30 [INF] Request starting HTTP/1.1 POST http://localhost:5082/api/Auth/login - application/json 62
2026-08-30 22:49:52.411 +05:30 [INF] CORS policy execution successful.
2026-08-30 22:49:52.424 +05:30 [INF] Executing endpoint 'LoanDeductionPrediction.API.Controllers.AuthController.Login (LoanDeductionPrediction.API)'
2026-08-30 22:49:52.430 +05:30 [INF] Route matched with {action = "Login", controller = "Auth"}. Executing controller action with signature System.Threading.Tasks.Task`1[Microsoft.AspNetCore.Mvc.IActionResult] Login(LoanDeductionPrediction.Models.DTOs.LoginRequest) on controller LoanDeductionPrediction.API.Controllers.AuthController (LoanDeductionPrediction.API).
2026-08-30 22:49:52.463 +05:30 [INF] Executed DbCommand (6ms) [Parameters=[@email='?' (Size = 150)], CommandType='"Text"', CommandTimeout='30']
SELECT TOP(1) [u].[UserId], [u].[CreatedAt], [u].[Email], [u].[FullName], [u].[IsActive], [u].[PasswordHash], [u].[Role]
FROM [Users] AS [u]
WHERE [u].[Email] = @email
2026-08-30 22:49:52.818 +05:30 [INF] Executed DbCommand (10ms) [Parameters=[@p0='?' (DbType = DateTime2), @p1='?' (DbType = DateTime2), @p2='?' (DbType = Boolean), @p3='?' (DbType = DateTime2), @p4='?' (Size = 500), @p5='?' (DbType = Int32)], CommandType='"Text"', CommandTimeout='30']
SET IMPLICIT_TRANSACTIONS OFF;
SET NOCOUNT ON;
INSERT INTO [RefreshTokens] ([CreatedAt], [ExpiresAt], [IsRevoked], [RevokedAt], [Token], [UserId])
OUTPUT INSERTED.[RefreshTokenId]
VALUES (@p0, @p1, @p2, @p3, @p4, @p5);
2026-08-30 22:49:52.826 +05:30 [INF] Executing OkObjectResult, writing value of type 'LoanDeductionPrediction.Models.DTOs.LoginResponse'.
2026-08-30 22:49:52.842 +05:30 [INF] Executed action LoanDeductionPrediction.API.Controllers.AuthController.Login (LoanDeductionPrediction.API) in 401.8765ms
2026-08-30 22:49:52.869 +05:30 [INF] Executed endpoint 'LoanDeductionPrediction.API.Controllers.AuthController.Login (LoanDeductionPrediction.API)'
2026-08-30 22:49:52.881 +05:30 [INF] HTTP POST /api/Auth/login responded 200 in 470.8339 ms
2026-08-30 22:49:52.897 +05:30 [INF] Request finished HTTP/1.1 POST http://localhost:5082/api/Auth/login - 200 null application/json; charset=utf-8 503.4477ms
2026-08-30 22:50:18.552 +05:30 [INF] Request starting HTTP/1.1 GET http://localhost:5082/api/BorrowerLoanApplication/pending - null null
2026-08-30 22:50:18.560 +05:30 [INF] Executing endpoint 'LoanDeductionPrediction.API.Controllers.BorrowerLoanApplicationController.GetPendingApplications (LoanDeductionPrediction.API)'
2026-08-30 22:50:18.601 +05:30 [INF] Route matched with {action = "GetPendingApplications", controller = "BorrowerLoanApplication"}. Executing controller action with signature System.Threading.Tasks.Task`1[Microsoft.AspNetCore.Mvc.IActionResult] GetPendingApplications() on controller LoanDeductionPrediction.API.Controllers.BorrowerLoanApplicationController (LoanDeductionPrediction.API).
2026-08-30 22:50:18.701 +05:30 [INF] Executed DbCommand (7ms) [Parameters=[], CommandType='"Text"', CommandTimeout='30']
SELECT [b].[ApplicationId], [b].[CollateralDetails], [b].[CollateralValue], [b].[CreatedAt], [b].[DateOfBirth], [b].[Email], [b].[FullName], [b].[InterestRate], [b].[LoanType], [b].[MonthlySalary], [b].[PasswordHash], [b].[Remarks], [b].[RequestedAmount], [b].[ReviewedAt], [b].[ReviewedByLoanOfficerId], [b].[Status], [b].[TenureMonths], [u].[UserId], [u].[CreatedAt], [u].[Email], [u].[FullName], [u].[IsActive], [u].[PasswordHash], [u].[Role]
FROM [BorrowerLoanApplications] AS [b]
LEFT JOIN [Users] AS [u] ON [b].[ReviewedByLoanOfficerId] = [u].[UserId]
WHERE [b].[Status] = N'PENDING'
ORDER BY [b].[CreatedAt] DESC
2026-08-30 22:50:18.712 +05:30 [INF] Executing OkObjectResult, writing value of type 'System.Collections.Generic.List`1[[LoanDeductionPrediction.Models.DTOs.BorrowerLoanApplicationDto, LoanDeductionPrediction.Models, Version=1.0.0.0, Culture=neutral, PublicKeyToken=null]]'.
2026-08-30 22:50:18.720 +05:30 [INF] Executed action LoanDeductionPrediction.API.Controllers.BorrowerLoanApplicationController.GetPendingApplications (LoanDeductionPrediction.API) in 94.7865ms
2026-08-30 22:50:18.723 +05:30 [INF] Executed endpoint 'LoanDeductionPrediction.API.Controllers.BorrowerLoanApplicationController.GetPendingApplications (LoanDeductionPrediction.API)'
2026-08-30 22:50:18.726 +05:30 [INF] HTTP GET /api/BorrowerLoanApplication/pending responded 200 in 167.8907 ms
2026-08-30 22:50:18.731 +05:30 [INF] Request finished HTTP/1.1 GET http://localhost:5082/api/BorrowerLoanApplication/pending - 200 null application/json; charset=utf-8 178.2808ms
2026-08-30 22:50:43.055 +05:30 [INF] Request starting HTTP/1.1 POST http://localhost:5082/api/BorrowerLoanApplication/5/accept - application/json 45
2026-08-30 22:50:43.099 +05:30 [INF] CORS policy execution successful.
2026-08-30 22:50:43.116 +05:30 [INF] Executing endpoint 'LoanDeductionPrediction.API.Controllers.BorrowerLoanApplicationController.AcceptApplication (LoanDeductionPrediction.API)'
2026-08-30 22:50:43.174 +05:30 [INF] Route matched with {action = "AcceptApplication", controller = "BorrowerLoanApplication"}. Executing controller action with signature System.Threading.Tasks.Task`1[Microsoft.AspNetCore.Mvc.IActionResult] AcceptApplication(Int32, LoanDeductionPrediction.Models.DTOs.ApproveBorrowerLoanApplicationRequest) on controller LoanDeductionPrediction.API.Controllers.BorrowerLoanApplicationController (LoanDeductionPrediction.API).
2026-08-30 22:50:43.479 +05:30 [INF] Executed DbCommand (16ms) [Parameters=[@userId='?' (DbType = Int32)], CommandType='"Text"', CommandTimeout='30']
SELECT TOP(1) [u].[UserId], [u].[CreatedAt], [u].[Email], [u].[FullName], [u].[IsActive], [u].[PasswordHash], [u].[Role]
FROM [Users] AS [u]
WHERE [u].[UserId] = @userId
2026-08-30 22:50:43.596 +05:30 [INF] Executed DbCommand (5ms) [Parameters=[@applicationId='?' (DbType = Int32)], CommandType='"Text"', CommandTimeout='30']
SELECT TOP(1) [b].[ApplicationId], [b].[CollateralDetails], [b].[CollateralValue], [b].[CreatedAt], [b].[DateOfBirth], [b].[Email], [b].[FullName], [b].[InterestRate], [b].[LoanType], [b].[MonthlySalary], [b].[PasswordHash], [b].[Remarks], [b].[RequestedAmount], [b].[ReviewedAt], [b].[ReviewedByLoanOfficerId], [b].[Status], [b].[TenureMonths], [u].[UserId], [u].[CreatedAt], [u].[Email], [u].[FullName], [u].[IsActive], [u].[PasswordHash], [u].[Role]
FROM [BorrowerLoanApplications] AS [b]
LEFT JOIN [Users] AS [u] ON [b].[ReviewedByLoanOfficerId] = [u].[UserId]
WHERE [b].[ApplicationId] = @applicationId
2026-08-30 22:50:43.648 +05:30 [INF] Executed DbCommand (4ms) [Parameters=[@normalizedEmail='?' (Size = 150)], CommandType='"Text"', CommandTimeout='30']
SELECT TOP(1) [u].[UserId], [u].[CreatedAt], [u].[Email], [u].[FullName], [u].[IsActive], [u].[PasswordHash], [u].[Role]
FROM [Users] AS [u]
WHERE LOWER([u].[Email]) = @normalizedEmail
2026-08-30 22:50:43.689 +05:30 [WRN] Savepoints are disabled because Multiple Active Result Sets (MARS) is enabled. If 'SaveChanges' fails, then the transaction cannot be automatically rolled back to a known clean state. Instead, the transaction should be rolled back by the application before retrying 'SaveChanges'. See https://go.microsoft.com/fwlink/?linkid=2149338 for more information and examples. To identify the code which triggers this warning, call 'ConfigureWarnings(w => w.Throw(SqlServerEventId.SavepointsDisabledBecauseOfMARS))'.
2026-08-30 22:50:43.708 +05:30 [INF] Executed DbCommand (16ms) [Parameters=[@p16='?' (DbType = Int32), @p0='?' (Size = 500), @p1='?' (Precision = 18) (Scale = 2) (DbType = Decimal), @p2='?' (DbType = DateTime2), @p3='?' (DbType = Date), @p4='?' (Size = 150), @p5='?' (Size = 100), @p6='?' (Precision = 5) (Scale = 2) (DbType = Decimal), @p7='?' (Size = 50), @p8='?' (Precision = 18) (Scale = 2) (DbType = Decimal), @p9='?' (Size = 255), @p10='?' (Size = 500), @p11='?' (Precision = 18) (Scale = 2) (DbType = Decimal), @p12='?' (DbType = DateTime2), @p13='?' (DbType = Int32), @p14='?' (Size = 30), @p15='?' (DbType = Int32), @p17='?' (DbType = DateTime2), @p18='?' (Size = 150), @p19='?' (Size = 100), @p20='?' (DbType = Boolean), @p21='?' (Size = 255), @p22='?' (Size = 30)], CommandType='"Text"', CommandTimeout='30']
SET NOCOUNT ON;
UPDATE [BorrowerLoanApplications] SET [CollateralDetails] = @p0, [CollateralValue] = @p1, [CreatedAt] = @p2, [DateOfBirth] = @p3, [Email] = @p4, [FullName] = @p5, [InterestRate] = @p6, [LoanType] = @p7, [MonthlySalary] = @p8, [PasswordHash] = @p9, [Remarks] = @p10, [RequestedAmount] = @p11, [ReviewedAt] = @p12, [ReviewedByLoanOfficerId] = @p13, [Status] = @p14, [TenureMonths] = @p15
OUTPUT 1
WHERE [ApplicationId] = @p16;
INSERT INTO [Users] ([CreatedAt], [Email], [FullName], [IsActive], [PasswordHash], [Role])
OUTPUT INSERTED.[UserId]
VALUES (@p17, @p18, @p19, @p20, @p21, @p22);
2026-08-30 22:50:43.759 +05:30 [INF] Executed DbCommand (2ms) [Parameters=[@userId='?' (DbType = Int32)], CommandType='"Text"', CommandTimeout='30']
SELECT TOP(1) [u].[UserId], [u].[CreatedAt], [u].[Email], [u].[FullName], [u].[IsActive], [u].[PasswordHash], [u].[Role]
FROM [Users] AS [u]
WHERE [u].[UserId] = @userId
2026-08-30 22:50:43.774 +05:30 [INF] Executed DbCommand (7ms) [Parameters=[@userId='?' (DbType = Int32)], CommandType='"Text"', CommandTimeout='30']
SELECT TOP(1) [u].[UserId], [u].[CreatedAt], [u].[Email], [u].[FullName], [u].[IsActive], [u].[PasswordHash], [u].[Role]
FROM [Users] AS [u]
WHERE [u].[UserId] = @userId
2026-08-30 22:50:43.921 +05:30 [WRN] Savepoints are disabled because Multiple Active Result Sets (MARS) is enabled. If 'SaveChanges' fails, then the transaction cannot be automatically rolled back to a known clean state. Instead, the transaction should be rolled back by the application before retrying 'SaveChanges'. See https://go.microsoft.com/fwlink/?linkid=2149338 for more information and examples. To identify the code which triggers this warning, call 'ConfigureWarnings(w => w.Throw(SqlServerEventId.SavepointsDisabledBecauseOfMARS))'.
2026-08-30 22:50:43.932 +05:30 [INF] Executed DbCommand (9ms) [Parameters=[@p0='?' (DbType = Int32), @p1='?' (DbType = DateTime2), @p2='?' (Precision = 18) (Scale = 2) (DbType = Decimal), @p3='?' (DbType = Date), @p4='?' (Precision = 5) (Scale = 2) (DbType = Decimal), @p5='?' (DbType = Int32), @p6='?' (Precision = 18) (Scale = 2) (DbType = Decimal), @p7='?' (Precision = 18) (Scale = 2) (DbType = Decimal), @p8='?' (DbType = Date), @p9='?' (Size = 30), @p10='?' (DbType = Int32)], CommandType='"Text"', CommandTimeout='30']
SET IMPLICIT_TRANSACTIONS OFF;
SET NOCOUNT ON;
INSERT INTO [LoanAccounts] ([BorrowerId], [CreatedAt], [EMIAmount], [EndDate], [InterestRate], [LoanOfficerId], [OutstandingAmount], [PrincipalAmount], [StartDate], [Status], [TenureMonths])
OUTPUT INSERTED.[LoanId]
VALUES (@p0, @p1, @p2, @p3, @p4, @p5, @p6, @p7, @p8, @p9, @p10);
2026-08-30 22:50:43.980 +05:30 [INF] Executed DbCommand (8ms) [Parameters=[@loanId='?' (DbType = Int32)], CommandType='"Text"', CommandTimeout='30']
SELECT TOP(1) [l].[LoanId], [l].[BorrowerId], [l].[CreatedAt], [l].[EMIAmount], [l].[EndDate], [l].[InterestRate], [l].[LoanOfficerId], [l].[OutstandingAmount], [l].[PrincipalAmount], [l].[StartDate], [l].[Status], [l].[TenureMonths]
FROM [LoanAccounts] AS [l]
WHERE [l].[LoanId] = @loanId
2026-08-30 22:50:44.098 +05:30 [INF] Executed DbCommand (27ms) [Parameters=[@loanId='?' (DbType = Int32)], CommandType='"Text"', CommandTimeout='30']
SELECT CASE
    WHEN EXISTS (
        SELECT 1
        FROM [RepaymentSchedules] AS [r]
        WHERE [r].[LoanId] = @loanId) THEN CAST(1 AS bit)
    ELSE CAST(0 AS bit)
END
2026-08-30 22:50:44.149 +05:30 [WRN] Savepoints are disabled because Multiple Active Result Sets (MARS) is enabled. If 'SaveChanges' fails, then the transaction cannot be automatically rolled back to a known clean state. Instead, the transaction should be rolled back by the application before retrying 'SaveChanges'. See https://go.microsoft.com/fwlink/?linkid=2149338 for more information and examples. To identify the code which triggers this warning, call 'ConfigureWarnings(w => w.Throw(SqlServerEventId.SavepointsDisabledBecauseOfMARS))'.
2026-08-30 22:50:44.240 +05:30 [INF] Executed DbCommand (77ms) [Parameters=[@p0='?' (DbType = Date), @p1='?' (Precision = 18) (Scale = 2) (DbType = Decimal), @p2='?' (DbType = Int32), @p3='?' (Precision = 18) (Scale = 2) (DbType = Decimal), @p4='?' (DbType = Int32), @p5='?' (Precision = 18) (Scale = 2) (DbType = Decimal), @p6='?' (DbType = Date), @p7='?' (Precision = 18) (Scale = 2) (DbType = Decimal), @p8='?' (Size = 30), @p9='?' (DbType = Date), @p10='?' (Precision = 18) (Scale = 2) (DbType = Decimal), @p11='?' (DbType = Int32), @p12='?' (Precision = 18) (Scale = 2) (DbType = Decimal), @p13='?' (DbType = Int32), @p14='?' (Precision = 18) (Scale = 2) (DbType = Decimal), @p15='?' (DbType = Date), @p16='?' (Precision = 18) (Scale = 2) (DbType = Decimal), @p17='?' (Size = 30), @p18='?' (DbType = Date), @p19='?' (Precision = 18) (Scale = 2) (DbType = Decimal), @p20='?' (DbType = Int32), @p21='?' (Precision = 18) (Scale = 2) (DbType = Decimal), @p22='?' (DbType = Int32), @p23='?' (Precision = 18) (Scale = 2) (DbType = Decimal), @p24='?' (DbType = Date), @p25='?' (Precision = 18) (Scale = 2) (DbType = Decimal), @p26='?' (Size = 30), @p27='?' (DbType = Date), @p28='?' (Precision = 18) (Scale = 2) (DbType = Decimal), @p29='?' (DbType = Int32), @p30='?' (Precision = 18) (Scale = 2) (DbType = Decimal), @p31='?' (DbType = Int32), @p32='?' (Precision = 18) (Scale = 2) (DbType = Decimal), @p33='?' (DbType = Date), @p34='?' (Precision = 18) (Scale = 2) (DbType = Decimal), @p35='?' (Size = 30), @p36='?' (DbType = Date), @p37='?' (Precision = 18) (Scale = 2) (DbType = Decimal), @p38='?' (DbType = Int32), @p39='?' (Precision = 18) (Scale = 2) (DbType = Decimal), @p40='?' (DbType = Int32), @p41='?' (Precision = 18) (Scale = 2) (DbType = Decimal), @p42='?' (DbType = Date), @p43='?' (Precision = 18) (Scale = 2) (DbType = Decimal), @p44='?' (Size = 30), @p45='?' (DbType = Date), @p46='?' (Precision = 18) (Scale = 2) (DbType = Decimal), @p47='?' (DbType = Int32), @p48='?' (Precision = 18) (Scale = 2) (DbType = Decimal), @p49='?' (DbType = Int32), @p50='?' (Precision = 18) (Scale = 2) (DbType = Decimal), @p51='?' (DbType = Date), @p52='?' (Precision = 18) (Scale = 2) (DbType = Decimal), @p53='?' (Size = 30), @p54='?' (DbType = Date), @p55='?' (Precision = 18) (Scale = 2) (DbType = Decimal), @p56='?' (DbType = Int32), @p57='?' (Precision = 18) (Scale = 2) (DbType = Decimal), @p58='?' (DbType = Int32), @p59='?' (Precision = 18) (Scale = 2) (DbType = Decimal), @p60='?' (DbType = Date), @p61='?' (Precision = 18) (Scale = 2) (DbType = Decimal), @p62='?' (Size = 30), @p63='?' (DbType = Date), @p64='?' (Precision = 18) (Scale = 2) (DbType = Decimal), @p65='?' (DbType = Int32), @p66='?' (Precision = 18) (Scale = 2) (DbType = Decimal), @p67='?' (DbType = Int32), @p68='?' (Precision = 18) (Scale = 2) (DbType = Decimal), @p69='?' (DbType = Date), @p70='?' (Precision = 18) (Scale = 2) (DbType = Decimal), @p71='?' (Size = 30), @p72='?' (DbType = Date), @p73='?' (Precision = 18) (Scale = 2) (DbType = Decimal), @p74='?' (DbType = Int32), @p75='?' (Precision = 18) (Scale = 2) (DbType = Decimal), @p76='?' (DbType = Int32), @p77='?' (Precision = 18) (Scale = 2) (DbType = Decimal), @p78='?' (DbType = Date), @p79='?' (Precision = 18) (Scale = 2) (DbType = Decimal), @p80='?' (Size = 30), @p81='?' (DbType = Date), @p82='?' (Precision = 18) (Scale = 2) (DbType = Decimal), @p83='?' (DbType = Int32), @p84='?' (Precision = 18) (Scale = 2) (DbType = Decimal), @p85='?' (DbType = Int32), @p86='?' (Precision = 18) (Scale = 2) (DbType = Decimal), @p87='?' (DbType = Date), @p88='?' (Precision = 18) (Scale = 2) (DbType = Decimal), @p89='?' (Size = 30), @p90='?' (DbType = Date), @p91='?' (Precision = 18) (Scale = 2) (DbType = Decimal), @p92='?' (DbType = Int32), @p93='?' (Precision = 18) (Scale = 2) (DbType = Decimal), @p94='?' (DbType = Int32), @p95='?' (Precision = 18) (Scale = 2) (DbType = Decimal), @p96='?' (DbType = Date), @p97='?' (Precision = 18) (Scale = 2) (DbType = Decimal), @p98='?' (Size = 30), @p99='?' (DbType = Date), @p100='?' (Precision = 18) (Scale = 2) (DbType = Decimal), @p101='?' (DbType = Int32), @p102='?' (Precision = 18) (Scale = 2) (DbType = Decimal), @p103='?' (DbType = Int32), @p104='?' (Precision = 18) (Scale = 2) (DbType = Decimal), @p105='?' (DbType = Date), @p106='?' (Precision = 18) (Scale = 2) (DbType = Decimal), @p107='?' (Size = 30)], CommandType='"Text"', CommandTimeout='30']
SET IMPLICIT_TRANSACTIONS OFF;
SET NOCOUNT ON;
MERGE [RepaymentSchedules] USING (
VALUES (@p0, @p1, @p2, @p3, @p4, @p5, @p6, @p7, @p8, 0),
(@p9, @p10, @p11, @p12, @p13, @p14, @p15, @p16, @p17, 1),
(@p18, @p19, @p20, @p21, @p22, @p23, @p24, @p25, @p26, 2),
(@p27, @p28, @p29, @p30, @p31, @p32, @p33, @p34, @p35, 3),
(@p36, @p37, @p38, @p39, @p40, @p41, @p42, @p43, @p44, 4),
(@p45, @p46, @p47, @p48, @p49, @p50, @p51, @p52, @p53, 5),
(@p54, @p55, @p56, @p57, @p58, @p59, @p60, @p61, @p62, 6),
(@p63, @p64, @p65, @p66, @p67, @p68, @p69, @p70, @p71, 7),
(@p72, @p73, @p74, @p75, @p76, @p77, @p78, @p79, @p80, 8),
(@p81, @p82, @p83, @p84, @p85, @p86, @p87, @p88, @p89, 9),
(@p90, @p91, @p92, @p93, @p94, @p95, @p96, @p97, @p98, 10),
(@p99, @p100, @p101, @p102, @p103, @p104, @p105, @p106, @p107, 11)) AS i ([DueDate], [EMIAmount], [InstallmentNumber], [InterestAmount], [LoanId], [PaidAmount], [PaidDate], [PrincipalAmount], [Status], _Position) ON 1=0
WHEN NOT MATCHED THEN
INSERT ([DueDate], [EMIAmount], [InstallmentNumber], [InterestAmount], [LoanId], [PaidAmount], [PaidDate], [PrincipalAmount], [Status])
VALUES (i.[DueDate], i.[EMIAmount], i.[InstallmentNumber], i.[InterestAmount], i.[LoanId], i.[PaidAmount], i.[PaidDate], i.[PrincipalAmount], i.[Status])
OUTPUT INSERTED.[ScheduleId], i._Position;
2026-08-30 22:50:44.261 +05:30 [INF] Executing OkObjectResult, writing value of type 'LoanDeductionPrediction.Models.DTOs.AcceptBorrowerLoanApplicationResponse'.
2026-08-30 22:50:44.298 +05:30 [INF] Executed action LoanDeductionPrediction.API.Controllers.BorrowerLoanApplicationController.AcceptApplication (LoanDeductionPrediction.API) in 1114.6517ms
2026-08-30 22:50:44.310 +05:30 [INF] Executed endpoint 'LoanDeductionPrediction.API.Controllers.BorrowerLoanApplicationController.AcceptApplication (LoanDeductionPrediction.API)'
2026-08-30 22:50:44.314 +05:30 [INF] HTTP POST /api/BorrowerLoanApplication/5/accept responded 200 in 1215.1161 ms
2026-08-30 22:50:44.331 +05:30 [INF] Request finished HTTP/1.1 POST http://localhost:5082/api/BorrowerLoanApplication/5/accept - 200 null application/json; charset=utf-8 1276.7647ms
2026-08-30 22:59:20.357 +05:30 [INF] Application is shutting down...
2026-08-30 22:59:40.399 +05:30 [WRN] No store type was specified for the decimal property 'CollateralValue' on entity type 'BorrowerLoanApplication'. This will cause values to be silently truncated if they do not fit in the default precision and scale. Explicitly specify the SQL server column type that can accommodate all the values in 'OnModelCreating' using 'HasColumnType', specify precision and scale using 'HasPrecision', or configure a value converter using 'HasConversion'.
2026-08-30 22:59:40.465 +05:30 [WRN] No store type was specified for the decimal property 'CollateralValue' on entity type 'LoanRequest'. This will cause values to be silently truncated if they do not fit in the default precision and scale. Explicitly specify the SQL server column type that can accommodate all the values in 'OnModelCreating' using 'HasColumnType', specify precision and scale using 'HasPrecision', or configure a value converter using 'HasConversion'.
2026-08-30 22:59:40.660 +05:30 [WRN] No store type was specified for the decimal property 'InterestRate' on entity type 'LoanRequest'. This will cause values to be silently truncated if they do not fit in the default precision and scale. Explicitly specify the SQL server column type that can accommodate all the values in 'OnModelCreating' using 'HasColumnType', specify precision and scale using 'HasPrecision', or configure a value converter using 'HasConversion'.
2026-08-30 22:59:40.739 +05:30 [WRN] No store type was specified for the decimal property 'MonthlySalary' on entity type 'LoanRequest'. This will cause values to be silently truncated if they do not fit in the default precision and scale. Explicitly specify the SQL server column type that can accommodate all the values in 'OnModelCreating' using 'HasColumnType', specify precision and scale using 'HasPrecision', or configure a value converter using 'HasConversion'.
2026-08-30 22:59:40.757 +05:30 [WRN] No store type was specified for the decimal property 'RequestedAmount' on entity type 'LoanRequest'. This will cause values to be silently truncated if they do not fit in the default precision and scale. Explicitly specify the SQL server column type that can accommodate all the values in 'OnModelCreating' using 'HasColumnType', specify precision and scale using 'HasPrecision', or configure a value converter using 'HasConversion'.
2026-08-30 22:59:41.632 +05:30 [INF] Executed DbCommand (45ms) [Parameters=[], CommandType='"Text"', CommandTimeout='30']
SELECT 1
2026-08-30 22:59:41.724 +05:30 [INF] Acquiring an exclusive lock for migration application. See https://aka.ms/efcore-docs-migrations-lock for more information if this takes too long.
2026-08-30 22:59:41.876 +05:30 [INF] Executed DbCommand (87ms) [Parameters=[], CommandType='"Text"', CommandTimeout='30']
DECLARE @result int;
EXEC @result = sp_getapplock @Resource = '__EFMigrationsLock', @LockOwner = 'Session', @LockMode = 'Exclusive';
SELECT @result
2026-08-30 22:59:42.092 +05:30 [INF] Executed DbCommand (23ms) [Parameters=[], CommandType='"Text"', CommandTimeout='30']
IF OBJECT_ID(N'[__EFMigrationsHistory]') IS NULL
BEGIN
    CREATE TABLE [__EFMigrationsHistory] (
        [MigrationId] nvarchar(150) NOT NULL,
        [ProductVersion] nvarchar(32) NOT NULL,
        CONSTRAINT [PK___EFMigrationsHistory] PRIMARY KEY ([MigrationId])
    );
END;
2026-08-30 22:59:42.122 +05:30 [INF] Executed DbCommand (1ms) [Parameters=[], CommandType='"Text"', CommandTimeout='30']
SELECT 1
2026-08-30 22:59:42.136 +05:30 [INF] Executed DbCommand (1ms) [Parameters=[], CommandType='"Text"', CommandTimeout='30']
SELECT OBJECT_ID(N'[__EFMigrationsHistory]');
2026-08-30 22:59:42.251 +05:30 [INF] Executed DbCommand (52ms) [Parameters=[], CommandType='"Text"', CommandTimeout='30']
SELECT [MigrationId], [ProductVersion]
FROM [__EFMigrationsHistory]
ORDER BY [MigrationId];
2026-08-30 22:59:42.341 +05:30 [INF] No migrations were applied. The database is already up to date.
2026-08-30 22:59:42.389 +05:30 [INF] Executed DbCommand (34ms) [Parameters=[], CommandType='"Text"', CommandTimeout='30']
DECLARE @result int;
EXEC @result = sp_releaseapplock @Resource = '__EFMigrationsLock', @LockOwner = 'Session';
SELECT @result
2026-08-30 22:59:43.981 +05:30 [INF] Executed DbCommand (494ms) [Parameters=[], CommandType='"Text"', CommandTimeout='30']
SELECT CASE
    WHEN EXISTS (
        SELECT 1
        FROM [Users] AS [u]
        WHERE [u].[Role] = N'Admin') THEN CAST(1 AS bit)
    ELSE CAST(0 AS bit)
END
2026-08-30 22:59:45.198 +05:30 [INF] User profile is available. Using 'C:\Users\thang\AppData\Local\ASP.NET\DataProtection-Keys' as key repository and Windows DPAPI to encrypt keys at rest.
2026-08-30 22:59:45.330 +05:30 [INF] Payment Behavior Background Service is disabled via configuration. Skipping hourly overdue EMI processing.
2026-08-30 22:59:45.584 +05:30 [INF] Now listening on: http://localhost:5082
2026-08-30 22:59:45.688 +05:30 [INF] Application started. Press Ctrl+C to shut down.
2026-08-30 22:59:45.791 +05:30 [INF] Hosting environment: Development
2026-08-30 22:59:45.981 +05:30 [INF] Content root path: C:\Users\thang\OneDrive\Documents\React Projects\LoanDeductionPrediction\LoanDeductionPrediction.API
2026-08-30 23:00:03.058 +05:30 [INF] Application is shutting down...
2026-08-30 23:05:45.316 +05:30 [WRN] No store type was specified for the decimal property 'CollateralValue' on entity type 'BorrowerLoanApplication'. This will cause values to be silently truncated if they do not fit in the default precision and scale. Explicitly specify the SQL server column type that can accommodate all the values in 'OnModelCreating' using 'HasColumnType', specify precision and scale using 'HasPrecision', or configure a value converter using 'HasConversion'.
2026-08-30 23:05:45.526 +05:30 [WRN] No store type was specified for the decimal property 'CollateralValue' on entity type 'BorrowerLoanApplication'. This will cause values to be silently truncated if they do not fit in the default precision and scale. Explicitly specify the SQL server column type that can accommodate all the values in 'OnModelCreating' using 'HasColumnType', specify precision and scale using 'HasPrecision', or configure a value converter using 'HasConversion'.
2026-08-30 23:07:37.593 +05:30 [WRN] No store type was specified for the decimal property 'CollateralValue' on entity type 'BorrowerLoanApplication'. This will cause values to be silently truncated if they do not fit in the default precision and scale. Explicitly specify the SQL server column type that can accommodate all the values in 'OnModelCreating' using 'HasColumnType', specify precision and scale using 'HasPrecision', or configure a value converter using 'HasConversion'.
2026-08-30 23:07:37.812 +05:30 [WRN] No store type was specified for the decimal property 'CollateralValue' on entity type 'BorrowerLoanApplication'. This will cause values to be silently truncated if they do not fit in the default precision and scale. Explicitly specify the SQL server column type that can accommodate all the values in 'OnModelCreating' using 'HasColumnType', specify precision and scale using 'HasPrecision', or configure a value converter using 'HasConversion'.
2026-08-30 23:08:10.567 +05:30 [WRN] No store type was specified for the decimal property 'CollateralValue' on entity type 'BorrowerLoanApplication'. This will cause values to be silently truncated if they do not fit in the default precision and scale. Explicitly specify the SQL server column type that can accommodate all the values in 'OnModelCreating' using 'HasColumnType', specify precision and scale using 'HasPrecision', or configure a value converter using 'HasConversion'.
2026-08-30 23:08:29.837 +05:30 [WRN] No store type was specified for the decimal property 'CollateralValue' on entity type 'BorrowerLoanApplication'. This will cause values to be silently truncated if they do not fit in the default precision and scale. Explicitly specify the SQL server column type that can accommodate all the values in 'OnModelCreating' using 'HasColumnType', specify precision and scale using 'HasPrecision', or configure a value converter using 'HasConversion'.
2026-08-30 23:08:30.238 +05:30 [INF] Executed DbCommand (14ms) [Parameters=[], CommandType='"Text"', CommandTimeout='30']
SELECT 1
2026-08-30 23:08:30.250 +05:30 [INF] Acquiring an exclusive lock for migration application. See https://aka.ms/efcore-docs-migrations-lock for more information if this takes too long.
2026-08-30 23:08:30.289 +05:30 [INF] Executed DbCommand (34ms) [Parameters=[], CommandType='"Text"', CommandTimeout='30']
DECLARE @result int;
EXEC @result = sp_getapplock @Resource = '__EFMigrationsLock', @LockOwner = 'Session', @LockMode = 'Exclusive';
SELECT @result
2026-08-30 23:08:30.406 +05:30 [INF] Executed DbCommand (13ms) [Parameters=[], CommandType='"Text"', CommandTimeout='30']
IF OBJECT_ID(N'[__EFMigrationsHistory]') IS NULL
BEGIN
    CREATE TABLE [__EFMigrationsHistory] (
        [MigrationId] nvarchar(150) NOT NULL,
        [ProductVersion] nvarchar(32) NOT NULL,
        CONSTRAINT [PK___EFMigrationsHistory] PRIMARY KEY ([MigrationId])
    );
END;
2026-08-30 23:08:30.421 +05:30 [INF] Executed DbCommand (1ms) [Parameters=[], CommandType='"Text"', CommandTimeout='30']
SELECT 1
2026-08-30 23:08:30.427 +05:30 [INF] Executed DbCommand (1ms) [Parameters=[], CommandType='"Text"', CommandTimeout='30']
SELECT OBJECT_ID(N'[__EFMigrationsHistory]');
2026-08-30 23:08:30.449 +05:30 [INF] Executed DbCommand (17ms) [Parameters=[], CommandType='"Text"', CommandTimeout='30']
SELECT [MigrationId], [ProductVersion]
FROM [__EFMigrationsHistory]
ORDER BY [MigrationId];
2026-08-30 23:08:30.466 +05:30 [INF] Applying migration '20260830173811_RemoveLoanRequest'.
2026-08-30 23:08:30.581 +05:30 [INF] Executed DbCommand (98ms) [Parameters=[], CommandType='"Text"', CommandTimeout='30']
DROP TABLE [LoanRequests];
2026-08-30 23:08:30.619 +05:30 [INF] Executed DbCommand (34ms) [Parameters=[], CommandType='"Text"', CommandTimeout='30']
INSERT INTO [__EFMigrationsHistory] ([MigrationId], [ProductVersion])
VALUES (N'20260830173811_RemoveLoanRequest', N'10.0.11');
2026-08-30 23:08:30.650 +05:30 [INF] Executed DbCommand (22ms) [Parameters=[], CommandType='"Text"', CommandTimeout='30']
DECLARE @result int;
EXEC @result = sp_releaseapplock @Resource = '__EFMigrationsLock', @LockOwner = 'Session';
SELECT @result
2026-08-30 23:08:47.155 +05:30 [WRN] No store type was specified for the decimal property 'CollateralValue' on entity type 'BorrowerLoanApplication'. This will cause values to be silently truncated if they do not fit in the default precision and scale. Explicitly specify the SQL server column type that can accommodate all the values in 'OnModelCreating' using 'HasColumnType', specify precision and scale using 'HasPrecision', or configure a value converter using 'HasConversion'.
2026-08-30 23:08:47.455 +05:30 [INF] Executed DbCommand (12ms) [Parameters=[], CommandType='"Text"', CommandTimeout='30']
SELECT 1
2026-08-30 23:08:47.474 +05:30 [INF] Acquiring an exclusive lock for migration application. See https://aka.ms/efcore-docs-migrations-lock for more information if this takes too long.
2026-08-30 23:08:47.528 +05:30 [INF] Executed DbCommand (49ms) [Parameters=[], CommandType='"Text"', CommandTimeout='30']
DECLARE @result int;
EXEC @result = sp_getapplock @Resource = '__EFMigrationsLock', @LockOwner = 'Session', @LockMode = 'Exclusive';
SELECT @result
2026-08-30 23:08:47.649 +05:30 [INF] Executed DbCommand (6ms) [Parameters=[], CommandType='"Text"', CommandTimeout='30']
IF OBJECT_ID(N'[__EFMigrationsHistory]') IS NULL
BEGIN
    CREATE TABLE [__EFMigrationsHistory] (
        [MigrationId] nvarchar(150) NOT NULL,
        [ProductVersion] nvarchar(32) NOT NULL,
        CONSTRAINT [PK___EFMigrationsHistory] PRIMARY KEY ([MigrationId])
    );
END;
2026-08-30 23:08:47.660 +05:30 [INF] Executed DbCommand (1ms) [Parameters=[], CommandType='"Text"', CommandTimeout='30']
SELECT 1
2026-08-30 23:08:47.666 +05:30 [INF] Executed DbCommand (3ms) [Parameters=[], CommandType='"Text"', CommandTimeout='30']
SELECT OBJECT_ID(N'[__EFMigrationsHistory]');
2026-08-30 23:08:47.685 +05:30 [INF] Executed DbCommand (6ms) [Parameters=[], CommandType='"Text"', CommandTimeout='30']
SELECT [MigrationId], [ProductVersion]
FROM [__EFMigrationsHistory]
ORDER BY [MigrationId];
2026-08-30 23:08:47.698 +05:30 [INF] No migrations were applied. The database is already up to date.
2026-08-30 23:08:47.708 +05:30 [INF] Executed DbCommand (8ms) [Parameters=[], CommandType='"Text"', CommandTimeout='30']
DECLARE @result int;
EXEC @result = sp_releaseapplock @Resource = '__EFMigrationsLock', @LockOwner = 'Session';
SELECT @result
2026-08-30 23:08:48.041 +05:30 [INF] Executed DbCommand (15ms) [Parameters=[], CommandType='"Text"', CommandTimeout='30']
SELECT CASE
    WHEN EXISTS (
        SELECT 1
        FROM [Users] AS [u]
        WHERE [u].[Role] = N'Admin') THEN CAST(1 AS bit)
    ELSE CAST(0 AS bit)
END
2026-08-30 23:08:48.131 +05:30 [INF] User profile is available. Using 'C:\Users\thang\AppData\Local\ASP.NET\DataProtection-Keys' as key repository and Windows DPAPI to encrypt keys at rest.
2026-08-30 23:08:48.141 +05:30 [INF] Payment Behavior Background Service is disabled via configuration. Skipping hourly overdue EMI processing.
2026-08-30 23:08:48.216 +05:30 [INF] Now listening on: http://localhost:5082
2026-08-30 23:08:48.218 +05:30 [INF] Application started. Press Ctrl+C to shut down.
2026-08-30 23:08:48.219 +05:30 [INF] Hosting environment: Development
2026-08-30 23:08:48.220 +05:30 [INF] Content root path: C:\Users\thang\OneDrive\Documents\React Projects\LoanDeductionPrediction\LoanDeductionPrediction.API
2026-08-30 23:09:01.677 +05:30 [INF] Request starting HTTP/1.1 GET http://localhost:5082/swagger/index.html - null null
2026-08-30 23:09:02.164 +05:30 [INF] HTTP GET /swagger/index.html responded 304 in 213.8570 ms
2026-08-30 23:09:02.184 +05:30 [INF] Request finished HTTP/1.1 GET http://localhost:5082/swagger/index.html - 304 null null 508.813ms
2026-08-30 23:09:02.237 +05:30 [INF] Request starting HTTP/1.1 GET http://localhost:5082/swagger/swagger-ui-bundle.js - null null
2026-08-30 23:09:02.238 +05:30 [INF] Request starting HTTP/1.1 GET http://localhost:5082/swagger/swagger-ui.css - null null
2026-08-30 23:09:02.242 +05:30 [INF] Request starting HTTP/1.1 GET http://localhost:5082/swagger/index.css - null null
2026-08-30 23:09:02.246 +05:30 [INF] Request starting HTTP/1.1 GET http://localhost:5082/swagger/index.js - null null
2026-08-30 23:09:02.247 +05:30 [INF] Request starting HTTP/1.1 GET http://localhost:5082/swagger/swagger-ui-standalone-preset.js - null null
2026-08-30 23:09:02.601 +05:30 [INF] HTTP GET /swagger/swagger-ui-bundle.js responded 304 in 236.7514 ms
2026-08-30 23:09:02.693 +05:30 [INF] HTTP GET /swagger/swagger-ui.css responded 304 in 15.4588 ms
2026-08-30 23:09:02.693 +05:30 [INF] HTTP GET /swagger/index.css responded 304 in 5.3105 ms
2026-08-30 23:09:02.699 +05:30 [INF] HTTP GET /swagger/index.js responded 304 in 0.9042 ms
2026-08-30 23:09:02.715 +05:30 [INF] HTTP GET /swagger/swagger-ui-standalone-preset.js responded 304 in 11.0395 ms
2026-08-30 23:09:02.718 +05:30 [INF] Request finished HTTP/1.1 GET http://localhost:5082/swagger/swagger-ui-bundle.js - 304 null null 480.5705ms
2026-08-30 23:09:02.727 +05:30 [INF] Request finished HTTP/1.1 GET http://localhost:5082/swagger/swagger-ui.css - 304 null null 489.477ms
2026-08-30 23:09:02.732 +05:30 [INF] Request finished HTTP/1.1 GET http://localhost:5082/swagger/index.css - 304 null null 489.5162ms
2026-08-30 23:09:02.736 +05:30 [INF] Request finished HTTP/1.1 GET http://localhost:5082/swagger/index.js - 304 null null 489.9094ms
2026-08-30 23:09:02.739 +05:30 [INF] Request finished HTTP/1.1 GET http://localhost:5082/swagger/swagger-ui-standalone-preset.js - 304 null null 492.3377ms
2026-08-30 23:09:02.814 +05:30 [INF] Request starting HTTP/1.1 GET http://localhost:5082/swagger/v1/swagger.json - null null
2026-08-30 23:09:03.162 +05:30 [INF] HTTP GET /swagger/v1/swagger.json responded 200 in 344.6356 ms
2026-08-30 23:09:03.174 +05:30 [INF] Request finished HTTP/1.1 GET http://localhost:5082/swagger/v1/swagger.json - 200 null application/json;charset=utf-8 359.9746ms
2026-08-30 23:13:19.856 +05:30 [INF] Request starting HTTP/1.1 POST http://localhost:5082/api/BorrowerLoanApplication - application/json 275
2026-08-30 23:13:19.900 +05:30 [WRN] Failed to determine the https port for redirect.
2026-08-30 23:13:19.927 +05:30 [INF] CORS policy execution successful.
2026-08-30 23:13:20.026 +05:30 [INF] Executing endpoint 'LoanDeductionPrediction.API.Controllers.BorrowerLoanApplicationController.SubmitApplication (LoanDeductionPrediction.API)'
2026-08-30 23:13:20.080 +05:30 [INF] Route matched with {action = "SubmitApplication", controller = "BorrowerLoanApplication"}. Executing controller action with signature System.Threading.Tasks.Task`1[Microsoft.AspNetCore.Mvc.IActionResult] SubmitApplication(LoanDeductionPrediction.Models.DTOs.CreateBorrowerLoanApplicationRequest) on controller LoanDeductionPrediction.API.Controllers.BorrowerLoanApplicationController (LoanDeductionPrediction.API).
2026-08-30 23:13:20.411 +05:30 [WRN] You do not have a valid license key for the Lucky Penny software AutoMapper. This is allowed for development and testing scenarios. If you are running in production you are required to have a licensed version. Please visit https://luckypennysoftware.com to obtain a valid license.
2026-08-30 23:13:21.158 +05:30 [INF] Executed DbCommand (210ms) [Parameters=[@normalizedEmail='?' (Size = 150)], CommandType='"Text"', CommandTimeout='30']
SELECT [b].[ApplicationId], [b].[CollateralDetails], [b].[CollateralValue], [b].[CreatedAt], [b].[DateOfBirth], [b].[Email], [b].[FullName], [b].[InterestRate], [b].[LoanType], [b].[MonthlySalary], [b].[PasswordHash], [b].[Remarks], [b].[RequestedAmount], [b].[ReviewedAt], [b].[ReviewedByLoanOfficerId], [b].[Status], [b].[TenureMonths], [u].[UserId], [u].[CreatedAt], [u].[Email], [u].[FullName], [u].[IsActive], [u].[PasswordHash], [u].[Role]
FROM [BorrowerLoanApplications] AS [b]
LEFT JOIN [Users] AS [u] ON [b].[ReviewedByLoanOfficerId] = [u].[UserId]
WHERE LOWER([b].[Email]) = @normalizedEmail
ORDER BY [b].[CreatedAt] DESC
2026-08-30 23:13:21.251 +05:30 [INF] Executed DbCommand (7ms) [Parameters=[@email='?' (Size = 150)], CommandType='"Text"', CommandTimeout='30']
SELECT TOP(1) [u].[UserId], [u].[CreatedAt], [u].[Email], [u].[FullName], [u].[IsActive], [u].[PasswordHash], [u].[Role]
FROM [Users] AS [u]
WHERE [u].[Email] = @email
2026-08-30 23:13:22.161 +05:30 [INF] Executed DbCommand (30ms) [Parameters=[@p0='?' (Size = 500), @p1='?' (Precision = 18) (Scale = 2) (DbType = Decimal), @p2='?' (DbType = DateTime2), @p3='?' (DbType = Date), @p4='?' (Size = 150), @p5='?' (Size = 100), @p6='?' (Precision = 5) (Scale = 2) (DbType = Decimal), @p7='?' (Size = 50), @p8='?' (Precision = 18) (Scale = 2) (DbType = Decimal), @p9='?' (Size = 255), @p10='?' (Size = 500), @p11='?' (Precision = 18) (Scale = 2) (DbType = Decimal), @p12='?' (DbType = DateTime2), @p13='?' (DbType = Int32), @p14='?' (Size = 30), @p15='?' (DbType = Int32)], CommandType='"Text"', CommandTimeout='30']
SET IMPLICIT_TRANSACTIONS OFF;
SET NOCOUNT ON;
INSERT INTO [BorrowerLoanApplications] ([CollateralDetails], [CollateralValue], [CreatedAt], [DateOfBirth], [Email], [FullName], [InterestRate], [LoanType], [MonthlySalary], [PasswordHash], [Remarks], [RequestedAmount], [ReviewedAt], [ReviewedByLoanOfficerId], [Status], [TenureMonths])
OUTPUT INSERTED.[ApplicationId]
VALUES (@p0, @p1, @p2, @p3, @p4, @p5, @p6, @p7, @p8, @p9, @p10, @p11, @p12, @p13, @p14, @p15);
2026-08-30 23:13:22.283 +05:30 [INF] Executing CreatedAtActionResult, writing value of type 'LoanDeductionPrediction.Models.DTOs.BorrowerLoanApplicationDto'.
2026-08-30 23:13:22.402 +05:30 [INF] Executed action LoanDeductionPrediction.API.Controllers.BorrowerLoanApplicationController.SubmitApplication (LoanDeductionPrediction.API) in 2306.2221ms
2026-08-30 23:13:22.407 +05:30 [INF] Executed endpoint 'LoanDeductionPrediction.API.Controllers.BorrowerLoanApplicationController.SubmitApplication (LoanDeductionPrediction.API)'
2026-08-30 23:13:22.423 +05:30 [INF] HTTP POST /api/BorrowerLoanApplication responded 201 in 2527.0114 ms
2026-08-30 23:13:22.437 +05:30 [INF] Request finished HTTP/1.1 POST http://localhost:5082/api/BorrowerLoanApplication - 201 null application/json; charset=utf-8 2581.8576ms
2026-08-30 23:13:53.555 +05:30 [INF] Request starting HTTP/1.1 POST http://localhost:5082/api/Auth/login - application/json 62
2026-08-30 23:13:53.570 +05:30 [INF] CORS policy execution successful.
2026-08-30 23:13:53.597 +05:30 [INF] Executing endpoint 'LoanDeductionPrediction.API.Controllers.AuthController.Login (LoanDeductionPrediction.API)'
2026-08-30 23:13:53.635 +05:30 [INF] Route matched with {action = "Login", controller = "Auth"}. Executing controller action with signature System.Threading.Tasks.Task`1[Microsoft.AspNetCore.Mvc.IActionResult] Login(LoanDeductionPrediction.Models.DTOs.LoginRequest) on controller LoanDeductionPrediction.API.Controllers.AuthController (LoanDeductionPrediction.API).
2026-08-30 23:13:53.856 +05:30 [INF] Executed DbCommand (5ms) [Parameters=[@email='?' (Size = 150)], CommandType='"Text"', CommandTimeout='30']
SELECT TOP(1) [u].[UserId], [u].[CreatedAt], [u].[Email], [u].[FullName], [u].[IsActive], [u].[PasswordHash], [u].[Role]
FROM [Users] AS [u]
WHERE [u].[Email] = @email
2026-08-30 23:13:54.559 +05:30 [INF] Executed DbCommand (12ms) [Parameters=[@p0='?' (DbType = DateTime2), @p1='?' (DbType = DateTime2), @p2='?' (DbType = Boolean), @p3='?' (DbType = DateTime2), @p4='?' (Size = 500), @p5='?' (DbType = Int32)], CommandType='"Text"', CommandTimeout='30']
SET IMPLICIT_TRANSACTIONS OFF;
SET NOCOUNT ON;
INSERT INTO [RefreshTokens] ([CreatedAt], [ExpiresAt], [IsRevoked], [RevokedAt], [Token], [UserId])
OUTPUT INSERTED.[RefreshTokenId]
VALUES (@p0, @p1, @p2, @p3, @p4, @p5);
2026-08-30 23:13:54.576 +05:30 [INF] Executing OkObjectResult, writing value of type 'LoanDeductionPrediction.Models.DTOs.LoginResponse'.
2026-08-30 23:13:54.607 +05:30 [INF] Executed action LoanDeductionPrediction.API.Controllers.AuthController.Login (LoanDeductionPrediction.API) in 961.2572ms
2026-08-30 23:13:54.644 +05:30 [INF] Executed endpoint 'LoanDeductionPrediction.API.Controllers.AuthController.Login (LoanDeductionPrediction.API)'
2026-08-30 23:13:54.647 +05:30 [INF] HTTP POST /api/Auth/login responded 200 in 1079.1875 ms
2026-08-30 23:13:54.659 +05:30 [INF] Request finished HTTP/1.1 POST http://localhost:5082/api/Auth/login - 200 null application/json; charset=utf-8 1104.2877ms
2026-08-30 23:14:18.788 +05:30 [INF] Request starting HTTP/1.1 GET http://localhost:5082/api/BorrowerLoanApplication/pending - null null
2026-08-30 23:14:18.920 +05:30 [INF] Executing endpoint 'LoanDeductionPrediction.API.Controllers.BorrowerLoanApplicationController.GetPendingApplications (LoanDeductionPrediction.API)'
2026-08-30 23:14:18.948 +05:30 [INF] Route matched with {action = "GetPendingApplications", controller = "BorrowerLoanApplication"}. Executing controller action with signature System.Threading.Tasks.Task`1[Microsoft.AspNetCore.Mvc.IActionResult] GetPendingApplications() on controller LoanDeductionPrediction.API.Controllers.BorrowerLoanApplicationController (LoanDeductionPrediction.API).
2026-08-30 23:14:19.083 +05:30 [INF] Executed DbCommand (10ms) [Parameters=[], CommandType='"Text"', CommandTimeout='30']
SELECT [b].[ApplicationId], [b].[CollateralDetails], [b].[CollateralValue], [b].[CreatedAt], [b].[DateOfBirth], [b].[Email], [b].[FullName], [b].[InterestRate], [b].[LoanType], [b].[MonthlySalary], [b].[PasswordHash], [b].[Remarks], [b].[RequestedAmount], [b].[ReviewedAt], [b].[ReviewedByLoanOfficerId], [b].[Status], [b].[TenureMonths], [u].[UserId], [u].[CreatedAt], [u].[Email], [u].[FullName], [u].[IsActive], [u].[PasswordHash], [u].[Role]
FROM [BorrowerLoanApplications] AS [b]
LEFT JOIN [Users] AS [u] ON [b].[ReviewedByLoanOfficerId] = [u].[UserId]
WHERE [b].[Status] = N'PENDING'
ORDER BY [b].[CreatedAt] DESC
2026-08-30 23:14:19.129 +05:30 [INF] Executing OkObjectResult, writing value of type 'System.Collections.Generic.List`1[[LoanDeductionPrediction.Models.DTOs.BorrowerLoanApplicationDto, LoanDeductionPrediction.Models, Version=1.0.0.0, Culture=neutral, PublicKeyToken=null]]'.
2026-08-30 23:14:19.141 +05:30 [INF] Executed action LoanDeductionPrediction.API.Controllers.BorrowerLoanApplicationController.GetPendingApplications (LoanDeductionPrediction.API) in 143.4684ms
2026-08-30 23:14:19.143 +05:30 [INF] Executed endpoint 'LoanDeductionPrediction.API.Controllers.BorrowerLoanApplicationController.GetPendingApplications (LoanDeductionPrediction.API)'
2026-08-30 23:14:19.144 +05:30 [INF] HTTP GET /api/BorrowerLoanApplication/pending responded 200 in 340.4507 ms
2026-08-30 23:14:19.148 +05:30 [INF] Request finished HTTP/1.1 GET http://localhost:5082/api/BorrowerLoanApplication/pending - 200 null application/json; charset=utf-8 360.0245ms
2026-08-30 23:14:42.865 +05:30 [INF] Request starting HTTP/1.1 POST http://localhost:5082/api/BorrowerLoanApplication/6/accept - application/json 45
2026-08-30 23:14:42.891 +05:30 [INF] CORS policy execution successful.
2026-08-30 23:14:42.907 +05:30 [INF] Executing endpoint 'LoanDeductionPrediction.API.Controllers.BorrowerLoanApplicationController.AcceptApplication (LoanDeductionPrediction.API)'
2026-08-30 23:14:42.940 +05:30 [INF] Route matched with {action = "AcceptApplication", controller = "BorrowerLoanApplication"}. Executing controller action with signature System.Threading.Tasks.Task`1[Microsoft.AspNetCore.Mvc.IActionResult] AcceptApplication(Int32, LoanDeductionPrediction.Models.DTOs.ApproveBorrowerLoanApplicationRequest) on controller LoanDeductionPrediction.API.Controllers.BorrowerLoanApplicationController (LoanDeductionPrediction.API).
2026-08-30 23:14:43.035 +05:30 [INF] Executed DbCommand (6ms) [Parameters=[@userId='?' (DbType = Int32)], CommandType='"Text"', CommandTimeout='30']
SELECT TOP(1) [u].[UserId], [u].[CreatedAt], [u].[Email], [u].[FullName], [u].[IsActive], [u].[PasswordHash], [u].[Role]
FROM [Users] AS [u]
WHERE [u].[UserId] = @userId
2026-08-30 23:14:43.128 +05:30 [INF] Executed DbCommand (9ms) [Parameters=[@applicationId='?' (DbType = Int32)], CommandType='"Text"', CommandTimeout='30']
SELECT TOP(1) [b].[ApplicationId], [b].[CollateralDetails], [b].[CollateralValue], [b].[CreatedAt], [b].[DateOfBirth], [b].[Email], [b].[FullName], [b].[InterestRate], [b].[LoanType], [b].[MonthlySalary], [b].[PasswordHash], [b].[Remarks], [b].[RequestedAmount], [b].[ReviewedAt], [b].[ReviewedByLoanOfficerId], [b].[Status], [b].[TenureMonths], [u].[UserId], [u].[CreatedAt], [u].[Email], [u].[FullName], [u].[IsActive], [u].[PasswordHash], [u].[Role]
FROM [BorrowerLoanApplications] AS [b]
LEFT JOIN [Users] AS [u] ON [b].[ReviewedByLoanOfficerId] = [u].[UserId]
WHERE [b].[ApplicationId] = @applicationId
2026-08-30 23:14:43.219 +05:30 [INF] Executed DbCommand (7ms) [Parameters=[@normalizedEmail='?' (Size = 150)], CommandType='"Text"', CommandTimeout='30']
SELECT TOP(1) [u].[UserId], [u].[CreatedAt], [u].[Email], [u].[FullName], [u].[IsActive], [u].[PasswordHash], [u].[Role]
FROM [Users] AS [u]
WHERE LOWER([u].[Email]) = @normalizedEmail
2026-08-30 23:14:43.268 +05:30 [WRN] Savepoints are disabled because Multiple Active Result Sets (MARS) is enabled. If 'SaveChanges' fails, then the transaction cannot be automatically rolled back to a known clean state. Instead, the transaction should be rolled back by the application before retrying 'SaveChanges'. See https://go.microsoft.com/fwlink/?linkid=2149338 for more information and examples. To identify the code which triggers this warning, call 'ConfigureWarnings(w => w.Throw(SqlServerEventId.SavepointsDisabledBecauseOfMARS))'.
2026-08-30 23:14:43.290 +05:30 [INF] Executed DbCommand (19ms) [Parameters=[@p16='?' (DbType = Int32), @p0='?' (Size = 500), @p1='?' (Precision = 18) (Scale = 2) (DbType = Decimal), @p2='?' (DbType = DateTime2), @p3='?' (DbType = Date), @p4='?' (Size = 150), @p5='?' (Size = 100), @p6='?' (Precision = 5) (Scale = 2) (DbType = Decimal), @p7='?' (Size = 50), @p8='?' (Precision = 18) (Scale = 2) (DbType = Decimal), @p9='?' (Size = 255), @p10='?' (Size = 500), @p11='?' (Precision = 18) (Scale = 2) (DbType = Decimal), @p12='?' (DbType = DateTime2), @p13='?' (DbType = Int32), @p14='?' (Size = 30), @p15='?' (DbType = Int32), @p17='?' (DbType = DateTime2), @p18='?' (Size = 150), @p19='?' (Size = 100), @p20='?' (DbType = Boolean), @p21='?' (Size = 255), @p22='?' (Size = 30)], CommandType='"Text"', CommandTimeout='30']
SET NOCOUNT ON;
UPDATE [BorrowerLoanApplications] SET [CollateralDetails] = @p0, [CollateralValue] = @p1, [CreatedAt] = @p2, [DateOfBirth] = @p3, [Email] = @p4, [FullName] = @p5, [InterestRate] = @p6, [LoanType] = @p7, [MonthlySalary] = @p8, [PasswordHash] = @p9, [Remarks] = @p10, [RequestedAmount] = @p11, [ReviewedAt] = @p12, [ReviewedByLoanOfficerId] = @p13, [Status] = @p14, [TenureMonths] = @p15
OUTPUT 1
WHERE [ApplicationId] = @p16;
INSERT INTO [Users] ([CreatedAt], [Email], [FullName], [IsActive], [PasswordHash], [Role])
OUTPUT INSERTED.[UserId]
VALUES (@p17, @p18, @p19, @p20, @p21, @p22);
2026-08-30 23:14:43.357 +05:30 [INF] Executed DbCommand (29ms) [Parameters=[@userId='?' (DbType = Int32)], CommandType='"Text"', CommandTimeout='30']
SELECT TOP(1) [u].[UserId], [u].[CreatedAt], [u].[Email], [u].[FullName], [u].[IsActive], [u].[PasswordHash], [u].[Role]
FROM [Users] AS [u]
WHERE [u].[UserId] = @userId
2026-08-30 23:14:43.575 +05:30 [INF] Executed DbCommand (3ms) [Parameters=[@userId='?' (DbType = Int32)], CommandType='"Text"', CommandTimeout='30']
SELECT TOP(1) [u].[UserId], [u].[CreatedAt], [u].[Email], [u].[FullName], [u].[IsActive], [u].[PasswordHash], [u].[Role]
FROM [Users] AS [u]
WHERE [u].[UserId] = @userId
2026-08-30 23:14:43.714 +05:30 [WRN] Savepoints are disabled because Multiple Active Result Sets (MARS) is enabled. If 'SaveChanges' fails, then the transaction cannot be automatically rolled back to a known clean state. Instead, the transaction should be rolled back by the application before retrying 'SaveChanges'. See https://go.microsoft.com/fwlink/?linkid=2149338 for more information and examples. To identify the code which triggers this warning, call 'ConfigureWarnings(w => w.Throw(SqlServerEventId.SavepointsDisabledBecauseOfMARS))'.
2026-08-30 23:14:43.726 +05:30 [INF] Executed DbCommand (9ms) [Parameters=[@p0='?' (DbType = Int32), @p1='?' (DbType = DateTime2), @p2='?' (Precision = 18) (Scale = 2) (DbType = Decimal), @p3='?' (DbType = Date), @p4='?' (Precision = 5) (Scale = 2) (DbType = Decimal), @p5='?' (DbType = Int32), @p6='?' (Precision = 18) (Scale = 2) (DbType = Decimal), @p7='?' (Precision = 18) (Scale = 2) (DbType = Decimal), @p8='?' (DbType = Date), @p9='?' (Size = 30), @p10='?' (DbType = Int32)], CommandType='"Text"', CommandTimeout='30']
SET IMPLICIT_TRANSACTIONS OFF;
SET NOCOUNT ON;
INSERT INTO [LoanAccounts] ([BorrowerId], [CreatedAt], [EMIAmount], [EndDate], [InterestRate], [LoanOfficerId], [OutstandingAmount], [PrincipalAmount], [StartDate], [Status], [TenureMonths])
OUTPUT INSERTED.[LoanId]
VALUES (@p0, @p1, @p2, @p3, @p4, @p5, @p6, @p7, @p8, @p9, @p10);
2026-08-30 23:14:43.797 +05:30 [INF] Executed DbCommand (4ms) [Parameters=[@loanId='?' (DbType = Int32)], CommandType='"Text"', CommandTimeout='30']
SELECT TOP(1) [l].[LoanId], [l].[BorrowerId], [l].[CreatedAt], [l].[EMIAmount], [l].[EndDate], [l].[InterestRate], [l].[LoanOfficerId], [l].[OutstandingAmount], [l].[PrincipalAmount], [l].[StartDate], [l].[Status], [l].[TenureMonths]
FROM [LoanAccounts] AS [l]
WHERE [l].[LoanId] = @loanId
2026-08-30 23:14:43.862 +05:30 [INF] Executed DbCommand (6ms) [Parameters=[@loanId='?' (DbType = Int32)], CommandType='"Text"', CommandTimeout='30']
SELECT CASE
    WHEN EXISTS (
        SELECT 1
        FROM [RepaymentSchedules] AS [r]
        WHERE [r].[LoanId] = @loanId) THEN CAST(1 AS bit)
    ELSE CAST(0 AS bit)
END
2026-08-30 23:14:43.958 +05:30 [WRN] Savepoints are disabled because Multiple Active Result Sets (MARS) is enabled. If 'SaveChanges' fails, then the transaction cannot be automatically rolled back to a known clean state. Instead, the transaction should be rolled back by the application before retrying 'SaveChanges'. See https://go.microsoft.com/fwlink/?linkid=2149338 for more information and examples. To identify the code which triggers this warning, call 'ConfigureWarnings(w => w.Throw(SqlServerEventId.SavepointsDisabledBecauseOfMARS))'.
2026-08-30 23:14:43.994 +05:30 [INF] Executed DbCommand (32ms) [Parameters=[@p0='?' (DbType = Date), @p1='?' (Precision = 18) (Scale = 2) (DbType = Decimal), @p2='?' (DbType = Int32), @p3='?' (Precision = 18) (Scale = 2) (DbType = Decimal), @p4='?' (DbType = Int32), @p5='?' (Precision = 18) (Scale = 2) (DbType = Decimal), @p6='?' (DbType = Date), @p7='?' (Precision = 18) (Scale = 2) (DbType = Decimal), @p8='?' (Size = 30), @p9='?' (DbType = Date), @p10='?' (Precision = 18) (Scale = 2) (DbType = Decimal), @p11='?' (DbType = Int32), @p12='?' (Precision = 18) (Scale = 2) (DbType = Decimal), @p13='?' (DbType = Int32), @p14='?' (Precision = 18) (Scale = 2) (DbType = Decimal), @p15='?' (DbType = Date), @p16='?' (Precision = 18) (Scale = 2) (DbType = Decimal), @p17='?' (Size = 30), @p18='?' (DbType = Date), @p19='?' (Precision = 18) (Scale = 2) (DbType = Decimal), @p20='?' (DbType = Int32), @p21='?' (Precision = 18) (Scale = 2) (DbType = Decimal), @p22='?' (DbType = Int32), @p23='?' (Precision = 18) (Scale = 2) (DbType = Decimal), @p24='?' (DbType = Date), @p25='?' (Precision = 18) (Scale = 2) (DbType = Decimal), @p26='?' (Size = 30), @p27='?' (DbType = Date), @p28='?' (Precision = 18) (Scale = 2) (DbType = Decimal), @p29='?' (DbType = Int32), @p30='?' (Precision = 18) (Scale = 2) (DbType = Decimal), @p31='?' (DbType = Int32), @p32='?' (Precision = 18) (Scale = 2) (DbType = Decimal), @p33='?' (DbType = Date), @p34='?' (Precision = 18) (Scale = 2) (DbType = Decimal), @p35='?' (Size = 30), @p36='?' (DbType = Date), @p37='?' (Precision = 18) (Scale = 2) (DbType = Decimal), @p38='?' (DbType = Int32), @p39='?' (Precision = 18) (Scale = 2) (DbType = Decimal), @p40='?' (DbType = Int32), @p41='?' (Precision = 18) (Scale = 2) (DbType = Decimal), @p42='?' (DbType = Date), @p43='?' (Precision = 18) (Scale = 2) (DbType = Decimal), @p44='?' (Size = 30), @p45='?' (DbType = Date), @p46='?' (Precision = 18) (Scale = 2) (DbType = Decimal), @p47='?' (DbType = Int32), @p48='?' (Precision = 18) (Scale = 2) (DbType = Decimal), @p49='?' (DbType = Int32), @p50='?' (Precision = 18) (Scale = 2) (DbType = Decimal), @p51='?' (DbType = Date), @p52='?' (Precision = 18) (Scale = 2) (DbType = Decimal), @p53='?' (Size = 30), @p54='?' (DbType = Date), @p55='?' (Precision = 18) (Scale = 2) (DbType = Decimal), @p56='?' (DbType = Int32), @p57='?' (Precision = 18) (Scale = 2) (DbType = Decimal), @p58='?' (DbType = Int32), @p59='?' (Precision = 18) (Scale = 2) (DbType = Decimal), @p60='?' (DbType = Date), @p61='?' (Precision = 18) (Scale = 2) (DbType = Decimal), @p62='?' (Size = 30), @p63='?' (DbType = Date), @p64='?' (Precision = 18) (Scale = 2) (DbType = Decimal), @p65='?' (DbType = Int32), @p66='?' (Precision = 18) (Scale = 2) (DbType = Decimal), @p67='?' (DbType = Int32), @p68='?' (Precision = 18) (Scale = 2) (DbType = Decimal), @p69='?' (DbType = Date), @p70='?' (Precision = 18) (Scale = 2) (DbType = Decimal), @p71='?' (Size = 30), @p72='?' (DbType = Date), @p73='?' (Precision = 18) (Scale = 2) (DbType = Decimal), @p74='?' (DbType = Int32), @p75='?' (Precision = 18) (Scale = 2) (DbType = Decimal), @p76='?' (DbType = Int32), @p77='?' (Precision = 18) (Scale = 2) (DbType = Decimal), @p78='?' (DbType = Date), @p79='?' (Precision = 18) (Scale = 2) (DbType = Decimal), @p80='?' (Size = 30), @p81='?' (DbType = Date), @p82='?' (Precision = 18) (Scale = 2) (DbType = Decimal), @p83='?' (DbType = Int32), @p84='?' (Precision = 18) (Scale = 2) (DbType = Decimal), @p85='?' (DbType = Int32), @p86='?' (Precision = 18) (Scale = 2) (DbType = Decimal), @p87='?' (DbType = Date), @p88='?' (Precision = 18) (Scale = 2) (DbType = Decimal), @p89='?' (Size = 30), @p90='?' (DbType = Date), @p91='?' (Precision = 18) (Scale = 2) (DbType = Decimal), @p92='?' (DbType = Int32), @p93='?' (Precision = 18) (Scale = 2) (DbType = Decimal), @p94='?' (DbType = Int32), @p95='?' (Precision = 18) (Scale = 2) (DbType = Decimal), @p96='?' (DbType = Date), @p97='?' (Precision = 18) (Scale = 2) (DbType = Decimal), @p98='?' (Size = 30), @p99='?' (DbType = Date), @p100='?' (Precision = 18) (Scale = 2) (DbType = Decimal), @p101='?' (DbType = Int32), @p102='?' (Precision = 18) (Scale = 2) (DbType = Decimal), @p103='?' (DbType = Int32), @p104='?' (Precision = 18) (Scale = 2) (DbType = Decimal), @p105='?' (DbType = Date), @p106='?' (Precision = 18) (Scale = 2) (DbType = Decimal), @p107='?' (Size = 30)], CommandType='"Text"', CommandTimeout='30']
SET IMPLICIT_TRANSACTIONS OFF;
SET NOCOUNT ON;
MERGE [RepaymentSchedules] USING (
VALUES (@p0, @p1, @p2, @p3, @p4, @p5, @p6, @p7, @p8, 0),
(@p9, @p10, @p11, @p12, @p13, @p14, @p15, @p16, @p17, 1),
(@p18, @p19, @p20, @p21, @p22, @p23, @p24, @p25, @p26, 2),
(@p27, @p28, @p29, @p30, @p31, @p32, @p33, @p34, @p35, 3),
(@p36, @p37, @p38, @p39, @p40, @p41, @p42, @p43, @p44, 4),
(@p45, @p46, @p47, @p48, @p49, @p50, @p51, @p52, @p53, 5),
(@p54, @p55, @p56, @p57, @p58, @p59, @p60, @p61, @p62, 6),
(@p63, @p64, @p65, @p66, @p67, @p68, @p69, @p70, @p71, 7),
(@p72, @p73, @p74, @p75, @p76, @p77, @p78, @p79, @p80, 8),
(@p81, @p82, @p83, @p84, @p85, @p86, @p87, @p88, @p89, 9),
(@p90, @p91, @p92, @p93, @p94, @p95, @p96, @p97, @p98, 10),
(@p99, @p100, @p101, @p102, @p103, @p104, @p105, @p106, @p107, 11)) AS i ([DueDate], [EMIAmount], [InstallmentNumber], [InterestAmount], [LoanId], [PaidAmount], [PaidDate], [PrincipalAmount], [Status], _Position) ON 1=0
WHEN NOT MATCHED THEN
INSERT ([DueDate], [EMIAmount], [InstallmentNumber], [InterestAmount], [LoanId], [PaidAmount], [PaidDate], [PrincipalAmount], [Status])
VALUES (i.[DueDate], i.[EMIAmount], i.[InstallmentNumber], i.[InterestAmount], i.[LoanId], i.[PaidAmount], i.[PaidDate], i.[PrincipalAmount], i.[Status])
OUTPUT INSERTED.[ScheduleId], i._Position;
2026-08-30 23:14:44.047 +05:30 [INF] Executing OkObjectResult, writing value of type 'LoanDeductionPrediction.Models.DTOs.AcceptBorrowerLoanApplicationResponse'.
2026-08-30 23:14:44.064 +05:30 [INF] Executed action LoanDeductionPrediction.API.Controllers.BorrowerLoanApplicationController.AcceptApplication (LoanDeductionPrediction.API) in 1118.4263ms
2026-08-30 23:14:44.074 +05:30 [INF] Executed endpoint 'LoanDeductionPrediction.API.Controllers.BorrowerLoanApplicationController.AcceptApplication (LoanDeductionPrediction.API)'
2026-08-30 23:14:44.077 +05:30 [INF] HTTP POST /api/BorrowerLoanApplication/6/accept responded 200 in 1186.0573 ms
2026-08-30 23:14:44.093 +05:30 [INF] Request finished HTTP/1.1 POST http://localhost:5082/api/BorrowerLoanApplication/6/accept - 200 null application/json; charset=utf-8 1228.2563ms
2026-08-30 23:20:58.475 +05:30 [INF] Request starting HTTP/1.1 GET http://localhost:5082/api/BorrowerLoanApplication/pending - null null
2026-08-30 23:20:58.525 +05:30 [INF] Executing endpoint 'LoanDeductionPrediction.API.Controllers.BorrowerLoanApplicationController.GetPendingApplications (LoanDeductionPrediction.API)'
2026-08-30 23:20:58.530 +05:30 [INF] Route matched with {action = "GetPendingApplications", controller = "BorrowerLoanApplication"}. Executing controller action with signature System.Threading.Tasks.Task`1[Microsoft.AspNetCore.Mvc.IActionResult] GetPendingApplications() on controller LoanDeductionPrediction.API.Controllers.BorrowerLoanApplicationController (LoanDeductionPrediction.API).
2026-08-30 23:20:58.607 +05:30 [INF] Executed DbCommand (30ms) [Parameters=[], CommandType='"Text"', CommandTimeout='30']
SELECT [b].[ApplicationId], [b].[CollateralDetails], [b].[CollateralValue], [b].[CreatedAt], [b].[DateOfBirth], [b].[Email], [b].[FullName], [b].[InterestRate], [b].[LoanType], [b].[MonthlySalary], [b].[PasswordHash], [b].[Remarks], [b].[RequestedAmount], [b].[ReviewedAt], [b].[ReviewedByLoanOfficerId], [b].[Status], [b].[TenureMonths], [u].[UserId], [u].[CreatedAt], [u].[Email], [u].[FullName], [u].[IsActive], [u].[PasswordHash], [u].[Role]
FROM [BorrowerLoanApplications] AS [b]
LEFT JOIN [Users] AS [u] ON [b].[ReviewedByLoanOfficerId] = [u].[UserId]
WHERE [b].[Status] = N'PENDING'
ORDER BY [b].[CreatedAt] DESC
2026-08-30 23:20:58.619 +05:30 [INF] Executing OkObjectResult, writing value of type 'System.Collections.Generic.List`1[[LoanDeductionPrediction.Models.DTOs.BorrowerLoanApplicationDto, LoanDeductionPrediction.Models, Version=1.0.0.0, Culture=neutral, PublicKeyToken=null]]'.
2026-08-30 23:20:58.626 +05:30 [INF] Executed action LoanDeductionPrediction.API.Controllers.BorrowerLoanApplicationController.GetPendingApplications (LoanDeductionPrediction.API) in 88.8325ms
2026-08-30 23:20:58.637 +05:30 [INF] Executed endpoint 'LoanDeductionPrediction.API.Controllers.BorrowerLoanApplicationController.GetPendingApplications (LoanDeductionPrediction.API)'
2026-08-30 23:20:58.641 +05:30 [INF] HTTP GET /api/BorrowerLoanApplication/pending responded 200 in 123.1333 ms
2026-08-30 23:20:58.650 +05:30 [INF] Request finished HTTP/1.1 GET http://localhost:5082/api/BorrowerLoanApplication/pending - 200 null application/json; charset=utf-8 175.1488ms
2026-08-30 23:21:17.375 +05:30 [INF] Request starting HTTP/1.1 GET http://localhost:5082/api/BorrowerLoanApplication/5 - null null
2026-08-30 23:21:17.416 +05:30 [INF] Executing endpoint 'LoanDeductionPrediction.API.Controllers.BorrowerLoanApplicationController.GetById (LoanDeductionPrediction.API)'
2026-08-30 23:21:17.441 +05:30 [INF] Route matched with {action = "GetById", controller = "BorrowerLoanApplication"}. Executing controller action with signature System.Threading.Tasks.Task`1[Microsoft.AspNetCore.Mvc.IActionResult] GetById(Int32) on controller LoanDeductionPrediction.API.Controllers.BorrowerLoanApplicationController (LoanDeductionPrediction.API).
2026-08-30 23:21:17.469 +05:30 [INF] Executed DbCommand (9ms) [Parameters=[@applicationId='?' (DbType = Int32)], CommandType='"Text"', CommandTimeout='30']
SELECT TOP(1) [b].[ApplicationId], [b].[CollateralDetails], [b].[CollateralValue], [b].[CreatedAt], [b].[DateOfBirth], [b].[Email], [b].[FullName], [b].[InterestRate], [b].[LoanType], [b].[MonthlySalary], [b].[PasswordHash], [b].[Remarks], [b].[RequestedAmount], [b].[ReviewedAt], [b].[ReviewedByLoanOfficerId], [b].[Status], [b].[TenureMonths], [u].[UserId], [u].[CreatedAt], [u].[Email], [u].[FullName], [u].[IsActive], [u].[PasswordHash], [u].[Role]
FROM [BorrowerLoanApplications] AS [b]
LEFT JOIN [Users] AS [u] ON [b].[ReviewedByLoanOfficerId] = [u].[UserId]
WHERE [b].[ApplicationId] = @applicationId
2026-08-30 23:21:17.483 +05:30 [INF] Executing OkObjectResult, writing value of type 'LoanDeductionPrediction.Models.DTOs.BorrowerLoanApplicationDto'.
2026-08-30 23:21:17.486 +05:30 [INF] Executed action LoanDeductionPrediction.API.Controllers.BorrowerLoanApplicationController.GetById (LoanDeductionPrediction.API) in 32.3701ms
2026-08-30 23:21:17.490 +05:30 [INF] Executed endpoint 'LoanDeductionPrediction.API.Controllers.BorrowerLoanApplicationController.GetById (LoanDeductionPrediction.API)'
2026-08-30 23:21:17.492 +05:30 [INF] HTTP GET /api/BorrowerLoanApplication/5 responded 200 in 76.1792 ms
2026-08-30 23:21:17.499 +05:30 [INF] Request finished HTTP/1.1 GET http://localhost:5082/api/BorrowerLoanApplication/5 - 200 null application/json; charset=utf-8 123.6257ms
2026-08-30 23:22:24.856 +05:30 [INF] Application is shutting down...
2026-08-30 23:22:44.559 +05:30 [WRN] No store type was specified for the decimal property 'CollateralValue' on entity type 'BorrowerLoanApplication'. This will cause values to be silently truncated if they do not fit in the default precision and scale. Explicitly specify the SQL server column type that can accommodate all the values in 'OnModelCreating' using 'HasColumnType', specify precision and scale using 'HasPrecision', or configure a value converter using 'HasConversion'.
2026-08-30 23:22:44.856 +05:30 [INF] Executed DbCommand (12ms) [Parameters=[], CommandType='"Text"', CommandTimeout='30']
SELECT 1
2026-08-30 23:22:44.866 +05:30 [INF] Acquiring an exclusive lock for migration application. See https://aka.ms/efcore-docs-migrations-lock for more information if this takes too long.
2026-08-30 23:22:44.952 +05:30 [INF] Executed DbCommand (81ms) [Parameters=[], CommandType='"Text"', CommandTimeout='30']
DECLARE @result int;
EXEC @result = sp_getapplock @Resource = '__EFMigrationsLock', @LockOwner = 'Session', @LockMode = 'Exclusive';
SELECT @result
2026-08-30 23:22:45.050 +05:30 [INF] Executed DbCommand (3ms) [Parameters=[], CommandType='"Text"', CommandTimeout='30']
IF OBJECT_ID(N'[__EFMigrationsHistory]') IS NULL
BEGIN
    CREATE TABLE [__EFMigrationsHistory] (
        [MigrationId] nvarchar(150) NOT NULL,
        [ProductVersion] nvarchar(32) NOT NULL,
        CONSTRAINT [PK___EFMigrationsHistory] PRIMARY KEY ([MigrationId])
    );
END;
2026-08-30 23:22:45.060 +05:30 [INF] Executed DbCommand (1ms) [Parameters=[], CommandType='"Text"', CommandTimeout='30']
SELECT 1
2026-08-30 23:22:45.064 +05:30 [INF] Executed DbCommand (1ms) [Parameters=[], CommandType='"Text"', CommandTimeout='30']
SELECT OBJECT_ID(N'[__EFMigrationsHistory]');
2026-08-30 23:22:45.073 +05:30 [INF] Executed DbCommand (3ms) [Parameters=[], CommandType='"Text"', CommandTimeout='30']
SELECT [MigrationId], [ProductVersion]
FROM [__EFMigrationsHistory]
ORDER BY [MigrationId];
2026-08-30 23:22:45.086 +05:30 [INF] No migrations were applied. The database is already up to date.
2026-08-30 23:22:45.093 +05:30 [INF] Executed DbCommand (6ms) [Parameters=[], CommandType='"Text"', CommandTimeout='30']
DECLARE @result int;
EXEC @result = sp_releaseapplock @Resource = '__EFMigrationsLock', @LockOwner = 'Session';
SELECT @result
2026-08-30 23:22:45.278 +05:30 [INF] Executed DbCommand (5ms) [Parameters=[], CommandType='"Text"', CommandTimeout='30']
SELECT CASE
    WHEN EXISTS (
        SELECT 1
        FROM [Users] AS [u]
        WHERE [u].[Role] = N'Admin') THEN CAST(1 AS bit)
    ELSE CAST(0 AS bit)
END
2026-08-30 23:22:45.348 +05:30 [INF] User profile is available. Using 'C:\Users\thang\AppData\Local\ASP.NET\DataProtection-Keys' as key repository and Windows DPAPI to encrypt keys at rest.
2026-08-30 23:22:45.355 +05:30 [INF] Payment Behavior Background Service is disabled via configuration. Skipping hourly overdue EMI processing.
2026-08-30 23:22:45.406 +05:30 [INF] Now listening on: http://localhost:5082
2026-08-30 23:22:45.408 +05:30 [INF] Application started. Press Ctrl+C to shut down.
2026-08-30 23:22:45.409 +05:30 [INF] Hosting environment: Development
2026-08-30 23:22:45.411 +05:30 [INF] Content root path: C:\Users\thang\OneDrive\Documents\React Projects\LoanDeductionPrediction\LoanDeductionPrediction.API
2026-08-30 23:23:11.054 +05:30 [INF] Request starting HTTP/1.1 GET http://localhost:5082/swagger/index.html - null null
2026-08-30 23:23:11.276 +05:30 [INF] HTTP GET /swagger/index.html responded 304 in 152.8914 ms
2026-08-30 23:23:11.287 +05:30 [INF] Request finished HTTP/1.1 GET http://localhost:5082/swagger/index.html - 304 null null 235.3786ms
2026-08-30 23:23:11.332 +05:30 [INF] Request starting HTTP/1.1 GET http://localhost:5082/swagger/swagger-ui-bundle.js - null null
2026-08-30 23:23:11.332 +05:30 [INF] Request starting HTTP/1.1 GET http://localhost:5082/swagger/swagger-ui.css - null null
2026-08-30 23:23:11.332 +05:30 [INF] Request starting HTTP/1.1 GET http://localhost:5082/swagger/index.css - null null
2026-08-30 23:23:11.339 +05:30 [INF] Request starting HTTP/1.1 GET http://localhost:5082/swagger/index.js - null null
2026-08-30 23:23:11.340 +05:30 [INF] Request starting HTTP/1.1 GET http://localhost:5082/swagger/swagger-ui-standalone-preset.js - null null
2026-08-30 23:23:11.478 +05:30 [INF] HTTP GET /swagger/swagger-ui.css responded 304 in 52.1265 ms
2026-08-30 23:23:11.478 +05:30 [INF] HTTP GET /swagger/swagger-ui-bundle.js responded 304 in 90.7952 ms
2026-08-30 23:23:11.489 +05:30 [INF] HTTP GET /swagger/index.css responded 304 in 0.3721 ms
2026-08-30 23:23:11.497 +05:30 [INF] HTTP GET /swagger/index.js responded 304 in 0.7291 ms
2026-08-30 23:23:11.516 +05:30 [INF] HTTP GET /swagger/swagger-ui-standalone-preset.js responded 304 in 4.8045 ms
2026-08-30 23:23:11.517 +05:30 [INF] Request finished HTTP/1.1 GET http://localhost:5082/swagger/swagger-ui.css - 304 null null 185.8879ms
2026-08-30 23:23:11.531 +05:30 [INF] Request finished HTTP/1.1 GET http://localhost:5082/swagger/swagger-ui-bundle.js - 304 null null 199.9566ms
2026-08-30 23:23:11.537 +05:30 [INF] Request finished HTTP/1.1 GET http://localhost:5082/swagger/index.css - 304 null null 204.3182ms
2026-08-30 23:23:11.551 +05:30 [INF] Request finished HTTP/1.1 GET http://localhost:5082/swagger/index.js - 304 null null 211.9998ms
2026-08-30 23:23:11.557 +05:30 [INF] Request finished HTTP/1.1 GET http://localhost:5082/swagger/swagger-ui-standalone-preset.js - 304 null null 216.1279ms
2026-08-30 23:23:11.764 +05:30 [INF] Request starting HTTP/1.1 GET http://localhost:5082/swagger/v1/swagger.json - null null
2026-08-30 23:23:12.202 +05:30 [INF] HTTP GET /swagger/v1/swagger.json responded 200 in 423.8057 ms
2026-08-30 23:23:12.221 +05:30 [INF] Request finished HTTP/1.1 GET http://localhost:5082/swagger/v1/swagger.json - 200 null application/json;charset=utf-8 456.3259ms
2026-08-30 23:34:23.385 +05:30 [INF] Application is shutting down...
2026-08-30 23:34:52.221 +05:30 [WRN] No store type was specified for the decimal property 'CollateralValue' on entity type 'BorrowerLoanApplication'. This will cause values to be silently truncated if they do not fit in the default precision and scale. Explicitly specify the SQL server column type that can accommodate all the values in 'OnModelCreating' using 'HasColumnType', specify precision and scale using 'HasPrecision', or configure a value converter using 'HasConversion'.
2026-08-30 23:43:31.918 +05:30 [WRN] No store type was specified for the decimal property 'CollateralValue' on entity type 'BorrowerLoanApplication'. This will cause values to be silently truncated if they do not fit in the default precision and scale. Explicitly specify the SQL server column type that can accommodate all the values in 'OnModelCreating' using 'HasColumnType', specify precision and scale using 'HasPrecision', or configure a value converter using 'HasConversion'.
2026-08-30 23:43:32.318 +05:30 [INF] Executed DbCommand (14ms) [Parameters=[], CommandType='"Text"', CommandTimeout='30']
SELECT 1
2026-08-30 23:43:32.328 +05:30 [INF] Acquiring an exclusive lock for migration application. See https://aka.ms/efcore-docs-migrations-lock for more information if this takes too long.
2026-08-30 23:43:32.371 +05:30 [INF] Executed DbCommand (37ms) [Parameters=[], CommandType='"Text"', CommandTimeout='30']
DECLARE @result int;
EXEC @result = sp_getapplock @Resource = '__EFMigrationsLock', @LockOwner = 'Session', @LockMode = 'Exclusive';
SELECT @result
2026-08-30 23:43:32.438 +05:30 [INF] Executed DbCommand (8ms) [Parameters=[], CommandType='"Text"', CommandTimeout='30']
IF OBJECT_ID(N'[__EFMigrationsHistory]') IS NULL
BEGIN
    CREATE TABLE [__EFMigrationsHistory] (
        [MigrationId] nvarchar(150) NOT NULL,
        [ProductVersion] nvarchar(32) NOT NULL,
        CONSTRAINT [PK___EFMigrationsHistory] PRIMARY KEY ([MigrationId])
    );
END;
2026-08-30 23:43:32.449 +05:30 [INF] Executed DbCommand (1ms) [Parameters=[], CommandType='"Text"', CommandTimeout='30']
SELECT 1
2026-08-30 23:43:32.457 +05:30 [INF] Executed DbCommand (2ms) [Parameters=[], CommandType='"Text"', CommandTimeout='30']
SELECT OBJECT_ID(N'[__EFMigrationsHistory]');
2026-08-30 23:43:32.495 +05:30 [INF] Executed DbCommand (21ms) [Parameters=[], CommandType='"Text"', CommandTimeout='30']
SELECT [MigrationId], [ProductVersion]
FROM [__EFMigrationsHistory]
ORDER BY [MigrationId];
2026-08-30 23:43:32.510 +05:30 [INF] Applying migration '20260830180452_AddLoanHistory'.
2026-08-30 23:43:32.601 +05:30 [INF] Executed DbCommand (59ms) [Parameters=[], CommandType='"Text"', CommandTimeout='30']
CREATE TABLE [LoanHistories] (
    [LoanHistoryId] int NOT NULL IDENTITY,
    [OriginalLoanId] int NOT NULL,
    [BorrowerId] int NOT NULL,
    [LoanOfficerId] int NULL,
    [PrincipalAmount] decimal(18,2) NOT NULL,
    [InterestRate] decimal(18,2) NULL,
    [TenureMonths] int NULL,
    [EmiAmount] decimal(18,2) NOT NULL,
    [StartDate] date NOT NULL,
    [EndDate] date NOT NULL,
    [OutstandingAmount] decimal(18,2) NOT NULL,
    [Status] nvarchar(50) NOT NULL,
    [CreatedAt] datetime2 NOT NULL,
    [DeletedAt] datetime2 NOT NULL,
    CONSTRAINT [PK_LoanHistories] PRIMARY KEY ([LoanHistoryId])
);
2026-08-30 23:43:32.626 +05:30 [INF] Executed DbCommand (22ms) [Parameters=[], CommandType='"Text"', CommandTimeout='30']
CREATE INDEX [IX_LoanHistories_OriginalLoanId] ON [LoanHistories] ([OriginalLoanId]);
2026-08-30 23:43:32.646 +05:30 [INF] Executed DbCommand (17ms) [Parameters=[], CommandType='"Text"', CommandTimeout='30']
INSERT INTO [__EFMigrationsHistory] ([MigrationId], [ProductVersion])
VALUES (N'20260830180452_AddLoanHistory', N'10.0.11');
2026-08-30 23:43:32.667 +05:30 [INF] Executed DbCommand (14ms) [Parameters=[], CommandType='"Text"', CommandTimeout='30']
DECLARE @result int;
EXEC @result = sp_releaseapplock @Resource = '__EFMigrationsLock', @LockOwner = 'Session';
SELECT @result
2026-08-30 23:43:32.876 +05:30 [INF] Executed DbCommand (17ms) [Parameters=[], CommandType='"Text"', CommandTimeout='30']
SELECT CASE
    WHEN EXISTS (
        SELECT 1
        FROM [Users] AS [u]
        WHERE [u].[Role] = N'Admin') THEN CAST(1 AS bit)
    ELSE CAST(0 AS bit)
END
2026-08-30 23:43:32.994 +05:30 [INF] User profile is available. Using 'C:\Users\thang\AppData\Local\ASP.NET\DataProtection-Keys' as key repository and Windows DPAPI to encrypt keys at rest.
2026-08-30 23:43:33.003 +05:30 [INF] Payment Behavior Background Service is disabled via configuration. Skipping hourly overdue EMI processing.
2026-08-30 23:43:33.068 +05:30 [INF] Now listening on: http://localhost:5082
2026-08-30 23:43:33.069 +05:30 [INF] Application started. Press Ctrl+C to shut down.
2026-08-30 23:43:33.070 +05:30 [INF] Hosting environment: Development
2026-08-30 23:43:33.071 +05:30 [INF] Content root path: C:\Users\thang\OneDrive\Documents\React Projects\LoanDeductionPrediction\LoanDeductionPrediction.API
2026-08-30 23:43:46.061 +05:30 [INF] Request starting HTTP/1.1 GET http://localhost:5082/swagger/index.html - null null
2026-08-30 23:43:46.334 +05:30 [INF] HTTP GET /swagger/index.html responded 304 in 179.6386 ms
2026-08-30 23:43:46.346 +05:30 [INF] Request finished HTTP/1.1 GET http://localhost:5082/swagger/index.html - 304 null null 292.922ms
2026-08-30 23:43:46.387 +05:30 [INF] Request starting HTTP/1.1 GET http://localhost:5082/swagger/index.css - null null
2026-08-30 23:43:46.393 +05:30 [INF] Request starting HTTP/1.1 GET http://localhost:5082/swagger/swagger-ui-bundle.js - null null
2026-08-30 23:43:46.401 +05:30 [INF] Request starting HTTP/1.1 GET http://localhost:5082/swagger/index.js - null null
2026-08-30 23:43:46.409 +05:30 [INF] Request starting HTTP/1.1 GET http://localhost:5082/swagger/swagger-ui-standalone-preset.js - null null
2026-08-30 23:43:46.435 +05:30 [INF] Request starting HTTP/1.1 GET http://localhost:5082/swagger/swagger-ui.css - null null
2026-08-30 23:43:46.500 +05:30 [INF] HTTP GET /swagger/index.css responded 304 in 55.9096 ms
2026-08-30 23:43:46.516 +05:30 [INF] HTTP GET /swagger/swagger-ui-bundle.js responded 304 in 49.9880 ms
2026-08-30 23:43:46.525 +05:30 [INF] HTTP GET /swagger/index.js responded 304 in 6.9846 ms
2026-08-30 23:43:46.592 +05:30 [INF] HTTP GET /swagger/swagger-ui-standalone-preset.js responded 304 in 56.1647 ms
2026-08-30 23:43:46.593 +05:30 [INF] HTTP GET /swagger/swagger-ui.css responded 304 in 1.0853 ms
2026-08-30 23:43:46.605 +05:30 [INF] Request finished HTTP/1.1 GET http://localhost:5082/swagger/index.css - 304 null null 218.2884ms
2026-08-30 23:43:46.610 +05:30 [INF] Request finished HTTP/1.1 GET http://localhost:5082/swagger/swagger-ui-bundle.js - 304 null null 217.1795ms
2026-08-30 23:43:46.620 +05:30 [INF] Request finished HTTP/1.1 GET http://localhost:5082/swagger/index.js - 304 null null 218.0437ms
2026-08-30 23:43:46.636 +05:30 [INF] Request finished HTTP/1.1 GET http://localhost:5082/swagger/swagger-ui-standalone-preset.js - 304 null null 226.6059ms
2026-08-30 23:43:46.646 +05:30 [INF] Request finished HTTP/1.1 GET http://localhost:5082/swagger/swagger-ui.css - 304 null null 211.3631ms
2026-08-30 23:43:46.798 +05:30 [INF] Request starting HTTP/1.1 GET http://localhost:5082/swagger/v1/swagger.json - null null
2026-08-30 23:43:47.145 +05:30 [INF] HTTP GET /swagger/v1/swagger.json responded 200 in 319.5723 ms
2026-08-30 23:43:47.151 +05:30 [INF] Request finished HTTP/1.1 GET http://localhost:5082/swagger/v1/swagger.json - 200 null application/json;charset=utf-8 352.9642ms
2026-08-30 23:44:56.774 +05:30 [INF] Application is shutting down...
2026-08-30 23:45:17.238 +05:30 [WRN] No store type was specified for the decimal property 'CollateralValue' on entity type 'BorrowerLoanApplication'. This will cause values to be silently truncated if they do not fit in the default precision and scale. Explicitly specify the SQL server column type that can accommodate all the values in 'OnModelCreating' using 'HasColumnType', specify precision and scale using 'HasPrecision', or configure a value converter using 'HasConversion'.
2026-08-30 23:45:17.587 +05:30 [INF] Executed DbCommand (16ms) [Parameters=[], CommandType='"Text"', CommandTimeout='30']
SELECT 1
2026-08-30 23:45:17.604 +05:30 [INF] Acquiring an exclusive lock for migration application. See https://aka.ms/efcore-docs-migrations-lock for more information if this takes too long.
2026-08-30 23:45:17.641 +05:30 [INF] Executed DbCommand (35ms) [Parameters=[], CommandType='"Text"', CommandTimeout='30']
DECLARE @result int;
EXEC @result = sp_getapplock @Resource = '__EFMigrationsLock', @LockOwner = 'Session', @LockMode = 'Exclusive';
SELECT @result
2026-08-30 23:45:17.714 +05:30 [INF] Executed DbCommand (9ms) [Parameters=[], CommandType='"Text"', CommandTimeout='30']
IF OBJECT_ID(N'[__EFMigrationsHistory]') IS NULL
BEGIN
    CREATE TABLE [__EFMigrationsHistory] (
        [MigrationId] nvarchar(150) NOT NULL,
        [ProductVersion] nvarchar(32) NOT NULL,
        CONSTRAINT [PK___EFMigrationsHistory] PRIMARY KEY ([MigrationId])
    );
END;
2026-08-30 23:45:17.723 +05:30 [INF] Executed DbCommand (0ms) [Parameters=[], CommandType='"Text"', CommandTimeout='30']
SELECT 1
2026-08-30 23:45:17.727 +05:30 [INF] Executed DbCommand (1ms) [Parameters=[], CommandType='"Text"', CommandTimeout='30']
SELECT OBJECT_ID(N'[__EFMigrationsHistory]');
2026-08-30 23:45:17.738 +05:30 [INF] Executed DbCommand (7ms) [Parameters=[], CommandType='"Text"', CommandTimeout='30']
SELECT [MigrationId], [ProductVersion]
FROM [__EFMigrationsHistory]
ORDER BY [MigrationId];
2026-08-30 23:45:17.747 +05:30 [INF] No migrations were applied. The database is already up to date.
2026-08-30 23:45:17.754 +05:30 [INF] Executed DbCommand (5ms) [Parameters=[], CommandType='"Text"', CommandTimeout='30']
DECLARE @result int;
EXEC @result = sp_releaseapplock @Resource = '__EFMigrationsLock', @LockOwner = 'Session';
SELECT @result
2026-08-30 23:45:17.941 +05:30 [INF] Executed DbCommand (6ms) [Parameters=[], CommandType='"Text"', CommandTimeout='30']
SELECT CASE
    WHEN EXISTS (
        SELECT 1
        FROM [Users] AS [u]
        WHERE [u].[Role] = N'Admin') THEN CAST(1 AS bit)
    ELSE CAST(0 AS bit)
END
2026-08-30 23:45:18.008 +05:30 [INF] User profile is available. Using 'C:\Users\thang\AppData\Local\ASP.NET\DataProtection-Keys' as key repository and Windows DPAPI to encrypt keys at rest.
2026-08-30 23:45:18.017 +05:30 [INF] Payment Behavior Background Service is disabled via configuration. Skipping hourly overdue EMI processing.
2026-08-30 23:45:18.065 +05:30 [INF] Now listening on: http://localhost:5082
2026-08-30 23:45:18.066 +05:30 [INF] Application started. Press Ctrl+C to shut down.
2026-08-30 23:45:18.067 +05:30 [INF] Hosting environment: Development
2026-08-30 23:45:18.068 +05:30 [INF] Content root path: C:\Users\thang\OneDrive\Documents\React Projects\LoanDeductionPrediction\LoanDeductionPrediction.API
2026-08-30 23:45:28.013 +05:30 [INF] Request starting HTTP/1.1 GET http://localhost:5082/swagger/index.html - null null
2026-08-30 23:45:28.227 +05:30 [INF] HTTP GET /swagger/index.html responded 304 in 135.6545 ms
2026-08-30 23:45:28.251 +05:30 [INF] Request finished HTTP/1.1 GET http://localhost:5082/swagger/index.html - 304 null null 241.1371ms
2026-08-30 23:45:28.280 +05:30 [INF] Request starting HTTP/1.1 GET http://localhost:5082/swagger/swagger-ui-bundle.js - null null
2026-08-30 23:45:28.280 +05:30 [INF] Request starting HTTP/1.1 GET http://localhost:5082/swagger/index.css - null null
2026-08-30 23:45:28.301 +05:30 [INF] Request starting HTTP/1.1 GET http://localhost:5082/swagger/index.js - null null
2026-08-30 23:45:28.302 +05:30 [INF] Request starting HTTP/1.1 GET http://localhost:5082/swagger/swagger-ui-standalone-preset.js - null null
2026-08-30 23:45:28.324 +05:30 [INF] Request starting HTTP/1.1 GET http://localhost:5082/swagger/swagger-ui.css - null null
2026-08-30 23:45:28.372 +05:30 [INF] HTTP GET /swagger/index.css responded 304 in 9.2025 ms
2026-08-30 23:45:28.383 +05:30 [INF] HTTP GET /swagger/swagger-ui-bundle.js responded 304 in 43.1508 ms
2026-08-30 23:45:28.388 +05:30 [INF] HTTP GET /swagger/index.js responded 304 in 3.6996 ms
2026-08-30 23:45:28.437 +05:30 [INF] HTTP GET /swagger/swagger-ui-standalone-preset.js responded 304 in 43.8791 ms
2026-08-30 23:45:28.441 +05:30 [INF] HTTP GET /swagger/swagger-ui.css responded 304 in 1.0400 ms
2026-08-30 23:45:28.450 +05:30 [INF] Request finished HTTP/1.1 GET http://localhost:5082/swagger/index.css - 304 null null 169.6528ms
2026-08-30 23:45:28.456 +05:30 [INF] Request finished HTTP/1.1 GET http://localhost:5082/swagger/swagger-ui-bundle.js - 304 null null 174.6378ms
2026-08-30 23:45:28.472 +05:30 [INF] Request finished HTTP/1.1 GET http://localhost:5082/swagger/index.js - 304 null null 169.6009ms
2026-08-30 23:45:28.478 +05:30 [INF] Request finished HTTP/1.1 GET http://localhost:5082/swagger/swagger-ui-standalone-preset.js - 304 null null 175.6214ms
2026-08-30 23:45:28.490 +05:30 [INF] Request finished HTTP/1.1 GET http://localhost:5082/swagger/swagger-ui.css - 304 null null 165.1393ms
2026-08-30 23:45:28.618 +05:30 [INF] Request starting HTTP/1.1 GET http://localhost:5082/swagger/v1/swagger.json - null null
2026-08-30 23:45:29.004 +05:30 [INF] HTTP GET /swagger/v1/swagger.json responded 200 in 301.8531 ms
2026-08-30 23:45:29.024 +05:30 [INF] Request finished HTTP/1.1 GET http://localhost:5082/swagger/v1/swagger.json - 200 null application/json;charset=utf-8 405.5008ms
2026-08-30 23:46:07.225 +05:30 [INF] Request starting HTTP/1.1 POST http://localhost:5082/api/Auth/login - application/json 62
2026-08-30 23:46:07.257 +05:30 [WRN] Failed to determine the https port for redirect.
2026-08-30 23:46:07.269 +05:30 [INF] CORS policy execution successful.
2026-08-30 23:46:07.366 +05:30 [INF] Executing endpoint 'LoanDeductionPrediction.API.Controllers.AuthController.Login (LoanDeductionPrediction.API)'
2026-08-30 23:46:07.418 +05:30 [INF] Route matched with {action = "Login", controller = "Auth"}. Executing controller action with signature System.Threading.Tasks.Task`1[Microsoft.AspNetCore.Mvc.IActionResult] Login(LoanDeductionPrediction.Models.DTOs.LoginRequest) on controller LoanDeductionPrediction.API.Controllers.AuthController (LoanDeductionPrediction.API).
2026-08-30 23:46:07.737 +05:30 [WRN] You do not have a valid license key for the Lucky Penny software AutoMapper. This is allowed for development and testing scenarios. If you are running in production you are required to have a licensed version. Please visit https://luckypennysoftware.com to obtain a valid license.
2026-08-30 23:46:08.144 +05:30 [INF] Executed DbCommand (123ms) [Parameters=[@email='?' (Size = 150)], CommandType='"Text"', CommandTimeout='30']
SELECT TOP(1) [u].[UserId], [u].[CreatedAt], [u].[Email], [u].[FullName], [u].[IsActive], [u].[PasswordHash], [u].[Role]
FROM [Users] AS [u]
WHERE [u].[Email] = @email
2026-08-30 23:46:09.313 +05:30 [INF] Executed DbCommand (54ms) [Parameters=[@p0='?' (DbType = DateTime2), @p1='?' (DbType = DateTime2), @p2='?' (DbType = Boolean), @p3='?' (DbType = DateTime2), @p4='?' (Size = 500), @p5='?' (DbType = Int32)], CommandType='"Text"', CommandTimeout='30']
SET IMPLICIT_TRANSACTIONS OFF;
SET NOCOUNT ON;
INSERT INTO [RefreshTokens] ([CreatedAt], [ExpiresAt], [IsRevoked], [RevokedAt], [Token], [UserId])
OUTPUT INSERTED.[RefreshTokenId]
VALUES (@p0, @p1, @p2, @p3, @p4, @p5);
2026-08-30 23:46:09.435 +05:30 [INF] Executing OkObjectResult, writing value of type 'LoanDeductionPrediction.Models.DTOs.LoginResponse'.
2026-08-30 23:46:09.468 +05:30 [INF] Executed action LoanDeductionPrediction.API.Controllers.AuthController.Login (LoanDeductionPrediction.API) in 2032.4761ms
2026-08-30 23:46:09.473 +05:30 [INF] Executed endpoint 'LoanDeductionPrediction.API.Controllers.AuthController.Login (LoanDeductionPrediction.API)'
2026-08-30 23:46:09.484 +05:30 [INF] HTTP POST /api/Auth/login responded 200 in 2230.2297 ms
2026-08-30 23:46:09.496 +05:30 [INF] Request finished HTTP/1.1 POST http://localhost:5082/api/Auth/login - 200 null application/json; charset=utf-8 2271.6405ms
2026-08-30 23:46:30.831 +05:30 [INF] Request starting HTTP/1.1 DELETE http://localhost:5082/api/Loan/5 - null null
2026-08-30 23:46:30.847 +05:30 [INF] CORS policy execution successful.
2026-08-30 23:46:30.976 +05:30 [INF] Executing endpoint 'LoanDeductionPrediction.API.Controllers.LoanController.DeleteLoan (LoanDeductionPrediction.API)'
2026-08-30 23:46:30.994 +05:30 [INF] Route matched with {action = "DeleteLoan", controller = "Loan"}. Executing controller action with signature System.Threading.Tasks.Task`1[Microsoft.AspNetCore.Mvc.IActionResult] DeleteLoan(Int32) on controller LoanDeductionPrediction.API.Controllers.LoanController (LoanDeductionPrediction.API).
2026-08-30 23:46:31.227 +05:30 [INF] Executed DbCommand (21ms) [Parameters=[@loanId='?' (DbType = Int32)], CommandType='"Text"', CommandTimeout='30']
SELECT TOP(1) [l].[LoanId], [l].[BorrowerId], [l].[CreatedAt], [l].[EMIAmount], [l].[EndDate], [l].[InterestRate], [l].[LoanOfficerId], [l].[OutstandingAmount], [l].[PrincipalAmount], [l].[StartDate], [l].[Status], [l].[TenureMonths]
FROM [LoanAccounts] AS [l]
WHERE [l].[LoanId] = @loanId
2026-08-30 23:46:31.290 +05:30 [INF] Executed DbCommand (1ms) [Parameters=[@loanId='?' (DbType = Int32)], CommandType='"Text"', CommandTimeout='30']
SELECT TOP(1) [l].[LoanId], [l].[BorrowerId], [l].[CreatedAt], [l].[EMIAmount], [l].[EndDate], [l].[InterestRate], [l].[LoanOfficerId], [l].[OutstandingAmount], [l].[PrincipalAmount], [l].[StartDate], [l].[Status], [l].[TenureMonths]
FROM [LoanAccounts] AS [l]
WHERE [l].[LoanId] = @loanId
2026-08-30 23:46:31.656 +05:30 [INF] Executed DbCommand (149ms) [Parameters=[@p0='?' (DbType = Int32), @p1='?' (DbType = Int32), @p2='?' (DbType = DateTime2), @p3='?' (DbType = DateTime2), @p4='?' (Precision = 18) (Scale = 2) (DbType = Decimal), @p5='?' (DbType = Date), @p6='?' (Precision = 18) (Scale = 2) (DbType = Decimal), @p7='?' (DbType = Int32), @p8='?' (DbType = Int32), @p9='?' (Precision = 18) (Scale = 2) (DbType = Decimal), @p10='?' (Precision = 18) (Scale = 2) (DbType = Decimal), @p11='?' (DbType = Date), @p12='?' (Size = 50), @p13='?' (DbType = Int32)], CommandType='"Text"', CommandTimeout='30']
SET NOCOUNT ON;
DELETE FROM [LoanAccounts]
OUTPUT 1
WHERE [LoanId] = @p0;
INSERT INTO [LoanHistories] ([BorrowerId], [CreatedAt], [DeletedAt], [EmiAmount], [EndDate], [InterestRate], [LoanOfficerId], [OriginalLoanId], [OutstandingAmount], [PrincipalAmount], [StartDate], [Status], [TenureMonths])
OUTPUT INSERTED.[LoanHistoryId]
VALUES (@p1, @p2, @p3, @p4, @p5, @p6, @p7, @p8, @p9, @p10, @p11, @p12, @p13);
2026-08-30 23:46:31.716 +05:30 [INF] Executing OkObjectResult, writing value of type '<>f__AnonymousType0`1[[System.String, System.Private.CoreLib, Version=10.0.0.0, Culture=neutral, PublicKeyToken=7cec85d7bea7798e]]'.
2026-08-30 23:46:31.734 +05:30 [INF] Executed action LoanDeductionPrediction.API.Controllers.LoanController.DeleteLoan (LoanDeductionPrediction.API) in 729.062ms
2026-08-30 23:46:31.737 +05:30 [INF] Executed endpoint 'LoanDeductionPrediction.API.Controllers.LoanController.DeleteLoan (LoanDeductionPrediction.API)'
2026-08-30 23:46:31.738 +05:30 [INF] HTTP DELETE /api/Loan/5 responded 200 in 892.0958 ms
2026-08-30 23:46:31.750 +05:30 [INF] Request finished HTTP/1.1 DELETE http://localhost:5082/api/Loan/5 - 200 null application/json; charset=utf-8 918.6877ms
2026-08-30 23:49:53.856 +05:30 [INF] Application is shutting down...
