2026-08-28 10:07:37.310 +05:30 [WRN] No store type was specified for the decimal property 'InterestRate' on entity type 'LoanRequest'. This will cause values to be silently truncated if they do not fit in the default precision and scale. Explicitly specify the SQL server column type that can accommodate all the values in 'OnModelCreating' using 'HasColumnType', specify precision and scale using 'HasPrecision', or configure a value converter using 'HasConversion'.
2026-08-28 10:07:37.366 +05:30 [WRN] No store type was specified for the decimal property 'RequestedAmount' on entity type 'LoanRequest'. This will cause values to be silently truncated if they do not fit in the default precision and scale. Explicitly specify the SQL server column type that can accommodate all the values in 'OnModelCreating' using 'HasColumnType', specify precision and scale using 'HasPrecision', or configure a value converter using 'HasConversion'.
2026-08-28 10:07:37.860 +05:30 [INF] Executed DbCommand (30ms) [Parameters=[], CommandType='"Text"', CommandTimeout='30']
SELECT 1
2026-08-28 10:07:37.884 +05:30 [INF] Acquiring an exclusive lock for migration application. See https://aka.ms/efcore-docs-migrations-lock for more information if this takes too long.
2026-08-28 10:07:37.975 +05:30 [INF] Executed DbCommand (86ms) [Parameters=[], CommandType='"Text"', CommandTimeout='30']
DECLARE @result int;
EXEC @result = sp_getapplock @Resource = '__EFMigrationsLock', @LockOwner = 'Session', @LockMode = 'Exclusive';
SELECT @result
2026-08-28 10:07:38.094 +05:30 [INF] Executed DbCommand (17ms) [Parameters=[], CommandType='"Text"', CommandTimeout='30']
IF OBJECT_ID(N'[__EFMigrationsHistory]') IS NULL
BEGIN
    CREATE TABLE [__EFMigrationsHistory] (
        [MigrationId] nvarchar(150) NOT NULL,
        [ProductVersion] nvarchar(32) NOT NULL,
        CONSTRAINT [PK___EFMigrationsHistory] PRIMARY KEY ([MigrationId])
    );
END;
2026-08-28 10:07:38.106 +05:30 [INF] Executed DbCommand (1ms) [Parameters=[], CommandType='"Text"', CommandTimeout='30']
SELECT 1
2026-08-28 10:07:38.113 +05:30 [INF] Executed DbCommand (1ms) [Parameters=[], CommandType='"Text"', CommandTimeout='30']
SELECT OBJECT_ID(N'[__EFMigrationsHistory]');
2026-08-28 10:07:38.173 +05:30 [INF] Executed DbCommand (56ms) [Parameters=[], CommandType='"Text"', CommandTimeout='30']
SELECT [MigrationId], [ProductVersion]
FROM [__EFMigrationsHistory]
ORDER BY [MigrationId];
2026-08-28 10:07:38.182 +05:30 [INF] No migrations were applied. The database is already up to date.
2026-08-28 10:07:38.191 +05:30 [INF] Executed DbCommand (6ms) [Parameters=[], CommandType='"Text"', CommandTimeout='30']
DECLARE @result int;
EXEC @result = sp_releaseapplock @Resource = '__EFMigrationsLock', @LockOwner = 'Session';
SELECT @result
2026-08-28 10:07:38.563 +05:30 [INF] Executed DbCommand (30ms) [Parameters=[], CommandType='"Text"', CommandTimeout='30']
SELECT CASE
    WHEN EXISTS (
        SELECT 1
        FROM [Users] AS [u]
        WHERE [u].[Role] = N'Admin') THEN CAST(1 AS bit)
    ELSE CAST(0 AS bit)
END
2026-08-28 10:07:38.714 +05:30 [INF] User profile is available. Using 'C:\Users\thang\AppData\Local\ASP.NET\DataProtection-Keys' as key repository and Windows DPAPI to encrypt keys at rest.
2026-08-28 10:07:38.731 +05:30 [INF] Payment Behavior Background Service started.
2026-08-28 10:07:38.862 +05:30 [INF] Now listening on: http://localhost:5082
2026-08-28 10:07:38.866 +05:30 [INF] Application started. Press Ctrl+C to shut down.
2026-08-28 10:07:38.867 +05:30 [INF] Hosting environment: Development
2026-08-28 10:07:38.871 +05:30 [INF] Content root path: C:\Users\thang\OneDrive\Documents\React Projects\LoanDeductionPrediction\LoanDeductionPrediction.API
2026-08-28 10:07:39.070 +05:30 [INF] Executed DbCommand (80ms) [Parameters=[@today='?' (DbType = Date)], CommandType='"Text"', CommandTimeout='30']
SELECT [r].[ScheduleId], [r].[DueDate], [r].[EMIAmount], [r].[InstallmentNumber], [r].[InterestAmount], [r].[LoanId], [r].[PaidAmount], [r].[PaidDate], [r].[PrincipalAmount], [r].[Status]
FROM [RepaymentSchedules] AS [r]
WHERE [r].[DueDate] < @today AND [r].[PaidAmount] < [r].[EMIAmount] AND [r].[Status] <> N'PAID'
ORDER BY [r].[DueDate]
2026-08-28 10:07:39.197 +05:30 [INF] Executed DbCommand (17ms) [Parameters=[@scheduleId='?' (DbType = Int32)], CommandType='"Text"', CommandTimeout='30']
SELECT TOP(1) [p].[BehaviorLogId], [p].[BorrowerId], [p].[DaysLate], [p].[DueDate], [p].[LoanId], [p].[PaymentDate], [p].[PaymentStatus], [p].[RecordedAt], [p].[ScheduleId]
FROM [PaymentBehaviorLogs] AS [p]
WHERE [p].[ScheduleId] = @scheduleId
2026-08-28 10:07:39.262 +05:30 [INF] Executed DbCommand (4ms) [Parameters=[@scheduleId='?' (DbType = Int32)], CommandType='"Text"', CommandTimeout='30']
SELECT TOP(1) [p].[BehaviorLogId], [p].[BorrowerId], [p].[DaysLate], [p].[DueDate], [p].[LoanId], [p].[PaymentDate], [p].[PaymentStatus], [p].[RecordedAt], [p].[ScheduleId]
FROM [PaymentBehaviorLogs] AS [p]
WHERE [p].[ScheduleId] = @scheduleId
2026-08-28 10:07:39.274 +05:30 [INF] Executed DbCommand (3ms) [Parameters=[@scheduleId='?' (DbType = Int32)], CommandType='"Text"', CommandTimeout='30']
SELECT TOP(1) [p].[BehaviorLogId], [p].[BorrowerId], [p].[DaysLate], [p].[DueDate], [p].[LoanId], [p].[PaymentDate], [p].[PaymentStatus], [p].[RecordedAt], [p].[ScheduleId]
FROM [PaymentBehaviorLogs] AS [p]
WHERE [p].[ScheduleId] = @scheduleId
2026-08-28 10:07:39.307 +05:30 [INF] Executed DbCommand (4ms) [Parameters=[@scheduleId='?' (DbType = Int32)], CommandType='"Text"', CommandTimeout='30']
SELECT TOP(1) [p].[BehaviorLogId], [p].[BorrowerId], [p].[DaysLate], [p].[DueDate], [p].[LoanId], [p].[PaymentDate], [p].[PaymentStatus], [p].[RecordedAt], [p].[ScheduleId]
FROM [PaymentBehaviorLogs] AS [p]
WHERE [p].[ScheduleId] = @scheduleId
2026-08-28 10:07:39.339 +05:30 [INF] Executed DbCommand (7ms) [Parameters=[@scheduleId='?' (DbType = Int32)], CommandType='"Text"', CommandTimeout='30']
SELECT TOP(1) [p].[BehaviorLogId], [p].[BorrowerId], [p].[DaysLate], [p].[DueDate], [p].[LoanId], [p].[PaymentDate], [p].[PaymentStatus], [p].[RecordedAt], [p].[ScheduleId]
FROM [PaymentBehaviorLogs] AS [p]
WHERE [p].[ScheduleId] = @scheduleId
2026-08-28 10:07:39.363 +05:30 [INF] Executed DbCommand (4ms) [Parameters=[@scheduleId='?' (DbType = Int32)], CommandType='"Text"', CommandTimeout='30']
SELECT TOP(1) [p].[BehaviorLogId], [p].[BorrowerId], [p].[DaysLate], [p].[DueDate], [p].[LoanId], [p].[PaymentDate], [p].[PaymentStatus], [p].[RecordedAt], [p].[ScheduleId]
FROM [PaymentBehaviorLogs] AS [p]
WHERE [p].[ScheduleId] = @scheduleId
2026-08-28 10:07:39.373 +05:30 [INF] Executed DbCommand (1ms) [Parameters=[@scheduleId='?' (DbType = Int32)], CommandType='"Text"', CommandTimeout='30']
SELECT TOP(1) [p].[BehaviorLogId], [p].[BorrowerId], [p].[DaysLate], [p].[DueDate], [p].[LoanId], [p].[PaymentDate], [p].[PaymentStatus], [p].[RecordedAt], [p].[ScheduleId]
FROM [PaymentBehaviorLogs] AS [p]
WHERE [p].[ScheduleId] = @scheduleId
2026-08-28 10:07:39.378 +05:30 [INF] Executed DbCommand (1ms) [Parameters=[@scheduleId='?' (DbType = Int32)], CommandType='"Text"', CommandTimeout='30']
SELECT TOP(1) [p].[BehaviorLogId], [p].[BorrowerId], [p].[DaysLate], [p].[DueDate], [p].[LoanId], [p].[PaymentDate], [p].[PaymentStatus], [p].[RecordedAt], [p].[ScheduleId]
FROM [PaymentBehaviorLogs] AS [p]
WHERE [p].[ScheduleId] = @scheduleId
2026-08-28 10:07:39.388 +05:30 [INF] Executed DbCommand (4ms) [Parameters=[@scheduleId='?' (DbType = Int32)], CommandType='"Text"', CommandTimeout='30']
SELECT TOP(1) [p].[BehaviorLogId], [p].[BorrowerId], [p].[DaysLate], [p].[DueDate], [p].[LoanId], [p].[PaymentDate], [p].[PaymentStatus], [p].[RecordedAt], [p].[ScheduleId]
FROM [PaymentBehaviorLogs] AS [p]
WHERE [p].[ScheduleId] = @scheduleId
2026-08-28 10:07:39.395 +05:30 [INF] Executed DbCommand (1ms) [Parameters=[@scheduleId='?' (DbType = Int32)], CommandType='"Text"', CommandTimeout='30']
SELECT TOP(1) [p].[BehaviorLogId], [p].[BorrowerId], [p].[DaysLate], [p].[DueDate], [p].[LoanId], [p].[PaymentDate], [p].[PaymentStatus], [p].[RecordedAt], [p].[ScheduleId]
FROM [PaymentBehaviorLogs] AS [p]
WHERE [p].[ScheduleId] = @scheduleId
2026-08-28 10:07:39.405 +05:30 [INF] Executed DbCommand (3ms) [Parameters=[@scheduleId='?' (DbType = Int32)], CommandType='"Text"', CommandTimeout='30']
SELECT TOP(1) [p].[BehaviorLogId], [p].[BorrowerId], [p].[DaysLate], [p].[DueDate], [p].[LoanId], [p].[PaymentDate], [p].[PaymentStatus], [p].[RecordedAt], [p].[ScheduleId]
FROM [PaymentBehaviorLogs] AS [p]
WHERE [p].[ScheduleId] = @scheduleId
2026-08-28 10:07:39.413 +05:30 [INF] Executed DbCommand (2ms) [Parameters=[@scheduleId='?' (DbType = Int32)], CommandType='"Text"', CommandTimeout='30']
SELECT TOP(1) [p].[BehaviorLogId], [p].[BorrowerId], [p].[DaysLate], [p].[DueDate], [p].[LoanId], [p].[PaymentDate], [p].[PaymentStatus], [p].[RecordedAt], [p].[ScheduleId]
FROM [PaymentBehaviorLogs] AS [p]
WHERE [p].[ScheduleId] = @scheduleId
2026-08-28 10:08:34.282 +05:30 [INF] Request starting HTTP/1.1 GET http://localhost:5082/swagger/index.html - null null
2026-08-28 10:08:34.427 +05:30 [INF] Request starting HTTP/1.1 GET http://localhost:5082/swagger/index.html - null null
2026-08-28 10:08:34.575 +05:30 [ERR] Unhandled exception occurred.
System.Threading.Tasks.TaskCanceledException: A task was canceled.
   at System.IO.StreamReader.ReadBufferAsync(CancellationToken cancellationToken)
   at System.IO.StreamReader.ReadToEndAsyncInternal(CancellationToken cancellationToken)
   at Swashbuckle.AspNetCore.SwaggerUI.SwaggerUIMiddleware.RespondWithFile(HttpContext context, String fileName)
   at Swashbuckle.AspNetCore.SwaggerUI.SwaggerUIMiddleware.Invoke(HttpContext httpContext)
   at Swashbuckle.AspNetCore.Swagger.SwaggerMiddleware.Invoke(HttpContext httpContext, ISwaggerProvider swaggerProvider)
   at LoanDeductionPrediction.API.Middleware.GlobalExceptionMiddleware.InvokeAsync(HttpContext context) in C:\Users\thang\OneDrive\Documents\React Projects\LoanDeductionPrediction\LoanDeductionPrediction.API\Middleware\GlobalExceptionMiddleware.cs:line 23
2026-08-28 10:08:34.695 +05:30 [ERR] HTTP GET /swagger/index.html responded 500 in 187.7767 ms
2026-08-28 10:08:34.705 +05:30 [INF] Request finished HTTP/1.1 GET http://localhost:5082/swagger/index.html - 500 null application/json 427.6891ms
2026-08-28 10:08:34.771 +05:30 [INF] HTTP GET /swagger/index.html responded 200 in 267.1403 ms
2026-08-28 10:08:34.783 +05:30 [INF] Request finished HTTP/1.1 GET http://localhost:5082/swagger/index.html - 200 null text/html;charset=utf-8 356.7832ms
2026-08-28 10:08:34.816 +05:30 [INF] Request starting HTTP/1.1 GET http://localhost:5082/swagger/swagger-ui.css - null null
2026-08-28 10:08:34.817 +05:30 [INF] Request starting HTTP/1.1 GET http://localhost:5082/swagger/index.css - null null
2026-08-28 10:08:34.817 +05:30 [INF] Request starting HTTP/1.1 GET http://localhost:5082/swagger/swagger-ui-standalone-preset.js - null null
2026-08-28 10:08:34.820 +05:30 [INF] Request starting HTTP/1.1 GET http://localhost:5082/swagger/index.js - null null
2026-08-28 10:08:34.836 +05:30 [INF] Request starting HTTP/1.1 GET http://localhost:5082/swagger/swagger-ui-bundle.js - null null
2026-08-28 10:08:34.914 +05:30 [INF] HTTP GET /swagger/index.css responded 304 in 49.7138 ms
2026-08-28 10:08:34.924 +05:30 [INF] HTTP GET /swagger/swagger-ui.css responded 304 in 79.5936 ms
2026-08-28 10:08:35.035 +05:30 [INF] HTTP GET /swagger/swagger-ui-standalone-preset.js responded 304 in 6.3509 ms
2026-08-28 10:08:35.157 +05:30 [INF] HTTP GET /swagger/index.js responded 304 in 0.9120 ms
2026-08-28 10:08:35.214 +05:30 [INF] Request finished HTTP/1.1 GET http://localhost:5082/swagger/index.css - 304 null null 397.0533ms
2026-08-28 10:08:35.224 +05:30 [INF] HTTP GET /swagger/swagger-ui-bundle.js responded 304 in 29.1424 ms
2026-08-28 10:08:35.226 +05:30 [INF] Request finished HTTP/1.1 GET http://localhost:5082/swagger/swagger-ui.css - 304 null null 415.024ms
2026-08-28 10:08:35.240 +05:30 [INF] Request finished HTTP/1.1 GET http://localhost:5082/swagger/swagger-ui-standalone-preset.js - 304 null null 422.7289ms
2026-08-28 10:08:35.256 +05:30 [INF] Request finished HTTP/1.1 GET http://localhost:5082/swagger/index.js - 304 null null 435.6201ms
2026-08-28 10:08:35.279 +05:30 [INF] Request finished HTTP/1.1 GET http://localhost:5082/swagger/swagger-ui-bundle.js - 304 null null 443.3116ms
2026-08-28 10:08:35.477 +05:30 [INF] Request starting HTTP/1.1 GET http://localhost:5082/swagger/v1/swagger.json - null null
2026-08-28 10:08:35.833 +05:30 [INF] HTTP GET /swagger/v1/swagger.json responded 200 in 342.5900 ms
2026-08-28 10:08:35.846 +05:30 [INF] Request finished HTTP/1.1 GET http://localhost:5082/swagger/v1/swagger.json - 200 null application/json;charset=utf-8 368.6834ms
2026-08-28 10:09:29.556 +05:30 [INF] Request starting HTTP/1.1 POST http://localhost:5082/api/Auth/login - application/json 62
2026-08-28 10:09:29.605 +05:30 [WRN] Failed to determine the https port for redirect.
2026-08-28 10:09:29.639 +05:30 [INF] CORS policy execution successful.
2026-08-28 10:09:29.749 +05:30 [INF] Executing endpoint 'LoanDeductionPrediction.API.Controllers.AuthController.Login (LoanDeductionPrediction.API)'
2026-08-28 10:09:29.804 +05:30 [INF] Route matched with {action = "Login", controller = "Auth"}. Executing controller action with signature System.Threading.Tasks.Task`1[Microsoft.AspNetCore.Mvc.IActionResult] Login(LoanDeductionPrediction.Models.DTOs.LoginRequest) on controller LoanDeductionPrediction.API.Controllers.AuthController (LoanDeductionPrediction.API).
2026-08-28 10:09:30.147 +05:30 [WRN] You do not have a valid license key for the Lucky Penny software AutoMapper. This is allowed for development and testing scenarios. If you are running in production you are required to have a licensed version. Please visit https://luckypennysoftware.com to obtain a valid license.
2026-08-28 10:09:30.422 +05:30 [INF] Executed DbCommand (7ms) [Parameters=[@email='?' (Size = 150)], CommandType='"Text"', CommandTimeout='30']
SELECT TOP(1) [u].[UserId], [u].[CreatedAt], [u].[Email], [u].[FullName], [u].[IsActive], [u].[PasswordHash], [u].[Role]
FROM [Users] AS [u]
WHERE [u].[Email] = @email
2026-08-28 10:09:31.938 +05:30 [INF] Executed DbCommand (52ms) [Parameters=[@p0='?' (DbType = DateTime2), @p1='?' (DbType = DateTime2), @p2='?' (DbType = Boolean), @p3='?' (DbType = DateTime2), @p4='?' (Size = 500), @p5='?' (DbType = Int32)], CommandType='"Text"', CommandTimeout='30']
SET IMPLICIT_TRANSACTIONS OFF;
SET NOCOUNT ON;
INSERT INTO [RefreshTokens] ([CreatedAt], [ExpiresAt], [IsRevoked], [RevokedAt], [Token], [UserId])
OUTPUT INSERTED.[RefreshTokenId]
VALUES (@p0, @p1, @p2, @p3, @p4, @p5);
2026-08-28 10:09:32.153 +05:30 [INF] Executing OkObjectResult, writing value of type 'LoanDeductionPrediction.Models.DTOs.LoginResponse'.
2026-08-28 10:09:32.210 +05:30 [INF] Executed action LoanDeductionPrediction.API.Controllers.AuthController.Login (LoanDeductionPrediction.API) in 2388.7504ms
2026-08-28 10:09:32.214 +05:30 [INF] Executed endpoint 'LoanDeductionPrediction.API.Controllers.AuthController.Login (LoanDeductionPrediction.API)'
2026-08-28 10:09:32.222 +05:30 [INF] HTTP POST /api/Auth/login responded 200 in 2624.1059 ms
2026-08-28 10:09:32.273 +05:30 [INF] Request finished HTTP/1.1 POST http://localhost:5082/api/Auth/login - 200 null application/json; charset=utf-8 2716.3559ms
2026-08-28 10:10:03.025 +05:30 [INF] Request starting HTTP/1.1 GET http://localhost:5082/api/RepaymentSchedule/loan/2 - null null
2026-08-28 10:10:03.173 +05:30 [INF] Executing endpoint 'LoanDeductionPrediction.API.Controllers.RepaymentScheduleController.GetLoanSchedule (LoanDeductionPrediction.API)'
2026-08-28 10:10:03.201 +05:30 [INF] Route matched with {action = "GetLoanSchedule", controller = "RepaymentSchedule"}. Executing controller action with signature System.Threading.Tasks.Task`1[Microsoft.AspNetCore.Mvc.IActionResult] GetLoanSchedule(Int32) on controller LoanDeductionPrediction.API.Controllers.RepaymentScheduleController (LoanDeductionPrediction.API).
2026-08-28 10:10:03.372 +05:30 [INF] Executed DbCommand (6ms) [Parameters=[@loanId='?' (DbType = Int32)], CommandType='"Text"', CommandTimeout='30']
SELECT TOP(1) [l].[LoanId], [l].[BorrowerId], [l].[CreatedAt], [l].[EMIAmount], [l].[EndDate], [l].[InterestRate], [l].[LoanOfficerId], [l].[OutstandingAmount], [l].[PrincipalAmount], [l].[StartDate], [l].[Status], [l].[TenureMonths]
FROM [LoanAccounts] AS [l]
WHERE [l].[LoanId] = @loanId
2026-08-28 10:10:03.445 +05:30 [INF] Executed DbCommand (8ms) [Parameters=[@loanId='?' (DbType = Int32)], CommandType='"Text"', CommandTimeout='30']
SELECT [r].[ScheduleId], [r].[DueDate], [r].[EMIAmount], [r].[InstallmentNumber], [r].[InterestAmount], [r].[LoanId], [r].[PaidAmount], [r].[PaidDate], [r].[PrincipalAmount], [r].[Status]
FROM [RepaymentSchedules] AS [r]
WHERE [r].[LoanId] = @loanId
ORDER BY [r].[InstallmentNumber]
2026-08-28 10:10:03.477 +05:30 [INF] Executing OkObjectResult, writing value of type 'System.Collections.Generic.List`1[[LoanDeductionPrediction.Models.DTOs.RepaymentScheduleDto, LoanDeductionPrediction.Models, Version=1.0.0.0, Culture=neutral, PublicKeyToken=null]]'.
2026-08-28 10:10:03.522 +05:30 [INF] Executed action LoanDeductionPrediction.API.Controllers.RepaymentScheduleController.GetLoanSchedule (LoanDeductionPrediction.API) in 312.3087ms
2026-08-28 10:10:03.525 +05:30 [INF] Executed endpoint 'LoanDeductionPrediction.API.Controllers.RepaymentScheduleController.GetLoanSchedule (LoanDeductionPrediction.API)'
2026-08-28 10:10:03.528 +05:30 [INF] HTTP GET /api/RepaymentSchedule/loan/2 responded 200 in 488.9104 ms
2026-08-28 10:10:03.536 +05:30 [INF] Request finished HTTP/1.1 GET http://localhost:5082/api/RepaymentSchedule/loan/2 - 200 null application/json; charset=utf-8 510.5667ms
2026-08-28 10:14:29.837 +05:30 [INF] Application is shutting down...
2026-08-28 10:14:39.998 +05:30 [WRN] No store type was specified for the decimal property 'InterestRate' on entity type 'LoanRequest'. This will cause values to be silently truncated if they do not fit in the default precision and scale. Explicitly specify the SQL server column type that can accommodate all the values in 'OnModelCreating' using 'HasColumnType', specify precision and scale using 'HasPrecision', or configure a value converter using 'HasConversion'.
2026-08-28 10:14:40.052 +05:30 [WRN] No store type was specified for the decimal property 'RequestedAmount' on entity type 'LoanRequest'. This will cause values to be silently truncated if they do not fit in the default precision and scale. Explicitly specify the SQL server column type that can accommodate all the values in 'OnModelCreating' using 'HasColumnType', specify precision and scale using 'HasPrecision', or configure a value converter using 'HasConversion'.
2026-08-28 10:14:40.512 +05:30 [INF] Executed DbCommand (23ms) [Parameters=[], CommandType='"Text"', CommandTimeout='30']
SELECT 1
2026-08-28 10:14:40.531 +05:30 [INF] Acquiring an exclusive lock for migration application. See https://aka.ms/efcore-docs-migrations-lock for more information if this takes too long.
2026-08-28 10:14:40.576 +05:30 [INF] Executed DbCommand (34ms) [Parameters=[], CommandType='"Text"', CommandTimeout='30']
DECLARE @result int;
EXEC @result = sp_getapplock @Resource = '__EFMigrationsLock', @LockOwner = 'Session', @LockMode = 'Exclusive';
SELECT @result
2026-08-28 10:14:40.656 +05:30 [INF] Executed DbCommand (4ms) [Parameters=[], CommandType='"Text"', CommandTimeout='30']
IF OBJECT_ID(N'[__EFMigrationsHistory]') IS NULL
BEGIN
    CREATE TABLE [__EFMigrationsHistory] (
        [MigrationId] nvarchar(150) NOT NULL,
        [ProductVersion] nvarchar(32) NOT NULL,
        CONSTRAINT [PK___EFMigrationsHistory] PRIMARY KEY ([MigrationId])
    );
END;
2026-08-28 10:14:40.668 +05:30 [INF] Executed DbCommand (0ms) [Parameters=[], CommandType='"Text"', CommandTimeout='30']
SELECT 1
2026-08-28 10:14:40.680 +05:30 [INF] Executed DbCommand (1ms) [Parameters=[], CommandType='"Text"', CommandTimeout='30']
SELECT OBJECT_ID(N'[__EFMigrationsHistory]');
2026-08-28 10:14:40.693 +05:30 [INF] Executed DbCommand (7ms) [Parameters=[], CommandType='"Text"', CommandTimeout='30']
SELECT [MigrationId], [ProductVersion]
FROM [__EFMigrationsHistory]
ORDER BY [MigrationId];
2026-08-28 10:14:40.702 +05:30 [INF] No migrations were applied. The database is already up to date.
2026-08-28 10:14:40.713 +05:30 [INF] Executed DbCommand (8ms) [Parameters=[], CommandType='"Text"', CommandTimeout='30']
DECLARE @result int;
EXEC @result = sp_releaseapplock @Resource = '__EFMigrationsLock', @LockOwner = 'Session';
SELECT @result
2026-08-28 10:14:40.966 +05:30 [INF] Executed DbCommand (4ms) [Parameters=[], CommandType='"Text"', CommandTimeout='30']
SELECT CASE
    WHEN EXISTS (
        SELECT 1
        FROM [Users] AS [u]
        WHERE [u].[Role] = N'Admin') THEN CAST(1 AS bit)
    ELSE CAST(0 AS bit)
END
2026-08-28 10:14:41.049 +05:30 [INF] User profile is available. Using 'C:\Users\thang\AppData\Local\ASP.NET\DataProtection-Keys' as key repository and Windows DPAPI to encrypt keys at rest.
2026-08-28 10:14:41.060 +05:30 [INF] Payment Behavior Background Service started.
2026-08-28 10:14:41.137 +05:30 [INF] Now listening on: http://localhost:5082
2026-08-28 10:14:41.141 +05:30 [INF] Application started. Press Ctrl+C to shut down.
2026-08-28 10:14:41.144 +05:30 [INF] Hosting environment: Development
2026-08-28 10:14:41.146 +05:30 [INF] Content root path: C:\Users\thang\OneDrive\Documents\React Projects\LoanDeductionPrediction\LoanDeductionPrediction.API
2026-08-28 10:14:41.236 +05:30 [INF] Executed DbCommand (31ms) [Parameters=[@today='?' (DbType = Date)], CommandType='"Text"', CommandTimeout='30']
SELECT [r].[ScheduleId], [r].[DueDate], [r].[EMIAmount], [r].[InstallmentNumber], [r].[InterestAmount], [r].[LoanId], [r].[PaidAmount], [r].[PaidDate], [r].[PrincipalAmount], [r].[Status]
FROM [RepaymentSchedules] AS [r]
WHERE [r].[DueDate] < @today AND [r].[PaidAmount] < [r].[EMIAmount] AND [r].[Status] <> N'PAID'
ORDER BY [r].[DueDate]
2026-08-28 10:14:41.337 +05:30 [INF] Executed DbCommand (4ms) [Parameters=[@scheduleId='?' (DbType = Int32)], CommandType='"Text"', CommandTimeout='30']
SELECT TOP(1) [p].[BehaviorLogId], [p].[BorrowerId], [p].[DaysLate], [p].[DueDate], [p].[LoanId], [p].[PaymentDate], [p].[PaymentStatus], [p].[RecordedAt], [p].[ScheduleId]
FROM [PaymentBehaviorLogs] AS [p]
WHERE [p].[ScheduleId] = @scheduleId
2026-08-28 10:14:41.400 +05:30 [INF] Executed DbCommand (3ms) [Parameters=[@scheduleId='?' (DbType = Int32)], CommandType='"Text"', CommandTimeout='30']
SELECT TOP(1) [p].[BehaviorLogId], [p].[BorrowerId], [p].[DaysLate], [p].[DueDate], [p].[LoanId], [p].[PaymentDate], [p].[PaymentStatus], [p].[RecordedAt], [p].[ScheduleId]
FROM [PaymentBehaviorLogs] AS [p]
WHERE [p].[ScheduleId] = @scheduleId
2026-08-28 10:14:41.412 +05:30 [INF] Executed DbCommand (7ms) [Parameters=[@scheduleId='?' (DbType = Int32)], CommandType='"Text"', CommandTimeout='30']
SELECT TOP(1) [p].[BehaviorLogId], [p].[BorrowerId], [p].[DaysLate], [p].[DueDate], [p].[LoanId], [p].[PaymentDate], [p].[PaymentStatus], [p].[RecordedAt], [p].[ScheduleId]
FROM [PaymentBehaviorLogs] AS [p]
WHERE [p].[ScheduleId] = @scheduleId
2026-08-28 10:14:41.455 +05:30 [INF] Executed DbCommand (4ms) [Parameters=[@scheduleId='?' (DbType = Int32)], CommandType='"Text"', CommandTimeout='30']
SELECT TOP(1) [p].[BehaviorLogId], [p].[BorrowerId], [p].[DaysLate], [p].[DueDate], [p].[LoanId], [p].[PaymentDate], [p].[PaymentStatus], [p].[RecordedAt], [p].[ScheduleId]
FROM [PaymentBehaviorLogs] AS [p]
WHERE [p].[ScheduleId] = @scheduleId
2026-08-28 10:14:41.489 +05:30 [INF] Executed DbCommand (4ms) [Parameters=[@scheduleId='?' (DbType = Int32)], CommandType='"Text"', CommandTimeout='30']
SELECT TOP(1) [p].[BehaviorLogId], [p].[BorrowerId], [p].[DaysLate], [p].[DueDate], [p].[LoanId], [p].[PaymentDate], [p].[PaymentStatus], [p].[RecordedAt], [p].[ScheduleId]
FROM [PaymentBehaviorLogs] AS [p]
WHERE [p].[ScheduleId] = @scheduleId
2026-08-28 10:14:41.507 +05:30 [INF] Executed DbCommand (5ms) [Parameters=[@scheduleId='?' (DbType = Int32)], CommandType='"Text"', CommandTimeout='30']
SELECT TOP(1) [p].[BehaviorLogId], [p].[BorrowerId], [p].[DaysLate], [p].[DueDate], [p].[LoanId], [p].[PaymentDate], [p].[PaymentStatus], [p].[RecordedAt], [p].[ScheduleId]
FROM [PaymentBehaviorLogs] AS [p]
WHERE [p].[ScheduleId] = @scheduleId
2026-08-28 10:14:41.517 +05:30 [INF] Executed DbCommand (5ms) [Parameters=[@scheduleId='?' (DbType = Int32)], CommandType='"Text"', CommandTimeout='30']
SELECT TOP(1) [p].[BehaviorLogId], [p].[BorrowerId], [p].[DaysLate], [p].[DueDate], [p].[LoanId], [p].[PaymentDate], [p].[PaymentStatus], [p].[RecordedAt], [p].[ScheduleId]
FROM [PaymentBehaviorLogs] AS [p]
WHERE [p].[ScheduleId] = @scheduleId
2026-08-28 10:14:41.524 +05:30 [INF] Executed DbCommand (1ms) [Parameters=[@scheduleId='?' (DbType = Int32)], CommandType='"Text"', CommandTimeout='30']
SELECT TOP(1) [p].[BehaviorLogId], [p].[BorrowerId], [p].[DaysLate], [p].[DueDate], [p].[LoanId], [p].[PaymentDate], [p].[PaymentStatus], [p].[RecordedAt], [p].[ScheduleId]
FROM [PaymentBehaviorLogs] AS [p]
WHERE [p].[ScheduleId] = @scheduleId
2026-08-28 10:14:41.533 +05:30 [INF] Executed DbCommand (4ms) [Parameters=[@scheduleId='?' (DbType = Int32)], CommandType='"Text"', CommandTimeout='30']
SELECT TOP(1) [p].[BehaviorLogId], [p].[BorrowerId], [p].[DaysLate], [p].[DueDate], [p].[LoanId], [p].[PaymentDate], [p].[PaymentStatus], [p].[RecordedAt], [p].[ScheduleId]
FROM [PaymentBehaviorLogs] AS [p]
WHERE [p].[ScheduleId] = @scheduleId
2026-08-28 10:14:41.540 +05:30 [INF] Executed DbCommand (1ms) [Parameters=[@scheduleId='?' (DbType = Int32)], CommandType='"Text"', CommandTimeout='30']
SELECT TOP(1) [p].[BehaviorLogId], [p].[BorrowerId], [p].[DaysLate], [p].[DueDate], [p].[LoanId], [p].[PaymentDate], [p].[PaymentStatus], [p].[RecordedAt], [p].[ScheduleId]
FROM [PaymentBehaviorLogs] AS [p]
WHERE [p].[ScheduleId] = @scheduleId
2026-08-28 10:14:41.551 +05:30 [INF] Executed DbCommand (1ms) [Parameters=[@scheduleId='?' (DbType = Int32)], CommandType='"Text"', CommandTimeout='30']
SELECT TOP(1) [p].[BehaviorLogId], [p].[BorrowerId], [p].[DaysLate], [p].[DueDate], [p].[LoanId], [p].[PaymentDate], [p].[PaymentStatus], [p].[RecordedAt], [p].[ScheduleId]
FROM [PaymentBehaviorLogs] AS [p]
WHERE [p].[ScheduleId] = @scheduleId
2026-08-28 10:14:41.556 +05:30 [INF] Executed DbCommand (1ms) [Parameters=[@scheduleId='?' (DbType = Int32)], CommandType='"Text"', CommandTimeout='30']
SELECT TOP(1) [p].[BehaviorLogId], [p].[BorrowerId], [p].[DaysLate], [p].[DueDate], [p].[LoanId], [p].[PaymentDate], [p].[PaymentStatus], [p].[RecordedAt], [p].[ScheduleId]
FROM [PaymentBehaviorLogs] AS [p]
WHERE [p].[ScheduleId] = @scheduleId
2026-08-28 10:15:01.699 +05:30 [INF] Request starting HTTP/1.1 GET http://localhost:5082/swagger/index.html - null null
2026-08-28 10:15:01.964 +05:30 [INF] Request starting HTTP/1.1 GET http://localhost:5082/swagger/index.html - null null
2026-08-28 10:15:02.254 +05:30 [ERR] Unhandled exception occurred.
System.Threading.Tasks.TaskCanceledException: A task was canceled.
   at System.IO.StreamReader.ReadBufferAsync(CancellationToken cancellationToken)
   at System.IO.StreamReader.ReadToEndAsyncInternal(CancellationToken cancellationToken)
   at Swashbuckle.AspNetCore.SwaggerUI.SwaggerUIMiddleware.RespondWithFile(HttpContext context, String fileName)
   at Swashbuckle.AspNetCore.SwaggerUI.SwaggerUIMiddleware.Invoke(HttpContext httpContext)
   at Swashbuckle.AspNetCore.Swagger.SwaggerMiddleware.Invoke(HttpContext httpContext, ISwaggerProvider swaggerProvider)
   at LoanDeductionPrediction.API.Middleware.GlobalExceptionMiddleware.InvokeAsync(HttpContext context) in C:\Users\thang\OneDrive\Documents\React Projects\LoanDeductionPrediction\LoanDeductionPrediction.API\Middleware\GlobalExceptionMiddleware.cs:line 23
2026-08-28 10:15:02.375 +05:30 [ERR] HTTP GET /swagger/index.html responded 500 in 287.4730 ms
2026-08-28 10:15:02.388 +05:30 [INF] Request finished HTTP/1.1 GET http://localhost:5082/swagger/index.html - 500 null application/json 689.8945ms
2026-08-28 10:15:02.466 +05:30 [INF] HTTP GET /swagger/index.html responded 200 in 382.4566 ms
2026-08-28 10:15:02.485 +05:30 [INF] Request finished HTTP/1.1 GET http://localhost:5082/swagger/index.html - 200 null text/html;charset=utf-8 517.3585ms
2026-08-28 10:15:02.489 +05:30 [INF] Request starting HTTP/1.1 GET http://localhost:5082/swagger/index.css - null null
2026-08-28 10:15:02.493 +05:30 [INF] Request starting HTTP/1.1 GET http://localhost:5082/swagger/swagger-ui-bundle.js - null null
2026-08-28 10:15:02.494 +05:30 [INF] Request starting HTTP/1.1 GET http://localhost:5082/swagger/index.js - null null
2026-08-28 10:15:02.495 +05:30 [INF] Request starting HTTP/1.1 GET http://localhost:5082/swagger/swagger-ui-standalone-preset.js - null null
2026-08-28 10:15:02.518 +05:30 [INF] Request starting HTTP/1.1 GET http://localhost:5082/swagger/swagger-ui.css - null null
2026-08-28 10:15:02.573 +05:30 [INF] HTTP GET /swagger/index.js responded 304 in 2.5696 ms
2026-08-28 10:15:02.576 +05:30 [INF] HTTP GET /swagger/index.css responded 304 in 49.2876 ms
2026-08-28 10:15:02.596 +05:30 [INF] HTTP GET /swagger/swagger-ui-bundle.js responded 304 in 39.3174 ms
2026-08-28 10:15:02.639 +05:30 [INF] HTTP GET /swagger/swagger-ui-standalone-preset.js responded 304 in 50.3343 ms
2026-08-28 10:15:02.647 +05:30 [INF] HTTP GET /swagger/swagger-ui.css responded 304 in 1.6213 ms
2026-08-28 10:15:02.656 +05:30 [INF] Request finished HTTP/1.1 GET http://localhost:5082/swagger/index.js - 304 null null 161.7533ms
2026-08-28 10:15:02.668 +05:30 [INF] Request finished HTTP/1.1 GET http://localhost:5082/swagger/index.css - 304 null null 178.0325ms
2026-08-28 10:15:02.685 +05:30 [INF] Request finished HTTP/1.1 GET http://localhost:5082/swagger/swagger-ui-bundle.js - 304 null null 191.247ms
2026-08-28 10:15:02.692 +05:30 [INF] Request finished HTTP/1.1 GET http://localhost:5082/swagger/swagger-ui-standalone-preset.js - 304 null null 196.3631ms
2026-08-28 10:15:02.719 +05:30 [INF] Request finished HTTP/1.1 GET http://localhost:5082/swagger/swagger-ui.css - 304 null null 201.4435ms
2026-08-28 10:15:02.999 +05:30 [INF] Request starting HTTP/1.1 GET http://localhost:5082/swagger/v1/swagger.json - null null
2026-08-28 10:15:03.361 +05:30 [INF] HTTP GET /swagger/v1/swagger.json responded 200 in 315.2747 ms
2026-08-28 10:15:03.381 +05:30 [INF] Request finished HTTP/1.1 GET http://localhost:5082/swagger/v1/swagger.json - 200 null application/json;charset=utf-8 382.5153ms
2026-08-28 10:15:30.568 +05:30 [INF] Request starting HTTP/1.1 POST http://localhost:5082/api/Auth/login - application/json 62
2026-08-28 10:15:30.593 +05:30 [WRN] Failed to determine the https port for redirect.
2026-08-28 10:15:30.636 +05:30 [INF] CORS policy execution successful.
2026-08-28 10:15:30.700 +05:30 [INF] Executing endpoint 'LoanDeductionPrediction.API.Controllers.AuthController.Login (LoanDeductionPrediction.API)'
2026-08-28 10:15:30.746 +05:30 [INF] Route matched with {action = "Login", controller = "Auth"}. Executing controller action with signature System.Threading.Tasks.Task`1[Microsoft.AspNetCore.Mvc.IActionResult] Login(LoanDeductionPrediction.Models.DTOs.LoginRequest) on controller LoanDeductionPrediction.API.Controllers.AuthController (LoanDeductionPrediction.API).
2026-08-28 10:15:31.013 +05:30 [WRN] You do not have a valid license key for the Lucky Penny software AutoMapper. This is allowed for development and testing scenarios. If you are running in production you are required to have a licensed version. Please visit https://luckypennysoftware.com to obtain a valid license.
2026-08-28 10:15:31.388 +05:30 [INF] Executed DbCommand (26ms) [Parameters=[@email='?' (Size = 150)], CommandType='"Text"', CommandTimeout='30']
SELECT TOP(1) [u].[UserId], [u].[CreatedAt], [u].[Email], [u].[FullName], [u].[IsActive], [u].[PasswordHash], [u].[Role]
FROM [Users] AS [u]
WHERE [u].[Email] = @email
2026-08-28 10:15:33.341 +05:30 [INF] Executed DbCommand (41ms) [Parameters=[@p0='?' (DbType = DateTime2), @p1='?' (DbType = DateTime2), @p2='?' (DbType = Boolean), @p3='?' (DbType = DateTime2), @p4='?' (Size = 500), @p5='?' (DbType = Int32)], CommandType='"Text"', CommandTimeout='30']
SET IMPLICIT_TRANSACTIONS OFF;
SET NOCOUNT ON;
INSERT INTO [RefreshTokens] ([CreatedAt], [ExpiresAt], [IsRevoked], [RevokedAt], [Token], [UserId])
OUTPUT INSERTED.[RefreshTokenId]
VALUES (@p0, @p1, @p2, @p3, @p4, @p5);
2026-08-28 10:15:33.446 +05:30 [INF] Executing OkObjectResult, writing value of type 'LoanDeductionPrediction.Models.DTOs.LoginResponse'.
2026-08-28 10:15:33.476 +05:30 [INF] Executed action LoanDeductionPrediction.API.Controllers.AuthController.Login (LoanDeductionPrediction.API) in 2714.8704ms
2026-08-28 10:15:33.480 +05:30 [INF] Executed endpoint 'LoanDeductionPrediction.API.Controllers.AuthController.Login (LoanDeductionPrediction.API)'
2026-08-28 10:15:33.489 +05:30 [INF] HTTP POST /api/Auth/login responded 200 in 2897.8516 ms
2026-08-28 10:15:33.513 +05:30 [INF] Request finished HTTP/1.1 POST http://localhost:5082/api/Auth/login - 200 null application/json; charset=utf-8 2944.4717ms
2026-08-28 10:16:06.295 +05:30 [INF] Request starting HTTP/1.1 GET http://localhost:5082/api/RepaymentSchedule/loan/2 - null null
2026-08-28 10:16:06.409 +05:30 [INF] Executing endpoint 'LoanDeductionPrediction.API.Controllers.RepaymentScheduleController.GetLoanSchedule (LoanDeductionPrediction.API)'
2026-08-28 10:16:06.428 +05:30 [INF] Route matched with {action = "GetLoanSchedule", controller = "RepaymentSchedule"}. Executing controller action with signature System.Threading.Tasks.Task`1[Microsoft.AspNetCore.Mvc.IActionResult] GetLoanSchedule(Int32) on controller LoanDeductionPrediction.API.Controllers.RepaymentScheduleController (LoanDeductionPrediction.API).
2026-08-28 10:16:06.538 +05:30 [INF] Executed DbCommand (34ms) [Parameters=[@loanId='?' (DbType = Int32)], CommandType='"Text"', CommandTimeout='30']
SELECT TOP(1) [l].[LoanId], [l].[BorrowerId], [l].[CreatedAt], [l].[EMIAmount], [l].[EndDate], [l].[InterestRate], [l].[LoanOfficerId], [l].[OutstandingAmount], [l].[PrincipalAmount], [l].[StartDate], [l].[Status], [l].[TenureMonths]
FROM [LoanAccounts] AS [l]
WHERE [l].[LoanId] = @loanId
2026-08-28 10:16:06.609 +05:30 [INF] Executed DbCommand (5ms) [Parameters=[@loanId='?' (DbType = Int32)], CommandType='"Text"', CommandTimeout='30']
SELECT [r].[ScheduleId], [r].[DueDate], [r].[EMIAmount], [r].[InstallmentNumber], [r].[InterestAmount], [r].[LoanId], [r].[PaidAmount], [r].[PaidDate], [r].[PrincipalAmount], [r].[Status]
FROM [RepaymentSchedules] AS [r]
WHERE [r].[LoanId] = @loanId
ORDER BY [r].[InstallmentNumber]
2026-08-28 10:16:06.645 +05:30 [INF] Executing OkObjectResult, writing value of type 'System.Collections.Generic.List`1[[LoanDeductionPrediction.Models.DTOs.RepaymentScheduleDto, LoanDeductionPrediction.Models, Version=1.0.0.0, Culture=neutral, PublicKeyToken=null]]'.
2026-08-28 10:16:06.693 +05:30 [INF] Executed action LoanDeductionPrediction.API.Controllers.RepaymentScheduleController.GetLoanSchedule (LoanDeductionPrediction.API) in 261.0568ms
2026-08-28 10:16:06.700 +05:30 [INF] Executed endpoint 'LoanDeductionPrediction.API.Controllers.RepaymentScheduleController.GetLoanSchedule (LoanDeductionPrediction.API)'
2026-08-28 10:16:06.713 +05:30 [INF] HTTP GET /api/RepaymentSchedule/loan/2 responded 200 in 401.7686 ms
2026-08-28 10:16:06.721 +05:30 [INF] Request finished HTTP/1.1 GET http://localhost:5082/api/RepaymentSchedule/loan/2 - 200 null application/json; charset=utf-8 426.7483ms
2026-08-28 10:17:56.974 +05:30 [INF] Application is shutting down...
2026-08-28 10:18:15.686 +05:30 [WRN] No store type was specified for the decimal property 'InterestRate' on entity type 'LoanRequest'. This will cause values to be silently truncated if they do not fit in the default precision and scale. Explicitly specify the SQL server column type that can accommodate all the values in 'OnModelCreating' using 'HasColumnType', specify precision and scale using 'HasPrecision', or configure a value converter using 'HasConversion'.
2026-08-28 10:18:15.817 +05:30 [WRN] No store type was specified for the decimal property 'RequestedAmount' on entity type 'LoanRequest'. This will cause values to be silently truncated if they do not fit in the default precision and scale. Explicitly specify the SQL server column type that can accommodate all the values in 'OnModelCreating' using 'HasColumnType', specify precision and scale using 'HasPrecision', or configure a value converter using 'HasConversion'.
2026-08-28 10:18:16.294 +05:30 [INF] Executed DbCommand (19ms) [Parameters=[], CommandType='"Text"', CommandTimeout='30']
SELECT 1
2026-08-28 10:18:16.315 +05:30 [INF] Acquiring an exclusive lock for migration application. See https://aka.ms/efcore-docs-migrations-lock for more information if this takes too long.
2026-08-28 10:18:16.349 +05:30 [INF] Executed DbCommand (29ms) [Parameters=[], CommandType='"Text"', CommandTimeout='30']
DECLARE @result int;
EXEC @result = sp_getapplock @Resource = '__EFMigrationsLock', @LockOwner = 'Session', @LockMode = 'Exclusive';
SELECT @result
2026-08-28 10:18:16.419 +05:30 [INF] Executed DbCommand (4ms) [Parameters=[], CommandType='"Text"', CommandTimeout='30']
IF OBJECT_ID(N'[__EFMigrationsHistory]') IS NULL
BEGIN
    CREATE TABLE [__EFMigrationsHistory] (
        [MigrationId] nvarchar(150) NOT NULL,
        [ProductVersion] nvarchar(32) NOT NULL,
        CONSTRAINT [PK___EFMigrationsHistory] PRIMARY KEY ([MigrationId])
    );
END;
2026-08-28 10:18:16.432 +05:30 [INF] Executed DbCommand (1ms) [Parameters=[], CommandType='"Text"', CommandTimeout='30']
SELECT 1
2026-08-28 10:18:16.438 +05:30 [INF] Executed DbCommand (2ms) [Parameters=[], CommandType='"Text"', CommandTimeout='30']
SELECT OBJECT_ID(N'[__EFMigrationsHistory]');
2026-08-28 10:18:16.446 +05:30 [INF] Executed DbCommand (4ms) [Parameters=[], CommandType='"Text"', CommandTimeout='30']
SELECT [MigrationId], [ProductVersion]
FROM [__EFMigrationsHistory]
ORDER BY [MigrationId];
2026-08-28 10:18:16.462 +05:30 [INF] No migrations were applied. The database is already up to date.
2026-08-28 10:18:16.471 +05:30 [INF] Executed DbCommand (7ms) [Parameters=[], CommandType='"Text"', CommandTimeout='30']
DECLARE @result int;
EXEC @result = sp_releaseapplock @Resource = '__EFMigrationsLock', @LockOwner = 'Session';
SELECT @result
2026-08-28 10:18:16.724 +05:30 [INF] Executed DbCommand (7ms) [Parameters=[], CommandType='"Text"', CommandTimeout='30']
SELECT CASE
    WHEN EXISTS (
        SELECT 1
        FROM [Users] AS [u]
        WHERE [u].[Role] = N'Admin') THEN CAST(1 AS bit)
    ELSE CAST(0 AS bit)
END
2026-08-28 10:18:16.814 +05:30 [INF] User profile is available. Using 'C:\Users\thang\AppData\Local\ASP.NET\DataProtection-Keys' as key repository and Windows DPAPI to encrypt keys at rest.
2026-08-28 10:18:16.823 +05:30 [INF] Payment Behavior Background Service started.
2026-08-28 10:18:16.893 +05:30 [INF] Now listening on: http://localhost:5082
2026-08-28 10:18:16.895 +05:30 [INF] Application started. Press Ctrl+C to shut down.
2026-08-28 10:18:16.895 +05:30 [INF] Hosting environment: Development
2026-08-28 10:18:16.896 +05:30 [INF] Content root path: C:\Users\thang\OneDrive\Documents\React Projects\LoanDeductionPrediction\LoanDeductionPrediction.API
2026-08-28 10:18:16.987 +05:30 [INF] Executed DbCommand (25ms) [Parameters=[@today='?' (DbType = Date)], CommandType='"Text"', CommandTimeout='30']
SELECT [r].[ScheduleId], [r].[DueDate], [r].[EMIAmount], [r].[InstallmentNumber], [r].[InterestAmount], [r].[LoanId], [r].[PaidAmount], [r].[PaidDate], [r].[PrincipalAmount], [r].[Status]
FROM [RepaymentSchedules] AS [r]
WHERE [r].[DueDate] < @today AND [r].[PaidAmount] < [r].[EMIAmount] AND [r].[Status] <> N'PAID'
ORDER BY [r].[DueDate]
2026-08-28 10:18:17.123 +05:30 [INF] Executed DbCommand (37ms) [Parameters=[@scheduleId='?' (DbType = Int32)], CommandType='"Text"', CommandTimeout='30']
SELECT TOP(1) [p].[BehaviorLogId], [p].[BorrowerId], [p].[DaysLate], [p].[DueDate], [p].[LoanId], [p].[PaymentDate], [p].[PaymentStatus], [p].[RecordedAt], [p].[ScheduleId]
FROM [PaymentBehaviorLogs] AS [p]
WHERE [p].[ScheduleId] = @scheduleId
2026-08-28 10:18:17.168 +05:30 [INF] Executed DbCommand (1ms) [Parameters=[@scheduleId='?' (DbType = Int32)], CommandType='"Text"', CommandTimeout='30']
SELECT TOP(1) [p].[BehaviorLogId], [p].[BorrowerId], [p].[DaysLate], [p].[DueDate], [p].[LoanId], [p].[PaymentDate], [p].[PaymentStatus], [p].[RecordedAt], [p].[ScheduleId]
FROM [PaymentBehaviorLogs] AS [p]
WHERE [p].[ScheduleId] = @scheduleId
2026-08-28 10:18:17.171 +05:30 [INF] Executed DbCommand (1ms) [Parameters=[@scheduleId='?' (DbType = Int32)], CommandType='"Text"', CommandTimeout='30']
SELECT TOP(1) [p].[BehaviorLogId], [p].[BorrowerId], [p].[DaysLate], [p].[DueDate], [p].[LoanId], [p].[PaymentDate], [p].[PaymentStatus], [p].[RecordedAt], [p].[ScheduleId]
FROM [PaymentBehaviorLogs] AS [p]
WHERE [p].[ScheduleId] = @scheduleId
2026-08-28 10:18:17.175 +05:30 [INF] Executed DbCommand (1ms) [Parameters=[@scheduleId='?' (DbType = Int32)], CommandType='"Text"', CommandTimeout='30']
SELECT TOP(1) [p].[BehaviorLogId], [p].[BorrowerId], [p].[DaysLate], [p].[DueDate], [p].[LoanId], [p].[PaymentDate], [p].[PaymentStatus], [p].[RecordedAt], [p].[ScheduleId]
FROM [PaymentBehaviorLogs] AS [p]
WHERE [p].[ScheduleId] = @scheduleId
2026-08-28 10:18:17.185 +05:30 [INF] Executed DbCommand (5ms) [Parameters=[@scheduleId='?' (DbType = Int32)], CommandType='"Text"', CommandTimeout='30']
SELECT TOP(1) [p].[BehaviorLogId], [p].[BorrowerId], [p].[DaysLate], [p].[DueDate], [p].[LoanId], [p].[PaymentDate], [p].[PaymentStatus], [p].[RecordedAt], [p].[ScheduleId]
FROM [PaymentBehaviorLogs] AS [p]
WHERE [p].[ScheduleId] = @scheduleId
2026-08-28 10:18:17.196 +05:30 [INF] Executed DbCommand (1ms) [Parameters=[@scheduleId='?' (DbType = Int32)], CommandType='"Text"', CommandTimeout='30']
SELECT TOP(1) [p].[BehaviorLogId], [p].[BorrowerId], [p].[DaysLate], [p].[DueDate], [p].[LoanId], [p].[PaymentDate], [p].[PaymentStatus], [p].[RecordedAt], [p].[ScheduleId]
FROM [PaymentBehaviorLogs] AS [p]
WHERE [p].[ScheduleId] = @scheduleId
2026-08-28 10:18:17.201 +05:30 [INF] Executed DbCommand (1ms) [Parameters=[@scheduleId='?' (DbType = Int32)], CommandType='"Text"', CommandTimeout='30']
SELECT TOP(1) [p].[BehaviorLogId], [p].[BorrowerId], [p].[DaysLate], [p].[DueDate], [p].[LoanId], [p].[PaymentDate], [p].[PaymentStatus], [p].[RecordedAt], [p].[ScheduleId]
FROM [PaymentBehaviorLogs] AS [p]
WHERE [p].[ScheduleId] = @scheduleId
2026-08-28 10:18:17.216 +05:30 [INF] Executed DbCommand (1ms) [Parameters=[@scheduleId='?' (DbType = Int32)], CommandType='"Text"', CommandTimeout='30']
SELECT TOP(1) [p].[BehaviorLogId], [p].[BorrowerId], [p].[DaysLate], [p].[DueDate], [p].[LoanId], [p].[PaymentDate], [p].[PaymentStatus], [p].[RecordedAt], [p].[ScheduleId]
FROM [PaymentBehaviorLogs] AS [p]
WHERE [p].[ScheduleId] = @scheduleId
2026-08-28 10:18:17.231 +05:30 [INF] Executed DbCommand (1ms) [Parameters=[@scheduleId='?' (DbType = Int32)], CommandType='"Text"', CommandTimeout='30']
SELECT TOP(1) [p].[BehaviorLogId], [p].[BorrowerId], [p].[DaysLate], [p].[DueDate], [p].[LoanId], [p].[PaymentDate], [p].[PaymentStatus], [p].[RecordedAt], [p].[ScheduleId]
FROM [PaymentBehaviorLogs] AS [p]
WHERE [p].[ScheduleId] = @scheduleId
2026-08-28 10:18:17.239 +05:30 [INF] Executed DbCommand (1ms) [Parameters=[@scheduleId='?' (DbType = Int32)], CommandType='"Text"', CommandTimeout='30']
SELECT TOP(1) [p].[BehaviorLogId], [p].[BorrowerId], [p].[DaysLate], [p].[DueDate], [p].[LoanId], [p].[PaymentDate], [p].[PaymentStatus], [p].[RecordedAt], [p].[ScheduleId]
FROM [PaymentBehaviorLogs] AS [p]
WHERE [p].[ScheduleId] = @scheduleId
2026-08-28 10:18:17.250 +05:30 [INF] Executed DbCommand (1ms) [Parameters=[@scheduleId='?' (DbType = Int32)], CommandType='"Text"', CommandTimeout='30']
SELECT TOP(1) [p].[BehaviorLogId], [p].[BorrowerId], [p].[DaysLate], [p].[DueDate], [p].[LoanId], [p].[PaymentDate], [p].[PaymentStatus], [p].[RecordedAt], [p].[ScheduleId]
FROM [PaymentBehaviorLogs] AS [p]
WHERE [p].[ScheduleId] = @scheduleId
2026-08-28 10:18:17.262 +05:30 [INF] Executed DbCommand (5ms) [Parameters=[@scheduleId='?' (DbType = Int32)], CommandType='"Text"', CommandTimeout='30']
SELECT TOP(1) [p].[BehaviorLogId], [p].[BorrowerId], [p].[DaysLate], [p].[DueDate], [p].[LoanId], [p].[PaymentDate], [p].[PaymentStatus], [p].[RecordedAt], [p].[ScheduleId]
FROM [PaymentBehaviorLogs] AS [p]
WHERE [p].[ScheduleId] = @scheduleId
2026-08-28 10:18:33.306 +05:30 [INF] Request starting HTTP/1.1 GET http://localhost:5082/swagger/index.html - null null
2026-08-28 10:18:33.671 +05:30 [INF] HTTP GET /swagger/index.html responded 304 in 216.2059 ms
2026-08-28 10:18:33.720 +05:30 [INF] Request finished HTTP/1.1 GET http://localhost:5082/swagger/index.html - 304 null null 416.4912ms
2026-08-28 10:18:33.757 +05:30 [INF] Request starting HTTP/1.1 GET http://localhost:5082/swagger/swagger-ui-bundle.js - null null
2026-08-28 10:18:33.757 +05:30 [INF] Request starting HTTP/1.1 GET http://localhost:5082/swagger/index.css - null null
2026-08-28 10:18:33.758 +05:30 [INF] Request starting HTTP/1.1 GET http://localhost:5082/swagger/swagger-ui-standalone-preset.js - null null
2026-08-28 10:18:33.760 +05:30 [INF] Request starting HTTP/1.1 GET http://localhost:5082/swagger/index.js - null null
2026-08-28 10:18:33.781 +05:30 [INF] Request starting HTTP/1.1 GET http://localhost:5082/swagger/swagger-ui.css - null null
2026-08-28 10:18:34.473 +05:30 [INF] HTTP GET /swagger/index.css responded 304 in 47.6327 ms
2026-08-28 10:18:34.499 +05:30 [INF] HTTP GET /swagger/swagger-ui-bundle.js responded 304 in 399.4358 ms
2026-08-28 10:18:34.549 +05:30 [INF] HTTP GET /swagger/swagger-ui-standalone-preset.js responded 304 in 48.9055 ms
2026-08-28 10:18:34.627 +05:30 [INF] Request finished HTTP/1.1 GET http://localhost:5082/swagger/swagger-ui-standalone-preset.js - 304 null null 868.8686ms
2026-08-28 10:18:34.565 +05:30 [INF] HTTP GET /swagger/swagger-ui.css responded 304 in 1.3482 ms
2026-08-28 10:18:34.575 +05:30 [INF] Request finished HTTP/1.1 GET http://localhost:5082/swagger/index.css - 304 null null 818.402ms
2026-08-28 10:18:34.583 +05:30 [INF] Request finished HTTP/1.1 GET http://localhost:5082/swagger/swagger-ui-bundle.js - 304 null null 825.964ms
2026-08-28 10:18:34.557 +05:30 [INF] HTTP GET /swagger/index.js responded 304 in 0.8467 ms
2026-08-28 10:18:34.891 +05:30 [INF] Request finished HTTP/1.1 GET http://localhost:5082/swagger/swagger-ui.css - 304 null null 1110.1416ms
2026-08-28 10:18:35.023 +05:30 [INF] Request finished HTTP/1.1 GET http://localhost:5082/swagger/index.js - 304 null null 1263.2117ms
2026-08-28 10:18:35.749 +05:30 [INF] Request starting HTTP/1.1 GET http://localhost:5082/swagger/v1/swagger.json - null null
2026-08-28 10:18:36.013 +05:30 [INF] HTTP GET /swagger/v1/swagger.json responded 200 in 239.4901 ms
2026-08-28 10:18:36.021 +05:30 [INF] Request finished HTTP/1.1 GET http://localhost:5082/swagger/v1/swagger.json - 200 null application/json;charset=utf-8 271.5123ms
2026-08-28 10:19:09.255 +05:30 [INF] Request starting HTTP/1.1 POST http://localhost:5082/api/Auth/login - application/json 62
2026-08-28 10:19:09.327 +05:30 [WRN] Failed to determine the https port for redirect.
2026-08-28 10:19:09.359 +05:30 [INF] CORS policy execution successful.
2026-08-28 10:19:09.523 +05:30 [INF] Executing endpoint 'LoanDeductionPrediction.API.Controllers.AuthController.Login (LoanDeductionPrediction.API)'
2026-08-28 10:19:09.590 +05:30 [INF] Route matched with {action = "Login", controller = "Auth"}. Executing controller action with signature System.Threading.Tasks.Task`1[Microsoft.AspNetCore.Mvc.IActionResult] Login(LoanDeductionPrediction.Models.DTOs.LoginRequest) on controller LoanDeductionPrediction.API.Controllers.AuthController (LoanDeductionPrediction.API).
2026-08-28 10:19:10.010 +05:30 [WRN] You do not have a valid license key for the Lucky Penny software AutoMapper. This is allowed for development and testing scenarios. If you are running in production you are required to have a licensed version. Please visit https://luckypennysoftware.com to obtain a valid license.
2026-08-28 10:19:10.438 +05:30 [INF] Executed DbCommand (5ms) [Parameters=[@email='?' (Size = 150)], CommandType='"Text"', CommandTimeout='30']
SELECT TOP(1) [u].[UserId], [u].[CreatedAt], [u].[Email], [u].[FullName], [u].[IsActive], [u].[PasswordHash], [u].[Role]
FROM [Users] AS [u]
WHERE [u].[Email] = @email
2026-08-28 10:19:12.566 +05:30 [INF] Executed DbCommand (8ms) [Parameters=[@p0='?' (DbType = DateTime2), @p1='?' (DbType = DateTime2), @p2='?' (DbType = Boolean), @p3='?' (DbType = DateTime2), @p4='?' (Size = 500), @p5='?' (DbType = Int32)], CommandType='"Text"', CommandTimeout='30']
SET IMPLICIT_TRANSACTIONS OFF;
SET NOCOUNT ON;
INSERT INTO [RefreshTokens] ([CreatedAt], [ExpiresAt], [IsRevoked], [RevokedAt], [Token], [UserId])
OUTPUT INSERTED.[RefreshTokenId]
VALUES (@p0, @p1, @p2, @p3, @p4, @p5);
2026-08-28 10:19:12.665 +05:30 [INF] Executing OkObjectResult, writing value of type 'LoanDeductionPrediction.Models.DTOs.LoginResponse'.
2026-08-28 10:19:12.716 +05:30 [INF] Executed action LoanDeductionPrediction.API.Controllers.AuthController.Login (LoanDeductionPrediction.API) in 3113.8446ms
2026-08-28 10:19:12.724 +05:30 [INF] Executed endpoint 'LoanDeductionPrediction.API.Controllers.AuthController.Login (LoanDeductionPrediction.API)'
2026-08-28 10:19:12.732 +05:30 [INF] HTTP POST /api/Auth/login responded 200 in 3405.9380 ms
2026-08-28 10:19:12.796 +05:30 [INF] Request finished HTTP/1.1 POST http://localhost:5082/api/Auth/login - 200 null application/json; charset=utf-8 3541.0445ms
2026-08-28 10:20:08.942 +05:30 [INF] Request starting HTTP/1.1 GET http://localhost:5082/api/RepaymentSchedule/loan/2 - null null
2026-08-28 10:20:09.447 +05:30 [INF] Executing endpoint 'LoanDeductionPrediction.API.Controllers.RepaymentScheduleController.GetLoanSchedule (LoanDeductionPrediction.API)'
2026-08-28 10:20:09.477 +05:30 [INF] Route matched with {action = "GetLoanSchedule", controller = "RepaymentSchedule"}. Executing controller action with signature System.Threading.Tasks.Task`1[Microsoft.AspNetCore.Mvc.IActionResult] GetLoanSchedule(Int32) on controller LoanDeductionPrediction.API.Controllers.RepaymentScheduleController (LoanDeductionPrediction.API).
2026-08-28 10:20:09.562 +05:30 [INF] Executed DbCommand (6ms) [Parameters=[@loanId='?' (DbType = Int32)], CommandType='"Text"', CommandTimeout='30']
SELECT TOP(1) [l].[LoanId], [l].[BorrowerId], [l].[CreatedAt], [l].[EMIAmount], [l].[EndDate], [l].[InterestRate], [l].[LoanOfficerId], [l].[OutstandingAmount], [l].[PrincipalAmount], [l].[StartDate], [l].[Status], [l].[TenureMonths]
FROM [LoanAccounts] AS [l]
WHERE [l].[LoanId] = @loanId
2026-08-28 10:20:09.991 +05:30 [INF] Executed DbCommand (4ms) [Parameters=[@loanId='?' (DbType = Int32)], CommandType='"Text"', CommandTimeout='30']
SELECT [r].[ScheduleId], [r].[DueDate], [r].[EMIAmount], [r].[InstallmentNumber], [r].[InterestAmount], [r].[LoanId], [r].[PaidAmount], [r].[PaidDate], [r].[PrincipalAmount], [r].[Status]
FROM [RepaymentSchedules] AS [r]
WHERE [r].[LoanId] = @loanId
ORDER BY [r].[InstallmentNumber]
2026-08-28 10:20:10.068 +05:30 [INF] Executing OkObjectResult, writing value of type 'System.Collections.Generic.List`1[[LoanDeductionPrediction.Models.DTOs.RepaymentScheduleDto, LoanDeductionPrediction.Models, Version=1.0.0.0, Culture=neutral, PublicKeyToken=null]]'.
2026-08-28 10:20:10.240 +05:30 [INF] Executed action LoanDeductionPrediction.API.Controllers.RepaymentScheduleController.GetLoanSchedule (LoanDeductionPrediction.API) in 753.9164ms
2026-08-28 10:20:10.258 +05:30 [INF] Executed endpoint 'LoanDeductionPrediction.API.Controllers.RepaymentScheduleController.GetLoanSchedule (LoanDeductionPrediction.API)'
2026-08-28 10:20:10.280 +05:30 [INF] HTTP GET /api/RepaymentSchedule/loan/2 responded 200 in 1300.8836 ms
2026-08-28 10:20:10.351 +05:30 [INF] Request finished HTTP/1.1 GET http://localhost:5082/api/RepaymentSchedule/loan/2 - 200 null application/json; charset=utf-8 1409.4475ms
2026-08-28 10:23:33.462 +05:30 [INF] Application is shutting down...
2026-08-28 10:26:19.080 +05:30 [WRN] No store type was specified for the decimal property 'InterestRate' on entity type 'LoanRequest'. This will cause values to be silently truncated if they do not fit in the default precision and scale. Explicitly specify the SQL server column type that can accommodate all the values in 'OnModelCreating' using 'HasColumnType', specify precision and scale using 'HasPrecision', or configure a value converter using 'HasConversion'.
2026-08-28 10:26:19.144 +05:30 [WRN] No store type was specified for the decimal property 'RequestedAmount' on entity type 'LoanRequest'. This will cause values to be silently truncated if they do not fit in the default precision and scale. Explicitly specify the SQL server column type that can accommodate all the values in 'OnModelCreating' using 'HasColumnType', specify precision and scale using 'HasPrecision', or configure a value converter using 'HasConversion'.
2026-08-28 10:26:19.546 +05:30 [INF] Executed DbCommand (21ms) [Parameters=[], CommandType='"Text"', CommandTimeout='30']
SELECT 1
2026-08-28 10:26:19.559 +05:30 [INF] Acquiring an exclusive lock for migration application. See https://aka.ms/efcore-docs-migrations-lock for more information if this takes too long.
2026-08-28 10:26:20.040 +05:30 [INF] Executed DbCommand (476ms) [Parameters=[], CommandType='"Text"', CommandTimeout='30']
DECLARE @result int;
EXEC @result = sp_getapplock @Resource = '__EFMigrationsLock', @LockOwner = 'Session', @LockMode = 'Exclusive';
SELECT @result
2026-08-28 10:26:20.150 +05:30 [INF] Executed DbCommand (39ms) [Parameters=[], CommandType='"Text"', CommandTimeout='30']
IF OBJECT_ID(N'[__EFMigrationsHistory]') IS NULL
BEGIN
    CREATE TABLE [__EFMigrationsHistory] (
        [MigrationId] nvarchar(150) NOT NULL,
        [ProductVersion] nvarchar(32) NOT NULL,
        CONSTRAINT [PK___EFMigrationsHistory] PRIMARY KEY ([MigrationId])
    );
END;
2026-08-28 10:26:20.166 +05:30 [INF] Executed DbCommand (1ms) [Parameters=[], CommandType='"Text"', CommandTimeout='30']
SELECT 1
2026-08-28 10:26:20.192 +05:30 [INF] Executed DbCommand (1ms) [Parameters=[], CommandType='"Text"', CommandTimeout='30']
SELECT OBJECT_ID(N'[__EFMigrationsHistory]');
2026-08-28 10:26:20.238 +05:30 [INF] Executed DbCommand (35ms) [Parameters=[], CommandType='"Text"', CommandTimeout='30']
SELECT [MigrationId], [ProductVersion]
FROM [__EFMigrationsHistory]
ORDER BY [MigrationId];
2026-08-28 10:26:20.250 +05:30 [INF] No migrations were applied. The database is already up to date.
2026-08-28 10:26:20.436 +05:30 [INF] Executed DbCommand (184ms) [Parameters=[], CommandType='"Text"', CommandTimeout='30']
DECLARE @result int;
EXEC @result = sp_releaseapplock @Resource = '__EFMigrationsLock', @LockOwner = 'Session';
SELECT @result
2026-08-28 10:26:20.920 +05:30 [INF] Executed DbCommand (257ms) [Parameters=[], CommandType='"Text"', CommandTimeout='30']
SELECT CASE
    WHEN EXISTS (
        SELECT 1
        FROM [Users] AS [u]
        WHERE [u].[Role] = N'Admin') THEN CAST(1 AS bit)
    ELSE CAST(0 AS bit)
END
2026-08-28 10:26:21.008 +05:30 [INF] User profile is available. Using 'C:\Users\thang\AppData\Local\ASP.NET\DataProtection-Keys' as key repository and Windows DPAPI to encrypt keys at rest.
2026-08-28 10:26:21.017 +05:30 [INF] Payment Behavior Background Service started.
2026-08-28 10:26:21.101 +05:30 [INF] Now listening on: http://localhost:5082
2026-08-28 10:26:21.104 +05:30 [INF] Application started. Press Ctrl+C to shut down.
2026-08-28 10:26:21.105 +05:30 [INF] Hosting environment: Development
2026-08-28 10:26:21.106 +05:30 [INF] Content root path: C:\Users\thang\OneDrive\Documents\React Projects\LoanDeductionPrediction\LoanDeductionPrediction.API
2026-08-28 10:26:21.767 +05:30 [INF] Executed DbCommand (589ms) [Parameters=[@today='?' (DbType = Date)], CommandType='"Text"', CommandTimeout='30']
SELECT [r].[ScheduleId], [r].[DueDate], [r].[EMIAmount], [r].[InstallmentNumber], [r].[InterestAmount], [r].[LoanId], [r].[PaidAmount], [r].[PaidDate], [r].[PrincipalAmount], [r].[Status]
FROM [RepaymentSchedules] AS [r]
WHERE [r].[DueDate] < @today AND [r].[PaidAmount] < [r].[EMIAmount] AND [r].[Status] <> N'PAID'
ORDER BY [r].[DueDate]
2026-08-28 10:26:21.926 +05:30 [INF] Executed DbCommand (36ms) [Parameters=[@scheduleId='?' (DbType = Int32)], CommandType='"Text"', CommandTimeout='30']
SELECT TOP(1) [p].[BehaviorLogId], [p].[BorrowerId], [p].[DaysLate], [p].[DueDate], [p].[LoanId], [p].[PaymentDate], [p].[PaymentStatus], [p].[RecordedAt], [p].[ScheduleId]
FROM [PaymentBehaviorLogs] AS [p]
WHERE [p].[ScheduleId] = @scheduleId
2026-08-28 10:26:21.975 +05:30 [INF] Executed DbCommand (1ms) [Parameters=[@scheduleId='?' (DbType = Int32)], CommandType='"Text"', CommandTimeout='30']
SELECT TOP(1) [p].[BehaviorLogId], [p].[BorrowerId], [p].[DaysLate], [p].[DueDate], [p].[LoanId], [p].[PaymentDate], [p].[PaymentStatus], [p].[RecordedAt], [p].[ScheduleId]
FROM [PaymentBehaviorLogs] AS [p]
WHERE [p].[ScheduleId] = @scheduleId
2026-08-28 10:26:21.979 +05:30 [INF] Executed DbCommand (1ms) [Parameters=[@scheduleId='?' (DbType = Int32)], CommandType='"Text"', CommandTimeout='30']
SELECT TOP(1) [p].[BehaviorLogId], [p].[BorrowerId], [p].[DaysLate], [p].[DueDate], [p].[LoanId], [p].[PaymentDate], [p].[PaymentStatus], [p].[RecordedAt], [p].[ScheduleId]
FROM [PaymentBehaviorLogs] AS [p]
WHERE [p].[ScheduleId] = @scheduleId
2026-08-28 10:26:21.982 +05:30 [INF] Executed DbCommand (1ms) [Parameters=[@scheduleId='?' (DbType = Int32)], CommandType='"Text"', CommandTimeout='30']
SELECT TOP(1) [p].[BehaviorLogId], [p].[BorrowerId], [p].[DaysLate], [p].[DueDate], [p].[LoanId], [p].[PaymentDate], [p].[PaymentStatus], [p].[RecordedAt], [p].[ScheduleId]
FROM [PaymentBehaviorLogs] AS [p]
WHERE [p].[ScheduleId] = @scheduleId
2026-08-28 10:26:21.985 +05:30 [INF] Executed DbCommand (1ms) [Parameters=[@scheduleId='?' (DbType = Int32)], CommandType='"Text"', CommandTimeout='30']
SELECT TOP(1) [p].[BehaviorLogId], [p].[BorrowerId], [p].[DaysLate], [p].[DueDate], [p].[LoanId], [p].[PaymentDate], [p].[PaymentStatus], [p].[RecordedAt], [p].[ScheduleId]
FROM [PaymentBehaviorLogs] AS [p]
WHERE [p].[ScheduleId] = @scheduleId
2026-08-28 10:26:21.990 +05:30 [INF] Executed DbCommand (1ms) [Parameters=[@scheduleId='?' (DbType = Int32)], CommandType='"Text"', CommandTimeout='30']
SELECT TOP(1) [p].[BehaviorLogId], [p].[BorrowerId], [p].[DaysLate], [p].[DueDate], [p].[LoanId], [p].[PaymentDate], [p].[PaymentStatus], [p].[RecordedAt], [p].[ScheduleId]
FROM [PaymentBehaviorLogs] AS [p]
WHERE [p].[ScheduleId] = @scheduleId
2026-08-28 10:26:21.993 +05:30 [INF] Executed DbCommand (1ms) [Parameters=[@scheduleId='?' (DbType = Int32)], CommandType='"Text"', CommandTimeout='30']
SELECT TOP(1) [p].[BehaviorLogId], [p].[BorrowerId], [p].[DaysLate], [p].[DueDate], [p].[LoanId], [p].[PaymentDate], [p].[PaymentStatus], [p].[RecordedAt], [p].[ScheduleId]
FROM [PaymentBehaviorLogs] AS [p]
WHERE [p].[ScheduleId] = @scheduleId
2026-08-28 10:26:22.003 +05:30 [INF] Executed DbCommand (1ms) [Parameters=[@scheduleId='?' (DbType = Int32)], CommandType='"Text"', CommandTimeout='30']
SELECT TOP(1) [p].[BehaviorLogId], [p].[BorrowerId], [p].[DaysLate], [p].[DueDate], [p].[LoanId], [p].[PaymentDate], [p].[PaymentStatus], [p].[RecordedAt], [p].[ScheduleId]
FROM [PaymentBehaviorLogs] AS [p]
WHERE [p].[ScheduleId] = @scheduleId
2026-08-28 10:26:22.009 +05:30 [INF] Executed DbCommand (1ms) [Parameters=[@scheduleId='?' (DbType = Int32)], CommandType='"Text"', CommandTimeout='30']
SELECT TOP(1) [p].[BehaviorLogId], [p].[BorrowerId], [p].[DaysLate], [p].[DueDate], [p].[LoanId], [p].[PaymentDate], [p].[PaymentStatus], [p].[RecordedAt], [p].[ScheduleId]
FROM [PaymentBehaviorLogs] AS [p]
WHERE [p].[ScheduleId] = @scheduleId
2026-08-28 10:26:22.023 +05:30 [INF] Executed DbCommand (6ms) [Parameters=[@scheduleId='?' (DbType = Int32)], CommandType='"Text"', CommandTimeout='30']
SELECT TOP(1) [p].[BehaviorLogId], [p].[BorrowerId], [p].[DaysLate], [p].[DueDate], [p].[LoanId], [p].[PaymentDate], [p].[PaymentStatus], [p].[RecordedAt], [p].[ScheduleId]
FROM [PaymentBehaviorLogs] AS [p]
WHERE [p].[ScheduleId] = @scheduleId
2026-08-28 10:26:22.029 +05:30 [INF] Executed DbCommand (2ms) [Parameters=[@scheduleId='?' (DbType = Int32)], CommandType='"Text"', CommandTimeout='30']
SELECT TOP(1) [p].[BehaviorLogId], [p].[BorrowerId], [p].[DaysLate], [p].[DueDate], [p].[LoanId], [p].[PaymentDate], [p].[PaymentStatus], [p].[RecordedAt], [p].[ScheduleId]
FROM [PaymentBehaviorLogs] AS [p]
WHERE [p].[ScheduleId] = @scheduleId
2026-08-28 10:26:22.067 +05:30 [INF] Executed DbCommand (3ms) [Parameters=[@scheduleId='?' (DbType = Int32)], CommandType='"Text"', CommandTimeout='30']
SELECT TOP(1) [p].[BehaviorLogId], [p].[BorrowerId], [p].[DaysLate], [p].[DueDate], [p].[LoanId], [p].[PaymentDate], [p].[PaymentStatus], [p].[RecordedAt], [p].[ScheduleId]
FROM [PaymentBehaviorLogs] AS [p]
WHERE [p].[ScheduleId] = @scheduleId
2026-08-28 10:26:39.598 +05:30 [INF] Request starting HTTP/1.1 GET http://localhost:5082/swagger/index.html - null null
2026-08-28 10:26:40.064 +05:30 [INF] HTTP GET /swagger/index.html responded 304 in 378.5427 ms
2026-08-28 10:26:40.080 +05:30 [INF] Request finished HTTP/1.1 GET http://localhost:5082/swagger/index.html - 304 null null 483.0282ms
2026-08-28 10:26:40.121 +05:30 [INF] Request starting HTTP/1.1 GET http://localhost:5082/swagger/index.css - null null
2026-08-28 10:26:40.121 +05:30 [INF] Request starting HTTP/1.1 GET http://localhost:5082/swagger/swagger-ui-bundle.js - null null
2026-08-28 10:26:40.124 +05:30 [INF] Request starting HTTP/1.1 GET http://localhost:5082/swagger/swagger-ui-standalone-preset.js - null null
2026-08-28 10:26:40.126 +05:30 [INF] Request starting HTTP/1.1 GET http://localhost:5082/swagger/index.js - null null
2026-08-28 10:26:40.132 +05:30 [INF] Request starting HTTP/1.1 GET http://localhost:5082/swagger/swagger-ui.css - null null
2026-08-28 10:26:40.394 +05:30 [INF] HTTP GET /swagger/index.css responded 304 in 77.2511 ms
2026-08-28 10:26:40.468 +05:30 [INF] HTTP GET /swagger/swagger-ui-standalone-preset.js responded 304 in 65.0595 ms
2026-08-28 10:26:40.469 +05:30 [INF] HTTP GET /swagger/swagger-ui-bundle.js responded 304 in 89.7370 ms
2026-08-28 10:26:40.476 +05:30 [INF] HTTP GET /swagger/index.js responded 304 in 1.5638 ms
2026-08-28 10:26:40.509 +05:30 [INF] HTTP GET /swagger/swagger-ui.css responded 304 in 2.5653 ms
2026-08-28 10:26:40.520 +05:30 [INF] Request finished HTTP/1.1 GET http://localhost:5082/swagger/index.css - 304 null null 399.2663ms
2026-08-28 10:26:40.529 +05:30 [INF] Request finished HTTP/1.1 GET http://localhost:5082/swagger/swagger-ui-standalone-preset.js - 304 null null 403.5138ms
2026-08-28 10:26:40.559 +05:30 [INF] Request finished HTTP/1.1 GET http://localhost:5082/swagger/swagger-ui-bundle.js - 304 null null 437.2019ms
2026-08-28 10:26:40.601 +05:30 [INF] Request finished HTTP/1.1 GET http://localhost:5082/swagger/index.js - 304 null null 474.3482ms
2026-08-28 10:26:40.610 +05:30 [INF] Request finished HTTP/1.1 GET http://localhost:5082/swagger/swagger-ui.css - 304 null null 478.3049ms
2026-08-28 10:26:41.024 +05:30 [INF] Request starting HTTP/1.1 GET http://localhost:5082/swagger/v1/swagger.json - null null
2026-08-28 10:26:41.579 +05:30 [INF] HTTP GET /swagger/v1/swagger.json responded 200 in 409.2112 ms
2026-08-28 10:26:41.606 +05:30 [INF] Request finished HTTP/1.1 GET http://localhost:5082/swagger/v1/swagger.json - 200 null application/json;charset=utf-8 581.4274ms
2026-08-28 10:27:29.846 +05:30 [INF] Request starting HTTP/1.1 POST http://localhost:5082/api/Auth/login - application/json 62
2026-08-28 10:27:29.874 +05:30 [WRN] Failed to determine the https port for redirect.
2026-08-28 10:27:29.888 +05:30 [INF] CORS policy execution successful.
2026-08-28 10:27:29.971 +05:30 [INF] Executing endpoint 'LoanDeductionPrediction.API.Controllers.AuthController.Login (LoanDeductionPrediction.API)'
2026-08-28 10:27:30.023 +05:30 [INF] Route matched with {action = "Login", controller = "Auth"}. Executing controller action with signature System.Threading.Tasks.Task`1[Microsoft.AspNetCore.Mvc.IActionResult] Login(LoanDeductionPrediction.Models.DTOs.LoginRequest) on controller LoanDeductionPrediction.API.Controllers.AuthController (LoanDeductionPrediction.API).
2026-08-28 10:27:30.296 +05:30 [WRN] You do not have a valid license key for the Lucky Penny software AutoMapper. This is allowed for development and testing scenarios. If you are running in production you are required to have a licensed version. Please visit https://luckypennysoftware.com to obtain a valid license.
2026-08-28 10:27:30.565 +05:30 [INF] Executed DbCommand (17ms) [Parameters=[@email='?' (Size = 150)], CommandType='"Text"', CommandTimeout='30']
SELECT TOP(1) [u].[UserId], [u].[CreatedAt], [u].[Email], [u].[FullName], [u].[IsActive], [u].[PasswordHash], [u].[Role]
FROM [Users] AS [u]
WHERE [u].[Email] = @email
2026-08-28 10:27:31.443 +05:30 [INF] Executed DbCommand (7ms) [Parameters=[@p0='?' (DbType = DateTime2), @p1='?' (DbType = DateTime2), @p2='?' (DbType = Boolean), @p3='?' (DbType = DateTime2), @p4='?' (Size = 500), @p5='?' (DbType = Int32)], CommandType='"Text"', CommandTimeout='30']
SET IMPLICIT_TRANSACTIONS OFF;
SET NOCOUNT ON;
INSERT INTO [RefreshTokens] ([CreatedAt], [ExpiresAt], [IsRevoked], [RevokedAt], [Token], [UserId])
OUTPUT INSERTED.[RefreshTokenId]
VALUES (@p0, @p1, @p2, @p3, @p4, @p5);
2026-08-28 10:27:31.523 +05:30 [INF] Executing OkObjectResult, writing value of type 'LoanDeductionPrediction.Models.DTOs.LoginResponse'.
2026-08-28 10:27:31.579 +05:30 [INF] Executed action LoanDeductionPrediction.API.Controllers.AuthController.Login (LoanDeductionPrediction.API) in 1527.5137ms
2026-08-28 10:27:31.662 +05:30 [INF] Executed endpoint 'LoanDeductionPrediction.API.Controllers.AuthController.Login (LoanDeductionPrediction.API)'
2026-08-28 10:27:31.686 +05:30 [INF] HTTP POST /api/Auth/login responded 200 in 1813.1249 ms
2026-08-28 10:27:31.710 +05:30 [INF] Request finished HTTP/1.1 POST http://localhost:5082/api/Auth/login - 200 null application/json; charset=utf-8 1863.7452ms
2026-08-28 10:28:16.654 +05:30 [INF] Request starting HTTP/1.1 POST http://localhost:5082/api/PaymentBehavior/process-overdue - null 0
2026-08-28 10:28:16.687 +05:30 [INF] CORS policy execution successful.
2026-08-28 10:28:16.838 +05:30 [INF] Executing endpoint 'LoanDeductionPrediction.API.Controllers.PaymentBehaviorController.ProcessOverduePayments (LoanDeductionPrediction.API)'
2026-08-28 10:28:16.859 +05:30 [INF] Route matched with {action = "ProcessOverduePayments", controller = "PaymentBehavior"}. Executing controller action with signature System.Threading.Tasks.Task`1[Microsoft.AspNetCore.Mvc.IActionResult] ProcessOverduePayments() on controller LoanDeductionPrediction.API.Controllers.PaymentBehaviorController (LoanDeductionPrediction.API).
2026-08-28 10:28:16.898 +05:30 [INF] Executed DbCommand (8ms) [Parameters=[@today='?' (DbType = Date)], CommandType='"Text"', CommandTimeout='30']
SELECT [r].[ScheduleId], [r].[DueDate], [r].[EMIAmount], [r].[InstallmentNumber], [r].[InterestAmount], [r].[LoanId], [r].[PaidAmount], [r].[PaidDate], [r].[PrincipalAmount], [r].[Status]
FROM [RepaymentSchedules] AS [r]
WHERE [r].[DueDate] < @today AND [r].[PaidAmount] < [r].[EMIAmount] AND [r].[Status] <> N'PAID'
ORDER BY [r].[DueDate]
2026-08-28 10:28:16.911 +05:30 [INF] Executed DbCommand (5ms) [Parameters=[@scheduleId='?' (DbType = Int32)], CommandType='"Text"', CommandTimeout='30']
SELECT TOP(1) [p].[BehaviorLogId], [p].[BorrowerId], [p].[DaysLate], [p].[DueDate], [p].[LoanId], [p].[PaymentDate], [p].[PaymentStatus], [p].[RecordedAt], [p].[ScheduleId]
FROM [PaymentBehaviorLogs] AS [p]
WHERE [p].[ScheduleId] = @scheduleId
2026-08-28 10:28:16.923 +05:30 [INF] Executed DbCommand (1ms) [Parameters=[@scheduleId='?' (DbType = Int32)], CommandType='"Text"', CommandTimeout='30']
SELECT TOP(1) [p].[BehaviorLogId], [p].[BorrowerId], [p].[DaysLate], [p].[DueDate], [p].[LoanId], [p].[PaymentDate], [p].[PaymentStatus], [p].[RecordedAt], [p].[ScheduleId]
FROM [PaymentBehaviorLogs] AS [p]
WHERE [p].[ScheduleId] = @scheduleId
2026-08-28 10:28:16.931 +05:30 [INF] Executed DbCommand (1ms) [Parameters=[@scheduleId='?' (DbType = Int32)], CommandType='"Text"', CommandTimeout='30']
SELECT TOP(1) [p].[BehaviorLogId], [p].[BorrowerId], [p].[DaysLate], [p].[DueDate], [p].[LoanId], [p].[PaymentDate], [p].[PaymentStatus], [p].[RecordedAt], [p].[ScheduleId]
FROM [PaymentBehaviorLogs] AS [p]
WHERE [p].[ScheduleId] = @scheduleId
2026-08-28 10:28:16.941 +05:30 [INF] Executed DbCommand (1ms) [Parameters=[@scheduleId='?' (DbType = Int32)], CommandType='"Text"', CommandTimeout='30']
SELECT TOP(1) [p].[BehaviorLogId], [p].[BorrowerId], [p].[DaysLate], [p].[DueDate], [p].[LoanId], [p].[PaymentDate], [p].[PaymentStatus], [p].[RecordedAt], [p].[ScheduleId]
FROM [PaymentBehaviorLogs] AS [p]
WHERE [p].[ScheduleId] = @scheduleId
2026-08-28 10:28:16.949 +05:30 [INF] Executed DbCommand (1ms) [Parameters=[@scheduleId='?' (DbType = Int32)], CommandType='"Text"', CommandTimeout='30']
SELECT TOP(1) [p].[BehaviorLogId], [p].[BorrowerId], [p].[DaysLate], [p].[DueDate], [p].[LoanId], [p].[PaymentDate], [p].[PaymentStatus], [p].[RecordedAt], [p].[ScheduleId]
FROM [PaymentBehaviorLogs] AS [p]
WHERE [p].[ScheduleId] = @scheduleId
2026-08-28 10:28:16.960 +05:30 [INF] Executed DbCommand (1ms) [Parameters=[@scheduleId='?' (DbType = Int32)], CommandType='"Text"', CommandTimeout='30']
SELECT TOP(1) [p].[BehaviorLogId], [p].[BorrowerId], [p].[DaysLate], [p].[DueDate], [p].[LoanId], [p].[PaymentDate], [p].[PaymentStatus], [p].[RecordedAt], [p].[ScheduleId]
FROM [PaymentBehaviorLogs] AS [p]
WHERE [p].[ScheduleId] = @scheduleId
2026-08-28 10:28:16.965 +05:30 [INF] Executed DbCommand (1ms) [Parameters=[@scheduleId='?' (DbType = Int32)], CommandType='"Text"', CommandTimeout='30']
SELECT TOP(1) [p].[BehaviorLogId], [p].[BorrowerId], [p].[DaysLate], [p].[DueDate], [p].[LoanId], [p].[PaymentDate], [p].[PaymentStatus], [p].[RecordedAt], [p].[ScheduleId]
FROM [PaymentBehaviorLogs] AS [p]
WHERE [p].[ScheduleId] = @scheduleId
2026-08-28 10:28:16.976 +05:30 [INF] Executed DbCommand (1ms) [Parameters=[@scheduleId='?' (DbType = Int32)], CommandType='"Text"', CommandTimeout='30']
SELECT TOP(1) [p].[BehaviorLogId], [p].[BorrowerId], [p].[DaysLate], [p].[DueDate], [p].[LoanId], [p].[PaymentDate], [p].[PaymentStatus], [p].[RecordedAt], [p].[ScheduleId]
FROM [PaymentBehaviorLogs] AS [p]
WHERE [p].[ScheduleId] = @scheduleId
2026-08-28 10:28:16.981 +05:30 [INF] Executed DbCommand (1ms) [Parameters=[@scheduleId='?' (DbType = Int32)], CommandType='"Text"', CommandTimeout='30']
SELECT TOP(1) [p].[BehaviorLogId], [p].[BorrowerId], [p].[DaysLate], [p].[DueDate], [p].[LoanId], [p].[PaymentDate], [p].[PaymentStatus], [p].[RecordedAt], [p].[ScheduleId]
FROM [PaymentBehaviorLogs] AS [p]
WHERE [p].[ScheduleId] = @scheduleId
2026-08-28 10:28:17.154 +05:30 [INF] Executed DbCommand (4ms) [Parameters=[@scheduleId='?' (DbType = Int32)], CommandType='"Text"', CommandTimeout='30']
SELECT TOP(1) [p].[BehaviorLogId], [p].[BorrowerId], [p].[DaysLate], [p].[DueDate], [p].[LoanId], [p].[PaymentDate], [p].[PaymentStatus], [p].[RecordedAt], [p].[ScheduleId]
FROM [PaymentBehaviorLogs] AS [p]
WHERE [p].[ScheduleId] = @scheduleId
2026-08-28 10:28:17.172 +05:30 [INF] Executed DbCommand (1ms) [Parameters=[@scheduleId='?' (DbType = Int32)], CommandType='"Text"', CommandTimeout='30']
SELECT TOP(1) [p].[BehaviorLogId], [p].[BorrowerId], [p].[DaysLate], [p].[DueDate], [p].[LoanId], [p].[PaymentDate], [p].[PaymentStatus], [p].[RecordedAt], [p].[ScheduleId]
FROM [PaymentBehaviorLogs] AS [p]
WHERE [p].[ScheduleId] = @scheduleId
2026-08-28 10:28:17.182 +05:30 [INF] Executed DbCommand (1ms) [Parameters=[@scheduleId='?' (DbType = Int32)], CommandType='"Text"', CommandTimeout='30']
SELECT TOP(1) [p].[BehaviorLogId], [p].[BorrowerId], [p].[DaysLate], [p].[DueDate], [p].[LoanId], [p].[PaymentDate], [p].[PaymentStatus], [p].[RecordedAt], [p].[ScheduleId]
FROM [PaymentBehaviorLogs] AS [p]
WHERE [p].[ScheduleId] = @scheduleId
2026-08-28 10:28:17.196 +05:30 [INF] Executing OkObjectResult, writing value of type '<>f__AnonymousType7`2[[System.String, System.Private.CoreLib, Version=10.0.0.0, Culture=neutral, PublicKeyToken=7cec85d7bea7798e],[System.Int32, System.Private.CoreLib, Version=10.0.0.0, Culture=neutral, PublicKeyToken=7cec85d7bea7798e]]'.
2026-08-28 10:28:17.214 +05:30 [INF] Executed action LoanDeductionPrediction.API.Controllers.PaymentBehaviorController.ProcessOverduePayments (LoanDeductionPrediction.API) in 335.5391ms
2026-08-28 10:28:17.217 +05:30 [INF] Executed endpoint 'LoanDeductionPrediction.API.Controllers.PaymentBehaviorController.ProcessOverduePayments (LoanDeductionPrediction.API)'
2026-08-28 10:28:17.219 +05:30 [INF] HTTP POST /api/PaymentBehavior/process-overdue responded 200 in 532.1973 ms
2026-08-28 10:28:17.224 +05:30 [INF] Request finished HTTP/1.1 POST http://localhost:5082/api/PaymentBehavior/process-overdue - 200 null application/json; charset=utf-8 570.3043ms
2026-08-28 10:30:43.371 +05:30 [INF] Request starting HTTP/1.1 POST http://localhost:5082/api/Auth/login - application/json 63
2026-08-28 10:30:43.391 +05:30 [INF] CORS policy execution successful.
2026-08-28 10:30:43.405 +05:30 [INF] Executing endpoint 'LoanDeductionPrediction.API.Controllers.AuthController.Login (LoanDeductionPrediction.API)'
2026-08-28 10:30:43.416 +05:30 [INF] Route matched with {action = "Login", controller = "Auth"}. Executing controller action with signature System.Threading.Tasks.Task`1[Microsoft.AspNetCore.Mvc.IActionResult] Login(LoanDeductionPrediction.Models.DTOs.LoginRequest) on controller LoanDeductionPrediction.API.Controllers.AuthController (LoanDeductionPrediction.API).
2026-08-28 10:30:43.456 +05:30 [INF] Executed DbCommand (22ms) [Parameters=[@email='?' (Size = 150)], CommandType='"Text"', CommandTimeout='30']
SELECT TOP(1) [u].[UserId], [u].[CreatedAt], [u].[Email], [u].[FullName], [u].[IsActive], [u].[PasswordHash], [u].[Role]
FROM [Users] AS [u]
WHERE [u].[Email] = @email
2026-08-28 10:30:43.821 +05:30 [INF] Executed DbCommand (7ms) [Parameters=[@p0='?' (DbType = DateTime2), @p1='?' (DbType = DateTime2), @p2='?' (DbType = Boolean), @p3='?' (DbType = DateTime2), @p4='?' (Size = 500), @p5='?' (DbType = Int32)], CommandType='"Text"', CommandTimeout='30']
SET IMPLICIT_TRANSACTIONS OFF;
SET NOCOUNT ON;
INSERT INTO [RefreshTokens] ([CreatedAt], [ExpiresAt], [IsRevoked], [RevokedAt], [Token], [UserId])
OUTPUT INSERTED.[RefreshTokenId]
VALUES (@p0, @p1, @p2, @p3, @p4, @p5);
2026-08-28 10:30:43.828 +05:30 [INF] Executing OkObjectResult, writing value of type 'LoanDeductionPrediction.Models.DTOs.LoginResponse'.
2026-08-28 10:30:43.832 +05:30 [INF] Executed action LoanDeductionPrediction.API.Controllers.AuthController.Login (LoanDeductionPrediction.API) in 404.3368ms
2026-08-28 10:30:43.835 +05:30 [INF] Executed endpoint 'LoanDeductionPrediction.API.Controllers.AuthController.Login (LoanDeductionPrediction.API)'
2026-08-28 10:30:43.839 +05:30 [INF] HTTP POST /api/Auth/login responded 200 in 450.1345 ms
2026-08-28 10:30:43.847 +05:30 [INF] Request finished HTTP/1.1 POST http://localhost:5082/api/Auth/login - 200 null application/json; charset=utf-8 475.3644ms
2026-08-28 10:31:16.342 +05:30 [INF] Request starting HTTP/1.1 POST http://localhost:5082/api/PaymentBehavior/process-overdue - null 0
2026-08-28 10:31:16.364 +05:30 [INF] CORS policy execution successful.
2026-08-28 10:31:16.369 +05:30 [INF] Executing endpoint 'LoanDeductionPrediction.API.Controllers.PaymentBehaviorController.ProcessOverduePayments (LoanDeductionPrediction.API)'
2026-08-28 10:31:16.376 +05:30 [INF] Route matched with {action = "ProcessOverduePayments", controller = "PaymentBehavior"}. Executing controller action with signature System.Threading.Tasks.Task`1[Microsoft.AspNetCore.Mvc.IActionResult] ProcessOverduePayments() on controller LoanDeductionPrediction.API.Controllers.PaymentBehaviorController (LoanDeductionPrediction.API).
2026-08-28 10:31:16.404 +05:30 [INF] Executed DbCommand (6ms) [Parameters=[@today='?' (DbType = Date)], CommandType='"Text"', CommandTimeout='30']
SELECT [r].[ScheduleId], [r].[DueDate], [r].[EMIAmount], [r].[InstallmentNumber], [r].[InterestAmount], [r].[LoanId], [r].[PaidAmount], [r].[PaidDate], [r].[PrincipalAmount], [r].[Status]
FROM [RepaymentSchedules] AS [r]
WHERE [r].[DueDate] < @today AND [r].[PaidAmount] < [r].[EMIAmount] AND [r].[Status] <> N'PAID'
ORDER BY [r].[DueDate]
2026-08-28 10:31:16.419 +05:30 [INF] Executed DbCommand (4ms) [Parameters=[@scheduleId='?' (DbType = Int32)], CommandType='"Text"', CommandTimeout='30']
SELECT TOP(1) [p].[BehaviorLogId], [p].[BorrowerId], [p].[DaysLate], [p].[DueDate], [p].[LoanId], [p].[PaymentDate], [p].[PaymentStatus], [p].[RecordedAt], [p].[ScheduleId]
FROM [PaymentBehaviorLogs] AS [p]
WHERE [p].[ScheduleId] = @scheduleId
2026-08-28 10:31:16.431 +05:30 [INF] Executed DbCommand (1ms) [Parameters=[@scheduleId='?' (DbType = Int32)], CommandType='"Text"', CommandTimeout='30']
SELECT TOP(1) [p].[BehaviorLogId], [p].[BorrowerId], [p].[DaysLate], [p].[DueDate], [p].[LoanId], [p].[PaymentDate], [p].[PaymentStatus], [p].[RecordedAt], [p].[ScheduleId]
FROM [PaymentBehaviorLogs] AS [p]
WHERE [p].[ScheduleId] = @scheduleId
2026-08-28 10:31:16.440 +05:30 [INF] Executed DbCommand (1ms) [Parameters=[@scheduleId='?' (DbType = Int32)], CommandType='"Text"', CommandTimeout='30']
SELECT TOP(1) [p].[BehaviorLogId], [p].[BorrowerId], [p].[DaysLate], [p].[DueDate], [p].[LoanId], [p].[PaymentDate], [p].[PaymentStatus], [p].[RecordedAt], [p].[ScheduleId]
FROM [PaymentBehaviorLogs] AS [p]
WHERE [p].[ScheduleId] = @scheduleId
2026-08-28 10:31:16.455 +05:30 [INF] Executed DbCommand (1ms) [Parameters=[@scheduleId='?' (DbType = Int32)], CommandType='"Text"', CommandTimeout='30']
SELECT TOP(1) [p].[BehaviorLogId], [p].[BorrowerId], [p].[DaysLate], [p].[DueDate], [p].[LoanId], [p].[PaymentDate], [p].[PaymentStatus], [p].[RecordedAt], [p].[ScheduleId]
FROM [PaymentBehaviorLogs] AS [p]
WHERE [p].[ScheduleId] = @scheduleId
2026-08-28 10:31:16.473 +05:30 [INF] Executed DbCommand (1ms) [Parameters=[@scheduleId='?' (DbType = Int32)], CommandType='"Text"', CommandTimeout='30']
SELECT TOP(1) [p].[BehaviorLogId], [p].[BorrowerId], [p].[DaysLate], [p].[DueDate], [p].[LoanId], [p].[PaymentDate], [p].[PaymentStatus], [p].[RecordedAt], [p].[ScheduleId]
FROM [PaymentBehaviorLogs] AS [p]
WHERE [p].[ScheduleId] = @scheduleId
2026-08-28 10:31:16.481 +05:30 [INF] Executed DbCommand (1ms) [Parameters=[@scheduleId='?' (DbType = Int32)], CommandType='"Text"', CommandTimeout='30']
SELECT TOP(1) [p].[BehaviorLogId], [p].[BorrowerId], [p].[DaysLate], [p].[DueDate], [p].[LoanId], [p].[PaymentDate], [p].[PaymentStatus], [p].[RecordedAt], [p].[ScheduleId]
FROM [PaymentBehaviorLogs] AS [p]
WHERE [p].[ScheduleId] = @scheduleId
2026-08-28 10:31:16.488 +05:30 [INF] Executed DbCommand (1ms) [Parameters=[@scheduleId='?' (DbType = Int32)], CommandType='"Text"', CommandTimeout='30']
SELECT TOP(1) [p].[BehaviorLogId], [p].[BorrowerId], [p].[DaysLate], [p].[DueDate], [p].[LoanId], [p].[PaymentDate], [p].[PaymentStatus], [p].[RecordedAt], [p].[ScheduleId]
FROM [PaymentBehaviorLogs] AS [p]
WHERE [p].[ScheduleId] = @scheduleId
2026-08-28 10:31:16.497 +05:30 [INF] Executed DbCommand (1ms) [Parameters=[@scheduleId='?' (DbType = Int32)], CommandType='"Text"', CommandTimeout='30']
SELECT TOP(1) [p].[BehaviorLogId], [p].[BorrowerId], [p].[DaysLate], [p].[DueDate], [p].[LoanId], [p].[PaymentDate], [p].[PaymentStatus], [p].[RecordedAt], [p].[ScheduleId]
FROM [PaymentBehaviorLogs] AS [p]
WHERE [p].[ScheduleId] = @scheduleId
2026-08-28 10:31:16.520 +05:30 [INF] Executed DbCommand (1ms) [Parameters=[@scheduleId='?' (DbType = Int32)], CommandType='"Text"', CommandTimeout='30']
SELECT TOP(1) [p].[BehaviorLogId], [p].[BorrowerId], [p].[DaysLate], [p].[DueDate], [p].[LoanId], [p].[PaymentDate], [p].[PaymentStatus], [p].[RecordedAt], [p].[ScheduleId]
FROM [PaymentBehaviorLogs] AS [p]
WHERE [p].[ScheduleId] = @scheduleId
2026-08-28 10:31:16.536 +05:30 [INF] Executed DbCommand (1ms) [Parameters=[@scheduleId='?' (DbType = Int32)], CommandType='"Text"', CommandTimeout='30']
SELECT TOP(1) [p].[BehaviorLogId], [p].[BorrowerId], [p].[DaysLate], [p].[DueDate], [p].[LoanId], [p].[PaymentDate], [p].[PaymentStatus], [p].[RecordedAt], [p].[ScheduleId]
FROM [PaymentBehaviorLogs] AS [p]
WHERE [p].[ScheduleId] = @scheduleId
2026-08-28 10:31:16.544 +05:30 [INF] Executed DbCommand (1ms) [Parameters=[@scheduleId='?' (DbType = Int32)], CommandType='"Text"', CommandTimeout='30']
SELECT TOP(1) [p].[BehaviorLogId], [p].[BorrowerId], [p].[DaysLate], [p].[DueDate], [p].[LoanId], [p].[PaymentDate], [p].[PaymentStatus], [p].[RecordedAt], [p].[ScheduleId]
FROM [PaymentBehaviorLogs] AS [p]
WHERE [p].[ScheduleId] = @scheduleId
2026-08-28 10:31:16.554 +05:30 [INF] Executed DbCommand (1ms) [Parameters=[@scheduleId='?' (DbType = Int32)], CommandType='"Text"', CommandTimeout='30']
SELECT TOP(1) [p].[BehaviorLogId], [p].[BorrowerId], [p].[DaysLate], [p].[DueDate], [p].[LoanId], [p].[PaymentDate], [p].[PaymentStatus], [p].[RecordedAt], [p].[ScheduleId]
FROM [PaymentBehaviorLogs] AS [p]
WHERE [p].[ScheduleId] = @scheduleId
2026-08-28 10:31:16.561 +05:30 [INF] Executing OkObjectResult, writing value of type '<>f__AnonymousType7`2[[System.String, System.Private.CoreLib, Version=10.0.0.0, Culture=neutral, PublicKeyToken=7cec85d7bea7798e],[System.Int32, System.Private.CoreLib, Version=10.0.0.0, Culture=neutral, PublicKeyToken=7cec85d7bea7798e]]'.
2026-08-28 10:31:16.566 +05:30 [INF] Executed action LoanDeductionPrediction.API.Controllers.PaymentBehaviorController.ProcessOverduePayments (LoanDeductionPrediction.API) in 181.5788ms
2026-08-28 10:31:16.569 +05:30 [INF] Executed endpoint 'LoanDeductionPrediction.API.Controllers.PaymentBehaviorController.ProcessOverduePayments (LoanDeductionPrediction.API)'
2026-08-28 10:31:16.572 +05:30 [INF] HTTP POST /api/PaymentBehavior/process-overdue responded 200 in 208.5467 ms
2026-08-28 10:31:16.579 +05:30 [INF] Request finished HTTP/1.1 POST http://localhost:5082/api/PaymentBehavior/process-overdue - 200 null application/json; charset=utf-8 237.8977ms
2026-08-28 10:31:30.562 +05:30 [INF] Request starting HTTP/1.1 GET http://localhost:5082/api/RepaymentSchedule/loan/2 - null null
2026-08-28 10:31:30.610 +05:30 [INF] Executing endpoint 'LoanDeductionPrediction.API.Controllers.RepaymentScheduleController.GetLoanSchedule (LoanDeductionPrediction.API)'
2026-08-28 10:31:30.631 +05:30 [INF] Route matched with {action = "GetLoanSchedule", controller = "RepaymentSchedule"}. Executing controller action with signature System.Threading.Tasks.Task`1[Microsoft.AspNetCore.Mvc.IActionResult] GetLoanSchedule(Int32) on controller LoanDeductionPrediction.API.Controllers.RepaymentScheduleController (LoanDeductionPrediction.API).
2026-08-28 10:31:30.684 +05:30 [INF] Executed DbCommand (4ms) [Parameters=[@loanId='?' (DbType = Int32)], CommandType='"Text"', CommandTimeout='30']
SELECT TOP(1) [l].[LoanId], [l].[BorrowerId], [l].[CreatedAt], [l].[EMIAmount], [l].[EndDate], [l].[InterestRate], [l].[LoanOfficerId], [l].[OutstandingAmount], [l].[PrincipalAmount], [l].[StartDate], [l].[Status], [l].[TenureMonths]
FROM [LoanAccounts] AS [l]
WHERE [l].[LoanId] = @loanId
2026-08-28 10:31:30.746 +05:30 [INF] Executed DbCommand (4ms) [Parameters=[@loanId='?' (DbType = Int32)], CommandType='"Text"', CommandTimeout='30']
SELECT [r].[ScheduleId], [r].[DueDate], [r].[EMIAmount], [r].[InstallmentNumber], [r].[InterestAmount], [r].[LoanId], [r].[PaidAmount], [r].[PaidDate], [r].[PrincipalAmount], [r].[Status]
FROM [RepaymentSchedules] AS [r]
WHERE [r].[LoanId] = @loanId
ORDER BY [r].[InstallmentNumber]
2026-08-28 10:31:30.778 +05:30 [INF] Executing OkObjectResult, writing value of type 'System.Collections.Generic.List`1[[LoanDeductionPrediction.Models.DTOs.RepaymentScheduleDto, LoanDeductionPrediction.Models, Version=1.0.0.0, Culture=neutral, PublicKeyToken=null]]'.
2026-08-28 10:31:30.811 +05:30 [INF] Executed action LoanDeductionPrediction.API.Controllers.RepaymentScheduleController.GetLoanSchedule (LoanDeductionPrediction.API) in 177.0169ms
2026-08-28 10:31:30.814 +05:30 [INF] Executed endpoint 'LoanDeductionPrediction.API.Controllers.RepaymentScheduleController.GetLoanSchedule (LoanDeductionPrediction.API)'
2026-08-28 10:31:30.816 +05:30 [INF] HTTP GET /api/RepaymentSchedule/loan/2 responded 200 in 213.5259 ms
2026-08-28 10:31:30.821 +05:30 [INF] Request finished HTTP/1.1 GET http://localhost:5082/api/RepaymentSchedule/loan/2 - 200 null application/json; charset=utf-8 259.063ms
2026-08-28 10:32:13.611 +05:30 [INF] Application is shutting down...
2026-08-28 10:32:21.293 +05:30 [WRN] No store type was specified for the decimal property 'InterestRate' on entity type 'LoanRequest'. This will cause values to be silently truncated if they do not fit in the default precision and scale. Explicitly specify the SQL server column type that can accommodate all the values in 'OnModelCreating' using 'HasColumnType', specify precision and scale using 'HasPrecision', or configure a value converter using 'HasConversion'.
2026-08-28 10:32:21.342 +05:30 [WRN] No store type was specified for the decimal property 'RequestedAmount' on entity type 'LoanRequest'. This will cause values to be silently truncated if they do not fit in the default precision and scale. Explicitly specify the SQL server column type that can accommodate all the values in 'OnModelCreating' using 'HasColumnType', specify precision and scale using 'HasPrecision', or configure a value converter using 'HasConversion'.
2026-08-28 10:32:21.679 +05:30 [INF] Executed DbCommand (21ms) [Parameters=[], CommandType='"Text"', CommandTimeout='30']
SELECT 1
2026-08-28 10:32:21.692 +05:30 [INF] Acquiring an exclusive lock for migration application. See https://aka.ms/efcore-docs-migrations-lock for more information if this takes too long.
2026-08-28 10:32:21.893 +05:30 [INF] Executed DbCommand (196ms) [Parameters=[], CommandType='"Text"', CommandTimeout='30']
DECLARE @result int;
EXEC @result = sp_getapplock @Resource = '__EFMigrationsLock', @LockOwner = 'Session', @LockMode = 'Exclusive';
SELECT @result
2026-08-28 10:32:21.980 +05:30 [INF] Executed DbCommand (9ms) [Parameters=[], CommandType='"Text"', CommandTimeout='30']
IF OBJECT_ID(N'[__EFMigrationsHistory]') IS NULL
BEGIN
    CREATE TABLE [__EFMigrationsHistory] (
        [MigrationId] nvarchar(150) NOT NULL,
        [ProductVersion] nvarchar(32) NOT NULL,
        CONSTRAINT [PK___EFMigrationsHistory] PRIMARY KEY ([MigrationId])
    );
END;
2026-08-28 10:32:21.994 +05:30 [INF] Executed DbCommand (1ms) [Parameters=[], CommandType='"Text"', CommandTimeout='30']
SELECT 1
2026-08-28 10:32:22.002 +05:30 [INF] Executed DbCommand (1ms) [Parameters=[], CommandType='"Text"', CommandTimeout='30']
SELECT OBJECT_ID(N'[__EFMigrationsHistory]');
2026-08-28 10:32:22.012 +05:30 [INF] Executed DbCommand (5ms) [Parameters=[], CommandType='"Text"', CommandTimeout='30']
SELECT [MigrationId], [ProductVersion]
FROM [__EFMigrationsHistory]
ORDER BY [MigrationId];
2026-08-28 10:32:22.025 +05:30 [INF] No migrations were applied. The database is already up to date.
2026-08-28 10:32:22.044 +05:30 [INF] Executed DbCommand (16ms) [Parameters=[], CommandType='"Text"', CommandTimeout='30']
DECLARE @result int;
EXEC @result = sp_releaseapplock @Resource = '__EFMigrationsLock', @LockOwner = 'Session';
SELECT @result
2026-08-28 10:32:22.243 +05:30 [INF] Executed DbCommand (12ms) [Parameters=[], CommandType='"Text"', CommandTimeout='30']
SELECT CASE
    WHEN EXISTS (
        SELECT 1
        FROM [Users] AS [u]
        WHERE [u].[Role] = N'Admin') THEN CAST(1 AS bit)
    ELSE CAST(0 AS bit)
END
2026-08-28 10:32:22.322 +05:30 [INF] User profile is available. Using 'C:\Users\thang\AppData\Local\ASP.NET\DataProtection-Keys' as key repository and Windows DPAPI to encrypt keys at rest.
2026-08-28 10:32:22.329 +05:30 [INF] Payment Behavior Background Service started.
2026-08-28 10:32:22.398 +05:30 [INF] Now listening on: http://localhost:5082
2026-08-28 10:32:22.400 +05:30 [INF] Application started. Press Ctrl+C to shut down.
2026-08-28 10:32:22.404 +05:30 [INF] Hosting environment: Development
2026-08-28 10:32:22.405 +05:30 [INF] Content root path: C:\Users\thang\OneDrive\Documents\React Projects\LoanDeductionPrediction\LoanDeductionPrediction.API
2026-08-28 10:32:22.512 +05:30 [INF] Executed DbCommand (38ms) [Parameters=[@today='?' (DbType = Date)], CommandType='"Text"', CommandTimeout='30']
SELECT [r].[ScheduleId], [r].[DueDate], [r].[EMIAmount], [r].[InstallmentNumber], [r].[InterestAmount], [r].[LoanId], [r].[PaidAmount], [r].[PaidDate], [r].[PrincipalAmount], [r].[Status]
FROM [RepaymentSchedules] AS [r]
WHERE [r].[DueDate] < @today AND [r].[PaidAmount] < [r].[EMIAmount] AND [r].[Status] <> N'PAID'
ORDER BY [r].[DueDate]
2026-08-28 10:32:22.618 +05:30 [INF] Executed DbCommand (13ms) [Parameters=[@scheduleId='?' (DbType = Int32)], CommandType='"Text"', CommandTimeout='30']
SELECT TOP(1) [p].[BehaviorLogId], [p].[BorrowerId], [p].[DaysLate], [p].[DueDate], [p].[LoanId], [p].[PaymentDate], [p].[PaymentStatus], [p].[RecordedAt], [p].[ScheduleId]
FROM [PaymentBehaviorLogs] AS [p]
WHERE [p].[ScheduleId] = @scheduleId
2026-08-28 10:32:22.672 +05:30 [INF] Executed DbCommand (1ms) [Parameters=[@scheduleId='?' (DbType = Int32)], CommandType='"Text"', CommandTimeout='30']
SELECT TOP(1) [p].[BehaviorLogId], [p].[BorrowerId], [p].[DaysLate], [p].[DueDate], [p].[LoanId], [p].[PaymentDate], [p].[PaymentStatus], [p].[RecordedAt], [p].[ScheduleId]
FROM [PaymentBehaviorLogs] AS [p]
WHERE [p].[ScheduleId] = @scheduleId
2026-08-28 10:32:22.677 +05:30 [INF] Executed DbCommand (1ms) [Parameters=[@scheduleId='?' (DbType = Int32)], CommandType='"Text"', CommandTimeout='30']
SELECT TOP(1) [p].[BehaviorLogId], [p].[BorrowerId], [p].[DaysLate], [p].[DueDate], [p].[LoanId], [p].[PaymentDate], [p].[PaymentStatus], [p].[RecordedAt], [p].[ScheduleId]
FROM [PaymentBehaviorLogs] AS [p]
WHERE [p].[ScheduleId] = @scheduleId
2026-08-28 10:32:22.682 +05:30 [INF] Executed DbCommand (1ms) [Parameters=[@scheduleId='?' (DbType = Int32)], CommandType='"Text"', CommandTimeout='30']
SELECT TOP(1) [p].[BehaviorLogId], [p].[BorrowerId], [p].[DaysLate], [p].[DueDate], [p].[LoanId], [p].[PaymentDate], [p].[PaymentStatus], [p].[RecordedAt], [p].[ScheduleId]
FROM [PaymentBehaviorLogs] AS [p]
WHERE [p].[ScheduleId] = @scheduleId
2026-08-28 10:32:22.689 +05:30 [INF] Executed DbCommand (1ms) [Parameters=[@scheduleId='?' (DbType = Int32)], CommandType='"Text"', CommandTimeout='30']
SELECT TOP(1) [p].[BehaviorLogId], [p].[BorrowerId], [p].[DaysLate], [p].[DueDate], [p].[LoanId], [p].[PaymentDate], [p].[PaymentStatus], [p].[RecordedAt], [p].[ScheduleId]
FROM [PaymentBehaviorLogs] AS [p]
WHERE [p].[ScheduleId] = @scheduleId
2026-08-28 10:32:22.696 +05:30 [INF] Executed DbCommand (2ms) [Parameters=[@scheduleId='?' (DbType = Int32)], CommandType='"Text"', CommandTimeout='30']
SELECT TOP(1) [p].[BehaviorLogId], [p].[BorrowerId], [p].[DaysLate], [p].[DueDate], [p].[LoanId], [p].[PaymentDate], [p].[PaymentStatus], [p].[RecordedAt], [p].[ScheduleId]
FROM [PaymentBehaviorLogs] AS [p]
WHERE [p].[ScheduleId] = @scheduleId
2026-08-28 10:32:22.702 +05:30 [INF] Executed DbCommand (1ms) [Parameters=[@scheduleId='?' (DbType = Int32)], CommandType='"Text"', CommandTimeout='30']
SELECT TOP(1) [p].[BehaviorLogId], [p].[BorrowerId], [p].[DaysLate], [p].[DueDate], [p].[LoanId], [p].[PaymentDate], [p].[PaymentStatus], [p].[RecordedAt], [p].[ScheduleId]
FROM [PaymentBehaviorLogs] AS [p]
WHERE [p].[ScheduleId] = @scheduleId
2026-08-28 10:32:22.706 +05:30 [INF] Executed DbCommand (1ms) [Parameters=[@scheduleId='?' (DbType = Int32)], CommandType='"Text"', CommandTimeout='30']
SELECT TOP(1) [p].[BehaviorLogId], [p].[BorrowerId], [p].[DaysLate], [p].[DueDate], [p].[LoanId], [p].[PaymentDate], [p].[PaymentStatus], [p].[RecordedAt], [p].[ScheduleId]
FROM [PaymentBehaviorLogs] AS [p]
WHERE [p].[ScheduleId] = @scheduleId
2026-08-28 10:32:22.713 +05:30 [INF] Executed DbCommand (2ms) [Parameters=[@scheduleId='?' (DbType = Int32)], CommandType='"Text"', CommandTimeout='30']
SELECT TOP(1) [p].[BehaviorLogId], [p].[BorrowerId], [p].[DaysLate], [p].[DueDate], [p].[LoanId], [p].[PaymentDate], [p].[PaymentStatus], [p].[RecordedAt], [p].[ScheduleId]
FROM [PaymentBehaviorLogs] AS [p]
WHERE [p].[ScheduleId] = @scheduleId
2026-08-28 10:32:22.722 +05:30 [INF] Executed DbCommand (1ms) [Parameters=[@scheduleId='?' (DbType = Int32)], CommandType='"Text"', CommandTimeout='30']
SELECT TOP(1) [p].[BehaviorLogId], [p].[BorrowerId], [p].[DaysLate], [p].[DueDate], [p].[LoanId], [p].[PaymentDate], [p].[PaymentStatus], [p].[RecordedAt], [p].[ScheduleId]
FROM [PaymentBehaviorLogs] AS [p]
WHERE [p].[ScheduleId] = @scheduleId
2026-08-28 10:32:22.727 +05:30 [INF] Executed DbCommand (1ms) [Parameters=[@scheduleId='?' (DbType = Int32)], CommandType='"Text"', CommandTimeout='30']
SELECT TOP(1) [p].[BehaviorLogId], [p].[BorrowerId], [p].[DaysLate], [p].[DueDate], [p].[LoanId], [p].[PaymentDate], [p].[PaymentStatus], [p].[RecordedAt], [p].[ScheduleId]
FROM [PaymentBehaviorLogs] AS [p]
WHERE [p].[ScheduleId] = @scheduleId
2026-08-28 10:32:22.733 +05:30 [INF] Executed DbCommand (2ms) [Parameters=[@scheduleId='?' (DbType = Int32)], CommandType='"Text"', CommandTimeout='30']
SELECT TOP(1) [p].[BehaviorLogId], [p].[BorrowerId], [p].[DaysLate], [p].[DueDate], [p].[LoanId], [p].[PaymentDate], [p].[PaymentStatus], [p].[RecordedAt], [p].[ScheduleId]
FROM [PaymentBehaviorLogs] AS [p]
WHERE [p].[ScheduleId] = @scheduleId
2026-08-28 10:32:22.802 +05:30 [INF] Executed DbCommand (3ms) [Parameters=[@scheduleId='?' (DbType = Int32)], CommandType='"Text"', CommandTimeout='30']
SELECT TOP(1) [p].[BehaviorLogId], [p].[BorrowerId], [p].[DaysLate], [p].[DueDate], [p].[LoanId], [p].[PaymentDate], [p].[PaymentStatus], [p].[RecordedAt], [p].[ScheduleId]
FROM [PaymentBehaviorLogs] AS [p]
WHERE [p].[ScheduleId] = @scheduleId
2026-08-28 10:32:22.854 +05:30 [INF] Executed DbCommand (16ms) [Parameters=[@scheduleId='?' (DbType = Int32)], CommandType='"Text"', CommandTimeout='30']
SELECT TOP(1) [r].[ScheduleId], [r].[DueDate], [r].[EMIAmount], [r].[InstallmentNumber], [r].[InterestAmount], [r].[LoanId], [r].[PaidAmount], [r].[PaidDate], [r].[PrincipalAmount], [r].[Status]
FROM [RepaymentSchedules] AS [r]
WHERE [r].[ScheduleId] = @scheduleId
2026-08-28 10:32:22.903 +05:30 [INF] Executed DbCommand (3ms) [Parameters=[@loanId='?' (DbType = Int32)], CommandType='"Text"', CommandTimeout='30']
SELECT TOP(1) [l].[LoanId], [l].[BorrowerId], [l].[CreatedAt], [l].[EMIAmount], [l].[EndDate], [l].[InterestRate], [l].[LoanOfficerId], [l].[OutstandingAmount], [l].[PrincipalAmount], [l].[StartDate], [l].[Status], [l].[TenureMonths]
FROM [LoanAccounts] AS [l]
WHERE [l].[LoanId] = @loanId
2026-08-28 10:32:22.912 +05:30 [INF] Executed DbCommand (1ms) [Parameters=[@scheduleId='?' (DbType = Int32)], CommandType='"Text"', CommandTimeout='30']
SELECT TOP(1) [p].[BehaviorLogId], [p].[BorrowerId], [p].[DaysLate], [p].[DueDate], [p].[LoanId], [p].[PaymentDate], [p].[PaymentStatus], [p].[RecordedAt], [p].[ScheduleId]
FROM [PaymentBehaviorLogs] AS [p]
WHERE [p].[ScheduleId] = @scheduleId
2026-08-28 10:32:23.048 +05:30 [INF] Executed DbCommand (18ms) [Parameters=[@p0='?' (DbType = Int32), @p1='?' (DbType = Int32), @p2='?' (DbType = Date), @p3='?' (DbType = Int32), @p4='?' (DbType = Date), @p5='?' (Size = 30), @p6='?' (DbType = DateTime2), @p7='?' (DbType = Int32)], CommandType='"Text"', CommandTimeout='30']
SET IMPLICIT_TRANSACTIONS OFF;
SET NOCOUNT ON;
INSERT INTO [PaymentBehaviorLogs] ([BorrowerId], [DaysLate], [DueDate], [LoanId], [PaymentDate], [PaymentStatus], [RecordedAt], [ScheduleId])
OUTPUT INSERTED.[BehaviorLogId]
VALUES (@p0, @p1, @p2, @p3, @p4, @p5, @p6, @p7);
2026-08-28 10:32:23.088 +05:30 [INF] Executed DbCommand (5ms) [Parameters=[@scheduleId='?' (DbType = Int32)], CommandType='"Text"', CommandTimeout='30']
SELECT TOP(1) [p].[BehaviorLogId], [p].[BorrowerId], [p].[DaysLate], [p].[DueDate], [p].[LoanId], [p].[PaymentDate], [p].[PaymentStatus], [p].[RecordedAt], [p].[ScheduleId]
FROM [PaymentBehaviorLogs] AS [p]
WHERE [p].[ScheduleId] = @scheduleId
2026-08-28 10:32:23.106 +05:30 [INF] Executed DbCommand (13ms) [Parameters=[@scheduleId='?' (DbType = Int32)], CommandType='"Text"', CommandTimeout='30']
SELECT TOP(1) [r].[ScheduleId], [r].[DueDate], [r].[EMIAmount], [r].[InstallmentNumber], [r].[InterestAmount], [r].[LoanId], [r].[PaidAmount], [r].[PaidDate], [r].[PrincipalAmount], [r].[Status]
FROM [RepaymentSchedules] AS [r]
WHERE [r].[ScheduleId] = @scheduleId
2026-08-28 10:32:23.113 +05:30 [INF] Executed DbCommand (2ms) [Parameters=[@loanId='?' (DbType = Int32)], CommandType='"Text"', CommandTimeout='30']
SELECT TOP(1) [l].[LoanId], [l].[BorrowerId], [l].[CreatedAt], [l].[EMIAmount], [l].[EndDate], [l].[InterestRate], [l].[LoanOfficerId], [l].[OutstandingAmount], [l].[PrincipalAmount], [l].[StartDate], [l].[Status], [l].[TenureMonths]
FROM [LoanAccounts] AS [l]
WHERE [l].[LoanId] = @loanId
2026-08-28 10:32:23.121 +05:30 [INF] Executed DbCommand (1ms) [Parameters=[@scheduleId='?' (DbType = Int32)], CommandType='"Text"', CommandTimeout='30']
SELECT TOP(1) [p].[BehaviorLogId], [p].[BorrowerId], [p].[DaysLate], [p].[DueDate], [p].[LoanId], [p].[PaymentDate], [p].[PaymentStatus], [p].[RecordedAt], [p].[ScheduleId]
FROM [PaymentBehaviorLogs] AS [p]
WHERE [p].[ScheduleId] = @scheduleId
2026-08-28 10:32:23.132 +05:30 [INF] Executed DbCommand (2ms) [Parameters=[@p0='?' (DbType = Int32), @p1='?' (DbType = Int32), @p2='?' (DbType = Date), @p3='?' (DbType = Int32), @p4='?' (DbType = Date), @p5='?' (Size = 30), @p6='?' (DbType = DateTime2), @p7='?' (DbType = Int32)], CommandType='"Text"', CommandTimeout='30']
SET IMPLICIT_TRANSACTIONS OFF;
SET NOCOUNT ON;
INSERT INTO [PaymentBehaviorLogs] ([BorrowerId], [DaysLate], [DueDate], [LoanId], [PaymentDate], [PaymentStatus], [RecordedAt], [ScheduleId])
OUTPUT INSERTED.[BehaviorLogId]
VALUES (@p0, @p1, @p2, @p3, @p4, @p5, @p6, @p7);
2026-08-28 10:32:23.137 +05:30 [INF] Executed DbCommand (1ms) [Parameters=[@scheduleId='?' (DbType = Int32)], CommandType='"Text"', CommandTimeout='30']
SELECT TOP(1) [p].[BehaviorLogId], [p].[BorrowerId], [p].[DaysLate], [p].[DueDate], [p].[LoanId], [p].[PaymentDate], [p].[PaymentStatus], [p].[RecordedAt], [p].[ScheduleId]
FROM [PaymentBehaviorLogs] AS [p]
WHERE [p].[ScheduleId] = @scheduleId
2026-08-28 10:32:23.150 +05:30 [INF] Executed DbCommand (1ms) [Parameters=[@scheduleId='?' (DbType = Int32)], CommandType='"Text"', CommandTimeout='30']
SELECT TOP(1) [r].[ScheduleId], [r].[DueDate], [r].[EMIAmount], [r].[InstallmentNumber], [r].[InterestAmount], [r].[LoanId], [r].[PaidAmount], [r].[PaidDate], [r].[PrincipalAmount], [r].[Status]
FROM [RepaymentSchedules] AS [r]
WHERE [r].[ScheduleId] = @scheduleId
2026-08-28 10:32:23.158 +05:30 [INF] Executed DbCommand (2ms) [Parameters=[@loanId='?' (DbType = Int32)], CommandType='"Text"', CommandTimeout='30']
SELECT TOP(1) [l].[LoanId], [l].[BorrowerId], [l].[CreatedAt], [l].[EMIAmount], [l].[EndDate], [l].[InterestRate], [l].[LoanOfficerId], [l].[OutstandingAmount], [l].[PrincipalAmount], [l].[StartDate], [l].[Status], [l].[TenureMonths]
FROM [LoanAccounts] AS [l]
WHERE [l].[LoanId] = @loanId
2026-08-28 10:32:23.165 +05:30 [INF] Executed DbCommand (1ms) [Parameters=[@scheduleId='?' (DbType = Int32)], CommandType='"Text"', CommandTimeout='30']
SELECT TOP(1) [p].[BehaviorLogId], [p].[BorrowerId], [p].[DaysLate], [p].[DueDate], [p].[LoanId], [p].[PaymentDate], [p].[PaymentStatus], [p].[RecordedAt], [p].[ScheduleId]
FROM [PaymentBehaviorLogs] AS [p]
WHERE [p].[ScheduleId] = @scheduleId
2026-08-28 10:32:23.176 +05:30 [INF] Executed DbCommand (2ms) [Parameters=[@p0='?' (DbType = Int32), @p1='?' (DbType = Int32), @p2='?' (DbType = Date), @p3='?' (DbType = Int32), @p4='?' (DbType = Date), @p5='?' (Size = 30), @p6='?' (DbType = DateTime2), @p7='?' (DbType = Int32)], CommandType='"Text"', CommandTimeout='30']
SET IMPLICIT_TRANSACTIONS OFF;
SET NOCOUNT ON;
INSERT INTO [PaymentBehaviorLogs] ([BorrowerId], [DaysLate], [DueDate], [LoanId], [PaymentDate], [PaymentStatus], [RecordedAt], [ScheduleId])
OUTPUT INSERTED.[BehaviorLogId]
VALUES (@p0, @p1, @p2, @p3, @p4, @p5, @p6, @p7);
2026-08-28 10:32:23.185 +05:30 [INF] Executed DbCommand (3ms) [Parameters=[@scheduleId='?' (DbType = Int32)], CommandType='"Text"', CommandTimeout='30']
SELECT TOP(1) [p].[BehaviorLogId], [p].[BorrowerId], [p].[DaysLate], [p].[DueDate], [p].[LoanId], [p].[PaymentDate], [p].[PaymentStatus], [p].[RecordedAt], [p].[ScheduleId]
FROM [PaymentBehaviorLogs] AS [p]
WHERE [p].[ScheduleId] = @scheduleId
2026-08-28 10:32:23.195 +05:30 [INF] Executed DbCommand (3ms) [Parameters=[@scheduleId='?' (DbType = Int32)], CommandType='"Text"', CommandTimeout='30']
SELECT TOP(1) [r].[ScheduleId], [r].[DueDate], [r].[EMIAmount], [r].[InstallmentNumber], [r].[InterestAmount], [r].[LoanId], [r].[PaidAmount], [r].[PaidDate], [r].[PrincipalAmount], [r].[Status]
FROM [RepaymentSchedules] AS [r]
WHERE [r].[ScheduleId] = @scheduleId
2026-08-28 10:32:23.205 +05:30 [INF] Executed DbCommand (5ms) [Parameters=[@loanId='?' (DbType = Int32)], CommandType='"Text"', CommandTimeout='30']
SELECT TOP(1) [l].[LoanId], [l].[BorrowerId], [l].[CreatedAt], [l].[EMIAmount], [l].[EndDate], [l].[InterestRate], [l].[LoanOfficerId], [l].[OutstandingAmount], [l].[PrincipalAmount], [l].[StartDate], [l].[Status], [l].[TenureMonths]
FROM [LoanAccounts] AS [l]
WHERE [l].[LoanId] = @loanId
2026-08-28 10:32:23.212 +05:30 [INF] Executed DbCommand (1ms) [Parameters=[@scheduleId='?' (DbType = Int32)], CommandType='"Text"', CommandTimeout='30']
SELECT TOP(1) [p].[BehaviorLogId], [p].[BorrowerId], [p].[DaysLate], [p].[DueDate], [p].[LoanId], [p].[PaymentDate], [p].[PaymentStatus], [p].[RecordedAt], [p].[ScheduleId]
FROM [PaymentBehaviorLogs] AS [p]
WHERE [p].[ScheduleId] = @scheduleId
2026-08-28 10:32:23.225 +05:30 [INF] Executed DbCommand (4ms) [Parameters=[@p0='?' (DbType = Int32), @p1='?' (DbType = Int32), @p2='?' (DbType = Date), @p3='?' (DbType = Int32), @p4='?' (DbType = Date), @p5='?' (Size = 30), @p6='?' (DbType = DateTime2), @p7='?' (DbType = Int32)], CommandType='"Text"', CommandTimeout='30']
SET IMPLICIT_TRANSACTIONS OFF;
SET NOCOUNT ON;
INSERT INTO [PaymentBehaviorLogs] ([BorrowerId], [DaysLate], [DueDate], [LoanId], [PaymentDate], [PaymentStatus], [RecordedAt], [ScheduleId])
OUTPUT INSERTED.[BehaviorLogId]
VALUES (@p0, @p1, @p2, @p3, @p4, @p5, @p6, @p7);
2026-08-28 10:32:23.231 +05:30 [INF] Executed DbCommand (1ms) [Parameters=[@scheduleId='?' (DbType = Int32)], CommandType='"Text"', CommandTimeout='30']
SELECT TOP(1) [p].[BehaviorLogId], [p].[BorrowerId], [p].[DaysLate], [p].[DueDate], [p].[LoanId], [p].[PaymentDate], [p].[PaymentStatus], [p].[RecordedAt], [p].[ScheduleId]
FROM [PaymentBehaviorLogs] AS [p]
WHERE [p].[ScheduleId] = @scheduleId
2026-08-28 10:32:23.241 +05:30 [INF] Executed DbCommand (4ms) [Parameters=[@scheduleId='?' (DbType = Int32)], CommandType='"Text"', CommandTimeout='30']
SELECT TOP(1) [r].[ScheduleId], [r].[DueDate], [r].[EMIAmount], [r].[InstallmentNumber], [r].[InterestAmount], [r].[LoanId], [r].[PaidAmount], [r].[PaidDate], [r].[PrincipalAmount], [r].[Status]
FROM [RepaymentSchedules] AS [r]
WHERE [r].[ScheduleId] = @scheduleId
2026-08-28 10:32:23.251 +05:30 [INF] Executed DbCommand (6ms) [Parameters=[@loanId='?' (DbType = Int32)], CommandType='"Text"', CommandTimeout='30']
SELECT TOP(1) [l].[LoanId], [l].[BorrowerId], [l].[CreatedAt], [l].[EMIAmount], [l].[EndDate], [l].[InterestRate], [l].[LoanOfficerId], [l].[OutstandingAmount], [l].[PrincipalAmount], [l].[StartDate], [l].[Status], [l].[TenureMonths]
FROM [LoanAccounts] AS [l]
WHERE [l].[LoanId] = @loanId
2026-08-28 10:32:23.256 +05:30 [INF] Executed DbCommand (1ms) [Parameters=[@scheduleId='?' (DbType = Int32)], CommandType='"Text"', CommandTimeout='30']
SELECT TOP(1) [p].[BehaviorLogId], [p].[BorrowerId], [p].[DaysLate], [p].[DueDate], [p].[LoanId], [p].[PaymentDate], [p].[PaymentStatus], [p].[RecordedAt], [p].[ScheduleId]
FROM [PaymentBehaviorLogs] AS [p]
WHERE [p].[ScheduleId] = @scheduleId
2026-08-28 10:32:23.262 +05:30 [INF] Executed DbCommand (1ms) [Parameters=[@p0='?' (DbType = Int32), @p1='?' (DbType = Int32), @p2='?' (DbType = Date), @p3='?' (DbType = Int32), @p4='?' (DbType = Date), @p5='?' (Size = 30), @p6='?' (DbType = DateTime2), @p7='?' (DbType = Int32)], CommandType='"Text"', CommandTimeout='30']
SET IMPLICIT_TRANSACTIONS OFF;
SET NOCOUNT ON;
INSERT INTO [PaymentBehaviorLogs] ([BorrowerId], [DaysLate], [DueDate], [LoanId], [PaymentDate], [PaymentStatus], [RecordedAt], [ScheduleId])
OUTPUT INSERTED.[BehaviorLogId]
VALUES (@p0, @p1, @p2, @p3, @p4, @p5, @p6, @p7);
2026-08-28 10:32:23.270 +05:30 [INF] Executed DbCommand (1ms) [Parameters=[@scheduleId='?' (DbType = Int32)], CommandType='"Text"', CommandTimeout='30']
SELECT TOP(1) [p].[BehaviorLogId], [p].[BorrowerId], [p].[DaysLate], [p].[DueDate], [p].[LoanId], [p].[PaymentDate], [p].[PaymentStatus], [p].[RecordedAt], [p].[ScheduleId]
FROM [PaymentBehaviorLogs] AS [p]
WHERE [p].[ScheduleId] = @scheduleId
2026-08-28 10:32:23.278 +05:30 [INF] Executed DbCommand (3ms) [Parameters=[@scheduleId='?' (DbType = Int32)], CommandType='"Text"', CommandTimeout='30']
SELECT TOP(1) [r].[ScheduleId], [r].[DueDate], [r].[EMIAmount], [r].[InstallmentNumber], [r].[InterestAmount], [r].[LoanId], [r].[PaidAmount], [r].[PaidDate], [r].[PrincipalAmount], [r].[Status]
FROM [RepaymentSchedules] AS [r]
WHERE [r].[ScheduleId] = @scheduleId
2026-08-28 10:32:23.285 +05:30 [INF] Executed DbCommand (4ms) [Parameters=[@loanId='?' (DbType = Int32)], CommandType='"Text"', CommandTimeout='30']
SELECT TOP(1) [l].[LoanId], [l].[BorrowerId], [l].[CreatedAt], [l].[EMIAmount], [l].[EndDate], [l].[InterestRate], [l].[LoanOfficerId], [l].[OutstandingAmount], [l].[PrincipalAmount], [l].[StartDate], [l].[Status], [l].[TenureMonths]
FROM [LoanAccounts] AS [l]
WHERE [l].[LoanId] = @loanId
2026-08-28 10:32:23.293 +05:30 [INF] Executed DbCommand (3ms) [Parameters=[@scheduleId='?' (DbType = Int32)], CommandType='"Text"', CommandTimeout='30']
SELECT TOP(1) [p].[BehaviorLogId], [p].[BorrowerId], [p].[DaysLate], [p].[DueDate], [p].[LoanId], [p].[PaymentDate], [p].[PaymentStatus], [p].[RecordedAt], [p].[ScheduleId]
FROM [PaymentBehaviorLogs] AS [p]
WHERE [p].[ScheduleId] = @scheduleId
2026-08-28 10:32:23.306 +05:30 [INF] Executed DbCommand (7ms) [Parameters=[@p0='?' (DbType = Int32), @p1='?' (DbType = Int32), @p2='?' (DbType = Date), @p3='?' (DbType = Int32), @p4='?' (DbType = Date), @p5='?' (Size = 30), @p6='?' (DbType = DateTime2), @p7='?' (DbType = Int32)], CommandType='"Text"', CommandTimeout='30']
SET IMPLICIT_TRANSACTIONS OFF;
SET NOCOUNT ON;
INSERT INTO [PaymentBehaviorLogs] ([BorrowerId], [DaysLate], [DueDate], [LoanId], [PaymentDate], [PaymentStatus], [RecordedAt], [ScheduleId])
OUTPUT INSERTED.[BehaviorLogId]
VALUES (@p0, @p1, @p2, @p3, @p4, @p5, @p6, @p7);
2026-08-28 10:32:23.327 +05:30 [INF] Executed DbCommand (2ms) [Parameters=[@scheduleId='?' (DbType = Int32)], CommandType='"Text"', CommandTimeout='30']
SELECT TOP(1) [p].[BehaviorLogId], [p].[BorrowerId], [p].[DaysLate], [p].[DueDate], [p].[LoanId], [p].[PaymentDate], [p].[PaymentStatus], [p].[RecordedAt], [p].[ScheduleId]
FROM [PaymentBehaviorLogs] AS [p]
WHERE [p].[ScheduleId] = @scheduleId
2026-08-28 10:32:23.337 +05:30 [INF] Executed DbCommand (5ms) [Parameters=[@scheduleId='?' (DbType = Int32)], CommandType='"Text"', CommandTimeout='30']
SELECT TOP(1) [r].[ScheduleId], [r].[DueDate], [r].[EMIAmount], [r].[InstallmentNumber], [r].[InterestAmount], [r].[LoanId], [r].[PaidAmount], [r].[PaidDate], [r].[PrincipalAmount], [r].[Status]
FROM [RepaymentSchedules] AS [r]
WHERE [r].[ScheduleId] = @scheduleId
2026-08-28 10:32:23.348 +05:30 [INF] Executed DbCommand (4ms) [Parameters=[@loanId='?' (DbType = Int32)], CommandType='"Text"', CommandTimeout='30']
SELECT TOP(1) [l].[LoanId], [l].[BorrowerId], [l].[CreatedAt], [l].[EMIAmount], [l].[EndDate], [l].[InterestRate], [l].[LoanOfficerId], [l].[OutstandingAmount], [l].[PrincipalAmount], [l].[StartDate], [l].[Status], [l].[TenureMonths]
FROM [LoanAccounts] AS [l]
WHERE [l].[LoanId] = @loanId
2026-08-28 10:32:23.357 +05:30 [INF] Executed DbCommand (1ms) [Parameters=[@scheduleId='?' (DbType = Int32)], CommandType='"Text"', CommandTimeout='30']
SELECT TOP(1) [p].[BehaviorLogId], [p].[BorrowerId], [p].[DaysLate], [p].[DueDate], [p].[LoanId], [p].[PaymentDate], [p].[PaymentStatus], [p].[RecordedAt], [p].[ScheduleId]
FROM [PaymentBehaviorLogs] AS [p]
WHERE [p].[ScheduleId] = @scheduleId
2026-08-28 10:32:23.371 +05:30 [INF] Executed DbCommand (8ms) [Parameters=[@p0='?' (DbType = Int32), @p1='?' (DbType = Int32), @p2='?' (DbType = Date), @p3='?' (DbType = Int32), @p4='?' (DbType = Date), @p5='?' (Size = 30), @p6='?' (DbType = DateTime2), @p7='?' (DbType = Int32)], CommandType='"Text"', CommandTimeout='30']
SET IMPLICIT_TRANSACTIONS OFF;
SET NOCOUNT ON;
INSERT INTO [PaymentBehaviorLogs] ([BorrowerId], [DaysLate], [DueDate], [LoanId], [PaymentDate], [PaymentStatus], [RecordedAt], [ScheduleId])
OUTPUT INSERTED.[BehaviorLogId]
VALUES (@p0, @p1, @p2, @p3, @p4, @p5, @p6, @p7);
2026-08-28 10:32:23.380 +05:30 [INF] Executed DbCommand (1ms) [Parameters=[@scheduleId='?' (DbType = Int32)], CommandType='"Text"', CommandTimeout='30']
SELECT TOP(1) [p].[BehaviorLogId], [p].[BorrowerId], [p].[DaysLate], [p].[DueDate], [p].[LoanId], [p].[PaymentDate], [p].[PaymentStatus], [p].[RecordedAt], [p].[ScheduleId]
FROM [PaymentBehaviorLogs] AS [p]
WHERE [p].[ScheduleId] = @scheduleId
2026-08-28 10:32:23.393 +05:30 [INF] Executed DbCommand (1ms) [Parameters=[@scheduleId='?' (DbType = Int32)], CommandType='"Text"', CommandTimeout='30']
SELECT TOP(1) [r].[ScheduleId], [r].[DueDate], [r].[EMIAmount], [r].[InstallmentNumber], [r].[InterestAmount], [r].[LoanId], [r].[PaidAmount], [r].[PaidDate], [r].[PrincipalAmount], [r].[Status]
FROM [RepaymentSchedules] AS [r]
WHERE [r].[ScheduleId] = @scheduleId
2026-08-28 10:32:23.404 +05:30 [INF] Executed DbCommand (5ms) [Parameters=[@loanId='?' (DbType = Int32)], CommandType='"Text"', CommandTimeout='30']
SELECT TOP(1) [l].[LoanId], [l].[BorrowerId], [l].[CreatedAt], [l].[EMIAmount], [l].[EndDate], [l].[InterestRate], [l].[LoanOfficerId], [l].[OutstandingAmount], [l].[PrincipalAmount], [l].[StartDate], [l].[Status], [l].[TenureMonths]
FROM [LoanAccounts] AS [l]
WHERE [l].[LoanId] = @loanId
2026-08-28 10:32:23.410 +05:30 [INF] Executed DbCommand (1ms) [Parameters=[@scheduleId='?' (DbType = Int32)], CommandType='"Text"', CommandTimeout='30']
SELECT TOP(1) [p].[BehaviorLogId], [p].[BorrowerId], [p].[DaysLate], [p].[DueDate], [p].[LoanId], [p].[PaymentDate], [p].[PaymentStatus], [p].[RecordedAt], [p].[ScheduleId]
FROM [PaymentBehaviorLogs] AS [p]
WHERE [p].[ScheduleId] = @scheduleId
2026-08-28 10:32:23.419 +05:30 [INF] Executed DbCommand (2ms) [Parameters=[@p0='?' (DbType = Int32), @p1='?' (DbType = Int32), @p2='?' (DbType = Date), @p3='?' (DbType = Int32), @p4='?' (DbType = Date), @p5='?' (Size = 30), @p6='?' (DbType = DateTime2), @p7='?' (DbType = Int32)], CommandType='"Text"', CommandTimeout='30']
SET IMPLICIT_TRANSACTIONS OFF;
SET NOCOUNT ON;
INSERT INTO [PaymentBehaviorLogs] ([BorrowerId], [DaysLate], [DueDate], [LoanId], [PaymentDate], [PaymentStatus], [RecordedAt], [ScheduleId])
OUTPUT INSERTED.[BehaviorLogId]
VALUES (@p0, @p1, @p2, @p3, @p4, @p5, @p6, @p7);
2026-08-28 10:32:23.427 +05:30 [INF] Executed DbCommand (2ms) [Parameters=[@scheduleId='?' (DbType = Int32)], CommandType='"Text"', CommandTimeout='30']
SELECT TOP(1) [p].[BehaviorLogId], [p].[BorrowerId], [p].[DaysLate], [p].[DueDate], [p].[LoanId], [p].[PaymentDate], [p].[PaymentStatus], [p].[RecordedAt], [p].[ScheduleId]
FROM [PaymentBehaviorLogs] AS [p]
WHERE [p].[ScheduleId] = @scheduleId
2026-08-28 10:32:23.438 +05:30 [INF] Executed DbCommand (7ms) [Parameters=[@scheduleId='?' (DbType = Int32)], CommandType='"Text"', CommandTimeout='30']
SELECT TOP(1) [r].[ScheduleId], [r].[DueDate], [r].[EMIAmount], [r].[InstallmentNumber], [r].[InterestAmount], [r].[LoanId], [r].[PaidAmount], [r].[PaidDate], [r].[PrincipalAmount], [r].[Status]
FROM [RepaymentSchedules] AS [r]
WHERE [r].[ScheduleId] = @scheduleId
2026-08-28 10:32:23.445 +05:30 [INF] Executed DbCommand (3ms) [Parameters=[@loanId='?' (DbType = Int32)], CommandType='"Text"', CommandTimeout='30']
SELECT TOP(1) [l].[LoanId], [l].[BorrowerId], [l].[CreatedAt], [l].[EMIAmount], [l].[EndDate], [l].[InterestRate], [l].[LoanOfficerId], [l].[OutstandingAmount], [l].[PrincipalAmount], [l].[StartDate], [l].[Status], [l].[TenureMonths]
FROM [LoanAccounts] AS [l]
WHERE [l].[LoanId] = @loanId
2026-08-28 10:32:23.452 +05:30 [INF] Executed DbCommand (1ms) [Parameters=[@scheduleId='?' (DbType = Int32)], CommandType='"Text"', CommandTimeout='30']
SELECT TOP(1) [p].[BehaviorLogId], [p].[BorrowerId], [p].[DaysLate], [p].[DueDate], [p].[LoanId], [p].[PaymentDate], [p].[PaymentStatus], [p].[RecordedAt], [p].[ScheduleId]
FROM [PaymentBehaviorLogs] AS [p]
WHERE [p].[ScheduleId] = @scheduleId
2026-08-28 10:32:23.459 +05:30 [INF] Executed DbCommand (2ms) [Parameters=[@p0='?' (DbType = Int32), @p1='?' (DbType = Int32), @p2='?' (DbType = Date), @p3='?' (DbType = Int32), @p4='?' (DbType = Date), @p5='?' (Size = 30), @p6='?' (DbType = DateTime2), @p7='?' (DbType = Int32)], CommandType='"Text"', CommandTimeout='30']
SET IMPLICIT_TRANSACTIONS OFF;
SET NOCOUNT ON;
INSERT INTO [PaymentBehaviorLogs] ([BorrowerId], [DaysLate], [DueDate], [LoanId], [PaymentDate], [PaymentStatus], [RecordedAt], [ScheduleId])
OUTPUT INSERTED.[BehaviorLogId]
VALUES (@p0, @p1, @p2, @p3, @p4, @p5, @p6, @p7);
2026-08-28 10:32:23.463 +05:30 [INF] Executed DbCommand (1ms) [Parameters=[@scheduleId='?' (DbType = Int32)], CommandType='"Text"', CommandTimeout='30']
SELECT TOP(1) [p].[BehaviorLogId], [p].[BorrowerId], [p].[DaysLate], [p].[DueDate], [p].[LoanId], [p].[PaymentDate], [p].[PaymentStatus], [p].[RecordedAt], [p].[ScheduleId]
FROM [PaymentBehaviorLogs] AS [p]
WHERE [p].[ScheduleId] = @scheduleId
2026-08-28 10:32:23.471 +05:30 [INF] Executed DbCommand (3ms) [Parameters=[@scheduleId='?' (DbType = Int32)], CommandType='"Text"', CommandTimeout='30']
SELECT TOP(1) [r].[ScheduleId], [r].[DueDate], [r].[EMIAmount], [r].[InstallmentNumber], [r].[InterestAmount], [r].[LoanId], [r].[PaidAmount], [r].[PaidDate], [r].[PrincipalAmount], [r].[Status]
FROM [RepaymentSchedules] AS [r]
WHERE [r].[ScheduleId] = @scheduleId
2026-08-28 10:32:23.477 +05:30 [INF] Executed DbCommand (3ms) [Parameters=[@loanId='?' (DbType = Int32)], CommandType='"Text"', CommandTimeout='30']
SELECT TOP(1) [l].[LoanId], [l].[BorrowerId], [l].[CreatedAt], [l].[EMIAmount], [l].[EndDate], [l].[InterestRate], [l].[LoanOfficerId], [l].[OutstandingAmount], [l].[PrincipalAmount], [l].[StartDate], [l].[Status], [l].[TenureMonths]
FROM [LoanAccounts] AS [l]
WHERE [l].[LoanId] = @loanId
2026-08-28 10:32:23.484 +05:30 [INF] Executed DbCommand (1ms) [Parameters=[@scheduleId='?' (DbType = Int32)], CommandType='"Text"', CommandTimeout='30']
SELECT TOP(1) [p].[BehaviorLogId], [p].[BorrowerId], [p].[DaysLate], [p].[DueDate], [p].[LoanId], [p].[PaymentDate], [p].[PaymentStatus], [p].[RecordedAt], [p].[ScheduleId]
FROM [PaymentBehaviorLogs] AS [p]
WHERE [p].[ScheduleId] = @scheduleId
2026-08-28 10:32:23.490 +05:30 [INF] Executed DbCommand (1ms) [Parameters=[@p0='?' (DbType = Int32), @p1='?' (DbType = Int32), @p2='?' (DbType = Date), @p3='?' (DbType = Int32), @p4='?' (DbType = Date), @p5='?' (Size = 30), @p6='?' (DbType = DateTime2), @p7='?' (DbType = Int32)], CommandType='"Text"', CommandTimeout='30']
SET IMPLICIT_TRANSACTIONS OFF;
SET NOCOUNT ON;
INSERT INTO [PaymentBehaviorLogs] ([BorrowerId], [DaysLate], [DueDate], [LoanId], [PaymentDate], [PaymentStatus], [RecordedAt], [ScheduleId])
OUTPUT INSERTED.[BehaviorLogId]
VALUES (@p0, @p1, @p2, @p3, @p4, @p5, @p6, @p7);
2026-08-28 10:32:23.494 +05:30 [INF] Executed DbCommand (1ms) [Parameters=[@scheduleId='?' (DbType = Int32)], CommandType='"Text"', CommandTimeout='30']
SELECT TOP(1) [p].[BehaviorLogId], [p].[BorrowerId], [p].[DaysLate], [p].[DueDate], [p].[LoanId], [p].[PaymentDate], [p].[PaymentStatus], [p].[RecordedAt], [p].[ScheduleId]
FROM [PaymentBehaviorLogs] AS [p]
WHERE [p].[ScheduleId] = @scheduleId
2026-08-28 10:32:23.503 +05:30 [INF] Executed DbCommand (3ms) [Parameters=[@scheduleId='?' (DbType = Int32)], CommandType='"Text"', CommandTimeout='30']
SELECT TOP(1) [r].[ScheduleId], [r].[DueDate], [r].[EMIAmount], [r].[InstallmentNumber], [r].[InterestAmount], [r].[LoanId], [r].[PaidAmount], [r].[PaidDate], [r].[PrincipalAmount], [r].[Status]
FROM [RepaymentSchedules] AS [r]
WHERE [r].[ScheduleId] = @scheduleId
2026-08-28 10:32:23.509 +05:30 [INF] Executed DbCommand (2ms) [Parameters=[@loanId='?' (DbType = Int32)], CommandType='"Text"', CommandTimeout='30']
SELECT TOP(1) [l].[LoanId], [l].[BorrowerId], [l].[CreatedAt], [l].[EMIAmount], [l].[EndDate], [l].[InterestRate], [l].[LoanOfficerId], [l].[OutstandingAmount], [l].[PrincipalAmount], [l].[StartDate], [l].[Status], [l].[TenureMonths]
FROM [LoanAccounts] AS [l]
WHERE [l].[LoanId] = @loanId
2026-08-28 10:32:23.516 +05:30 [INF] Executed DbCommand (2ms) [Parameters=[@scheduleId='?' (DbType = Int32)], CommandType='"Text"', CommandTimeout='30']
SELECT TOP(1) [p].[BehaviorLogId], [p].[BorrowerId], [p].[DaysLate], [p].[DueDate], [p].[LoanId], [p].[PaymentDate], [p].[PaymentStatus], [p].[RecordedAt], [p].[ScheduleId]
FROM [PaymentBehaviorLogs] AS [p]
WHERE [p].[ScheduleId] = @scheduleId
2026-08-28 10:32:23.522 +05:30 [INF] Executed DbCommand (2ms) [Parameters=[@p0='?' (DbType = Int32), @p1='?' (DbType = Int32), @p2='?' (DbType = Date), @p3='?' (DbType = Int32), @p4='?' (DbType = Date), @p5='?' (Size = 30), @p6='?' (DbType = DateTime2), @p7='?' (DbType = Int32)], CommandType='"Text"', CommandTimeout='30']
SET IMPLICIT_TRANSACTIONS OFF;
SET NOCOUNT ON;
INSERT INTO [PaymentBehaviorLogs] ([BorrowerId], [DaysLate], [DueDate], [LoanId], [PaymentDate], [PaymentStatus], [RecordedAt], [ScheduleId])
OUTPUT INSERTED.[BehaviorLogId]
VALUES (@p0, @p1, @p2, @p3, @p4, @p5, @p6, @p7);
2026-08-28 10:32:23.527 +05:30 [INF] Executed DbCommand (1ms) [Parameters=[@scheduleId='?' (DbType = Int32)], CommandType='"Text"', CommandTimeout='30']
SELECT TOP(1) [p].[BehaviorLogId], [p].[BorrowerId], [p].[DaysLate], [p].[DueDate], [p].[LoanId], [p].[PaymentDate], [p].[PaymentStatus], [p].[RecordedAt], [p].[ScheduleId]
FROM [PaymentBehaviorLogs] AS [p]
WHERE [p].[ScheduleId] = @scheduleId
2026-08-28 10:32:23.536 +05:30 [INF] Executed DbCommand (2ms) [Parameters=[@scheduleId='?' (DbType = Int32)], CommandType='"Text"', CommandTimeout='30']
SELECT TOP(1) [r].[ScheduleId], [r].[DueDate], [r].[EMIAmount], [r].[InstallmentNumber], [r].[InterestAmount], [r].[LoanId], [r].[PaidAmount], [r].[PaidDate], [r].[PrincipalAmount], [r].[Status]
FROM [RepaymentSchedules] AS [r]
WHERE [r].[ScheduleId] = @scheduleId
2026-08-28 10:32:23.542 +05:30 [INF] Executed DbCommand (2ms) [Parameters=[@loanId='?' (DbType = Int32)], CommandType='"Text"', CommandTimeout='30']
SELECT TOP(1) [l].[LoanId], [l].[BorrowerId], [l].[CreatedAt], [l].[EMIAmount], [l].[EndDate], [l].[InterestRate], [l].[LoanOfficerId], [l].[OutstandingAmount], [l].[PrincipalAmount], [l].[StartDate], [l].[Status], [l].[TenureMonths]
FROM [LoanAccounts] AS [l]
WHERE [l].[LoanId] = @loanId
2026-08-28 10:32:23.548 +05:30 [INF] Executed DbCommand (1ms) [Parameters=[@scheduleId='?' (DbType = Int32)], CommandType='"Text"', CommandTimeout='30']
SELECT TOP(1) [p].[BehaviorLogId], [p].[BorrowerId], [p].[DaysLate], [p].[DueDate], [p].[LoanId], [p].[PaymentDate], [p].[PaymentStatus], [p].[RecordedAt], [p].[ScheduleId]
FROM [PaymentBehaviorLogs] AS [p]
WHERE [p].[ScheduleId] = @scheduleId
2026-08-28 10:32:23.554 +05:30 [INF] Executed DbCommand (1ms) [Parameters=[@p0='?' (DbType = Int32), @p1='?' (DbType = Int32), @p2='?' (DbType = Date), @p3='?' (DbType = Int32), @p4='?' (DbType = Date), @p5='?' (Size = 30), @p6='?' (DbType = DateTime2), @p7='?' (DbType = Int32)], CommandType='"Text"', CommandTimeout='30']
SET IMPLICIT_TRANSACTIONS OFF;
SET NOCOUNT ON;
INSERT INTO [PaymentBehaviorLogs] ([BorrowerId], [DaysLate], [DueDate], [LoanId], [PaymentDate], [PaymentStatus], [RecordedAt], [ScheduleId])
OUTPUT INSERTED.[BehaviorLogId]
VALUES (@p0, @p1, @p2, @p3, @p4, @p5, @p6, @p7);
2026-08-28 10:32:23.560 +05:30 [INF] Executed DbCommand (1ms) [Parameters=[@scheduleId='?' (DbType = Int32)], CommandType='"Text"', CommandTimeout='30']
SELECT TOP(1) [p].[BehaviorLogId], [p].[BorrowerId], [p].[DaysLate], [p].[DueDate], [p].[LoanId], [p].[PaymentDate], [p].[PaymentStatus], [p].[RecordedAt], [p].[ScheduleId]
FROM [PaymentBehaviorLogs] AS [p]
WHERE [p].[ScheduleId] = @scheduleId
2026-08-28 10:32:23.569 +05:30 [INF] Executed DbCommand (4ms) [Parameters=[@scheduleId='?' (DbType = Int32)], CommandType='"Text"', CommandTimeout='30']
SELECT TOP(1) [r].[ScheduleId], [r].[DueDate], [r].[EMIAmount], [r].[InstallmentNumber], [r].[InterestAmount], [r].[LoanId], [r].[PaidAmount], [r].[PaidDate], [r].[PrincipalAmount], [r].[Status]
FROM [RepaymentSchedules] AS [r]
WHERE [r].[ScheduleId] = @scheduleId
2026-08-28 10:32:23.580 +05:30 [INF] Executed DbCommand (3ms) [Parameters=[@loanId='?' (DbType = Int32)], CommandType='"Text"', CommandTimeout='30']
SELECT TOP(1) [l].[LoanId], [l].[BorrowerId], [l].[CreatedAt], [l].[EMIAmount], [l].[EndDate], [l].[InterestRate], [l].[LoanOfficerId], [l].[OutstandingAmount], [l].[PrincipalAmount], [l].[StartDate], [l].[Status], [l].[TenureMonths]
FROM [LoanAccounts] AS [l]
WHERE [l].[LoanId] = @loanId
2026-08-28 10:32:23.587 +05:30 [INF] Executed DbCommand (1ms) [Parameters=[@scheduleId='?' (DbType = Int32)], CommandType='"Text"', CommandTimeout='30']
SELECT TOP(1) [p].[BehaviorLogId], [p].[BorrowerId], [p].[DaysLate], [p].[DueDate], [p].[LoanId], [p].[PaymentDate], [p].[PaymentStatus], [p].[RecordedAt], [p].[ScheduleId]
FROM [PaymentBehaviorLogs] AS [p]
WHERE [p].[ScheduleId] = @scheduleId
2026-08-28 10:32:23.593 +05:30 [INF] Executed DbCommand (1ms) [Parameters=[@p0='?' (DbType = Int32), @p1='?' (DbType = Int32), @p2='?' (DbType = Date), @p3='?' (DbType = Int32), @p4='?' (DbType = Date), @p5='?' (Size = 30), @p6='?' (DbType = DateTime2), @p7='?' (DbType = Int32)], CommandType='"Text"', CommandTimeout='30']
SET IMPLICIT_TRANSACTIONS OFF;
SET NOCOUNT ON;
INSERT INTO [PaymentBehaviorLogs] ([BorrowerId], [DaysLate], [DueDate], [LoanId], [PaymentDate], [PaymentStatus], [RecordedAt], [ScheduleId])
OUTPUT INSERTED.[BehaviorLogId]
VALUES (@p0, @p1, @p2, @p3, @p4, @p5, @p6, @p7);
2026-08-28 10:32:23.605 +05:30 [INF] Executed DbCommand (1ms) [Parameters=[@scheduleId='?' (DbType = Int32)], CommandType='"Text"', CommandTimeout='30']
SELECT TOP(1) [p].[BehaviorLogId], [p].[BorrowerId], [p].[DaysLate], [p].[DueDate], [p].[LoanId], [p].[PaymentDate], [p].[PaymentStatus], [p].[RecordedAt], [p].[ScheduleId]
FROM [PaymentBehaviorLogs] AS [p]
WHERE [p].[ScheduleId] = @scheduleId
2026-08-28 10:32:23.610 +05:30 [INF] Executed DbCommand (1ms) [Parameters=[@scheduleId='?' (DbType = Int32)], CommandType='"Text"', CommandTimeout='30']
SELECT TOP(1) [r].[ScheduleId], [r].[DueDate], [r].[EMIAmount], [r].[InstallmentNumber], [r].[InterestAmount], [r].[LoanId], [r].[PaidAmount], [r].[PaidDate], [r].[PrincipalAmount], [r].[Status]
FROM [RepaymentSchedules] AS [r]
WHERE [r].[ScheduleId] = @scheduleId
2026-08-28 10:32:23.615 +05:30 [INF] Executed DbCommand (1ms) [Parameters=[@loanId='?' (DbType = Int32)], CommandType='"Text"', CommandTimeout='30']
SELECT TOP(1) [l].[LoanId], [l].[BorrowerId], [l].[CreatedAt], [l].[EMIAmount], [l].[EndDate], [l].[InterestRate], [l].[LoanOfficerId], [l].[OutstandingAmount], [l].[PrincipalAmount], [l].[StartDate], [l].[Status], [l].[TenureMonths]
FROM [LoanAccounts] AS [l]
WHERE [l].[LoanId] = @loanId
2026-08-28 10:32:23.620 +05:30 [INF] Executed DbCommand (1ms) [Parameters=[@scheduleId='?' (DbType = Int32)], CommandType='"Text"', CommandTimeout='30']
SELECT TOP(1) [p].[BehaviorLogId], [p].[BorrowerId], [p].[DaysLate], [p].[DueDate], [p].[LoanId], [p].[PaymentDate], [p].[PaymentStatus], [p].[RecordedAt], [p].[ScheduleId]
FROM [PaymentBehaviorLogs] AS [p]
WHERE [p].[ScheduleId] = @scheduleId
2026-08-28 10:32:23.626 +05:30 [INF] Executed DbCommand (1ms) [Parameters=[@p0='?' (DbType = Int32), @p1='?' (DbType = Int32), @p2='?' (DbType = Date), @p3='?' (DbType = Int32), @p4='?' (DbType = Date), @p5='?' (Size = 30), @p6='?' (DbType = DateTime2), @p7='?' (DbType = Int32)], CommandType='"Text"', CommandTimeout='30']
SET IMPLICIT_TRANSACTIONS OFF;
SET NOCOUNT ON;
INSERT INTO [PaymentBehaviorLogs] ([BorrowerId], [DaysLate], [DueDate], [LoanId], [PaymentDate], [PaymentStatus], [RecordedAt], [ScheduleId])
OUTPUT INSERTED.[BehaviorLogId]
VALUES (@p0, @p1, @p2, @p3, @p4, @p5, @p6, @p7);
2026-08-28 10:32:23.633 +05:30 [INF] Executed DbCommand (2ms) [Parameters=[@scheduleId='?' (DbType = Int32)], CommandType='"Text"', CommandTimeout='30']
SELECT TOP(1) [p].[BehaviorLogId], [p].[BorrowerId], [p].[DaysLate], [p].[DueDate], [p].[LoanId], [p].[PaymentDate], [p].[PaymentStatus], [p].[RecordedAt], [p].[ScheduleId]
FROM [PaymentBehaviorLogs] AS [p]
WHERE [p].[ScheduleId] = @scheduleId
2026-08-28 10:32:23.636 +05:30 [INF] Executed DbCommand (1ms) [Parameters=[@scheduleId='?' (DbType = Int32)], CommandType='"Text"', CommandTimeout='30']
SELECT TOP(1) [r].[ScheduleId], [r].[DueDate], [r].[EMIAmount], [r].[InstallmentNumber], [r].[InterestAmount], [r].[LoanId], [r].[PaidAmount], [r].[PaidDate], [r].[PrincipalAmount], [r].[Status]
FROM [RepaymentSchedules] AS [r]
WHERE [r].[ScheduleId] = @scheduleId
2026-08-28 10:32:23.640 +05:30 [INF] Executed DbCommand (1ms) [Parameters=[@loanId='?' (DbType = Int32)], CommandType='"Text"', CommandTimeout='30']
SELECT TOP(1) [l].[LoanId], [l].[BorrowerId], [l].[CreatedAt], [l].[EMIAmount], [l].[EndDate], [l].[InterestRate], [l].[LoanOfficerId], [l].[OutstandingAmount], [l].[PrincipalAmount], [l].[StartDate], [l].[Status], [l].[TenureMonths]
FROM [LoanAccounts] AS [l]
WHERE [l].[LoanId] = @loanId
2026-08-28 10:32:23.645 +05:30 [INF] Executed DbCommand (1ms) [Parameters=[@scheduleId='?' (DbType = Int32)], CommandType='"Text"', CommandTimeout='30']
SELECT TOP(1) [p].[BehaviorLogId], [p].[BorrowerId], [p].[DaysLate], [p].[DueDate], [p].[LoanId], [p].[PaymentDate], [p].[PaymentStatus], [p].[RecordedAt], [p].[ScheduleId]
FROM [PaymentBehaviorLogs] AS [p]
WHERE [p].[ScheduleId] = @scheduleId
2026-08-28 10:32:23.651 +05:30 [INF] Executed DbCommand (1ms) [Parameters=[@p0='?' (DbType = Int32), @p1='?' (DbType = Int32), @p2='?' (DbType = Date), @p3='?' (DbType = Int32), @p4='?' (DbType = Date), @p5='?' (Size = 30), @p6='?' (DbType = DateTime2), @p7='?' (DbType = Int32)], CommandType='"Text"', CommandTimeout='30']
SET IMPLICIT_TRANSACTIONS OFF;
SET NOCOUNT ON;
INSERT INTO [PaymentBehaviorLogs] ([BorrowerId], [DaysLate], [DueDate], [LoanId], [PaymentDate], [PaymentStatus], [RecordedAt], [ScheduleId])
OUTPUT INSERTED.[BehaviorLogId]
VALUES (@p0, @p1, @p2, @p3, @p4, @p5, @p6, @p7);
2026-08-28 10:32:23.691 +05:30 [INF] Executed DbCommand (36ms) [Parameters=[@scheduleId='?' (DbType = Int32)], CommandType='"Text"', CommandTimeout='30']
SELECT TOP(1) [p].[BehaviorLogId], [p].[BorrowerId], [p].[DaysLate], [p].[DueDate], [p].[LoanId], [p].[PaymentDate], [p].[PaymentStatus], [p].[RecordedAt], [p].[ScheduleId]
FROM [PaymentBehaviorLogs] AS [p]
WHERE [p].[ScheduleId] = @scheduleId
2026-08-28 10:32:23.706 +05:30 [INF] Executed DbCommand (1ms) [Parameters=[@scheduleId='?' (DbType = Int32)], CommandType='"Text"', CommandTimeout='30']
SELECT TOP(1) [r].[ScheduleId], [r].[DueDate], [r].[EMIAmount], [r].[InstallmentNumber], [r].[InterestAmount], [r].[LoanId], [r].[PaidAmount], [r].[PaidDate], [r].[PrincipalAmount], [r].[Status]
FROM [RepaymentSchedules] AS [r]
WHERE [r].[ScheduleId] = @scheduleId
2026-08-28 10:32:23.713 +05:30 [INF] Executed DbCommand (3ms) [Parameters=[@loanId='?' (DbType = Int32)], CommandType='"Text"', CommandTimeout='30']
SELECT TOP(1) [l].[LoanId], [l].[BorrowerId], [l].[CreatedAt], [l].[EMIAmount], [l].[EndDate], [l].[InterestRate], [l].[LoanOfficerId], [l].[OutstandingAmount], [l].[PrincipalAmount], [l].[StartDate], [l].[Status], [l].[TenureMonths]
FROM [LoanAccounts] AS [l]
WHERE [l].[LoanId] = @loanId
2026-08-28 10:32:23.735 +05:30 [INF] Executed DbCommand (2ms) [Parameters=[@scheduleId='?' (DbType = Int32)], CommandType='"Text"', CommandTimeout='30']
SELECT TOP(1) [p].[BehaviorLogId], [p].[BorrowerId], [p].[DaysLate], [p].[DueDate], [p].[LoanId], [p].[PaymentDate], [p].[PaymentStatus], [p].[RecordedAt], [p].[ScheduleId]
FROM [PaymentBehaviorLogs] AS [p]
WHERE [p].[ScheduleId] = @scheduleId
2026-08-28 10:32:23.748 +05:30 [INF] Executed DbCommand (6ms) [Parameters=[@p0='?' (DbType = Int32), @p1='?' (DbType = Int32), @p2='?' (DbType = Date), @p3='?' (DbType = Int32), @p4='?' (DbType = Date), @p5='?' (Size = 30), @p6='?' (DbType = DateTime2), @p7='?' (DbType = Int32)], CommandType='"Text"', CommandTimeout='30']
SET IMPLICIT_TRANSACTIONS OFF;
SET NOCOUNT ON;
INSERT INTO [PaymentBehaviorLogs] ([BorrowerId], [DaysLate], [DueDate], [LoanId], [PaymentDate], [PaymentStatus], [RecordedAt], [ScheduleId])
OUTPUT INSERTED.[BehaviorLogId]
VALUES (@p0, @p1, @p2, @p3, @p4, @p5, @p6, @p7);
2026-08-28 10:32:23.754 +05:30 [INF] Executed DbCommand (1ms) [Parameters=[@scheduleId='?' (DbType = Int32)], CommandType='"Text"', CommandTimeout='30']
SELECT TOP(1) [p].[BehaviorLogId], [p].[BorrowerId], [p].[DaysLate], [p].[DueDate], [p].[LoanId], [p].[PaymentDate], [p].[PaymentStatus], [p].[RecordedAt], [p].[ScheduleId]
FROM [PaymentBehaviorLogs] AS [p]
WHERE [p].[ScheduleId] = @scheduleId
2026-08-28 10:32:23.769 +05:30 [INF] Executed DbCommand (4ms) [Parameters=[@scheduleId='?' (DbType = Int32)], CommandType='"Text"', CommandTimeout='30']
SELECT TOP(1) [r].[ScheduleId], [r].[DueDate], [r].[EMIAmount], [r].[InstallmentNumber], [r].[InterestAmount], [r].[LoanId], [r].[PaidAmount], [r].[PaidDate], [r].[PrincipalAmount], [r].[Status]
FROM [RepaymentSchedules] AS [r]
WHERE [r].[ScheduleId] = @scheduleId
2026-08-28 10:32:23.781 +05:30 [INF] Executed DbCommand (6ms) [Parameters=[@loanId='?' (DbType = Int32)], CommandType='"Text"', CommandTimeout='30']
SELECT TOP(1) [l].[LoanId], [l].[BorrowerId], [l].[CreatedAt], [l].[EMIAmount], [l].[EndDate], [l].[InterestRate], [l].[LoanOfficerId], [l].[OutstandingAmount], [l].[PrincipalAmount], [l].[StartDate], [l].[Status], [l].[TenureMonths]
FROM [LoanAccounts] AS [l]
WHERE [l].[LoanId] = @loanId
2026-08-28 10:32:23.786 +05:30 [INF] Executed DbCommand (1ms) [Parameters=[@scheduleId='?' (DbType = Int32)], CommandType='"Text"', CommandTimeout='30']
SELECT TOP(1) [p].[BehaviorLogId], [p].[BorrowerId], [p].[DaysLate], [p].[DueDate], [p].[LoanId], [p].[PaymentDate], [p].[PaymentStatus], [p].[RecordedAt], [p].[ScheduleId]
FROM [PaymentBehaviorLogs] AS [p]
WHERE [p].[ScheduleId] = @scheduleId
2026-08-28 10:32:23.793 +05:30 [INF] Executed DbCommand (2ms) [Parameters=[@p0='?' (DbType = Int32), @p1='?' (DbType = Int32), @p2='?' (DbType = Date), @p3='?' (DbType = Int32), @p4='?' (DbType = Date), @p5='?' (Size = 30), @p6='?' (DbType = DateTime2), @p7='?' (DbType = Int32)], CommandType='"Text"', CommandTimeout='30']
SET IMPLICIT_TRANSACTIONS OFF;
SET NOCOUNT ON;
INSERT INTO [PaymentBehaviorLogs] ([BorrowerId], [DaysLate], [DueDate], [LoanId], [PaymentDate], [PaymentStatus], [RecordedAt], [ScheduleId])
OUTPUT INSERTED.[BehaviorLogId]
VALUES (@p0, @p1, @p2, @p3, @p4, @p5, @p6, @p7);
2026-08-28 10:32:23.800 +05:30 [INF] Executed DbCommand (1ms) [Parameters=[@scheduleId='?' (DbType = Int32)], CommandType='"Text"', CommandTimeout='30']
SELECT TOP(1) [p].[BehaviorLogId], [p].[BorrowerId], [p].[DaysLate], [p].[DueDate], [p].[LoanId], [p].[PaymentDate], [p].[PaymentStatus], [p].[RecordedAt], [p].[ScheduleId]
FROM [PaymentBehaviorLogs] AS [p]
WHERE [p].[ScheduleId] = @scheduleId
2026-08-28 10:32:23.807 +05:30 [INF] Executed DbCommand (3ms) [Parameters=[@scheduleId='?' (DbType = Int32)], CommandType='"Text"', CommandTimeout='30']
SELECT TOP(1) [r].[ScheduleId], [r].[DueDate], [r].[EMIAmount], [r].[InstallmentNumber], [r].[InterestAmount], [r].[LoanId], [r].[PaidAmount], [r].[PaidDate], [r].[PrincipalAmount], [r].[Status]
FROM [RepaymentSchedules] AS [r]
WHERE [r].[ScheduleId] = @scheduleId
2026-08-28 10:32:23.816 +05:30 [INF] Executed DbCommand (2ms) [Parameters=[@loanId='?' (DbType = Int32)], CommandType='"Text"', CommandTimeout='30']
SELECT TOP(1) [l].[LoanId], [l].[BorrowerId], [l].[CreatedAt], [l].[EMIAmount], [l].[EndDate], [l].[InterestRate], [l].[LoanOfficerId], [l].[OutstandingAmount], [l].[PrincipalAmount], [l].[StartDate], [l].[Status], [l].[TenureMonths]
FROM [LoanAccounts] AS [l]
WHERE [l].[LoanId] = @loanId
2026-08-28 10:32:23.821 +05:30 [INF] Executed DbCommand (1ms) [Parameters=[@scheduleId='?' (DbType = Int32)], CommandType='"Text"', CommandTimeout='30']
SELECT TOP(1) [p].[BehaviorLogId], [p].[BorrowerId], [p].[DaysLate], [p].[DueDate], [p].[LoanId], [p].[PaymentDate], [p].[PaymentStatus], [p].[RecordedAt], [p].[ScheduleId]
FROM [PaymentBehaviorLogs] AS [p]
WHERE [p].[ScheduleId] = @scheduleId
2026-08-28 10:32:23.833 +05:30 [INF] Executed DbCommand (6ms) [Parameters=[@p0='?' (DbType = Int32), @p1='?' (DbType = Int32), @p2='?' (DbType = Date), @p3='?' (DbType = Int32), @p4='?' (DbType = Date), @p5='?' (Size = 30), @p6='?' (DbType = DateTime2), @p7='?' (DbType = Int32)], CommandType='"Text"', CommandTimeout='30']
SET IMPLICIT_TRANSACTIONS OFF;
SET NOCOUNT ON;
INSERT INTO [PaymentBehaviorLogs] ([BorrowerId], [DaysLate], [DueDate], [LoanId], [PaymentDate], [PaymentStatus], [RecordedAt], [ScheduleId])
OUTPUT INSERTED.[BehaviorLogId]
VALUES (@p0, @p1, @p2, @p3, @p4, @p5, @p6, @p7);
2026-08-28 10:32:23.837 +05:30 [INF] Executed DbCommand (1ms) [Parameters=[@scheduleId='?' (DbType = Int32)], CommandType='"Text"', CommandTimeout='30']
SELECT TOP(1) [p].[BehaviorLogId], [p].[BorrowerId], [p].[DaysLate], [p].[DueDate], [p].[LoanId], [p].[PaymentDate], [p].[PaymentStatus], [p].[RecordedAt], [p].[ScheduleId]
FROM [PaymentBehaviorLogs] AS [p]
WHERE [p].[ScheduleId] = @scheduleId
2026-08-28 10:32:23.920 +05:30 [INF] Executed DbCommand (78ms) [Parameters=[@scheduleId='?' (DbType = Int32)], CommandType='"Text"', CommandTimeout='30']
SELECT TOP(1) [r].[ScheduleId], [r].[DueDate], [r].[EMIAmount], [r].[InstallmentNumber], [r].[InterestAmount], [r].[LoanId], [r].[PaidAmount], [r].[PaidDate], [r].[PrincipalAmount], [r].[Status]
FROM [RepaymentSchedules] AS [r]
WHERE [r].[ScheduleId] = @scheduleId
2026-08-28 10:32:23.943 +05:30 [INF] Executed DbCommand (7ms) [Parameters=[@loanId='?' (DbType = Int32)], CommandType='"Text"', CommandTimeout='30']
SELECT TOP(1) [l].[LoanId], [l].[BorrowerId], [l].[CreatedAt], [l].[EMIAmount], [l].[EndDate], [l].[InterestRate], [l].[LoanOfficerId], [l].[OutstandingAmount], [l].[PrincipalAmount], [l].[StartDate], [l].[Status], [l].[TenureMonths]
FROM [LoanAccounts] AS [l]
WHERE [l].[LoanId] = @loanId
2026-08-28 10:32:23.953 +05:30 [INF] Executed DbCommand (2ms) [Parameters=[@scheduleId='?' (DbType = Int32)], CommandType='"Text"', CommandTimeout='30']
SELECT TOP(1) [p].[BehaviorLogId], [p].[BorrowerId], [p].[DaysLate], [p].[DueDate], [p].[LoanId], [p].[PaymentDate], [p].[PaymentStatus], [p].[RecordedAt], [p].[ScheduleId]
FROM [PaymentBehaviorLogs] AS [p]
WHERE [p].[ScheduleId] = @scheduleId
2026-08-28 10:32:23.962 +05:30 [INF] Executed DbCommand (2ms) [Parameters=[@p0='?' (DbType = Int32), @p1='?' (DbType = Int32), @p2='?' (DbType = Date), @p3='?' (DbType = Int32), @p4='?' (DbType = Date), @p5='?' (Size = 30), @p6='?' (DbType = DateTime2), @p7='?' (DbType = Int32)], CommandType='"Text"', CommandTimeout='30']
SET IMPLICIT_TRANSACTIONS OFF;
SET NOCOUNT ON;
INSERT INTO [PaymentBehaviorLogs] ([BorrowerId], [DaysLate], [DueDate], [LoanId], [PaymentDate], [PaymentStatus], [RecordedAt], [ScheduleId])
OUTPUT INSERTED.[BehaviorLogId]
VALUES (@p0, @p1, @p2, @p3, @p4, @p5, @p6, @p7);
2026-08-28 10:32:23.969 +05:30 [INF] Executed DbCommand (1ms) [Parameters=[@scheduleId='?' (DbType = Int32)], CommandType='"Text"', CommandTimeout='30']
SELECT TOP(1) [p].[BehaviorLogId], [p].[BorrowerId], [p].[DaysLate], [p].[DueDate], [p].[LoanId], [p].[PaymentDate], [p].[PaymentStatus], [p].[RecordedAt], [p].[ScheduleId]
FROM [PaymentBehaviorLogs] AS [p]
WHERE [p].[ScheduleId] = @scheduleId
2026-08-28 10:32:23.975 +05:30 [INF] Executed DbCommand (3ms) [Parameters=[@scheduleId='?' (DbType = Int32)], CommandType='"Text"', CommandTimeout='30']
SELECT TOP(1) [r].[ScheduleId], [r].[DueDate], [r].[EMIAmount], [r].[InstallmentNumber], [r].[InterestAmount], [r].[LoanId], [r].[PaidAmount], [r].[PaidDate], [r].[PrincipalAmount], [r].[Status]
FROM [RepaymentSchedules] AS [r]
WHERE [r].[ScheduleId] = @scheduleId
2026-08-28 10:32:23.984 +05:30 [INF] Executed DbCommand (5ms) [Parameters=[@loanId='?' (DbType = Int32)], CommandType='"Text"', CommandTimeout='30']
SELECT TOP(1) [l].[LoanId], [l].[BorrowerId], [l].[CreatedAt], [l].[EMIAmount], [l].[EndDate], [l].[InterestRate], [l].[LoanOfficerId], [l].[OutstandingAmount], [l].[PrincipalAmount], [l].[StartDate], [l].[Status], [l].[TenureMonths]
FROM [LoanAccounts] AS [l]
WHERE [l].[LoanId] = @loanId
2026-08-28 10:32:23.988 +05:30 [INF] Executed DbCommand (1ms) [Parameters=[@scheduleId='?' (DbType = Int32)], CommandType='"Text"', CommandTimeout='30']
SELECT TOP(1) [p].[BehaviorLogId], [p].[BorrowerId], [p].[DaysLate], [p].[DueDate], [p].[LoanId], [p].[PaymentDate], [p].[PaymentStatus], [p].[RecordedAt], [p].[ScheduleId]
FROM [PaymentBehaviorLogs] AS [p]
WHERE [p].[ScheduleId] = @scheduleId
2026-08-28 10:32:23.994 +05:30 [INF] Executed DbCommand (2ms) [Parameters=[@p0='?' (DbType = Int32), @p1='?' (DbType = Int32), @p2='?' (DbType = Date), @p3='?' (DbType = Int32), @p4='?' (DbType = Date), @p5='?' (Size = 30), @p6='?' (DbType = DateTime2), @p7='?' (DbType = Int32)], CommandType='"Text"', CommandTimeout='30']
SET IMPLICIT_TRANSACTIONS OFF;
SET NOCOUNT ON;
INSERT INTO [PaymentBehaviorLogs] ([BorrowerId], [DaysLate], [DueDate], [LoanId], [PaymentDate], [PaymentStatus], [RecordedAt], [ScheduleId])
OUTPUT INSERTED.[BehaviorLogId]
VALUES (@p0, @p1, @p2, @p3, @p4, @p5, @p6, @p7);
2026-08-28 10:32:24.000 +05:30 [INF] Executed DbCommand (2ms) [Parameters=[@scheduleId='?' (DbType = Int32)], CommandType='"Text"', CommandTimeout='30']
SELECT TOP(1) [p].[BehaviorLogId], [p].[BorrowerId], [p].[DaysLate], [p].[DueDate], [p].[LoanId], [p].[PaymentDate], [p].[PaymentStatus], [p].[RecordedAt], [p].[ScheduleId]
FROM [PaymentBehaviorLogs] AS [p]
WHERE [p].[ScheduleId] = @scheduleId
2026-08-28 10:32:24.007 +05:30 [INF] Executed DbCommand (3ms) [Parameters=[@scheduleId='?' (DbType = Int32)], CommandType='"Text"', CommandTimeout='30']
SELECT TOP(1) [r].[ScheduleId], [r].[DueDate], [r].[EMIAmount], [r].[InstallmentNumber], [r].[InterestAmount], [r].[LoanId], [r].[PaidAmount], [r].[PaidDate], [r].[PrincipalAmount], [r].[Status]
FROM [RepaymentSchedules] AS [r]
WHERE [r].[ScheduleId] = @scheduleId
2026-08-28 10:32:24.014 +05:30 [INF] Executed DbCommand (4ms) [Parameters=[@loanId='?' (DbType = Int32)], CommandType='"Text"', CommandTimeout='30']
SELECT TOP(1) [l].[LoanId], [l].[BorrowerId], [l].[CreatedAt], [l].[EMIAmount], [l].[EndDate], [l].[InterestRate], [l].[LoanOfficerId], [l].[OutstandingAmount], [l].[PrincipalAmount], [l].[StartDate], [l].[Status], [l].[TenureMonths]
FROM [LoanAccounts] AS [l]
WHERE [l].[LoanId] = @loanId
2026-08-28 10:32:24.019 +05:30 [INF] Executed DbCommand (1ms) [Parameters=[@scheduleId='?' (DbType = Int32)], CommandType='"Text"', CommandTimeout='30']
SELECT TOP(1) [p].[BehaviorLogId], [p].[BorrowerId], [p].[DaysLate], [p].[DueDate], [p].[LoanId], [p].[PaymentDate], [p].[PaymentStatus], [p].[RecordedAt], [p].[ScheduleId]
FROM [PaymentBehaviorLogs] AS [p]
WHERE [p].[ScheduleId] = @scheduleId
2026-08-28 10:32:24.024 +05:30 [INF] Executed DbCommand (2ms) [Parameters=[@p0='?' (DbType = Int32), @p1='?' (DbType = Int32), @p2='?' (DbType = Date), @p3='?' (DbType = Int32), @p4='?' (DbType = Date), @p5='?' (Size = 30), @p6='?' (DbType = DateTime2), @p7='?' (DbType = Int32)], CommandType='"Text"', CommandTimeout='30']
SET IMPLICIT_TRANSACTIONS OFF;
SET NOCOUNT ON;
INSERT INTO [PaymentBehaviorLogs] ([BorrowerId], [DaysLate], [DueDate], [LoanId], [PaymentDate], [PaymentStatus], [RecordedAt], [ScheduleId])
OUTPUT INSERTED.[BehaviorLogId]
VALUES (@p0, @p1, @p2, @p3, @p4, @p5, @p6, @p7);
2026-08-28 10:32:24.030 +05:30 [INF] Executed DbCommand (1ms) [Parameters=[@scheduleId='?' (DbType = Int32)], CommandType='"Text"', CommandTimeout='30']
SELECT TOP(1) [p].[BehaviorLogId], [p].[BorrowerId], [p].[DaysLate], [p].[DueDate], [p].[LoanId], [p].[PaymentDate], [p].[PaymentStatus], [p].[RecordedAt], [p].[ScheduleId]
FROM [PaymentBehaviorLogs] AS [p]
WHERE [p].[ScheduleId] = @scheduleId
2026-08-28 10:32:24.038 +05:30 [INF] Executed DbCommand (3ms) [Parameters=[@scheduleId='?' (DbType = Int32)], CommandType='"Text"', CommandTimeout='30']
SELECT TOP(1) [r].[ScheduleId], [r].[DueDate], [r].[EMIAmount], [r].[InstallmentNumber], [r].[InterestAmount], [r].[LoanId], [r].[PaidAmount], [r].[PaidDate], [r].[PrincipalAmount], [r].[Status]
FROM [RepaymentSchedules] AS [r]
WHERE [r].[ScheduleId] = @scheduleId
2026-08-28 10:32:24.045 +05:30 [INF] Executed DbCommand (3ms) [Parameters=[@loanId='?' (DbType = Int32)], CommandType='"Text"', CommandTimeout='30']
SELECT TOP(1) [l].[LoanId], [l].[BorrowerId], [l].[CreatedAt], [l].[EMIAmount], [l].[EndDate], [l].[InterestRate], [l].[LoanOfficerId], [l].[OutstandingAmount], [l].[PrincipalAmount], [l].[StartDate], [l].[Status], [l].[TenureMonths]
FROM [LoanAccounts] AS [l]
WHERE [l].[LoanId] = @loanId
2026-08-28 10:32:24.052 +05:30 [INF] Executed DbCommand (1ms) [Parameters=[@scheduleId='?' (DbType = Int32)], CommandType='"Text"', CommandTimeout='30']
SELECT TOP(1) [p].[BehaviorLogId], [p].[BorrowerId], [p].[DaysLate], [p].[DueDate], [p].[LoanId], [p].[PaymentDate], [p].[PaymentStatus], [p].[RecordedAt], [p].[ScheduleId]
FROM [PaymentBehaviorLogs] AS [p]
WHERE [p].[ScheduleId] = @scheduleId
2026-08-28 10:32:24.057 +05:30 [INF] Executed DbCommand (1ms) [Parameters=[@p0='?' (DbType = Int32), @p1='?' (DbType = Int32), @p2='?' (DbType = Date), @p3='?' (DbType = Int32), @p4='?' (DbType = Date), @p5='?' (Size = 30), @p6='?' (DbType = DateTime2), @p7='?' (DbType = Int32)], CommandType='"Text"', CommandTimeout='30']
SET IMPLICIT_TRANSACTIONS OFF;
SET NOCOUNT ON;
INSERT INTO [PaymentBehaviorLogs] ([BorrowerId], [DaysLate], [DueDate], [LoanId], [PaymentDate], [PaymentStatus], [RecordedAt], [ScheduleId])
OUTPUT INSERTED.[BehaviorLogId]
VALUES (@p0, @p1, @p2, @p3, @p4, @p5, @p6, @p7);
2026-08-28 10:32:24.062 +05:30 [INF] Executed DbCommand (1ms) [Parameters=[@scheduleId='?' (DbType = Int32)], CommandType='"Text"', CommandTimeout='30']
SELECT TOP(1) [p].[BehaviorLogId], [p].[BorrowerId], [p].[DaysLate], [p].[DueDate], [p].[LoanId], [p].[PaymentDate], [p].[PaymentStatus], [p].[RecordedAt], [p].[ScheduleId]
FROM [PaymentBehaviorLogs] AS [p]
WHERE [p].[ScheduleId] = @scheduleId
2026-08-28 10:32:24.069 +05:30 [INF] Executed DbCommand (2ms) [Parameters=[@scheduleId='?' (DbType = Int32)], CommandType='"Text"', CommandTimeout='30']
SELECT TOP(1) [r].[ScheduleId], [r].[DueDate], [r].[EMIAmount], [r].[InstallmentNumber], [r].[InterestAmount], [r].[LoanId], [r].[PaidAmount], [r].[PaidDate], [r].[PrincipalAmount], [r].[Status]
FROM [RepaymentSchedules] AS [r]
WHERE [r].[ScheduleId] = @scheduleId
2026-08-28 10:32:24.074 +05:30 [INF] Executed DbCommand (3ms) [Parameters=[@loanId='?' (DbType = Int32)], CommandType='"Text"', CommandTimeout='30']
SELECT TOP(1) [l].[LoanId], [l].[BorrowerId], [l].[CreatedAt], [l].[EMIAmount], [l].[EndDate], [l].[InterestRate], [l].[LoanOfficerId], [l].[OutstandingAmount], [l].[PrincipalAmount], [l].[StartDate], [l].[Status], [l].[TenureMonths]
FROM [LoanAccounts] AS [l]
WHERE [l].[LoanId] = @loanId
2026-08-28 10:32:24.079 +05:30 [INF] Executed DbCommand (1ms) [Parameters=[@scheduleId='?' (DbType = Int32)], CommandType='"Text"', CommandTimeout='30']
SELECT TOP(1) [p].[BehaviorLogId], [p].[BorrowerId], [p].[DaysLate], [p].[DueDate], [p].[LoanId], [p].[PaymentDate], [p].[PaymentStatus], [p].[RecordedAt], [p].[ScheduleId]
FROM [PaymentBehaviorLogs] AS [p]
WHERE [p].[ScheduleId] = @scheduleId
2026-08-28 10:32:24.086 +05:30 [INF] Executed DbCommand (2ms) [Parameters=[@p0='?' (DbType = Int32), @p1='?' (DbType = Int32), @p2='?' (DbType = Date), @p3='?' (DbType = Int32), @p4='?' (DbType = Date), @p5='?' (Size = 30), @p6='?' (DbType = DateTime2), @p7='?' (DbType = Int32)], CommandType='"Text"', CommandTimeout='30']
SET IMPLICIT_TRANSACTIONS OFF;
SET NOCOUNT ON;
INSERT INTO [PaymentBehaviorLogs] ([BorrowerId], [DaysLate], [DueDate], [LoanId], [PaymentDate], [PaymentStatus], [RecordedAt], [ScheduleId])
OUTPUT INSERTED.[BehaviorLogId]
VALUES (@p0, @p1, @p2, @p3, @p4, @p5, @p6, @p7);
2026-08-28 10:32:24.091 +05:30 [INF] Executed DbCommand (1ms) [Parameters=[@scheduleId='?' (DbType = Int32)], CommandType='"Text"', CommandTimeout='30']
SELECT TOP(1) [p].[BehaviorLogId], [p].[BorrowerId], [p].[DaysLate], [p].[DueDate], [p].[LoanId], [p].[PaymentDate], [p].[PaymentStatus], [p].[RecordedAt], [p].[ScheduleId]
FROM [PaymentBehaviorLogs] AS [p]
WHERE [p].[ScheduleId] = @scheduleId
2026-08-28 10:32:24.095 +05:30 [INF] Executed DbCommand (1ms) [Parameters=[@scheduleId='?' (DbType = Int32)], CommandType='"Text"', CommandTimeout='30']
SELECT TOP(1) [r].[ScheduleId], [r].[DueDate], [r].[EMIAmount], [r].[InstallmentNumber], [r].[InterestAmount], [r].[LoanId], [r].[PaidAmount], [r].[PaidDate], [r].[PrincipalAmount], [r].[Status]
FROM [RepaymentSchedules] AS [r]
WHERE [r].[ScheduleId] = @scheduleId
2026-08-28 10:32:24.102 +05:30 [INF] Executed DbCommand (1ms) [Parameters=[@loanId='?' (DbType = Int32)], CommandType='"Text"', CommandTimeout='30']
SELECT TOP(1) [l].[LoanId], [l].[BorrowerId], [l].[CreatedAt], [l].[EMIAmount], [l].[EndDate], [l].[InterestRate], [l].[LoanOfficerId], [l].[OutstandingAmount], [l].[PrincipalAmount], [l].[StartDate], [l].[Status], [l].[TenureMonths]
FROM [LoanAccounts] AS [l]
WHERE [l].[LoanId] = @loanId
2026-08-28 10:32:24.106 +05:30 [INF] Executed DbCommand (1ms) [Parameters=[@scheduleId='?' (DbType = Int32)], CommandType='"Text"', CommandTimeout='30']
SELECT TOP(1) [p].[BehaviorLogId], [p].[BorrowerId], [p].[DaysLate], [p].[DueDate], [p].[LoanId], [p].[PaymentDate], [p].[PaymentStatus], [p].[RecordedAt], [p].[ScheduleId]
FROM [PaymentBehaviorLogs] AS [p]
WHERE [p].[ScheduleId] = @scheduleId
2026-08-28 10:32:24.113 +05:30 [INF] Executed DbCommand (1ms) [Parameters=[@p0='?' (DbType = Int32), @p1='?' (DbType = Int32), @p2='?' (DbType = Date), @p3='?' (DbType = Int32), @p4='?' (DbType = Date), @p5='?' (Size = 30), @p6='?' (DbType = DateTime2), @p7='?' (DbType = Int32)], CommandType='"Text"', CommandTimeout='30']
SET IMPLICIT_TRANSACTIONS OFF;
SET NOCOUNT ON;
INSERT INTO [PaymentBehaviorLogs] ([BorrowerId], [DaysLate], [DueDate], [LoanId], [PaymentDate], [PaymentStatus], [RecordedAt], [ScheduleId])
OUTPUT INSERTED.[BehaviorLogId]
VALUES (@p0, @p1, @p2, @p3, @p4, @p5, @p6, @p7);
2026-08-28 10:32:24.121 +05:30 [INF] Processed 24 overdue repayment schedules.
2026-08-28 10:33:17.619 +05:30 [INF] Request starting HTTP/1.1 GET http://localhost:5082/swagger/index.html - null null
2026-08-28 10:33:17.943 +05:30 [INF] HTTP GET /swagger/index.html responded 304 in 256.4167 ms
2026-08-28 10:33:17.956 +05:30 [INF] Request finished HTTP/1.1 GET http://localhost:5082/swagger/index.html - 304 null null 338.6634ms
2026-08-28 10:33:17.982 +05:30 [INF] Request starting HTTP/1.1 GET http://localhost:5082/swagger/index.css - null null
2026-08-28 10:33:17.982 +05:30 [INF] Request starting HTTP/1.1 GET http://localhost:5082/swagger/swagger-ui-bundle.js - null null
2026-08-28 10:33:17.986 +05:30 [INF] Request starting HTTP/1.1 GET http://localhost:5082/swagger/swagger-ui-standalone-preset.js - null null
2026-08-28 10:33:17.986 +05:30 [INF] Request starting HTTP/1.1 GET http://localhost:5082/swagger/index.js - null null
2026-08-28 10:33:17.994 +05:30 [INF] Request starting HTTP/1.1 GET http://localhost:5082/swagger/swagger-ui.css - null null
2026-08-28 10:33:18.024 +05:30 [INF] HTTP GET /swagger/index.css responded 304 in 25.0609 ms
2026-08-28 10:33:18.047 +05:30 [INF] HTTP GET /swagger/swagger-ui-bundle.js responded 304 in 18.3544 ms
2026-08-28 10:33:18.083 +05:30 [INF] HTTP GET /swagger/swagger-ui-standalone-preset.js responded 304 in 36.2822 ms
2026-08-28 10:33:18.088 +05:30 [INF] HTTP GET /swagger/index.js responded 304 in 0.7230 ms
2026-08-28 10:33:18.105 +05:30 [INF] HTTP GET /swagger/swagger-ui.css responded 304 in 10.0781 ms
2026-08-28 10:33:18.110 +05:30 [INF] Request finished HTTP/1.1 GET http://localhost:5082/swagger/index.css - 304 null null 128.1082ms
2026-08-28 10:33:18.113 +05:30 [INF] Request finished HTTP/1.1 GET http://localhost:5082/swagger/swagger-ui-bundle.js - 304 null null 131.144ms
2026-08-28 10:33:18.123 +05:30 [INF] Request finished HTTP/1.1 GET http://localhost:5082/swagger/swagger-ui-standalone-preset.js - 304 null null 136.9438ms
2026-08-28 10:33:18.135 +05:30 [INF] Request finished HTTP/1.1 GET http://localhost:5082/swagger/index.js - 304 null null 149.2815ms
2026-08-28 10:33:18.138 +05:30 [INF] Request finished HTTP/1.1 GET http://localhost:5082/swagger/swagger-ui.css - 304 null null 144.1689ms
2026-08-28 10:33:18.232 +05:30 [INF] Request starting HTTP/1.1 GET http://localhost:5082/swagger/v1/swagger.json - null null
2026-08-28 10:33:18.694 +05:30 [INF] HTTP GET /swagger/v1/swagger.json responded 200 in 304.5863 ms
2026-08-28 10:33:18.704 +05:30 [INF] Request finished HTTP/1.1 GET http://localhost:5082/swagger/v1/swagger.json - 200 null application/json;charset=utf-8 471.3341ms
2026-08-28 10:33:51.536 +05:30 [INF] Request starting HTTP/1.1 POST http://localhost:5082/api/Auth/login - application/json 63
2026-08-28 10:33:51.570 +05:30 [WRN] Failed to determine the https port for redirect.
2026-08-28 10:33:51.619 +05:30 [INF] CORS policy execution successful.
2026-08-28 10:33:51.676 +05:30 [INF] Executing endpoint 'LoanDeductionPrediction.API.Controllers.AuthController.Login (LoanDeductionPrediction.API)'
2026-08-28 10:33:51.717 +05:30 [INF] Route matched with {action = "Login", controller = "Auth"}. Executing controller action with signature System.Threading.Tasks.Task`1[Microsoft.AspNetCore.Mvc.IActionResult] Login(LoanDeductionPrediction.Models.DTOs.LoginRequest) on controller LoanDeductionPrediction.API.Controllers.AuthController (LoanDeductionPrediction.API).
2026-08-28 10:33:51.992 +05:30 [WRN] You do not have a valid license key for the Lucky Penny software AutoMapper. This is allowed for development and testing scenarios. If you are running in production you are required to have a licensed version. Please visit https://luckypennysoftware.com to obtain a valid license.
2026-08-28 10:33:52.240 +05:30 [INF] Executed DbCommand (9ms) [Parameters=[@email='?' (Size = 150)], CommandType='"Text"', CommandTimeout='30']
SELECT TOP(1) [u].[UserId], [u].[CreatedAt], [u].[Email], [u].[FullName], [u].[IsActive], [u].[PasswordHash], [u].[Role]
FROM [Users] AS [u]
WHERE [u].[Email] = @email
2026-08-28 10:33:52.939 +05:30 [INF] Executed DbCommand (8ms) [Parameters=[@p0='?' (DbType = DateTime2), @p1='?' (DbType = DateTime2), @p2='?' (DbType = Boolean), @p3='?' (DbType = DateTime2), @p4='?' (Size = 500), @p5='?' (DbType = Int32)], CommandType='"Text"', CommandTimeout='30']
SET IMPLICIT_TRANSACTIONS OFF;
SET NOCOUNT ON;
INSERT INTO [RefreshTokens] ([CreatedAt], [ExpiresAt], [IsRevoked], [RevokedAt], [Token], [UserId])
OUTPUT INSERTED.[RefreshTokenId]
VALUES (@p0, @p1, @p2, @p3, @p4, @p5);
2026-08-28 10:33:52.987 +05:30 [INF] Executing OkObjectResult, writing value of type 'LoanDeductionPrediction.Models.DTOs.LoginResponse'.
2026-08-28 10:33:53.050 +05:30 [INF] Executed action LoanDeductionPrediction.API.Controllers.AuthController.Login (LoanDeductionPrediction.API) in 1310.7129ms
2026-08-28 10:33:53.056 +05:30 [INF] Executed endpoint 'LoanDeductionPrediction.API.Controllers.AuthController.Login (LoanDeductionPrediction.API)'
2026-08-28 10:33:53.065 +05:30 [INF] HTTP POST /api/Auth/login responded 200 in 1496.1055 ms
2026-08-28 10:33:53.089 +05:30 [INF] Request finished HTTP/1.1 POST http://localhost:5082/api/Auth/login - 200 null application/json; charset=utf-8 1552.3908ms
2026-08-28 10:34:16.917 +05:30 [INF] Request starting HTTP/1.1 POST http://localhost:5082/api/PaymentBehavior/process-overdue - null 0
2026-08-28 10:34:16.946 +05:30 [INF] CORS policy execution successful.
2026-08-28 10:34:17.066 +05:30 [INF] Executing endpoint 'LoanDeductionPrediction.API.Controllers.PaymentBehaviorController.ProcessOverduePayments (LoanDeductionPrediction.API)'
2026-08-28 10:34:17.095 +05:30 [INF] Route matched with {action = "ProcessOverduePayments", controller = "PaymentBehavior"}. Executing controller action with signature System.Threading.Tasks.Task`1[Microsoft.AspNetCore.Mvc.IActionResult] ProcessOverduePayments() on controller LoanDeductionPrediction.API.Controllers.PaymentBehaviorController (LoanDeductionPrediction.API).
2026-08-28 10:34:17.128 +05:30 [INF] Executed DbCommand (14ms) [Parameters=[@today='?' (DbType = Date)], CommandType='"Text"', CommandTimeout='30']
SELECT [r].[ScheduleId], [r].[DueDate], [r].[EMIAmount], [r].[InstallmentNumber], [r].[InterestAmount], [r].[LoanId], [r].[PaidAmount], [r].[PaidDate], [r].[PrincipalAmount], [r].[Status]
FROM [RepaymentSchedules] AS [r]
WHERE [r].[DueDate] < @today AND [r].[PaidAmount] < [r].[EMIAmount] AND [r].[Status] <> N'PAID'
ORDER BY [r].[DueDate]
2026-08-28 10:34:17.159 +05:30 [INF] Executed DbCommand (5ms) [Parameters=[@scheduleId='?' (DbType = Int32)], CommandType='"Text"', CommandTimeout='30']
SELECT TOP(1) [p].[BehaviorLogId], [p].[BorrowerId], [p].[DaysLate], [p].[DueDate], [p].[LoanId], [p].[PaymentDate], [p].[PaymentStatus], [p].[RecordedAt], [p].[ScheduleId]
FROM [PaymentBehaviorLogs] AS [p]
WHERE [p].[ScheduleId] = @scheduleId
2026-08-28 10:34:17.176 +05:30 [INF] Executed DbCommand (1ms) [Parameters=[@scheduleId='?' (DbType = Int32)], CommandType='"Text"', CommandTimeout='30']
SELECT TOP(1) [p].[BehaviorLogId], [p].[BorrowerId], [p].[DaysLate], [p].[DueDate], [p].[LoanId], [p].[PaymentDate], [p].[PaymentStatus], [p].[RecordedAt], [p].[ScheduleId]
FROM [PaymentBehaviorLogs] AS [p]
WHERE [p].[ScheduleId] = @scheduleId
2026-08-28 10:34:17.191 +05:30 [INF] Executed DbCommand (3ms) [Parameters=[@scheduleId='?' (DbType = Int32)], CommandType='"Text"', CommandTimeout='30']
SELECT TOP(1) [p].[BehaviorLogId], [p].[BorrowerId], [p].[DaysLate], [p].[DueDate], [p].[LoanId], [p].[PaymentDate], [p].[PaymentStatus], [p].[RecordedAt], [p].[ScheduleId]
FROM [PaymentBehaviorLogs] AS [p]
WHERE [p].[ScheduleId] = @scheduleId
2026-08-28 10:34:17.202 +05:30 [INF] Executed DbCommand (1ms) [Parameters=[@scheduleId='?' (DbType = Int32)], CommandType='"Text"', CommandTimeout='30']
SELECT TOP(1) [p].[BehaviorLogId], [p].[BorrowerId], [p].[DaysLate], [p].[DueDate], [p].[LoanId], [p].[PaymentDate], [p].[PaymentStatus], [p].[RecordedAt], [p].[ScheduleId]
FROM [PaymentBehaviorLogs] AS [p]
WHERE [p].[ScheduleId] = @scheduleId
2026-08-28 10:34:17.211 +05:30 [INF] Executed DbCommand (1ms) [Parameters=[@scheduleId='?' (DbType = Int32)], CommandType='"Text"', CommandTimeout='30']
SELECT TOP(1) [p].[BehaviorLogId], [p].[BorrowerId], [p].[DaysLate], [p].[DueDate], [p].[LoanId], [p].[PaymentDate], [p].[PaymentStatus], [p].[RecordedAt], [p].[ScheduleId]
FROM [PaymentBehaviorLogs] AS [p]
WHERE [p].[ScheduleId] = @scheduleId
2026-08-28 10:34:17.225 +05:30 [INF] Executed DbCommand (1ms) [Parameters=[@scheduleId='?' (DbType = Int32)], CommandType='"Text"', CommandTimeout='30']
SELECT TOP(1) [p].[BehaviorLogId], [p].[BorrowerId], [p].[DaysLate], [p].[DueDate], [p].[LoanId], [p].[PaymentDate], [p].[PaymentStatus], [p].[RecordedAt], [p].[ScheduleId]
FROM [PaymentBehaviorLogs] AS [p]
WHERE [p].[ScheduleId] = @scheduleId
2026-08-28 10:34:17.235 +05:30 [INF] Executed DbCommand (1ms) [Parameters=[@scheduleId='?' (DbType = Int32)], CommandType='"Text"', CommandTimeout='30']
SELECT TOP(1) [p].[BehaviorLogId], [p].[BorrowerId], [p].[DaysLate], [p].[DueDate], [p].[LoanId], [p].[PaymentDate], [p].[PaymentStatus], [p].[RecordedAt], [p].[ScheduleId]
FROM [PaymentBehaviorLogs] AS [p]
WHERE [p].[ScheduleId] = @scheduleId
2026-08-28 10:34:17.242 +05:30 [INF] Executed DbCommand (1ms) [Parameters=[@scheduleId='?' (DbType = Int32)], CommandType='"Text"', CommandTimeout='30']
SELECT TOP(1) [p].[BehaviorLogId], [p].[BorrowerId], [p].[DaysLate], [p].[DueDate], [p].[LoanId], [p].[PaymentDate], [p].[PaymentStatus], [p].[RecordedAt], [p].[ScheduleId]
FROM [PaymentBehaviorLogs] AS [p]
WHERE [p].[ScheduleId] = @scheduleId
2026-08-28 10:34:17.254 +05:30 [INF] Executed DbCommand (1ms) [Parameters=[@scheduleId='?' (DbType = Int32)], CommandType='"Text"', CommandTimeout='30']
SELECT TOP(1) [p].[BehaviorLogId], [p].[BorrowerId], [p].[DaysLate], [p].[DueDate], [p].[LoanId], [p].[PaymentDate], [p].[PaymentStatus], [p].[RecordedAt], [p].[ScheduleId]
FROM [PaymentBehaviorLogs] AS [p]
WHERE [p].[ScheduleId] = @scheduleId
2026-08-28 10:34:17.261 +05:30 [INF] Executed DbCommand (1ms) [Parameters=[@scheduleId='?' (DbType = Int32)], CommandType='"Text"', CommandTimeout='30']
SELECT TOP(1) [p].[BehaviorLogId], [p].[BorrowerId], [p].[DaysLate], [p].[DueDate], [p].[LoanId], [p].[PaymentDate], [p].[PaymentStatus], [p].[RecordedAt], [p].[ScheduleId]
FROM [PaymentBehaviorLogs] AS [p]
WHERE [p].[ScheduleId] = @scheduleId
2026-08-28 10:34:17.271 +05:30 [INF] Executed DbCommand (1ms) [Parameters=[@scheduleId='?' (DbType = Int32)], CommandType='"Text"', CommandTimeout='30']
SELECT TOP(1) [p].[BehaviorLogId], [p].[BorrowerId], [p].[DaysLate], [p].[DueDate], [p].[LoanId], [p].[PaymentDate], [p].[PaymentStatus], [p].[RecordedAt], [p].[ScheduleId]
FROM [PaymentBehaviorLogs] AS [p]
WHERE [p].[ScheduleId] = @scheduleId
2026-08-28 10:34:17.280 +05:30 [INF] Executed DbCommand (2ms) [Parameters=[@scheduleId='?' (DbType = Int32)], CommandType='"Text"', CommandTimeout='30']
SELECT TOP(1) [p].[BehaviorLogId], [p].[BorrowerId], [p].[DaysLate], [p].[DueDate], [p].[LoanId], [p].[PaymentDate], [p].[PaymentStatus], [p].[RecordedAt], [p].[ScheduleId]
FROM [PaymentBehaviorLogs] AS [p]
WHERE [p].[ScheduleId] = @scheduleId
2026-08-28 10:34:17.296 +05:30 [INF] Executed DbCommand (2ms) [Parameters=[@scheduleId='?' (DbType = Int32)], CommandType='"Text"', CommandTimeout='30']
SELECT TOP(1) [p].[BehaviorLogId], [p].[BorrowerId], [p].[DaysLate], [p].[DueDate], [p].[LoanId], [p].[PaymentDate], [p].[PaymentStatus], [p].[RecordedAt], [p].[ScheduleId]
FROM [PaymentBehaviorLogs] AS [p]
WHERE [p].[ScheduleId] = @scheduleId
2026-08-28 10:34:17.302 +05:30 [INF] Executed DbCommand (1ms) [Parameters=[@scheduleId='?' (DbType = Int32)], CommandType='"Text"', CommandTimeout='30']
SELECT TOP(1) [p].[BehaviorLogId], [p].[BorrowerId], [p].[DaysLate], [p].[DueDate], [p].[LoanId], [p].[PaymentDate], [p].[PaymentStatus], [p].[RecordedAt], [p].[ScheduleId]
FROM [PaymentBehaviorLogs] AS [p]
WHERE [p].[ScheduleId] = @scheduleId
2026-08-28 10:34:17.315 +05:30 [INF] Executed DbCommand (1ms) [Parameters=[@scheduleId='?' (DbType = Int32)], CommandType='"Text"', CommandTimeout='30']
SELECT TOP(1) [p].[BehaviorLogId], [p].[BorrowerId], [p].[DaysLate], [p].[DueDate], [p].[LoanId], [p].[PaymentDate], [p].[PaymentStatus], [p].[RecordedAt], [p].[ScheduleId]
FROM [PaymentBehaviorLogs] AS [p]
WHERE [p].[ScheduleId] = @scheduleId
2026-08-28 10:34:17.326 +05:30 [INF] Executed DbCommand (4ms) [Parameters=[@scheduleId='?' (DbType = Int32)], CommandType='"Text"', CommandTimeout='30']
SELECT TOP(1) [p].[BehaviorLogId], [p].[BorrowerId], [p].[DaysLate], [p].[DueDate], [p].[LoanId], [p].[PaymentDate], [p].[PaymentStatus], [p].[RecordedAt], [p].[ScheduleId]
FROM [PaymentBehaviorLogs] AS [p]
WHERE [p].[ScheduleId] = @scheduleId
2026-08-28 10:34:17.334 +05:30 [INF] Executed DbCommand (1ms) [Parameters=[@scheduleId='?' (DbType = Int32)], CommandType='"Text"', CommandTimeout='30']
SELECT TOP(1) [p].[BehaviorLogId], [p].[BorrowerId], [p].[DaysLate], [p].[DueDate], [p].[LoanId], [p].[PaymentDate], [p].[PaymentStatus], [p].[RecordedAt], [p].[ScheduleId]
FROM [PaymentBehaviorLogs] AS [p]
WHERE [p].[ScheduleId] = @scheduleId
2026-08-28 10:34:17.349 +05:30 [INF] Executed DbCommand (1ms) [Parameters=[@scheduleId='?' (DbType = Int32)], CommandType='"Text"', CommandTimeout='30']
SELECT TOP(1) [p].[BehaviorLogId], [p].[BorrowerId], [p].[DaysLate], [p].[DueDate], [p].[LoanId], [p].[PaymentDate], [p].[PaymentStatus], [p].[RecordedAt], [p].[ScheduleId]
FROM [PaymentBehaviorLogs] AS [p]
WHERE [p].[ScheduleId] = @scheduleId
2026-08-28 10:34:17.364 +05:30 [INF] Executed DbCommand (1ms) [Parameters=[@scheduleId='?' (DbType = Int32)], CommandType='"Text"', CommandTimeout='30']
SELECT TOP(1) [p].[BehaviorLogId], [p].[BorrowerId], [p].[DaysLate], [p].[DueDate], [p].[LoanId], [p].[PaymentDate], [p].[PaymentStatus], [p].[RecordedAt], [p].[ScheduleId]
FROM [PaymentBehaviorLogs] AS [p]
WHERE [p].[ScheduleId] = @scheduleId
2026-08-28 10:34:17.538 +05:30 [INF] Executed DbCommand (7ms) [Parameters=[@scheduleId='?' (DbType = Int32)], CommandType='"Text"', CommandTimeout='30']
SELECT TOP(1) [p].[BehaviorLogId], [p].[BorrowerId], [p].[DaysLate], [p].[DueDate], [p].[LoanId], [p].[PaymentDate], [p].[PaymentStatus], [p].[RecordedAt], [p].[ScheduleId]
FROM [PaymentBehaviorLogs] AS [p]
WHERE [p].[ScheduleId] = @scheduleId
2026-08-28 10:34:17.549 +05:30 [INF] Executed DbCommand (1ms) [Parameters=[@scheduleId='?' (DbType = Int32)], CommandType='"Text"', CommandTimeout='30']
SELECT TOP(1) [p].[BehaviorLogId], [p].[BorrowerId], [p].[DaysLate], [p].[DueDate], [p].[LoanId], [p].[PaymentDate], [p].[PaymentStatus], [p].[RecordedAt], [p].[ScheduleId]
FROM [PaymentBehaviorLogs] AS [p]
WHERE [p].[ScheduleId] = @scheduleId
2026-08-28 10:34:17.561 +05:30 [INF] Executed DbCommand (4ms) [Parameters=[@scheduleId='?' (DbType = Int32)], CommandType='"Text"', CommandTimeout='30']
SELECT TOP(1) [p].[BehaviorLogId], [p].[BorrowerId], [p].[DaysLate], [p].[DueDate], [p].[LoanId], [p].[PaymentDate], [p].[PaymentStatus], [p].[RecordedAt], [p].[ScheduleId]
FROM [PaymentBehaviorLogs] AS [p]
WHERE [p].[ScheduleId] = @scheduleId
2026-08-28 10:34:17.570 +05:30 [INF] Executed DbCommand (1ms) [Parameters=[@scheduleId='?' (DbType = Int32)], CommandType='"Text"', CommandTimeout='30']
SELECT TOP(1) [p].[BehaviorLogId], [p].[BorrowerId], [p].[DaysLate], [p].[DueDate], [p].[LoanId], [p].[PaymentDate], [p].[PaymentStatus], [p].[RecordedAt], [p].[ScheduleId]
FROM [PaymentBehaviorLogs] AS [p]
WHERE [p].[ScheduleId] = @scheduleId
2026-08-28 10:34:17.586 +05:30 [INF] Executed DbCommand (1ms) [Parameters=[@scheduleId='?' (DbType = Int32)], CommandType='"Text"', CommandTimeout='30']
SELECT TOP(1) [p].[BehaviorLogId], [p].[BorrowerId], [p].[DaysLate], [p].[DueDate], [p].[LoanId], [p].[PaymentDate], [p].[PaymentStatus], [p].[RecordedAt], [p].[ScheduleId]
FROM [PaymentBehaviorLogs] AS [p]
WHERE [p].[ScheduleId] = @scheduleId
2026-08-28 10:34:17.602 +05:30 [INF] Executed DbCommand (1ms) [Parameters=[@scheduleId='?' (DbType = Int32)], CommandType='"Text"', CommandTimeout='30']
SELECT TOP(1) [p].[BehaviorLogId], [p].[BorrowerId], [p].[DaysLate], [p].[DueDate], [p].[LoanId], [p].[PaymentDate], [p].[PaymentStatus], [p].[RecordedAt], [p].[ScheduleId]
FROM [PaymentBehaviorLogs] AS [p]
WHERE [p].[ScheduleId] = @scheduleId
2026-08-28 10:34:17.621 +05:30 [INF] Executed DbCommand (1ms) [Parameters=[@scheduleId='?' (DbType = Int32)], CommandType='"Text"', CommandTimeout='30']
SELECT TOP(1) [p].[BehaviorLogId], [p].[BorrowerId], [p].[DaysLate], [p].[DueDate], [p].[LoanId], [p].[PaymentDate], [p].[PaymentStatus], [p].[RecordedAt], [p].[ScheduleId]
FROM [PaymentBehaviorLogs] AS [p]
WHERE [p].[ScheduleId] = @scheduleId
2026-08-28 10:34:17.651 +05:30 [INF] Executed DbCommand (1ms) [Parameters=[@scheduleId='?' (DbType = Int32)], CommandType='"Text"', CommandTimeout='30']
SELECT TOP(1) [p].[BehaviorLogId], [p].[BorrowerId], [p].[DaysLate], [p].[DueDate], [p].[LoanId], [p].[PaymentDate], [p].[PaymentStatus], [p].[RecordedAt], [p].[ScheduleId]
FROM [PaymentBehaviorLogs] AS [p]
WHERE [p].[ScheduleId] = @scheduleId
2026-08-28 10:34:17.680 +05:30 [INF] Executed DbCommand (2ms) [Parameters=[@scheduleId='?' (DbType = Int32)], CommandType='"Text"', CommandTimeout='30']
SELECT TOP(1) [p].[BehaviorLogId], [p].[BorrowerId], [p].[DaysLate], [p].[DueDate], [p].[LoanId], [p].[PaymentDate], [p].[PaymentStatus], [p].[RecordedAt], [p].[ScheduleId]
FROM [PaymentBehaviorLogs] AS [p]
WHERE [p].[ScheduleId] = @scheduleId
2026-08-28 10:34:17.721 +05:30 [INF] Executed DbCommand (1ms) [Parameters=[@scheduleId='?' (DbType = Int32)], CommandType='"Text"', CommandTimeout='30']
SELECT TOP(1) [p].[BehaviorLogId], [p].[BorrowerId], [p].[DaysLate], [p].[DueDate], [p].[LoanId], [p].[PaymentDate], [p].[PaymentStatus], [p].[RecordedAt], [p].[ScheduleId]
FROM [PaymentBehaviorLogs] AS [p]
WHERE [p].[ScheduleId] = @scheduleId
2026-08-28 10:34:17.750 +05:30 [INF] Executed DbCommand (1ms) [Parameters=[@scheduleId='?' (DbType = Int32)], CommandType='"Text"', CommandTimeout='30']
SELECT TOP(1) [p].[BehaviorLogId], [p].[BorrowerId], [p].[DaysLate], [p].[DueDate], [p].[LoanId], [p].[PaymentDate], [p].[PaymentStatus], [p].[RecordedAt], [p].[ScheduleId]
FROM [PaymentBehaviorLogs] AS [p]
WHERE [p].[ScheduleId] = @scheduleId
2026-08-28 10:34:17.771 +05:30 [INF] Executed DbCommand (1ms) [Parameters=[@scheduleId='?' (DbType = Int32)], CommandType='"Text"', CommandTimeout='30']
SELECT TOP(1) [p].[BehaviorLogId], [p].[BorrowerId], [p].[DaysLate], [p].[DueDate], [p].[LoanId], [p].[PaymentDate], [p].[PaymentStatus], [p].[RecordedAt], [p].[ScheduleId]
FROM [PaymentBehaviorLogs] AS [p]
WHERE [p].[ScheduleId] = @scheduleId
2026-08-28 10:34:17.783 +05:30 [INF] Executed DbCommand (2ms) [Parameters=[@scheduleId='?' (DbType = Int32)], CommandType='"Text"', CommandTimeout='30']
SELECT TOP(1) [p].[BehaviorLogId], [p].[BorrowerId], [p].[DaysLate], [p].[DueDate], [p].[LoanId], [p].[PaymentDate], [p].[PaymentStatus], [p].[RecordedAt], [p].[ScheduleId]
FROM [PaymentBehaviorLogs] AS [p]
WHERE [p].[ScheduleId] = @scheduleId
2026-08-28 10:34:17.801 +05:30 [INF] Executed DbCommand (2ms) [Parameters=[@scheduleId='?' (DbType = Int32)], CommandType='"Text"', CommandTimeout='30']
SELECT TOP(1) [p].[BehaviorLogId], [p].[BorrowerId], [p].[DaysLate], [p].[DueDate], [p].[LoanId], [p].[PaymentDate], [p].[PaymentStatus], [p].[RecordedAt], [p].[ScheduleId]
FROM [PaymentBehaviorLogs] AS [p]
WHERE [p].[ScheduleId] = @scheduleId
2026-08-28 10:34:17.814 +05:30 [INF] Executed DbCommand (1ms) [Parameters=[@scheduleId='?' (DbType = Int32)], CommandType='"Text"', CommandTimeout='30']
SELECT TOP(1) [p].[BehaviorLogId], [p].[BorrowerId], [p].[DaysLate], [p].[DueDate], [p].[LoanId], [p].[PaymentDate], [p].[PaymentStatus], [p].[RecordedAt], [p].[ScheduleId]
FROM [PaymentBehaviorLogs] AS [p]
WHERE [p].[ScheduleId] = @scheduleId
2026-08-28 10:34:17.853 +05:30 [INF] Executed DbCommand (1ms) [Parameters=[@scheduleId='?' (DbType = Int32)], CommandType='"Text"', CommandTimeout='30']
SELECT TOP(1) [p].[BehaviorLogId], [p].[BorrowerId], [p].[DaysLate], [p].[DueDate], [p].[LoanId], [p].[PaymentDate], [p].[PaymentStatus], [p].[RecordedAt], [p].[ScheduleId]
FROM [PaymentBehaviorLogs] AS [p]
WHERE [p].[ScheduleId] = @scheduleId
2026-08-28 10:34:17.882 +05:30 [INF] Executed DbCommand (1ms) [Parameters=[@scheduleId='?' (DbType = Int32)], CommandType='"Text"', CommandTimeout='30']
SELECT TOP(1) [p].[BehaviorLogId], [p].[BorrowerId], [p].[DaysLate], [p].[DueDate], [p].[LoanId], [p].[PaymentDate], [p].[PaymentStatus], [p].[RecordedAt], [p].[ScheduleId]
FROM [PaymentBehaviorLogs] AS [p]
WHERE [p].[ScheduleId] = @scheduleId
2026-08-28 10:34:17.915 +05:30 [INF] Executing OkObjectResult, writing value of type '<>f__AnonymousType7`2[[System.String, System.Private.CoreLib, Version=10.0.0.0, Culture=neutral, PublicKeyToken=7cec85d7bea7798e],[System.Int32, System.Private.CoreLib, Version=10.0.0.0, Culture=neutral, PublicKeyToken=7cec85d7bea7798e]]'.
2026-08-28 10:34:17.950 +05:30 [INF] Executed action LoanDeductionPrediction.API.Controllers.PaymentBehaviorController.ProcessOverduePayments (LoanDeductionPrediction.API) in 850.0347ms
2026-08-28 10:34:17.955 +05:30 [INF] Executed endpoint 'LoanDeductionPrediction.API.Controllers.PaymentBehaviorController.ProcessOverduePayments (LoanDeductionPrediction.API)'
2026-08-28 10:34:17.967 +05:30 [INF] HTTP POST /api/PaymentBehavior/process-overdue responded 200 in 1022.2874 ms
2026-08-28 10:34:17.981 +05:30 [INF] Request finished HTTP/1.1 POST http://localhost:5082/api/PaymentBehavior/process-overdue - 200 null application/json; charset=utf-8 1064.2861ms
2026-08-28 10:37:37.394 +05:30 [INF] Application is shutting down...
2026-08-28 10:42:37.562 +05:30 [WRN] No store type was specified for the decimal property 'InterestRate' on entity type 'LoanRequest'. This will cause values to be silently truncated if they do not fit in the default precision and scale. Explicitly specify the SQL server column type that can accommodate all the values in 'OnModelCreating' using 'HasColumnType', specify precision and scale using 'HasPrecision', or configure a value converter using 'HasConversion'.
2026-08-28 10:42:37.608 +05:30 [WRN] No store type was specified for the decimal property 'RequestedAmount' on entity type 'LoanRequest'. This will cause values to be silently truncated if they do not fit in the default precision and scale. Explicitly specify the SQL server column type that can accommodate all the values in 'OnModelCreating' using 'HasColumnType', specify precision and scale using 'HasPrecision', or configure a value converter using 'HasConversion'.
2026-08-28 10:42:37.909 +05:30 [INF] Executed DbCommand (15ms) [Parameters=[], CommandType='"Text"', CommandTimeout='30']
SELECT 1
2026-08-28 10:42:37.930 +05:30 [INF] Acquiring an exclusive lock for migration application. See https://aka.ms/efcore-docs-migrations-lock for more information if this takes too long.
2026-08-28 10:42:37.982 +05:30 [INF] Executed DbCommand (49ms) [Parameters=[], CommandType='"Text"', CommandTimeout='30']
DECLARE @result int;
EXEC @result = sp_getapplock @Resource = '__EFMigrationsLock', @LockOwner = 'Session', @LockMode = 'Exclusive';
SELECT @result
2026-08-28 10:42:38.056 +05:30 [INF] Executed DbCommand (12ms) [Parameters=[], CommandType='"Text"', CommandTimeout='30']
IF OBJECT_ID(N'[__EFMigrationsHistory]') IS NULL
BEGIN
    CREATE TABLE [__EFMigrationsHistory] (
        [MigrationId] nvarchar(150) NOT NULL,
        [ProductVersion] nvarchar(32) NOT NULL,
        CONSTRAINT [PK___EFMigrationsHistory] PRIMARY KEY ([MigrationId])
    );
END;
2026-08-28 10:42:38.069 +05:30 [INF] Executed DbCommand (1ms) [Parameters=[], CommandType='"Text"', CommandTimeout='30']
SELECT 1
2026-08-28 10:42:38.073 +05:30 [INF] Executed DbCommand (1ms) [Parameters=[], CommandType='"Text"', CommandTimeout='30']
SELECT OBJECT_ID(N'[__EFMigrationsHistory]');
2026-08-28 10:42:38.083 +05:30 [INF] Executed DbCommand (6ms) [Parameters=[], CommandType='"Text"', CommandTimeout='30']
SELECT [MigrationId], [ProductVersion]
FROM [__EFMigrationsHistory]
ORDER BY [MigrationId];
2026-08-28 10:42:38.094 +05:30 [INF] No migrations were applied. The database is already up to date.
2026-08-28 10:42:38.106 +05:30 [INF] Executed DbCommand (9ms) [Parameters=[], CommandType='"Text"', CommandTimeout='30']
DECLARE @result int;
EXEC @result = sp_releaseapplock @Resource = '__EFMigrationsLock', @LockOwner = 'Session';
SELECT @result
2026-08-28 10:42:38.295 +05:30 [INF] Executed DbCommand (6ms) [Parameters=[], CommandType='"Text"', CommandTimeout='30']
SELECT CASE
    WHEN EXISTS (
        SELECT 1
        FROM [Users] AS [u]
        WHERE [u].[Role] = N'Admin') THEN CAST(1 AS bit)
    ELSE CAST(0 AS bit)
END
2026-08-28 10:42:38.378 +05:30 [INF] User profile is available. Using 'C:\Users\thang\AppData\Local\ASP.NET\DataProtection-Keys' as key repository and Windows DPAPI to encrypt keys at rest.
2026-08-28 10:42:38.387 +05:30 [INF] Payment Behavior Background Service started.
2026-08-28 10:42:38.393 +05:30 [INF] ============================================
2026-08-28 10:42:38.400 +05:30 [INF] Starting overdue EMI processing.
2026-08-28 10:42:38.402 +05:30 [INF] System/Test Date: "2028-07-01"
2026-08-28 10:42:38.492 +05:30 [INF] Now listening on: http://localhost:5082
2026-08-28 10:42:38.493 +05:30 [INF] Application started. Press Ctrl+C to shut down.
2026-08-28 10:42:38.494 +05:30 [INF] Hosting environment: Development
2026-08-28 10:42:38.495 +05:30 [INF] Content root path: C:\Users\thang\OneDrive\Documents\React Projects\LoanDeductionPrediction\LoanDeductionPrediction.API
2026-08-28 10:42:38.554 +05:30 [INF] Executed DbCommand (26ms) [Parameters=[@today='?' (DbType = Date)], CommandType='"Text"', CommandTimeout='30']
SELECT [r].[ScheduleId], [r].[DueDate], [r].[EMIAmount], [r].[InstallmentNumber], [r].[InterestAmount], [r].[LoanId], [r].[PaidAmount], [r].[PaidDate], [r].[PrincipalAmount], [r].[Status]
FROM [RepaymentSchedules] AS [r]
WHERE [r].[DueDate] < @today AND [r].[PaidAmount] < [r].[EMIAmount] AND [r].[Status] <> N'PAID'
ORDER BY [r].[DueDate]
2026-08-28 10:42:38.612 +05:30 [INF] Found 36 overdue repayment schedules.
2026-08-28 10:42:38.613 +05:30 [INF] Processing ScheduleId=1, LoanId=1, DueDate="2026-09-27", CurrentStatus=PENDING, PaidAmount=0.00, EMI=4614.49
2026-08-28 10:42:38.647 +05:30 [INF] Executed DbCommand (16ms) [Parameters=[@loanId='?' (DbType = Int32)], CommandType='"Text"', CommandTimeout='30']
SELECT TOP(1) [l].[LoanId], [l].[BorrowerId], [l].[CreatedAt], [l].[EMIAmount], [l].[EndDate], [l].[InterestRate], [l].[LoanOfficerId], [l].[OutstandingAmount], [l].[PrincipalAmount], [l].[StartDate], [l].[Status], [l].[TenureMonths]
FROM [LoanAccounts] AS [l]
WHERE [l].[LoanId] = @loanId
2026-08-28 10:42:38.670 +05:30 [INF] Executed DbCommand (7ms) [Parameters=[@scheduleId='?' (DbType = Int32)], CommandType='"Text"', CommandTimeout='30']
SELECT TOP(1) [p].[BehaviorLogId], [p].[BorrowerId], [p].[DaysLate], [p].[DueDate], [p].[LoanId], [p].[PaymentDate], [p].[PaymentStatus], [p].[RecordedAt], [p].[ScheduleId]
FROM [PaymentBehaviorLogs] AS [p]
WHERE [p].[ScheduleId] = @scheduleId
2026-08-28 10:42:38.732 +05:30 [INF] Behavior log already exists for ScheduleId=1. Schedule marked as MISSED.
2026-08-28 10:42:38.734 +05:30 [INF] Processing ScheduleId=2, LoanId=1, DueDate="2026-10-27", CurrentStatus=PENDING, PaidAmount=0.00, EMI=4614.49
2026-08-28 10:42:38.739 +05:30 [INF] Executed DbCommand (1ms) [Parameters=[@loanId='?' (DbType = Int32)], CommandType='"Text"', CommandTimeout='30']
SELECT TOP(1) [l].[LoanId], [l].[BorrowerId], [l].[CreatedAt], [l].[EMIAmount], [l].[EndDate], [l].[InterestRate], [l].[LoanOfficerId], [l].[OutstandingAmount], [l].[PrincipalAmount], [l].[StartDate], [l].[Status], [l].[TenureMonths]
FROM [LoanAccounts] AS [l]
WHERE [l].[LoanId] = @loanId
2026-08-28 10:42:38.749 +05:30 [INF] Executed DbCommand (6ms) [Parameters=[@scheduleId='?' (DbType = Int32)], CommandType='"Text"', CommandTimeout='30']
SELECT TOP(1) [p].[BehaviorLogId], [p].[BorrowerId], [p].[DaysLate], [p].[DueDate], [p].[LoanId], [p].[PaymentDate], [p].[PaymentStatus], [p].[RecordedAt], [p].[ScheduleId]
FROM [PaymentBehaviorLogs] AS [p]
WHERE [p].[ScheduleId] = @scheduleId
2026-08-28 10:42:38.754 +05:30 [INF] Behavior log already exists for ScheduleId=2. Schedule marked as MISSED.
2026-08-28 10:42:38.757 +05:30 [INF] Processing ScheduleId=3, LoanId=1, DueDate="2026-11-27", CurrentStatus=PENDING, PaidAmount=0.00, EMI=4614.49
2026-08-28 10:42:38.761 +05:30 [INF] Executed DbCommand (1ms) [Parameters=[@loanId='?' (DbType = Int32)], CommandType='"Text"', CommandTimeout='30']
SELECT TOP(1) [l].[LoanId], [l].[BorrowerId], [l].[CreatedAt], [l].[EMIAmount], [l].[EndDate], [l].[InterestRate], [l].[LoanOfficerId], [l].[OutstandingAmount], [l].[PrincipalAmount], [l].[StartDate], [l].[Status], [l].[TenureMonths]
FROM [LoanAccounts] AS [l]
WHERE [l].[LoanId] = @loanId
2026-08-28 10:42:38.769 +05:30 [INF] Executed DbCommand (5ms) [Parameters=[@scheduleId='?' (DbType = Int32)], CommandType='"Text"', CommandTimeout='30']
SELECT TOP(1) [p].[BehaviorLogId], [p].[BorrowerId], [p].[DaysLate], [p].[DueDate], [p].[LoanId], [p].[PaymentDate], [p].[PaymentStatus], [p].[RecordedAt], [p].[ScheduleId]
FROM [PaymentBehaviorLogs] AS [p]
WHERE [p].[ScheduleId] = @scheduleId
2026-08-28 10:42:38.772 +05:30 [INF] Behavior log already exists for ScheduleId=3. Schedule marked as MISSED.
2026-08-28 10:42:38.776 +05:30 [INF] Processing ScheduleId=4, LoanId=1, DueDate="2026-12-27", CurrentStatus=PENDING, PaidAmount=0.00, EMI=4614.49
2026-08-28 10:42:38.830 +05:30 [INF] Executed DbCommand (48ms) [Parameters=[@loanId='?' (DbType = Int32)], CommandType='"Text"', CommandTimeout='30']
SELECT TOP(1) [l].[LoanId], [l].[BorrowerId], [l].[CreatedAt], [l].[EMIAmount], [l].[EndDate], [l].[InterestRate], [l].[LoanOfficerId], [l].[OutstandingAmount], [l].[PrincipalAmount], [l].[StartDate], [l].[Status], [l].[TenureMonths]
FROM [LoanAccounts] AS [l]
WHERE [l].[LoanId] = @loanId
2026-08-28 10:42:38.852 +05:30 [INF] Executed DbCommand (13ms) [Parameters=[@scheduleId='?' (DbType = Int32)], CommandType='"Text"', CommandTimeout='30']
SELECT TOP(1) [p].[BehaviorLogId], [p].[BorrowerId], [p].[DaysLate], [p].[DueDate], [p].[LoanId], [p].[PaymentDate], [p].[PaymentStatus], [p].[RecordedAt], [p].[ScheduleId]
FROM [PaymentBehaviorLogs] AS [p]
WHERE [p].[ScheduleId] = @scheduleId
2026-08-28 10:42:38.857 +05:30 [INF] Behavior log already exists for ScheduleId=4. Schedule marked as MISSED.
2026-08-28 10:42:38.858 +05:30 [INF] Processing ScheduleId=5, LoanId=1, DueDate="2027-01-27", CurrentStatus=PENDING, PaidAmount=0.00, EMI=4614.49
2026-08-28 10:42:38.861 +05:30 [INF] Executed DbCommand (1ms) [Parameters=[@loanId='?' (DbType = Int32)], CommandType='"Text"', CommandTimeout='30']
SELECT TOP(1) [l].[LoanId], [l].[BorrowerId], [l].[CreatedAt], [l].[EMIAmount], [l].[EndDate], [l].[InterestRate], [l].[LoanOfficerId], [l].[OutstandingAmount], [l].[PrincipalAmount], [l].[StartDate], [l].[Status], [l].[TenureMonths]
FROM [LoanAccounts] AS [l]
WHERE [l].[LoanId] = @loanId
2026-08-28 10:42:38.864 +05:30 [INF] Executed DbCommand (1ms) [Parameters=[@scheduleId='?' (DbType = Int32)], CommandType='"Text"', CommandTimeout='30']
SELECT TOP(1) [p].[BehaviorLogId], [p].[BorrowerId], [p].[DaysLate], [p].[DueDate], [p].[LoanId], [p].[PaymentDate], [p].[PaymentStatus], [p].[RecordedAt], [p].[ScheduleId]
FROM [PaymentBehaviorLogs] AS [p]
WHERE [p].[ScheduleId] = @scheduleId
2026-08-28 10:42:38.866 +05:30 [INF] Behavior log already exists for ScheduleId=5. Schedule marked as MISSED.
2026-08-28 10:42:38.867 +05:30 [INF] Processing ScheduleId=6, LoanId=1, DueDate="2027-02-27", CurrentStatus=PENDING, PaidAmount=0.00, EMI=4614.49
2026-08-28 10:42:38.870 +05:30 [INF] Executed DbCommand (1ms) [Parameters=[@loanId='?' (DbType = Int32)], CommandType='"Text"', CommandTimeout='30']
SELECT TOP(1) [l].[LoanId], [l].[BorrowerId], [l].[CreatedAt], [l].[EMIAmount], [l].[EndDate], [l].[InterestRate], [l].[LoanOfficerId], [l].[OutstandingAmount], [l].[PrincipalAmount], [l].[StartDate], [l].[Status], [l].[TenureMonths]
FROM [LoanAccounts] AS [l]
WHERE [l].[LoanId] = @loanId
2026-08-28 10:42:38.873 +05:30 [INF] Executed DbCommand (1ms) [Parameters=[@scheduleId='?' (DbType = Int32)], CommandType='"Text"', CommandTimeout='30']
SELECT TOP(1) [p].[BehaviorLogId], [p].[BorrowerId], [p].[DaysLate], [p].[DueDate], [p].[LoanId], [p].[PaymentDate], [p].[PaymentStatus], [p].[RecordedAt], [p].[ScheduleId]
FROM [PaymentBehaviorLogs] AS [p]
WHERE [p].[ScheduleId] = @scheduleId
2026-08-28 10:42:38.876 +05:30 [INF] Behavior log already exists for ScheduleId=6. Schedule marked as MISSED.
2026-08-28 10:42:38.877 +05:30 [INF] Processing ScheduleId=7, LoanId=1, DueDate="2027-03-27", CurrentStatus=PENDING, PaidAmount=0.00, EMI=4614.49
2026-08-28 10:42:38.882 +05:30 [INF] Executed DbCommand (1ms) [Parameters=[@loanId='?' (DbType = Int32)], CommandType='"Text"', CommandTimeout='30']
SELECT TOP(1) [l].[LoanId], [l].[BorrowerId], [l].[CreatedAt], [l].[EMIAmount], [l].[EndDate], [l].[InterestRate], [l].[LoanOfficerId], [l].[OutstandingAmount], [l].[PrincipalAmount], [l].[StartDate], [l].[Status], [l].[TenureMonths]
FROM [LoanAccounts] AS [l]
WHERE [l].[LoanId] = @loanId
2026-08-28 10:42:38.909 +05:30 [INF] Executed DbCommand (1ms) [Parameters=[@scheduleId='?' (DbType = Int32)], CommandType='"Text"', CommandTimeout='30']
SELECT TOP(1) [p].[BehaviorLogId], [p].[BorrowerId], [p].[DaysLate], [p].[DueDate], [p].[LoanId], [p].[PaymentDate], [p].[PaymentStatus], [p].[RecordedAt], [p].[ScheduleId]
FROM [PaymentBehaviorLogs] AS [p]
WHERE [p].[ScheduleId] = @scheduleId
2026-08-28 10:42:38.911 +05:30 [INF] Behavior log already exists for ScheduleId=7. Schedule marked as MISSED.
2026-08-28 10:42:38.912 +05:30 [INF] Processing ScheduleId=8, LoanId=1, DueDate="2027-04-27", CurrentStatus=PENDING, PaidAmount=0.00, EMI=4614.49
2026-08-28 10:42:38.916 +05:30 [INF] Executed DbCommand (1ms) [Parameters=[@loanId='?' (DbType = Int32)], CommandType='"Text"', CommandTimeout='30']
SELECT TOP(1) [l].[LoanId], [l].[BorrowerId], [l].[CreatedAt], [l].[EMIAmount], [l].[EndDate], [l].[InterestRate], [l].[LoanOfficerId], [l].[OutstandingAmount], [l].[PrincipalAmount], [l].[StartDate], [l].[Status], [l].[TenureMonths]
FROM [LoanAccounts] AS [l]
WHERE [l].[LoanId] = @loanId
2026-08-28 10:42:38.924 +05:30 [INF] Executed DbCommand (1ms) [Parameters=[@scheduleId='?' (DbType = Int32)], CommandType='"Text"', CommandTimeout='30']
SELECT TOP(1) [p].[BehaviorLogId], [p].[BorrowerId], [p].[DaysLate], [p].[DueDate], [p].[LoanId], [p].[PaymentDate], [p].[PaymentStatus], [p].[RecordedAt], [p].[ScheduleId]
FROM [PaymentBehaviorLogs] AS [p]
WHERE [p].[ScheduleId] = @scheduleId
2026-08-28 10:42:38.928 +05:30 [INF] Behavior log already exists for ScheduleId=8. Schedule marked as MISSED.
2026-08-28 10:42:38.929 +05:30 [INF] Processing ScheduleId=9, LoanId=1, DueDate="2027-05-27", CurrentStatus=PENDING, PaidAmount=0.00, EMI=4614.49
2026-08-28 10:42:38.933 +05:30 [INF] Executed DbCommand (1ms) [Parameters=[@loanId='?' (DbType = Int32)], CommandType='"Text"', CommandTimeout='30']
SELECT TOP(1) [l].[LoanId], [l].[BorrowerId], [l].[CreatedAt], [l].[EMIAmount], [l].[EndDate], [l].[InterestRate], [l].[LoanOfficerId], [l].[OutstandingAmount], [l].[PrincipalAmount], [l].[StartDate], [l].[Status], [l].[TenureMonths]
FROM [LoanAccounts] AS [l]
WHERE [l].[LoanId] = @loanId
2026-08-28 10:42:38.941 +05:30 [INF] Executed DbCommand (1ms) [Parameters=[@scheduleId='?' (DbType = Int32)], CommandType='"Text"', CommandTimeout='30']
SELECT TOP(1) [p].[BehaviorLogId], [p].[BorrowerId], [p].[DaysLate], [p].[DueDate], [p].[LoanId], [p].[PaymentDate], [p].[PaymentStatus], [p].[RecordedAt], [p].[ScheduleId]
FROM [PaymentBehaviorLogs] AS [p]
WHERE [p].[ScheduleId] = @scheduleId
2026-08-28 10:42:38.945 +05:30 [INF] Behavior log already exists for ScheduleId=9. Schedule marked as MISSED.
2026-08-28 10:42:38.946 +05:30 [INF] Processing ScheduleId=33, LoanId=2, DueDate="2027-05-27", CurrentStatus=PENDING, PaidAmount=0.00, EMI=55373.91
2026-08-28 10:42:38.950 +05:30 [INF] Executed DbCommand (1ms) [Parameters=[@loanId='?' (DbType = Int32)], CommandType='"Text"', CommandTimeout='30']
SELECT TOP(1) [l].[LoanId], [l].[BorrowerId], [l].[CreatedAt], [l].[EMIAmount], [l].[EndDate], [l].[InterestRate], [l].[LoanOfficerId], [l].[OutstandingAmount], [l].[PrincipalAmount], [l].[StartDate], [l].[Status], [l].[TenureMonths]
FROM [LoanAccounts] AS [l]
WHERE [l].[LoanId] = @loanId
2026-08-28 10:42:38.958 +05:30 [INF] Executed DbCommand (1ms) [Parameters=[@scheduleId='?' (DbType = Int32)], CommandType='"Text"', CommandTimeout='30']
SELECT TOP(1) [p].[BehaviorLogId], [p].[BorrowerId], [p].[DaysLate], [p].[DueDate], [p].[LoanId], [p].[PaymentDate], [p].[PaymentStatus], [p].[RecordedAt], [p].[ScheduleId]
FROM [PaymentBehaviorLogs] AS [p]
WHERE [p].[ScheduleId] = @scheduleId
2026-08-28 10:42:38.961 +05:30 [INF] Behavior log already exists for ScheduleId=33. Schedule marked as MISSED.
2026-08-28 10:42:38.963 +05:30 [INF] Processing ScheduleId=34, LoanId=2, DueDate="2027-06-27", CurrentStatus=PENDING, PaidAmount=0.00, EMI=55373.91
2026-08-28 10:42:38.967 +05:30 [INF] Executed DbCommand (1ms) [Parameters=[@loanId='?' (DbType = Int32)], CommandType='"Text"', CommandTimeout='30']
SELECT TOP(1) [l].[LoanId], [l].[BorrowerId], [l].[CreatedAt], [l].[EMIAmount], [l].[EndDate], [l].[InterestRate], [l].[LoanOfficerId], [l].[OutstandingAmount], [l].[PrincipalAmount], [l].[StartDate], [l].[Status], [l].[TenureMonths]
FROM [LoanAccounts] AS [l]
WHERE [l].[LoanId] = @loanId
2026-08-28 10:42:38.974 +05:30 [INF] Executed DbCommand (1ms) [Parameters=[@scheduleId='?' (DbType = Int32)], CommandType='"Text"', CommandTimeout='30']
SELECT TOP(1) [p].[BehaviorLogId], [p].[BorrowerId], [p].[DaysLate], [p].[DueDate], [p].[LoanId], [p].[PaymentDate], [p].[PaymentStatus], [p].[RecordedAt], [p].[ScheduleId]
FROM [PaymentBehaviorLogs] AS [p]
WHERE [p].[ScheduleId] = @scheduleId
2026-08-28 10:42:38.977 +05:30 [INF] Behavior log already exists for ScheduleId=34. Schedule marked as MISSED.
2026-08-28 10:42:38.979 +05:30 [INF] Processing ScheduleId=10, LoanId=1, DueDate="2027-06-27", CurrentStatus=PENDING, PaidAmount=0.00, EMI=4614.49
2026-08-28 10:42:38.982 +05:30 [INF] Executed DbCommand (1ms) [Parameters=[@loanId='?' (DbType = Int32)], CommandType='"Text"', CommandTimeout='30']
SELECT TOP(1) [l].[LoanId], [l].[BorrowerId], [l].[CreatedAt], [l].[EMIAmount], [l].[EndDate], [l].[InterestRate], [l].[LoanOfficerId], [l].[OutstandingAmount], [l].[PrincipalAmount], [l].[StartDate], [l].[Status], [l].[TenureMonths]
FROM [LoanAccounts] AS [l]
WHERE [l].[LoanId] = @loanId
2026-08-28 10:42:38.990 +05:30 [INF] Executed DbCommand (1ms) [Parameters=[@scheduleId='?' (DbType = Int32)], CommandType='"Text"', CommandTimeout='30']
SELECT TOP(1) [p].[BehaviorLogId], [p].[BorrowerId], [p].[DaysLate], [p].[DueDate], [p].[LoanId], [p].[PaymentDate], [p].[PaymentStatus], [p].[RecordedAt], [p].[ScheduleId]
FROM [PaymentBehaviorLogs] AS [p]
WHERE [p].[ScheduleId] = @scheduleId
2026-08-28 10:42:38.994 +05:30 [INF] Behavior log already exists for ScheduleId=10. Schedule marked as MISSED.
2026-08-28 10:42:38.995 +05:30 [INF] Processing ScheduleId=11, LoanId=1, DueDate="2027-07-27", CurrentStatus=PENDING, PaidAmount=0.00, EMI=4614.49
2026-08-28 10:42:38.998 +05:30 [INF] Executed DbCommand (1ms) [Parameters=[@loanId='?' (DbType = Int32)], CommandType='"Text"', CommandTimeout='30']
SELECT TOP(1) [l].[LoanId], [l].[BorrowerId], [l].[CreatedAt], [l].[EMIAmount], [l].[EndDate], [l].[InterestRate], [l].[LoanOfficerId], [l].[OutstandingAmount], [l].[PrincipalAmount], [l].[StartDate], [l].[Status], [l].[TenureMonths]
FROM [LoanAccounts] AS [l]
WHERE [l].[LoanId] = @loanId
2026-08-28 10:42:39.006 +05:30 [INF] Executed DbCommand (2ms) [Parameters=[@scheduleId='?' (DbType = Int32)], CommandType='"Text"', CommandTimeout='30']
SELECT TOP(1) [p].[BehaviorLogId], [p].[BorrowerId], [p].[DaysLate], [p].[DueDate], [p].[LoanId], [p].[PaymentDate], [p].[PaymentStatus], [p].[RecordedAt], [p].[ScheduleId]
FROM [PaymentBehaviorLogs] AS [p]
WHERE [p].[ScheduleId] = @scheduleId
2026-08-28 10:42:39.010 +05:30 [INF] Behavior log already exists for ScheduleId=11. Schedule marked as MISSED.
2026-08-28 10:42:39.011 +05:30 [INF] Processing ScheduleId=35, LoanId=2, DueDate="2027-07-27", CurrentStatus=PENDING, PaidAmount=0.00, EMI=55373.91
2026-08-28 10:42:39.015 +05:30 [INF] Executed DbCommand (1ms) [Parameters=[@loanId='?' (DbType = Int32)], CommandType='"Text"', CommandTimeout='30']
SELECT TOP(1) [l].[LoanId], [l].[BorrowerId], [l].[CreatedAt], [l].[EMIAmount], [l].[EndDate], [l].[InterestRate], [l].[LoanOfficerId], [l].[OutstandingAmount], [l].[PrincipalAmount], [l].[StartDate], [l].[Status], [l].[TenureMonths]
FROM [LoanAccounts] AS [l]
WHERE [l].[LoanId] = @loanId
2026-08-28 10:42:39.021 +05:30 [INF] Executed DbCommand (2ms) [Parameters=[@scheduleId='?' (DbType = Int32)], CommandType='"Text"', CommandTimeout='30']
SELECT TOP(1) [p].[BehaviorLogId], [p].[BorrowerId], [p].[DaysLate], [p].[DueDate], [p].[LoanId], [p].[PaymentDate], [p].[PaymentStatus], [p].[RecordedAt], [p].[ScheduleId]
FROM [PaymentBehaviorLogs] AS [p]
WHERE [p].[ScheduleId] = @scheduleId
2026-08-28 10:42:39.025 +05:30 [INF] Behavior log already exists for ScheduleId=35. Schedule marked as MISSED.
2026-08-28 10:42:39.026 +05:30 [INF] Processing ScheduleId=36, LoanId=2, DueDate="2027-08-27", CurrentStatus=PENDING, PaidAmount=0.00, EMI=55373.91
2026-08-28 10:42:39.030 +05:30 [INF] Executed DbCommand (1ms) [Parameters=[@loanId='?' (DbType = Int32)], CommandType='"Text"', CommandTimeout='30']
SELECT TOP(1) [l].[LoanId], [l].[BorrowerId], [l].[CreatedAt], [l].[EMIAmount], [l].[EndDate], [l].[InterestRate], [l].[LoanOfficerId], [l].[OutstandingAmount], [l].[PrincipalAmount], [l].[StartDate], [l].[Status], [l].[TenureMonths]
FROM [LoanAccounts] AS [l]
WHERE [l].[LoanId] = @loanId
2026-08-28 10:42:39.036 +05:30 [INF] Executed DbCommand (1ms) [Parameters=[@scheduleId='?' (DbType = Int32)], CommandType='"Text"', CommandTimeout='30']
SELECT TOP(1) [p].[BehaviorLogId], [p].[BorrowerId], [p].[DaysLate], [p].[DueDate], [p].[LoanId], [p].[PaymentDate], [p].[PaymentStatus], [p].[RecordedAt], [p].[ScheduleId]
FROM [PaymentBehaviorLogs] AS [p]
WHERE [p].[ScheduleId] = @scheduleId
2026-08-28 10:42:39.041 +05:30 [INF] Behavior log already exists for ScheduleId=36. Schedule marked as MISSED.
2026-08-28 10:42:39.043 +05:30 [INF] Processing ScheduleId=12, LoanId=1, DueDate="2027-08-27", CurrentStatus=PENDING, PaidAmount=0.00, EMI=4614.49
2026-08-28 10:42:39.048 +05:30 [INF] Executed DbCommand (1ms) [Parameters=[@loanId='?' (DbType = Int32)], CommandType='"Text"', CommandTimeout='30']
SELECT TOP(1) [l].[LoanId], [l].[BorrowerId], [l].[CreatedAt], [l].[EMIAmount], [l].[EndDate], [l].[InterestRate], [l].[LoanOfficerId], [l].[OutstandingAmount], [l].[PrincipalAmount], [l].[StartDate], [l].[Status], [l].[TenureMonths]
FROM [LoanAccounts] AS [l]
WHERE [l].[LoanId] = @loanId
2026-08-28 10:42:39.055 +05:30 [INF] Executed DbCommand (3ms) [Parameters=[@scheduleId='?' (DbType = Int32)], CommandType='"Text"', CommandTimeout='30']
SELECT TOP(1) [p].[BehaviorLogId], [p].[BorrowerId], [p].[DaysLate], [p].[DueDate], [p].[LoanId], [p].[PaymentDate], [p].[PaymentStatus], [p].[RecordedAt], [p].[ScheduleId]
FROM [PaymentBehaviorLogs] AS [p]
WHERE [p].[ScheduleId] = @scheduleId
2026-08-28 10:42:39.059 +05:30 [INF] Behavior log already exists for ScheduleId=12. Schedule marked as MISSED.
2026-08-28 10:42:39.061 +05:30 [INF] Processing ScheduleId=13, LoanId=1, DueDate="2027-09-27", CurrentStatus=PENDING, PaidAmount=0.00, EMI=4614.49
2026-08-28 10:42:39.087 +05:30 [INF] Executed DbCommand (1ms) [Parameters=[@loanId='?' (DbType = Int32)], CommandType='"Text"', CommandTimeout='30']
SELECT TOP(1) [l].[LoanId], [l].[BorrowerId], [l].[CreatedAt], [l].[EMIAmount], [l].[EndDate], [l].[InterestRate], [l].[LoanOfficerId], [l].[OutstandingAmount], [l].[PrincipalAmount], [l].[StartDate], [l].[Status], [l].[TenureMonths]
FROM [LoanAccounts] AS [l]
WHERE [l].[LoanId] = @loanId
2026-08-28 10:42:39.093 +05:30 [INF] Executed DbCommand (1ms) [Parameters=[@scheduleId='?' (DbType = Int32)], CommandType='"Text"', CommandTimeout='30']
SELECT TOP(1) [p].[BehaviorLogId], [p].[BorrowerId], [p].[DaysLate], [p].[DueDate], [p].[LoanId], [p].[PaymentDate], [p].[PaymentStatus], [p].[RecordedAt], [p].[ScheduleId]
FROM [PaymentBehaviorLogs] AS [p]
WHERE [p].[ScheduleId] = @scheduleId
2026-08-28 10:42:39.096 +05:30 [INF] Behavior log already exists for ScheduleId=13. Schedule marked as MISSED.
2026-08-28 10:42:39.110 +05:30 [INF] Processing ScheduleId=37, LoanId=2, DueDate="2027-09-27", CurrentStatus=PENDING, PaidAmount=0.00, EMI=55373.91
2026-08-28 10:42:39.114 +05:30 [INF] Executed DbCommand (1ms) [Parameters=[@loanId='?' (DbType = Int32)], CommandType='"Text"', CommandTimeout='30']
SELECT TOP(1) [l].[LoanId], [l].[BorrowerId], [l].[CreatedAt], [l].[EMIAmount], [l].[EndDate], [l].[InterestRate], [l].[LoanOfficerId], [l].[OutstandingAmount], [l].[PrincipalAmount], [l].[StartDate], [l].[Status], [l].[TenureMonths]
FROM [LoanAccounts] AS [l]
WHERE [l].[LoanId] = @loanId
2026-08-28 10:42:39.121 +05:30 [INF] Executed DbCommand (1ms) [Parameters=[@scheduleId='?' (DbType = Int32)], CommandType='"Text"', CommandTimeout='30']
SELECT TOP(1) [p].[BehaviorLogId], [p].[BorrowerId], [p].[DaysLate], [p].[DueDate], [p].[LoanId], [p].[PaymentDate], [p].[PaymentStatus], [p].[RecordedAt], [p].[ScheduleId]
FROM [PaymentBehaviorLogs] AS [p]
WHERE [p].[ScheduleId] = @scheduleId
2026-08-28 10:42:39.125 +05:30 [INF] Behavior log already exists for ScheduleId=37. Schedule marked as MISSED.
2026-08-28 10:42:39.126 +05:30 [INF] Processing ScheduleId=38, LoanId=2, DueDate="2027-10-27", CurrentStatus=PENDING, PaidAmount=0.00, EMI=55373.91
2026-08-28 10:42:39.130 +05:30 [INF] Executed DbCommand (1ms) [Parameters=[@loanId='?' (DbType = Int32)], CommandType='"Text"', CommandTimeout='30']
SELECT TOP(1) [l].[LoanId], [l].[BorrowerId], [l].[CreatedAt], [l].[EMIAmount], [l].[EndDate], [l].[InterestRate], [l].[LoanOfficerId], [l].[OutstandingAmount], [l].[PrincipalAmount], [l].[StartDate], [l].[Status], [l].[TenureMonths]
FROM [LoanAccounts] AS [l]
WHERE [l].[LoanId] = @loanId
2026-08-28 10:42:39.134 +05:30 [INF] Executed DbCommand (1ms) [Parameters=[@scheduleId='?' (DbType = Int32)], CommandType='"Text"', CommandTimeout='30']
SELECT TOP(1) [p].[BehaviorLogId], [p].[BorrowerId], [p].[DaysLate], [p].[DueDate], [p].[LoanId], [p].[PaymentDate], [p].[PaymentStatus], [p].[RecordedAt], [p].[ScheduleId]
FROM [PaymentBehaviorLogs] AS [p]
WHERE [p].[ScheduleId] = @scheduleId
2026-08-28 10:42:39.138 +05:30 [INF] Behavior log already exists for ScheduleId=38. Schedule marked as MISSED.
2026-08-28 10:42:39.140 +05:30 [INF] Processing ScheduleId=14, LoanId=1, DueDate="2027-10-27", CurrentStatus=PENDING, PaidAmount=0.00, EMI=4614.49
2026-08-28 10:42:39.144 +05:30 [INF] Executed DbCommand (1ms) [Parameters=[@loanId='?' (DbType = Int32)], CommandType='"Text"', CommandTimeout='30']
SELECT TOP(1) [l].[LoanId], [l].[BorrowerId], [l].[CreatedAt], [l].[EMIAmount], [l].[EndDate], [l].[InterestRate], [l].[LoanOfficerId], [l].[OutstandingAmount], [l].[PrincipalAmount], [l].[StartDate], [l].[Status], [l].[TenureMonths]
FROM [LoanAccounts] AS [l]
WHERE [l].[LoanId] = @loanId
2026-08-28 10:42:39.148 +05:30 [INF] Executed DbCommand (1ms) [Parameters=[@scheduleId='?' (DbType = Int32)], CommandType='"Text"', CommandTimeout='30']
SELECT TOP(1) [p].[BehaviorLogId], [p].[BorrowerId], [p].[DaysLate], [p].[DueDate], [p].[LoanId], [p].[PaymentDate], [p].[PaymentStatus], [p].[RecordedAt], [p].[ScheduleId]
FROM [PaymentBehaviorLogs] AS [p]
WHERE [p].[ScheduleId] = @scheduleId
2026-08-28 10:42:39.151 +05:30 [INF] Behavior log already exists for ScheduleId=14. Schedule marked as MISSED.
2026-08-28 10:42:39.155 +05:30 [INF] Processing ScheduleId=15, LoanId=1, DueDate="2027-11-27", CurrentStatus=PENDING, PaidAmount=0.00, EMI=4614.49
2026-08-28 10:42:39.159 +05:30 [INF] Executed DbCommand (1ms) [Parameters=[@loanId='?' (DbType = Int32)], CommandType='"Text"', CommandTimeout='30']
SELECT TOP(1) [l].[LoanId], [l].[BorrowerId], [l].[CreatedAt], [l].[EMIAmount], [l].[EndDate], [l].[InterestRate], [l].[LoanOfficerId], [l].[OutstandingAmount], [l].[PrincipalAmount], [l].[StartDate], [l].[Status], [l].[TenureMonths]
FROM [LoanAccounts] AS [l]
WHERE [l].[LoanId] = @loanId
2026-08-28 10:42:39.163 +05:30 [INF] Executed DbCommand (1ms) [Parameters=[@scheduleId='?' (DbType = Int32)], CommandType='"Text"', CommandTimeout='30']
SELECT TOP(1) [p].[BehaviorLogId], [p].[BorrowerId], [p].[DaysLate], [p].[DueDate], [p].[LoanId], [p].[PaymentDate], [p].[PaymentStatus], [p].[RecordedAt], [p].[ScheduleId]
FROM [PaymentBehaviorLogs] AS [p]
WHERE [p].[ScheduleId] = @scheduleId
2026-08-28 10:42:39.167 +05:30 [INF] Behavior log already exists for ScheduleId=15. Schedule marked as MISSED.
2026-08-28 10:42:39.171 +05:30 [INF] Processing ScheduleId=39, LoanId=2, DueDate="2027-11-27", CurrentStatus=PENDING, PaidAmount=0.00, EMI=55373.91
2026-08-28 10:42:39.177 +05:30 [INF] Executed DbCommand (1ms) [Parameters=[@loanId='?' (DbType = Int32)], CommandType='"Text"', CommandTimeout='30']
SELECT TOP(1) [l].[LoanId], [l].[BorrowerId], [l].[CreatedAt], [l].[EMIAmount], [l].[EndDate], [l].[InterestRate], [l].[LoanOfficerId], [l].[OutstandingAmount], [l].[PrincipalAmount], [l].[StartDate], [l].[Status], [l].[TenureMonths]
FROM [LoanAccounts] AS [l]
WHERE [l].[LoanId] = @loanId
2026-08-28 10:42:39.181 +05:30 [INF] Executed DbCommand (1ms) [Parameters=[@scheduleId='?' (DbType = Int32)], CommandType='"Text"', CommandTimeout='30']
SELECT TOP(1) [p].[BehaviorLogId], [p].[BorrowerId], [p].[DaysLate], [p].[DueDate], [p].[LoanId], [p].[PaymentDate], [p].[PaymentStatus], [p].[RecordedAt], [p].[ScheduleId]
FROM [PaymentBehaviorLogs] AS [p]
WHERE [p].[ScheduleId] = @scheduleId
2026-08-28 10:42:39.185 +05:30 [INF] Behavior log already exists for ScheduleId=39. Schedule marked as MISSED.
2026-08-28 10:42:39.189 +05:30 [INF] Processing ScheduleId=40, LoanId=2, DueDate="2027-12-27", CurrentStatus=PENDING, PaidAmount=0.00, EMI=55373.91
2026-08-28 10:42:39.194 +05:30 [INF] Executed DbCommand (1ms) [Parameters=[@loanId='?' (DbType = Int32)], CommandType='"Text"', CommandTimeout='30']
SELECT TOP(1) [l].[LoanId], [l].[BorrowerId], [l].[CreatedAt], [l].[EMIAmount], [l].[EndDate], [l].[InterestRate], [l].[LoanOfficerId], [l].[OutstandingAmount], [l].[PrincipalAmount], [l].[StartDate], [l].[Status], [l].[TenureMonths]
FROM [LoanAccounts] AS [l]
WHERE [l].[LoanId] = @loanId
2026-08-28 10:42:39.198 +05:30 [INF] Executed DbCommand (1ms) [Parameters=[@scheduleId='?' (DbType = Int32)], CommandType='"Text"', CommandTimeout='30']
SELECT TOP(1) [p].[BehaviorLogId], [p].[BorrowerId], [p].[DaysLate], [p].[DueDate], [p].[LoanId], [p].[PaymentDate], [p].[PaymentStatus], [p].[RecordedAt], [p].[ScheduleId]
FROM [PaymentBehaviorLogs] AS [p]
WHERE [p].[ScheduleId] = @scheduleId
2026-08-28 10:42:39.202 +05:30 [INF] Behavior log already exists for ScheduleId=40. Schedule marked as MISSED.
2026-08-28 10:42:39.206 +05:30 [INF] Processing ScheduleId=16, LoanId=1, DueDate="2027-12-27", CurrentStatus=PENDING, PaidAmount=0.00, EMI=4614.49
2026-08-28 10:42:39.211 +05:30 [INF] Executed DbCommand (1ms) [Parameters=[@loanId='?' (DbType = Int32)], CommandType='"Text"', CommandTimeout='30']
SELECT TOP(1) [l].[LoanId], [l].[BorrowerId], [l].[CreatedAt], [l].[EMIAmount], [l].[EndDate], [l].[InterestRate], [l].[LoanOfficerId], [l].[OutstandingAmount], [l].[PrincipalAmount], [l].[StartDate], [l].[Status], [l].[TenureMonths]
FROM [LoanAccounts] AS [l]
WHERE [l].[LoanId] = @loanId
2026-08-28 10:42:39.215 +05:30 [INF] Executed DbCommand (1ms) [Parameters=[@scheduleId='?' (DbType = Int32)], CommandType='"Text"', CommandTimeout='30']
SELECT TOP(1) [p].[BehaviorLogId], [p].[BorrowerId], [p].[DaysLate], [p].[DueDate], [p].[LoanId], [p].[PaymentDate], [p].[PaymentStatus], [p].[RecordedAt], [p].[ScheduleId]
FROM [PaymentBehaviorLogs] AS [p]
WHERE [p].[ScheduleId] = @scheduleId
2026-08-28 10:42:39.218 +05:30 [INF] Behavior log already exists for ScheduleId=16. Schedule marked as MISSED.
2026-08-28 10:42:39.223 +05:30 [INF] Processing ScheduleId=17, LoanId=1, DueDate="2028-01-27", CurrentStatus=PENDING, PaidAmount=0.00, EMI=4614.49
2026-08-28 10:42:39.230 +05:30 [INF] Executed DbCommand (1ms) [Parameters=[@loanId='?' (DbType = Int32)], CommandType='"Text"', CommandTimeout='30']
SELECT TOP(1) [l].[LoanId], [l].[BorrowerId], [l].[CreatedAt], [l].[EMIAmount], [l].[EndDate], [l].[InterestRate], [l].[LoanOfficerId], [l].[OutstandingAmount], [l].[PrincipalAmount], [l].[StartDate], [l].[Status], [l].[TenureMonths]
FROM [LoanAccounts] AS [l]
WHERE [l].[LoanId] = @loanId
2026-08-28 10:42:39.236 +05:30 [INF] Executed DbCommand (2ms) [Parameters=[@scheduleId='?' (DbType = Int32)], CommandType='"Text"', CommandTimeout='30']
SELECT TOP(1) [p].[BehaviorLogId], [p].[BorrowerId], [p].[DaysLate], [p].[DueDate], [p].[LoanId], [p].[PaymentDate], [p].[PaymentStatus], [p].[RecordedAt], [p].[ScheduleId]
FROM [PaymentBehaviorLogs] AS [p]
WHERE [p].[ScheduleId] = @scheduleId
2026-08-28 10:42:39.241 +05:30 [INF] Behavior log already exists for ScheduleId=17. Schedule marked as MISSED.
2026-08-28 10:42:39.243 +05:30 [INF] Processing ScheduleId=41, LoanId=2, DueDate="2028-01-27", CurrentStatus=PENDING, PaidAmount=0.00, EMI=55373.91
2026-08-28 10:42:39.246 +05:30 [INF] Executed DbCommand (1ms) [Parameters=[@loanId='?' (DbType = Int32)], CommandType='"Text"', CommandTimeout='30']
SELECT TOP(1) [l].[LoanId], [l].[BorrowerId], [l].[CreatedAt], [l].[EMIAmount], [l].[EndDate], [l].[InterestRate], [l].[LoanOfficerId], [l].[OutstandingAmount], [l].[PrincipalAmount], [l].[StartDate], [l].[Status], [l].[TenureMonths]
FROM [LoanAccounts] AS [l]
WHERE [l].[LoanId] = @loanId
2026-08-28 10:42:39.251 +05:30 [INF] Executed DbCommand (1ms) [Parameters=[@scheduleId='?' (DbType = Int32)], CommandType='"Text"', CommandTimeout='30']
SELECT TOP(1) [p].[BehaviorLogId], [p].[BorrowerId], [p].[DaysLate], [p].[DueDate], [p].[LoanId], [p].[PaymentDate], [p].[PaymentStatus], [p].[RecordedAt], [p].[ScheduleId]
FROM [PaymentBehaviorLogs] AS [p]
WHERE [p].[ScheduleId] = @scheduleId
2026-08-28 10:42:39.258 +05:30 [INF] Behavior log already exists for ScheduleId=41. Schedule marked as MISSED.
2026-08-28 10:42:39.260 +05:30 [INF] Processing ScheduleId=42, LoanId=2, DueDate="2028-02-27", CurrentStatus=PENDING, PaidAmount=0.00, EMI=55373.91
2026-08-28 10:42:39.265 +05:30 [INF] Executed DbCommand (1ms) [Parameters=[@loanId='?' (DbType = Int32)], CommandType='"Text"', CommandTimeout='30']
SELECT TOP(1) [l].[LoanId], [l].[BorrowerId], [l].[CreatedAt], [l].[EMIAmount], [l].[EndDate], [l].[InterestRate], [l].[LoanOfficerId], [l].[OutstandingAmount], [l].[PrincipalAmount], [l].[StartDate], [l].[Status], [l].[TenureMonths]
FROM [LoanAccounts] AS [l]
WHERE [l].[LoanId] = @loanId
2026-08-28 10:42:39.272 +05:30 [INF] Executed DbCommand (2ms) [Parameters=[@scheduleId='?' (DbType = Int32)], CommandType='"Text"', CommandTimeout='30']
SELECT TOP(1) [p].[BehaviorLogId], [p].[BorrowerId], [p].[DaysLate], [p].[DueDate], [p].[LoanId], [p].[PaymentDate], [p].[PaymentStatus], [p].[RecordedAt], [p].[ScheduleId]
FROM [PaymentBehaviorLogs] AS [p]
WHERE [p].[ScheduleId] = @scheduleId
2026-08-28 10:42:39.274 +05:30 [INF] Behavior log already exists for ScheduleId=42. Schedule marked as MISSED.
2026-08-28 10:42:39.276 +05:30 [INF] Processing ScheduleId=18, LoanId=1, DueDate="2028-02-27", CurrentStatus=PENDING, PaidAmount=0.00, EMI=4614.49
2026-08-28 10:42:39.280 +05:30 [INF] Executed DbCommand (1ms) [Parameters=[@loanId='?' (DbType = Int32)], CommandType='"Text"', CommandTimeout='30']
SELECT TOP(1) [l].[LoanId], [l].[BorrowerId], [l].[CreatedAt], [l].[EMIAmount], [l].[EndDate], [l].[InterestRate], [l].[LoanOfficerId], [l].[OutstandingAmount], [l].[PrincipalAmount], [l].[StartDate], [l].[Status], [l].[TenureMonths]
FROM [LoanAccounts] AS [l]
WHERE [l].[LoanId] = @loanId
2026-08-28 10:42:39.286 +05:30 [INF] Executed DbCommand (1ms) [Parameters=[@scheduleId='?' (DbType = Int32)], CommandType='"Text"', CommandTimeout='30']
SELECT TOP(1) [p].[BehaviorLogId], [p].[BorrowerId], [p].[DaysLate], [p].[DueDate], [p].[LoanId], [p].[PaymentDate], [p].[PaymentStatus], [p].[RecordedAt], [p].[ScheduleId]
FROM [PaymentBehaviorLogs] AS [p]
WHERE [p].[ScheduleId] = @scheduleId
2026-08-28 10:42:39.290 +05:30 [INF] Behavior log already exists for ScheduleId=18. Schedule marked as MISSED.
2026-08-28 10:42:39.292 +05:30 [INF] Processing ScheduleId=19, LoanId=1, DueDate="2028-03-27", CurrentStatus=PENDING, PaidAmount=0.00, EMI=4614.49
2026-08-28 10:42:39.297 +05:30 [INF] Executed DbCommand (1ms) [Parameters=[@loanId='?' (DbType = Int32)], CommandType='"Text"', CommandTimeout='30']
SELECT TOP(1) [l].[LoanId], [l].[BorrowerId], [l].[CreatedAt], [l].[EMIAmount], [l].[EndDate], [l].[InterestRate], [l].[LoanOfficerId], [l].[OutstandingAmount], [l].[PrincipalAmount], [l].[StartDate], [l].[Status], [l].[TenureMonths]
FROM [LoanAccounts] AS [l]
WHERE [l].[LoanId] = @loanId
2026-08-28 10:42:39.301 +05:30 [INF] Executed DbCommand (1ms) [Parameters=[@scheduleId='?' (DbType = Int32)], CommandType='"Text"', CommandTimeout='30']
SELECT TOP(1) [p].[BehaviorLogId], [p].[BorrowerId], [p].[DaysLate], [p].[DueDate], [p].[LoanId], [p].[PaymentDate], [p].[PaymentStatus], [p].[RecordedAt], [p].[ScheduleId]
FROM [PaymentBehaviorLogs] AS [p]
WHERE [p].[ScheduleId] = @scheduleId
2026-08-28 10:42:39.307 +05:30 [INF] Behavior log already exists for ScheduleId=19. Schedule marked as MISSED.
2026-08-28 10:42:39.308 +05:30 [INF] Processing ScheduleId=43, LoanId=2, DueDate="2028-03-27", CurrentStatus=PENDING, PaidAmount=0.00, EMI=55373.91
2026-08-28 10:42:39.313 +05:30 [INF] Executed DbCommand (1ms) [Parameters=[@loanId='?' (DbType = Int32)], CommandType='"Text"', CommandTimeout='30']
SELECT TOP(1) [l].[LoanId], [l].[BorrowerId], [l].[CreatedAt], [l].[EMIAmount], [l].[EndDate], [l].[InterestRate], [l].[LoanOfficerId], [l].[OutstandingAmount], [l].[PrincipalAmount], [l].[StartDate], [l].[Status], [l].[TenureMonths]
FROM [LoanAccounts] AS [l]
WHERE [l].[LoanId] = @loanId
2026-08-28 10:42:39.317 +05:30 [INF] Executed DbCommand (1ms) [Parameters=[@scheduleId='?' (DbType = Int32)], CommandType='"Text"', CommandTimeout='30']
SELECT TOP(1) [p].[BehaviorLogId], [p].[BorrowerId], [p].[DaysLate], [p].[DueDate], [p].[LoanId], [p].[PaymentDate], [p].[PaymentStatus], [p].[RecordedAt], [p].[ScheduleId]
FROM [PaymentBehaviorLogs] AS [p]
WHERE [p].[ScheduleId] = @scheduleId
2026-08-28 10:42:39.322 +05:30 [INF] Behavior log already exists for ScheduleId=43. Schedule marked as MISSED.
2026-08-28 10:42:39.324 +05:30 [INF] Processing ScheduleId=44, LoanId=2, DueDate="2028-04-27", CurrentStatus=PENDING, PaidAmount=0.00, EMI=55373.91
2026-08-28 10:42:39.329 +05:30 [INF] Executed DbCommand (1ms) [Parameters=[@loanId='?' (DbType = Int32)], CommandType='"Text"', CommandTimeout='30']
SELECT TOP(1) [l].[LoanId], [l].[BorrowerId], [l].[CreatedAt], [l].[EMIAmount], [l].[EndDate], [l].[InterestRate], [l].[LoanOfficerId], [l].[OutstandingAmount], [l].[PrincipalAmount], [l].[StartDate], [l].[Status], [l].[TenureMonths]
FROM [LoanAccounts] AS [l]
WHERE [l].[LoanId] = @loanId
2026-08-28 10:42:39.333 +05:30 [INF] Executed DbCommand (1ms) [Parameters=[@scheduleId='?' (DbType = Int32)], CommandType='"Text"', CommandTimeout='30']
SELECT TOP(1) [p].[BehaviorLogId], [p].[BorrowerId], [p].[DaysLate], [p].[DueDate], [p].[LoanId], [p].[PaymentDate], [p].[PaymentStatus], [p].[RecordedAt], [p].[ScheduleId]
FROM [PaymentBehaviorLogs] AS [p]
WHERE [p].[ScheduleId] = @scheduleId
2026-08-28 10:42:39.339 +05:30 [INF] Behavior log already exists for ScheduleId=44. Schedule marked as MISSED.
2026-08-28 10:42:39.340 +05:30 [INF] Processing ScheduleId=20, LoanId=1, DueDate="2028-04-27", CurrentStatus=PENDING, PaidAmount=0.00, EMI=4614.49
2026-08-28 10:42:39.344 +05:30 [INF] Executed DbCommand (1ms) [Parameters=[@loanId='?' (DbType = Int32)], CommandType='"Text"', CommandTimeout='30']
SELECT TOP(1) [l].[LoanId], [l].[BorrowerId], [l].[CreatedAt], [l].[EMIAmount], [l].[EndDate], [l].[InterestRate], [l].[LoanOfficerId], [l].[OutstandingAmount], [l].[PrincipalAmount], [l].[StartDate], [l].[Status], [l].[TenureMonths]
FROM [LoanAccounts] AS [l]
WHERE [l].[LoanId] = @loanId
2026-08-28 10:42:39.348 +05:30 [INF] Executed DbCommand (1ms) [Parameters=[@scheduleId='?' (DbType = Int32)], CommandType='"Text"', CommandTimeout='30']
SELECT TOP(1) [p].[BehaviorLogId], [p].[BorrowerId], [p].[DaysLate], [p].[DueDate], [p].[LoanId], [p].[PaymentDate], [p].[PaymentStatus], [p].[RecordedAt], [p].[ScheduleId]
FROM [PaymentBehaviorLogs] AS [p]
WHERE [p].[ScheduleId] = @scheduleId
2026-08-28 10:42:39.351 +05:30 [INF] Behavior log already exists for ScheduleId=20. Schedule marked as MISSED.
2026-08-28 10:42:39.353 +05:30 [INF] Processing ScheduleId=21, LoanId=1, DueDate="2028-05-27", CurrentStatus=PENDING, PaidAmount=0.00, EMI=4614.49
2026-08-28 10:42:39.359 +05:30 [INF] Executed DbCommand (1ms) [Parameters=[@loanId='?' (DbType = Int32)], CommandType='"Text"', CommandTimeout='30']
SELECT TOP(1) [l].[LoanId], [l].[BorrowerId], [l].[CreatedAt], [l].[EMIAmount], [l].[EndDate], [l].[InterestRate], [l].[LoanOfficerId], [l].[OutstandingAmount], [l].[PrincipalAmount], [l].[StartDate], [l].[Status], [l].[TenureMonths]
FROM [LoanAccounts] AS [l]
WHERE [l].[LoanId] = @loanId
2026-08-28 10:42:39.363 +05:30 [INF] Executed DbCommand (1ms) [Parameters=[@scheduleId='?' (DbType = Int32)], CommandType='"Text"', CommandTimeout='30']
SELECT TOP(1) [p].[BehaviorLogId], [p].[BorrowerId], [p].[DaysLate], [p].[DueDate], [p].[LoanId], [p].[PaymentDate], [p].[PaymentStatus], [p].[RecordedAt], [p].[ScheduleId]
FROM [PaymentBehaviorLogs] AS [p]
WHERE [p].[ScheduleId] = @scheduleId
2026-08-28 10:42:39.365 +05:30 [INF] Behavior log already exists for ScheduleId=21. Schedule marked as MISSED.
2026-08-28 10:42:39.367 +05:30 [INF] Processing ScheduleId=45, LoanId=2, DueDate="2028-05-27", CurrentStatus=PENDING, PaidAmount=0.00, EMI=55373.91
2026-08-28 10:42:39.373 +05:30 [INF] Executed DbCommand (1ms) [Parameters=[@loanId='?' (DbType = Int32)], CommandType='"Text"', CommandTimeout='30']
SELECT TOP(1) [l].[LoanId], [l].[BorrowerId], [l].[CreatedAt], [l].[EMIAmount], [l].[EndDate], [l].[InterestRate], [l].[LoanOfficerId], [l].[OutstandingAmount], [l].[PrincipalAmount], [l].[StartDate], [l].[Status], [l].[TenureMonths]
FROM [LoanAccounts] AS [l]
WHERE [l].[LoanId] = @loanId
2026-08-28 10:42:39.378 +05:30 [INF] Executed DbCommand (1ms) [Parameters=[@scheduleId='?' (DbType = Int32)], CommandType='"Text"', CommandTimeout='30']
SELECT TOP(1) [p].[BehaviorLogId], [p].[BorrowerId], [p].[DaysLate], [p].[DueDate], [p].[LoanId], [p].[PaymentDate], [p].[PaymentStatus], [p].[RecordedAt], [p].[ScheduleId]
FROM [PaymentBehaviorLogs] AS [p]
WHERE [p].[ScheduleId] = @scheduleId
2026-08-28 10:42:39.380 +05:30 [INF] Behavior log already exists for ScheduleId=45. Schedule marked as MISSED.
2026-08-28 10:42:39.381 +05:30 [INF] Processing ScheduleId=46, LoanId=2, DueDate="2028-06-27", CurrentStatus=PENDING, PaidAmount=0.00, EMI=55373.91
2026-08-28 10:42:39.386 +05:30 [INF] Executed DbCommand (1ms) [Parameters=[@loanId='?' (DbType = Int32)], CommandType='"Text"', CommandTimeout='30']
SELECT TOP(1) [l].[LoanId], [l].[BorrowerId], [l].[CreatedAt], [l].[EMIAmount], [l].[EndDate], [l].[InterestRate], [l].[LoanOfficerId], [l].[OutstandingAmount], [l].[PrincipalAmount], [l].[StartDate], [l].[Status], [l].[TenureMonths]
FROM [LoanAccounts] AS [l]
WHERE [l].[LoanId] = @loanId
2026-08-28 10:42:39.391 +05:30 [INF] Executed DbCommand (1ms) [Parameters=[@scheduleId='?' (DbType = Int32)], CommandType='"Text"', CommandTimeout='30']
SELECT TOP(1) [p].[BehaviorLogId], [p].[BorrowerId], [p].[DaysLate], [p].[DueDate], [p].[LoanId], [p].[PaymentDate], [p].[PaymentStatus], [p].[RecordedAt], [p].[ScheduleId]
FROM [PaymentBehaviorLogs] AS [p]
WHERE [p].[ScheduleId] = @scheduleId
2026-08-28 10:42:39.397 +05:30 [INF] Behavior log already exists for ScheduleId=46. Schedule marked as MISSED.
2026-08-28 10:42:39.398 +05:30 [INF] Processing ScheduleId=22, LoanId=1, DueDate="2028-06-27", CurrentStatus=PENDING, PaidAmount=0.00, EMI=4614.49
2026-08-28 10:42:39.405 +05:30 [INF] Executed DbCommand (3ms) [Parameters=[@loanId='?' (DbType = Int32)], CommandType='"Text"', CommandTimeout='30']
SELECT TOP(1) [l].[LoanId], [l].[BorrowerId], [l].[CreatedAt], [l].[EMIAmount], [l].[EndDate], [l].[InterestRate], [l].[LoanOfficerId], [l].[OutstandingAmount], [l].[PrincipalAmount], [l].[StartDate], [l].[Status], [l].[TenureMonths]
FROM [LoanAccounts] AS [l]
WHERE [l].[LoanId] = @loanId
2026-08-28 10:42:39.410 +05:30 [INF] Executed DbCommand (1ms) [Parameters=[@scheduleId='?' (DbType = Int32)], CommandType='"Text"', CommandTimeout='30']
SELECT TOP(1) [p].[BehaviorLogId], [p].[BorrowerId], [p].[DaysLate], [p].[DueDate], [p].[LoanId], [p].[PaymentDate], [p].[PaymentStatus], [p].[RecordedAt], [p].[ScheduleId]
FROM [PaymentBehaviorLogs] AS [p]
WHERE [p].[ScheduleId] = @scheduleId
2026-08-28 10:42:39.413 +05:30 [INF] Behavior log already exists for ScheduleId=22. Schedule marked as MISSED.
2026-08-28 10:42:39.414 +05:30 [INF] Finished overdue EMI processing.
2026-08-28 10:42:39.415 +05:30 [INF] Processed Count: 36
2026-08-28 10:42:39.416 +05:30 [INF] ============================================
2026-08-28 10:42:39.418 +05:30 [INF] Processed 36 overdue repayment schedules.
2026-08-28 10:43:02.214 +05:30 [INF] Request starting HTTP/1.1 GET http://localhost:5082/swagger/index.html - null null
2026-08-28 10:43:02.588 +05:30 [INF] HTTP GET /swagger/index.html responded 304 in 169.9672 ms
2026-08-28 10:43:02.597 +05:30 [INF] Request finished HTTP/1.1 GET http://localhost:5082/swagger/index.html - 304 null null 385.5351ms
2026-08-28 10:43:02.622 +05:30 [INF] Request starting HTTP/1.1 GET http://localhost:5082/swagger/index.css - null null
2026-08-28 10:43:02.622 +05:30 [INF] Request starting HTTP/1.1 GET http://localhost:5082/swagger/swagger-ui-bundle.js - null null
2026-08-28 10:43:02.624 +05:30 [INF] Request starting HTTP/1.1 GET http://localhost:5082/swagger/swagger-ui.css - null null
2026-08-28 10:43:02.627 +05:30 [INF] Request starting HTTP/1.1 GET http://localhost:5082/swagger/swagger-ui-standalone-preset.js - null null
2026-08-28 10:43:02.627 +05:30 [INF] Request starting HTTP/1.1 GET http://localhost:5082/swagger/index.js - null null
2026-08-28 10:43:02.672 +05:30 [INF] HTTP GET /swagger/swagger-ui-standalone-preset.js responded 304 in 3.1454 ms
2026-08-28 10:43:02.672 +05:30 [INF] HTTP GET /swagger/index.css responded 304 in 30.5631 ms
2026-08-28 10:43:02.672 +05:30 [INF] HTTP GET /swagger/swagger-ui.css responded 304 in 12.7147 ms
2026-08-28 10:43:02.683 +05:30 [INF] HTTP GET /swagger/swagger-ui-bundle.js responded 304 in 37.2536 ms
2026-08-28 10:43:02.685 +05:30 [INF] HTTP GET /swagger/index.js responded 304 in 1.3528 ms
2026-08-28 10:43:02.692 +05:30 [INF] Request finished HTTP/1.1 GET http://localhost:5082/swagger/swagger-ui-standalone-preset.js - 304 null null 65.2617ms
2026-08-28 10:43:02.695 +05:30 [INF] Request finished HTTP/1.1 GET http://localhost:5082/swagger/index.css - 304 null null 73.0745ms
2026-08-28 10:43:02.701 +05:30 [INF] Request finished HTTP/1.1 GET http://localhost:5082/swagger/swagger-ui.css - 304 null null 76.9413ms
2026-08-28 10:43:02.714 +05:30 [INF] Request finished HTTP/1.1 GET http://localhost:5082/swagger/swagger-ui-bundle.js - 304 null null 91.4288ms
2026-08-28 10:43:02.751 +05:30 [INF] Request finished HTTP/1.1 GET http://localhost:5082/swagger/index.js - 304 null null 123.6861ms
2026-08-28 10:43:02.829 +05:30 [INF] Request starting HTTP/1.1 GET http://localhost:5082/swagger/v1/swagger.json - null null
2026-08-28 10:43:03.154 +05:30 [INF] HTTP GET /swagger/v1/swagger.json responded 200 in 318.2119 ms
2026-08-28 10:43:03.165 +05:30 [INF] Request finished HTTP/1.1 GET http://localhost:5082/swagger/v1/swagger.json - 200 null application/json;charset=utf-8 335.8001ms
2026-08-28 10:43:32.241 +05:30 [INF] Request starting HTTP/1.1 POST http://localhost:5082/api/Auth/login - application/json 63
2026-08-28 10:43:32.274 +05:30 [WRN] Failed to determine the https port for redirect.
2026-08-28 10:43:32.298 +05:30 [INF] CORS policy execution successful.
2026-08-28 10:43:32.374 +05:30 [INF] Executing endpoint 'LoanDeductionPrediction.API.Controllers.AuthController.Login (LoanDeductionPrediction.API)'
2026-08-28 10:43:32.442 +05:30 [INF] Route matched with {action = "Login", controller = "Auth"}. Executing controller action with signature System.Threading.Tasks.Task`1[Microsoft.AspNetCore.Mvc.IActionResult] Login(LoanDeductionPrediction.Models.DTOs.LoginRequest) on controller LoanDeductionPrediction.API.Controllers.AuthController (LoanDeductionPrediction.API).
2026-08-28 10:43:32.717 +05:30 [WRN] You do not have a valid license key for the Lucky Penny software AutoMapper. This is allowed for development and testing scenarios. If you are running in production you are required to have a licensed version. Please visit https://luckypennysoftware.com to obtain a valid license.
2026-08-28 10:43:32.972 +05:30 [INF] Executed DbCommand (5ms) [Parameters=[@email='?' (Size = 150)], CommandType='"Text"', CommandTimeout='30']
SELECT TOP(1) [u].[UserId], [u].[CreatedAt], [u].[Email], [u].[FullName], [u].[IsActive], [u].[PasswordHash], [u].[Role]
FROM [Users] AS [u]
WHERE [u].[Email] = @email
2026-08-28 10:43:34.023 +05:30 [INF] Executed DbCommand (8ms) [Parameters=[@p0='?' (DbType = DateTime2), @p1='?' (DbType = DateTime2), @p2='?' (DbType = Boolean), @p3='?' (DbType = DateTime2), @p4='?' (Size = 500), @p5='?' (DbType = Int32)], CommandType='"Text"', CommandTimeout='30']
SET IMPLICIT_TRANSACTIONS OFF;
SET NOCOUNT ON;
INSERT INTO [RefreshTokens] ([CreatedAt], [ExpiresAt], [IsRevoked], [RevokedAt], [Token], [UserId])
OUTPUT INSERTED.[RefreshTokenId]
VALUES (@p0, @p1, @p2, @p3, @p4, @p5);
2026-08-28 10:43:34.088 +05:30 [INF] Executing OkObjectResult, writing value of type 'LoanDeductionPrediction.Models.DTOs.LoginResponse'.
2026-08-28 10:43:34.127 +05:30 [INF] Executed action LoanDeductionPrediction.API.Controllers.AuthController.Login (LoanDeductionPrediction.API) in 1668.795ms
2026-08-28 10:43:34.131 +05:30 [INF] Executed endpoint 'LoanDeductionPrediction.API.Controllers.AuthController.Login (LoanDeductionPrediction.API)'
2026-08-28 10:43:34.146 +05:30 [INF] HTTP POST /api/Auth/login responded 200 in 1873.5303 ms
2026-08-28 10:43:34.167 +05:30 [INF] Request finished HTTP/1.1 POST http://localhost:5082/api/Auth/login - 200 null application/json; charset=utf-8 1926.7708ms
2026-08-28 10:44:11.508 +05:30 [INF] Request starting HTTP/1.1 POST http://localhost:5082/api/PaymentBehavior/process-overdue - null 0
2026-08-28 10:44:11.540 +05:30 [INF] CORS policy execution successful.
2026-08-28 10:44:11.683 +05:30 [INF] Executing endpoint 'LoanDeductionPrediction.API.Controllers.PaymentBehaviorController.ProcessOverduePayments (LoanDeductionPrediction.API)'
2026-08-28 10:44:11.704 +05:30 [INF] Route matched with {action = "ProcessOverduePayments", controller = "PaymentBehavior"}. Executing controller action with signature System.Threading.Tasks.Task`1[Microsoft.AspNetCore.Mvc.IActionResult] ProcessOverduePayments() on controller LoanDeductionPrediction.API.Controllers.PaymentBehaviorController (LoanDeductionPrediction.API).
2026-08-28 10:44:11.714 +05:30 [INF] ============================================
2026-08-28 10:44:11.722 +05:30 [INF] Starting overdue EMI processing.
2026-08-28 10:44:11.735 +05:30 [INF] System/Test Date: "2028-07-01"
2026-08-28 10:44:11.772 +05:30 [INF] Executed DbCommand (26ms) [Parameters=[@today='?' (DbType = Date)], CommandType='"Text"', CommandTimeout='30']
SELECT [r].[ScheduleId], [r].[DueDate], [r].[EMIAmount], [r].[InstallmentNumber], [r].[InterestAmount], [r].[LoanId], [r].[PaidAmount], [r].[PaidDate], [r].[PrincipalAmount], [r].[Status]
FROM [RepaymentSchedules] AS [r]
WHERE [r].[DueDate] < @today AND [r].[PaidAmount] < [r].[EMIAmount] AND [r].[Status] <> N'PAID'
ORDER BY [r].[DueDate]
2026-08-28 10:44:11.785 +05:30 [INF] Found 36 overdue repayment schedules.
2026-08-28 10:44:11.790 +05:30 [INF] Processing ScheduleId=1, LoanId=1, DueDate="2026-09-27", CurrentStatus=PENDING, PaidAmount=0.00, EMI=4614.49
2026-08-28 10:44:11.805 +05:30 [INF] Executed DbCommand (3ms) [Parameters=[@loanId='?' (DbType = Int32)], CommandType='"Text"', CommandTimeout='30']
SELECT TOP(1) [l].[LoanId], [l].[BorrowerId], [l].[CreatedAt], [l].[EMIAmount], [l].[EndDate], [l].[InterestRate], [l].[LoanOfficerId], [l].[OutstandingAmount], [l].[PrincipalAmount], [l].[StartDate], [l].[Status], [l].[TenureMonths]
FROM [LoanAccounts] AS [l]
WHERE [l].[LoanId] = @loanId
2026-08-28 10:44:11.821 +05:30 [INF] Executed DbCommand (7ms) [Parameters=[@scheduleId='?' (DbType = Int32)], CommandType='"Text"', CommandTimeout='30']
SELECT TOP(1) [p].[BehaviorLogId], [p].[BorrowerId], [p].[DaysLate], [p].[DueDate], [p].[LoanId], [p].[PaymentDate], [p].[PaymentStatus], [p].[RecordedAt], [p].[ScheduleId]
FROM [PaymentBehaviorLogs] AS [p]
WHERE [p].[ScheduleId] = @scheduleId
2026-08-28 10:44:11.827 +05:30 [INF] Behavior log already exists for ScheduleId=1. Schedule marked as MISSED.
2026-08-28 10:44:11.829 +05:30 [INF] Processing ScheduleId=2, LoanId=1, DueDate="2026-10-27", CurrentStatus=PENDING, PaidAmount=0.00, EMI=4614.49
2026-08-28 10:44:11.836 +05:30 [INF] Executed DbCommand (1ms) [Parameters=[@loanId='?' (DbType = Int32)], CommandType='"Text"', CommandTimeout='30']
SELECT TOP(1) [l].[LoanId], [l].[BorrowerId], [l].[CreatedAt], [l].[EMIAmount], [l].[EndDate], [l].[InterestRate], [l].[LoanOfficerId], [l].[OutstandingAmount], [l].[PrincipalAmount], [l].[StartDate], [l].[Status], [l].[TenureMonths]
FROM [LoanAccounts] AS [l]
WHERE [l].[LoanId] = @loanId
2026-08-28 10:44:11.845 +05:30 [INF] Executed DbCommand (1ms) [Parameters=[@scheduleId='?' (DbType = Int32)], CommandType='"Text"', CommandTimeout='30']
SELECT TOP(1) [p].[BehaviorLogId], [p].[BorrowerId], [p].[DaysLate], [p].[DueDate], [p].[LoanId], [p].[PaymentDate], [p].[PaymentStatus], [p].[RecordedAt], [p].[ScheduleId]
FROM [PaymentBehaviorLogs] AS [p]
WHERE [p].[ScheduleId] = @scheduleId
2026-08-28 10:44:11.852 +05:30 [INF] Behavior log already exists for ScheduleId=2. Schedule marked as MISSED.
2026-08-28 10:44:11.855 +05:30 [INF] Processing ScheduleId=3, LoanId=1, DueDate="2026-11-27", CurrentStatus=PENDING, PaidAmount=0.00, EMI=4614.49
2026-08-28 10:44:11.864 +05:30 [INF] Executed DbCommand (1ms) [Parameters=[@loanId='?' (DbType = Int32)], CommandType='"Text"', CommandTimeout='30']
SELECT TOP(1) [l].[LoanId], [l].[BorrowerId], [l].[CreatedAt], [l].[EMIAmount], [l].[EndDate], [l].[InterestRate], [l].[LoanOfficerId], [l].[OutstandingAmount], [l].[PrincipalAmount], [l].[StartDate], [l].[Status], [l].[TenureMonths]
FROM [LoanAccounts] AS [l]
WHERE [l].[LoanId] = @loanId
2026-08-28 10:44:11.874 +05:30 [INF] Executed DbCommand (3ms) [Parameters=[@scheduleId='?' (DbType = Int32)], CommandType='"Text"', CommandTimeout='30']
SELECT TOP(1) [p].[BehaviorLogId], [p].[BorrowerId], [p].[DaysLate], [p].[DueDate], [p].[LoanId], [p].[PaymentDate], [p].[PaymentStatus], [p].[RecordedAt], [p].[ScheduleId]
FROM [PaymentBehaviorLogs] AS [p]
WHERE [p].[ScheduleId] = @scheduleId
2026-08-28 10:44:11.880 +05:30 [INF] Behavior log already exists for ScheduleId=3. Schedule marked as MISSED.
2026-08-28 10:44:11.882 +05:30 [INF] Processing ScheduleId=4, LoanId=1, DueDate="2026-12-27", CurrentStatus=PENDING, PaidAmount=0.00, EMI=4614.49
2026-08-28 10:44:11.895 +05:30 [INF] Executed DbCommand (1ms) [Parameters=[@loanId='?' (DbType = Int32)], CommandType='"Text"', CommandTimeout='30']
SELECT TOP(1) [l].[LoanId], [l].[BorrowerId], [l].[CreatedAt], [l].[EMIAmount], [l].[EndDate], [l].[InterestRate], [l].[LoanOfficerId], [l].[OutstandingAmount], [l].[PrincipalAmount], [l].[StartDate], [l].[Status], [l].[TenureMonths]
FROM [LoanAccounts] AS [l]
WHERE [l].[LoanId] = @loanId
2026-08-28 10:44:11.908 +05:30 [INF] Executed DbCommand (1ms) [Parameters=[@scheduleId='?' (DbType = Int32)], CommandType='"Text"', CommandTimeout='30']
SELECT TOP(1) [p].[BehaviorLogId], [p].[BorrowerId], [p].[DaysLate], [p].[DueDate], [p].[LoanId], [p].[PaymentDate], [p].[PaymentStatus], [p].[RecordedAt], [p].[ScheduleId]
FROM [PaymentBehaviorLogs] AS [p]
WHERE [p].[ScheduleId] = @scheduleId
2026-08-28 10:44:11.915 +05:30 [INF] Behavior log already exists for ScheduleId=4. Schedule marked as MISSED.
2026-08-28 10:44:11.918 +05:30 [INF] Processing ScheduleId=5, LoanId=1, DueDate="2027-01-27", CurrentStatus=PENDING, PaidAmount=0.00, EMI=4614.49
2026-08-28 10:44:11.929 +05:30 [INF] Executed DbCommand (1ms) [Parameters=[@loanId='?' (DbType = Int32)], CommandType='"Text"', CommandTimeout='30']
SELECT TOP(1) [l].[LoanId], [l].[BorrowerId], [l].[CreatedAt], [l].[EMIAmount], [l].[EndDate], [l].[InterestRate], [l].[LoanOfficerId], [l].[OutstandingAmount], [l].[PrincipalAmount], [l].[StartDate], [l].[Status], [l].[TenureMonths]
FROM [LoanAccounts] AS [l]
WHERE [l].[LoanId] = @loanId
2026-08-28 10:44:11.946 +05:30 [INF] Executed DbCommand (1ms) [Parameters=[@scheduleId='?' (DbType = Int32)], CommandType='"Text"', CommandTimeout='30']
SELECT TOP(1) [p].[BehaviorLogId], [p].[BorrowerId], [p].[DaysLate], [p].[DueDate], [p].[LoanId], [p].[PaymentDate], [p].[PaymentStatus], [p].[RecordedAt], [p].[ScheduleId]
FROM [PaymentBehaviorLogs] AS [p]
WHERE [p].[ScheduleId] = @scheduleId
2026-08-28 10:44:11.963 +05:30 [INF] Behavior log already exists for ScheduleId=5. Schedule marked as MISSED.
2026-08-28 10:44:11.970 +05:30 [INF] Processing ScheduleId=6, LoanId=1, DueDate="2027-02-27", CurrentStatus=PENDING, PaidAmount=0.00, EMI=4614.49
2026-08-28 10:44:11.998 +05:30 [INF] Executed DbCommand (8ms) [Parameters=[@loanId='?' (DbType = Int32)], CommandType='"Text"', CommandTimeout='30']
SELECT TOP(1) [l].[LoanId], [l].[BorrowerId], [l].[CreatedAt], [l].[EMIAmount], [l].[EndDate], [l].[InterestRate], [l].[LoanOfficerId], [l].[OutstandingAmount], [l].[PrincipalAmount], [l].[StartDate], [l].[Status], [l].[TenureMonths]
FROM [LoanAccounts] AS [l]
WHERE [l].[LoanId] = @loanId
2026-08-28 10:44:12.039 +05:30 [INF] Executed DbCommand (8ms) [Parameters=[@scheduleId='?' (DbType = Int32)], CommandType='"Text"', CommandTimeout='30']
SELECT TOP(1) [p].[BehaviorLogId], [p].[BorrowerId], [p].[DaysLate], [p].[DueDate], [p].[LoanId], [p].[PaymentDate], [p].[PaymentStatus], [p].[RecordedAt], [p].[ScheduleId]
FROM [PaymentBehaviorLogs] AS [p]
WHERE [p].[ScheduleId] = @scheduleId
2026-08-28 10:44:12.088 +05:30 [INF] Behavior log already exists for ScheduleId=6. Schedule marked as MISSED.
2026-08-28 10:44:12.170 +05:30 [INF] Processing ScheduleId=7, LoanId=1, DueDate="2027-03-27", CurrentStatus=PENDING, PaidAmount=0.00, EMI=4614.49
2026-08-28 10:44:12.308 +05:30 [INF] Executed DbCommand (3ms) [Parameters=[@loanId='?' (DbType = Int32)], CommandType='"Text"', CommandTimeout='30']
SELECT TOP(1) [l].[LoanId], [l].[BorrowerId], [l].[CreatedAt], [l].[EMIAmount], [l].[EndDate], [l].[InterestRate], [l].[LoanOfficerId], [l].[OutstandingAmount], [l].[PrincipalAmount], [l].[StartDate], [l].[Status], [l].[TenureMonths]
FROM [LoanAccounts] AS [l]
WHERE [l].[LoanId] = @loanId
2026-08-28 10:44:12.342 +05:30 [INF] Executed DbCommand (4ms) [Parameters=[@scheduleId='?' (DbType = Int32)], CommandType='"Text"', CommandTimeout='30']
SELECT TOP(1) [p].[BehaviorLogId], [p].[BorrowerId], [p].[DaysLate], [p].[DueDate], [p].[LoanId], [p].[PaymentDate], [p].[PaymentStatus], [p].[RecordedAt], [p].[ScheduleId]
FROM [PaymentBehaviorLogs] AS [p]
WHERE [p].[ScheduleId] = @scheduleId
2026-08-28 10:44:12.358 +05:30 [INF] Behavior log already exists for ScheduleId=7. Schedule marked as MISSED.
2026-08-28 10:44:12.362 +05:30 [INF] Processing ScheduleId=8, LoanId=1, DueDate="2027-04-27", CurrentStatus=PENDING, PaidAmount=0.00, EMI=4614.49
2026-08-28 10:44:12.379 +05:30 [INF] Executed DbCommand (7ms) [Parameters=[@loanId='?' (DbType = Int32)], CommandType='"Text"', CommandTimeout='30']
SELECT TOP(1) [l].[LoanId], [l].[BorrowerId], [l].[CreatedAt], [l].[EMIAmount], [l].[EndDate], [l].[InterestRate], [l].[LoanOfficerId], [l].[OutstandingAmount], [l].[PrincipalAmount], [l].[StartDate], [l].[Status], [l].[TenureMonths]
FROM [LoanAccounts] AS [l]
WHERE [l].[LoanId] = @loanId
2026-08-28 10:44:12.394 +05:30 [INF] Executed DbCommand (1ms) [Parameters=[@scheduleId='?' (DbType = Int32)], CommandType='"Text"', CommandTimeout='30']
SELECT TOP(1) [p].[BehaviorLogId], [p].[BorrowerId], [p].[DaysLate], [p].[DueDate], [p].[LoanId], [p].[PaymentDate], [p].[PaymentStatus], [p].[RecordedAt], [p].[ScheduleId]
FROM [PaymentBehaviorLogs] AS [p]
WHERE [p].[ScheduleId] = @scheduleId
2026-08-28 10:44:12.401 +05:30 [INF] Behavior log already exists for ScheduleId=8. Schedule marked as MISSED.
2026-08-28 10:44:12.410 +05:30 [INF] Processing ScheduleId=9, LoanId=1, DueDate="2027-05-27", CurrentStatus=PENDING, PaidAmount=0.00, EMI=4614.49
2026-08-28 10:44:12.419 +05:30 [INF] Executed DbCommand (1ms) [Parameters=[@loanId='?' (DbType = Int32)], CommandType='"Text"', CommandTimeout='30']
SELECT TOP(1) [l].[LoanId], [l].[BorrowerId], [l].[CreatedAt], [l].[EMIAmount], [l].[EndDate], [l].[InterestRate], [l].[LoanOfficerId], [l].[OutstandingAmount], [l].[PrincipalAmount], [l].[StartDate], [l].[Status], [l].[TenureMonths]
FROM [LoanAccounts] AS [l]
WHERE [l].[LoanId] = @loanId
2026-08-28 10:44:12.466 +05:30 [INF] Executed DbCommand (10ms) [Parameters=[@scheduleId='?' (DbType = Int32)], CommandType='"Text"', CommandTimeout='30']
SELECT TOP(1) [p].[BehaviorLogId], [p].[BorrowerId], [p].[DaysLate], [p].[DueDate], [p].[LoanId], [p].[PaymentDate], [p].[PaymentStatus], [p].[RecordedAt], [p].[ScheduleId]
FROM [PaymentBehaviorLogs] AS [p]
WHERE [p].[ScheduleId] = @scheduleId
2026-08-28 10:44:12.496 +05:30 [INF] Behavior log already exists for ScheduleId=9. Schedule marked as MISSED.
2026-08-28 10:44:12.515 +05:30 [INF] Processing ScheduleId=33, LoanId=2, DueDate="2027-05-27", CurrentStatus=PENDING, PaidAmount=0.00, EMI=55373.91
2026-08-28 10:44:12.678 +05:30 [INF] Executed DbCommand (6ms) [Parameters=[@loanId='?' (DbType = Int32)], CommandType='"Text"', CommandTimeout='30']
SELECT TOP(1) [l].[LoanId], [l].[BorrowerId], [l].[CreatedAt], [l].[EMIAmount], [l].[EndDate], [l].[InterestRate], [l].[LoanOfficerId], [l].[OutstandingAmount], [l].[PrincipalAmount], [l].[StartDate], [l].[Status], [l].[TenureMonths]
FROM [LoanAccounts] AS [l]
WHERE [l].[LoanId] = @loanId
2026-08-28 10:44:12.858 +05:30 [INF] Executed DbCommand (7ms) [Parameters=[@scheduleId='?' (DbType = Int32)], CommandType='"Text"', CommandTimeout='30']
SELECT TOP(1) [p].[BehaviorLogId], [p].[BorrowerId], [p].[DaysLate], [p].[DueDate], [p].[LoanId], [p].[PaymentDate], [p].[PaymentStatus], [p].[RecordedAt], [p].[ScheduleId]
FROM [PaymentBehaviorLogs] AS [p]
WHERE [p].[ScheduleId] = @scheduleId
2026-08-28 10:44:12.866 +05:30 [INF] Behavior log already exists for ScheduleId=33. Schedule marked as MISSED.
2026-08-28 10:44:12.869 +05:30 [INF] Processing ScheduleId=34, LoanId=2, DueDate="2027-06-27", CurrentStatus=PENDING, PaidAmount=0.00, EMI=55373.91
2026-08-28 10:44:12.883 +05:30 [INF] Executed DbCommand (3ms) [Parameters=[@loanId='?' (DbType = Int32)], CommandType='"Text"', CommandTimeout='30']
SELECT TOP(1) [l].[LoanId], [l].[BorrowerId], [l].[CreatedAt], [l].[EMIAmount], [l].[EndDate], [l].[InterestRate], [l].[LoanOfficerId], [l].[OutstandingAmount], [l].[PrincipalAmount], [l].[StartDate], [l].[Status], [l].[TenureMonths]
FROM [LoanAccounts] AS [l]
WHERE [l].[LoanId] = @loanId
2026-08-28 10:44:12.897 +05:30 [INF] Executed DbCommand (1ms) [Parameters=[@scheduleId='?' (DbType = Int32)], CommandType='"Text"', CommandTimeout='30']
SELECT TOP(1) [p].[BehaviorLogId], [p].[BorrowerId], [p].[DaysLate], [p].[DueDate], [p].[LoanId], [p].[PaymentDate], [p].[PaymentStatus], [p].[RecordedAt], [p].[ScheduleId]
FROM [PaymentBehaviorLogs] AS [p]
WHERE [p].[ScheduleId] = @scheduleId
2026-08-28 10:44:12.907 +05:30 [INF] Behavior log already exists for ScheduleId=34. Schedule marked as MISSED.
2026-08-28 10:44:12.911 +05:30 [INF] Processing ScheduleId=10, LoanId=1, DueDate="2027-06-27", CurrentStatus=PENDING, PaidAmount=0.00, EMI=4614.49
2026-08-28 10:44:12.919 +05:30 [INF] Executed DbCommand (1ms) [Parameters=[@loanId='?' (DbType = Int32)], CommandType='"Text"', CommandTimeout='30']
SELECT TOP(1) [l].[LoanId], [l].[BorrowerId], [l].[CreatedAt], [l].[EMIAmount], [l].[EndDate], [l].[InterestRate], [l].[LoanOfficerId], [l].[OutstandingAmount], [l].[PrincipalAmount], [l].[StartDate], [l].[Status], [l].[TenureMonths]
FROM [LoanAccounts] AS [l]
WHERE [l].[LoanId] = @loanId
2026-08-28 10:44:12.931 +05:30 [INF] Executed DbCommand (1ms) [Parameters=[@scheduleId='?' (DbType = Int32)], CommandType='"Text"', CommandTimeout='30']
SELECT TOP(1) [p].[BehaviorLogId], [p].[BorrowerId], [p].[DaysLate], [p].[DueDate], [p].[LoanId], [p].[PaymentDate], [p].[PaymentStatus], [p].[RecordedAt], [p].[ScheduleId]
FROM [PaymentBehaviorLogs] AS [p]
WHERE [p].[ScheduleId] = @scheduleId
2026-08-28 10:44:12.938 +05:30 [INF] Behavior log already exists for ScheduleId=10. Schedule marked as MISSED.
2026-08-28 10:44:12.963 +05:30 [INF] Processing ScheduleId=11, LoanId=1, DueDate="2027-07-27", CurrentStatus=PENDING, PaidAmount=0.00, EMI=4614.49
2026-08-28 10:44:13.006 +05:30 [INF] Executed DbCommand (7ms) [Parameters=[@loanId='?' (DbType = Int32)], CommandType='"Text"', CommandTimeout='30']
SELECT TOP(1) [l].[LoanId], [l].[BorrowerId], [l].[CreatedAt], [l].[EMIAmount], [l].[EndDate], [l].[InterestRate], [l].[LoanOfficerId], [l].[OutstandingAmount], [l].[PrincipalAmount], [l].[StartDate], [l].[Status], [l].[TenureMonths]
FROM [LoanAccounts] AS [l]
WHERE [l].[LoanId] = @loanId
2026-08-28 10:44:13.058 +05:30 [INF] Executed DbCommand (4ms) [Parameters=[@scheduleId='?' (DbType = Int32)], CommandType='"Text"', CommandTimeout='30']
SELECT TOP(1) [p].[BehaviorLogId], [p].[BorrowerId], [p].[DaysLate], [p].[DueDate], [p].[LoanId], [p].[PaymentDate], [p].[PaymentStatus], [p].[RecordedAt], [p].[ScheduleId]
FROM [PaymentBehaviorLogs] AS [p]
WHERE [p].[ScheduleId] = @scheduleId
2026-08-28 10:44:13.097 +05:30 [INF] Behavior log already exists for ScheduleId=11. Schedule marked as MISSED.
2026-08-28 10:44:13.107 +05:30 [INF] Processing ScheduleId=35, LoanId=2, DueDate="2027-07-27", CurrentStatus=PENDING, PaidAmount=0.00, EMI=55373.91
2026-08-28 10:44:13.121 +05:30 [INF] Executed DbCommand (3ms) [Parameters=[@loanId='?' (DbType = Int32)], CommandType='"Text"', CommandTimeout='30']
SELECT TOP(1) [l].[LoanId], [l].[BorrowerId], [l].[CreatedAt], [l].[EMIAmount], [l].[EndDate], [l].[InterestRate], [l].[LoanOfficerId], [l].[OutstandingAmount], [l].[PrincipalAmount], [l].[StartDate], [l].[Status], [l].[TenureMonths]
FROM [LoanAccounts] AS [l]
WHERE [l].[LoanId] = @loanId
2026-08-28 10:44:13.135 +05:30 [INF] Executed DbCommand (4ms) [Parameters=[@scheduleId='?' (DbType = Int32)], CommandType='"Text"', CommandTimeout='30']
SELECT TOP(1) [p].[BehaviorLogId], [p].[BorrowerId], [p].[DaysLate], [p].[DueDate], [p].[LoanId], [p].[PaymentDate], [p].[PaymentStatus], [p].[RecordedAt], [p].[ScheduleId]
FROM [PaymentBehaviorLogs] AS [p]
WHERE [p].[ScheduleId] = @scheduleId
2026-08-28 10:44:13.148 +05:30 [INF] Behavior log already exists for ScheduleId=35. Schedule marked as MISSED.
2026-08-28 10:44:13.152 +05:30 [INF] Processing ScheduleId=36, LoanId=2, DueDate="2027-08-27", CurrentStatus=PENDING, PaidAmount=0.00, EMI=55373.91
2026-08-28 10:44:13.164 +05:30 [INF] Executed DbCommand (1ms) [Parameters=[@loanId='?' (DbType = Int32)], CommandType='"Text"', CommandTimeout='30']
SELECT TOP(1) [l].[LoanId], [l].[BorrowerId], [l].[CreatedAt], [l].[EMIAmount], [l].[EndDate], [l].[InterestRate], [l].[LoanOfficerId], [l].[OutstandingAmount], [l].[PrincipalAmount], [l].[StartDate], [l].[Status], [l].[TenureMonths]
FROM [LoanAccounts] AS [l]
WHERE [l].[LoanId] = @loanId
2026-08-28 10:44:13.179 +05:30 [INF] Executed DbCommand (1ms) [Parameters=[@scheduleId='?' (DbType = Int32)], CommandType='"Text"', CommandTimeout='30']
SELECT TOP(1) [p].[BehaviorLogId], [p].[BorrowerId], [p].[DaysLate], [p].[DueDate], [p].[LoanId], [p].[PaymentDate], [p].[PaymentStatus], [p].[RecordedAt], [p].[ScheduleId]
FROM [PaymentBehaviorLogs] AS [p]
WHERE [p].[ScheduleId] = @scheduleId
2026-08-28 10:44:13.200 +05:30 [INF] Behavior log already exists for ScheduleId=36. Schedule marked as MISSED.
2026-08-28 10:44:13.385 +05:30 [INF] Processing ScheduleId=12, LoanId=1, DueDate="2027-08-27", CurrentStatus=PENDING, PaidAmount=0.00, EMI=4614.49
2026-08-28 10:44:13.412 +05:30 [INF] Executed DbCommand (3ms) [Parameters=[@loanId='?' (DbType = Int32)], CommandType='"Text"', CommandTimeout='30']
SELECT TOP(1) [l].[LoanId], [l].[BorrowerId], [l].[CreatedAt], [l].[EMIAmount], [l].[EndDate], [l].[InterestRate], [l].[LoanOfficerId], [l].[OutstandingAmount], [l].[PrincipalAmount], [l].[StartDate], [l].[Status], [l].[TenureMonths]
FROM [LoanAccounts] AS [l]
WHERE [l].[LoanId] = @loanId
2026-08-28 10:44:13.439 +05:30 [INF] Executed DbCommand (5ms) [Parameters=[@scheduleId='?' (DbType = Int32)], CommandType='"Text"', CommandTimeout='30']
SELECT TOP(1) [p].[BehaviorLogId], [p].[BorrowerId], [p].[DaysLate], [p].[DueDate], [p].[LoanId], [p].[PaymentDate], [p].[PaymentStatus], [p].[RecordedAt], [p].[ScheduleId]
FROM [PaymentBehaviorLogs] AS [p]
WHERE [p].[ScheduleId] = @scheduleId
2026-08-28 10:44:13.503 +05:30 [INF] Behavior log already exists for ScheduleId=12. Schedule marked as MISSED.
2026-08-28 10:44:13.534 +05:30 [INF] Processing ScheduleId=13, LoanId=1, DueDate="2027-09-27", CurrentStatus=PENDING, PaidAmount=0.00, EMI=4614.49
2026-08-28 10:44:13.601 +05:30 [INF] Executed DbCommand (5ms) [Parameters=[@loanId='?' (DbType = Int32)], CommandType='"Text"', CommandTimeout='30']
SELECT TOP(1) [l].[LoanId], [l].[BorrowerId], [l].[CreatedAt], [l].[EMIAmount], [l].[EndDate], [l].[InterestRate], [l].[LoanOfficerId], [l].[OutstandingAmount], [l].[PrincipalAmount], [l].[StartDate], [l].[Status], [l].[TenureMonths]
FROM [LoanAccounts] AS [l]
WHERE [l].[LoanId] = @loanId
2026-08-28 10:44:13.617 +05:30 [INF] Executed DbCommand (6ms) [Parameters=[@scheduleId='?' (DbType = Int32)], CommandType='"Text"', CommandTimeout='30']
SELECT TOP(1) [p].[BehaviorLogId], [p].[BorrowerId], [p].[DaysLate], [p].[DueDate], [p].[LoanId], [p].[PaymentDate], [p].[PaymentStatus], [p].[RecordedAt], [p].[ScheduleId]
FROM [PaymentBehaviorLogs] AS [p]
WHERE [p].[ScheduleId] = @scheduleId
2026-08-28 10:44:13.635 +05:30 [INF] Behavior log already exists for ScheduleId=13. Schedule marked as MISSED.
2026-08-28 10:44:13.640 +05:30 [INF] Processing ScheduleId=37, LoanId=2, DueDate="2027-09-27", CurrentStatus=PENDING, PaidAmount=0.00, EMI=55373.91
2026-08-28 10:44:13.652 +05:30 [INF] Executed DbCommand (1ms) [Parameters=[@loanId='?' (DbType = Int32)], CommandType='"Text"', CommandTimeout='30']
SELECT TOP(1) [l].[LoanId], [l].[BorrowerId], [l].[CreatedAt], [l].[EMIAmount], [l].[EndDate], [l].[InterestRate], [l].[LoanOfficerId], [l].[OutstandingAmount], [l].[PrincipalAmount], [l].[StartDate], [l].[Status], [l].[TenureMonths]
FROM [LoanAccounts] AS [l]
WHERE [l].[LoanId] = @loanId
2026-08-28 10:44:13.674 +05:30 [INF] Executed DbCommand (1ms) [Parameters=[@scheduleId='?' (DbType = Int32)], CommandType='"Text"', CommandTimeout='30']
SELECT TOP(1) [p].[BehaviorLogId], [p].[BorrowerId], [p].[DaysLate], [p].[DueDate], [p].[LoanId], [p].[PaymentDate], [p].[PaymentStatus], [p].[RecordedAt], [p].[ScheduleId]
FROM [PaymentBehaviorLogs] AS [p]
WHERE [p].[ScheduleId] = @scheduleId
2026-08-28 10:44:13.685 +05:30 [INF] Behavior log already exists for ScheduleId=37. Schedule marked as MISSED.
2026-08-28 10:44:13.698 +05:30 [INF] Processing ScheduleId=38, LoanId=2, DueDate="2027-10-27", CurrentStatus=PENDING, PaidAmount=0.00, EMI=55373.91
2026-08-28 10:44:13.777 +05:30 [INF] Executed DbCommand (3ms) [Parameters=[@loanId='?' (DbType = Int32)], CommandType='"Text"', CommandTimeout='30']
SELECT TOP(1) [l].[LoanId], [l].[BorrowerId], [l].[CreatedAt], [l].[EMIAmount], [l].[EndDate], [l].[InterestRate], [l].[LoanOfficerId], [l].[OutstandingAmount], [l].[PrincipalAmount], [l].[StartDate], [l].[Status], [l].[TenureMonths]
FROM [LoanAccounts] AS [l]
WHERE [l].[LoanId] = @loanId
2026-08-28 10:44:13.843 +05:30 [INF] Executed DbCommand (12ms) [Parameters=[@scheduleId='?' (DbType = Int32)], CommandType='"Text"', CommandTimeout='30']
SELECT TOP(1) [p].[BehaviorLogId], [p].[BorrowerId], [p].[DaysLate], [p].[DueDate], [p].[LoanId], [p].[PaymentDate], [p].[PaymentStatus], [p].[RecordedAt], [p].[ScheduleId]
FROM [PaymentBehaviorLogs] AS [p]
WHERE [p].[ScheduleId] = @scheduleId
2026-08-28 10:44:13.872 +05:30 [INF] Behavior log already exists for ScheduleId=38. Schedule marked as MISSED.
2026-08-28 10:44:13.878 +05:30 [INF] Processing ScheduleId=14, LoanId=1, DueDate="2027-10-27", CurrentStatus=PENDING, PaidAmount=0.00, EMI=4614.49
2026-08-28 10:44:13.904 +05:30 [INF] Executed DbCommand (3ms) [Parameters=[@loanId='?' (DbType = Int32)], CommandType='"Text"', CommandTimeout='30']
SELECT TOP(1) [l].[LoanId], [l].[BorrowerId], [l].[CreatedAt], [l].[EMIAmount], [l].[EndDate], [l].[InterestRate], [l].[LoanOfficerId], [l].[OutstandingAmount], [l].[PrincipalAmount], [l].[StartDate], [l].[Status], [l].[TenureMonths]
FROM [LoanAccounts] AS [l]
WHERE [l].[LoanId] = @loanId
2026-08-28 10:44:13.923 +05:30 [INF] Executed DbCommand (2ms) [Parameters=[@scheduleId='?' (DbType = Int32)], CommandType='"Text"', CommandTimeout='30']
SELECT TOP(1) [p].[BehaviorLogId], [p].[BorrowerId], [p].[DaysLate], [p].[DueDate], [p].[LoanId], [p].[PaymentDate], [p].[PaymentStatus], [p].[RecordedAt], [p].[ScheduleId]
FROM [PaymentBehaviorLogs] AS [p]
WHERE [p].[ScheduleId] = @scheduleId
2026-08-28 10:44:13.937 +05:30 [INF] Behavior log already exists for ScheduleId=14. Schedule marked as MISSED.
2026-08-28 10:44:13.947 +05:30 [INF] Processing ScheduleId=15, LoanId=1, DueDate="2027-11-27", CurrentStatus=PENDING, PaidAmount=0.00, EMI=4614.49
2026-08-28 10:44:13.985 +05:30 [INF] Executed DbCommand (3ms) [Parameters=[@loanId='?' (DbType = Int32)], CommandType='"Text"', CommandTimeout='30']
SELECT TOP(1) [l].[LoanId], [l].[BorrowerId], [l].[CreatedAt], [l].[EMIAmount], [l].[EndDate], [l].[InterestRate], [l].[LoanOfficerId], [l].[OutstandingAmount], [l].[PrincipalAmount], [l].[StartDate], [l].[Status], [l].[TenureMonths]
FROM [LoanAccounts] AS [l]
WHERE [l].[LoanId] = @loanId
2026-08-28 10:44:14.016 +05:30 [INF] Executed DbCommand (5ms) [Parameters=[@scheduleId='?' (DbType = Int32)], CommandType='"Text"', CommandTimeout='30']
SELECT TOP(1) [p].[BehaviorLogId], [p].[BorrowerId], [p].[DaysLate], [p].[DueDate], [p].[LoanId], [p].[PaymentDate], [p].[PaymentStatus], [p].[RecordedAt], [p].[ScheduleId]
FROM [PaymentBehaviorLogs] AS [p]
WHERE [p].[ScheduleId] = @scheduleId
2026-08-28 10:44:14.047 +05:30 [INF] Behavior log already exists for ScheduleId=15. Schedule marked as MISSED.
2026-08-28 10:44:14.086 +05:30 [INF] Processing ScheduleId=39, LoanId=2, DueDate="2027-11-27", CurrentStatus=PENDING, PaidAmount=0.00, EMI=55373.91
2026-08-28 10:44:14.120 +05:30 [INF] Executed DbCommand (3ms) [Parameters=[@loanId='?' (DbType = Int32)], CommandType='"Text"', CommandTimeout='30']
SELECT TOP(1) [l].[LoanId], [l].[BorrowerId], [l].[CreatedAt], [l].[EMIAmount], [l].[EndDate], [l].[InterestRate], [l].[LoanOfficerId], [l].[OutstandingAmount], [l].[PrincipalAmount], [l].[StartDate], [l].[Status], [l].[TenureMonths]
FROM [LoanAccounts] AS [l]
WHERE [l].[LoanId] = @loanId
2026-08-28 10:44:14.130 +05:30 [INF] Executed DbCommand (4ms) [Parameters=[@scheduleId='?' (DbType = Int32)], CommandType='"Text"', CommandTimeout='30']
SELECT TOP(1) [p].[BehaviorLogId], [p].[BorrowerId], [p].[DaysLate], [p].[DueDate], [p].[LoanId], [p].[PaymentDate], [p].[PaymentStatus], [p].[RecordedAt], [p].[ScheduleId]
FROM [PaymentBehaviorLogs] AS [p]
WHERE [p].[ScheduleId] = @scheduleId
2026-08-28 10:44:14.140 +05:30 [INF] Behavior log already exists for ScheduleId=39. Schedule marked as MISSED.
2026-08-28 10:44:14.146 +05:30 [INF] Processing ScheduleId=40, LoanId=2, DueDate="2027-12-27", CurrentStatus=PENDING, PaidAmount=0.00, EMI=55373.91
2026-08-28 10:44:14.162 +05:30 [INF] Executed DbCommand (1ms) [Parameters=[@loanId='?' (DbType = Int32)], CommandType='"Text"', CommandTimeout='30']
SELECT TOP(1) [l].[LoanId], [l].[BorrowerId], [l].[CreatedAt], [l].[EMIAmount], [l].[EndDate], [l].[InterestRate], [l].[LoanOfficerId], [l].[OutstandingAmount], [l].[PrincipalAmount], [l].[StartDate], [l].[Status], [l].[TenureMonths]
FROM [LoanAccounts] AS [l]
WHERE [l].[LoanId] = @loanId
2026-08-28 10:44:14.171 +05:30 [INF] Executed DbCommand (1ms) [Parameters=[@scheduleId='?' (DbType = Int32)], CommandType='"Text"', CommandTimeout='30']
SELECT TOP(1) [p].[BehaviorLogId], [p].[BorrowerId], [p].[DaysLate], [p].[DueDate], [p].[LoanId], [p].[PaymentDate], [p].[PaymentStatus], [p].[RecordedAt], [p].[ScheduleId]
FROM [PaymentBehaviorLogs] AS [p]
WHERE [p].[ScheduleId] = @scheduleId
2026-08-28 10:44:14.179 +05:30 [INF] Behavior log already exists for ScheduleId=40. Schedule marked as MISSED.
2026-08-28 10:44:14.183 +05:30 [INF] Processing ScheduleId=16, LoanId=1, DueDate="2027-12-27", CurrentStatus=PENDING, PaidAmount=0.00, EMI=4614.49
2026-08-28 10:44:14.195 +05:30 [INF] Executed DbCommand (1ms) [Parameters=[@loanId='?' (DbType = Int32)], CommandType='"Text"', CommandTimeout='30']
SELECT TOP(1) [l].[LoanId], [l].[BorrowerId], [l].[CreatedAt], [l].[EMIAmount], [l].[EndDate], [l].[InterestRate], [l].[LoanOfficerId], [l].[OutstandingAmount], [l].[PrincipalAmount], [l].[StartDate], [l].[Status], [l].[TenureMonths]
FROM [LoanAccounts] AS [l]
WHERE [l].[LoanId] = @loanId
2026-08-28 10:44:14.222 +05:30 [INF] Executed DbCommand (6ms) [Parameters=[@scheduleId='?' (DbType = Int32)], CommandType='"Text"', CommandTimeout='30']
SELECT TOP(1) [p].[BehaviorLogId], [p].[BorrowerId], [p].[DaysLate], [p].[DueDate], [p].[LoanId], [p].[PaymentDate], [p].[PaymentStatus], [p].[RecordedAt], [p].[ScheduleId]
FROM [PaymentBehaviorLogs] AS [p]
WHERE [p].[ScheduleId] = @scheduleId
2026-08-28 10:44:14.254 +05:30 [INF] Behavior log already exists for ScheduleId=16. Schedule marked as MISSED.
2026-08-28 10:44:14.263 +05:30 [INF] Processing ScheduleId=17, LoanId=1, DueDate="2028-01-27", CurrentStatus=PENDING, PaidAmount=0.00, EMI=4614.49
2026-08-28 10:44:14.304 +05:30 [INF] Executed DbCommand (5ms) [Parameters=[@loanId='?' (DbType = Int32)], CommandType='"Text"', CommandTimeout='30']
SELECT TOP(1) [l].[LoanId], [l].[BorrowerId], [l].[CreatedAt], [l].[EMIAmount], [l].[EndDate], [l].[InterestRate], [l].[LoanOfficerId], [l].[OutstandingAmount], [l].[PrincipalAmount], [l].[StartDate], [l].[Status], [l].[TenureMonths]
FROM [LoanAccounts] AS [l]
WHERE [l].[LoanId] = @loanId
2026-08-28 10:44:14.335 +05:30 [INF] Executed DbCommand (8ms) [Parameters=[@scheduleId='?' (DbType = Int32)], CommandType='"Text"', CommandTimeout='30']
SELECT TOP(1) [p].[BehaviorLogId], [p].[BorrowerId], [p].[DaysLate], [p].[DueDate], [p].[LoanId], [p].[PaymentDate], [p].[PaymentStatus], [p].[RecordedAt], [p].[ScheduleId]
FROM [PaymentBehaviorLogs] AS [p]
WHERE [p].[ScheduleId] = @scheduleId
2026-08-28 10:44:14.364 +05:30 [INF] Behavior log already exists for ScheduleId=17. Schedule marked as MISSED.
2026-08-28 10:44:14.372 +05:30 [INF] Processing ScheduleId=41, LoanId=2, DueDate="2028-01-27", CurrentStatus=PENDING, PaidAmount=0.00, EMI=55373.91
2026-08-28 10:44:14.398 +05:30 [INF] Executed DbCommand (15ms) [Parameters=[@loanId='?' (DbType = Int32)], CommandType='"Text"', CommandTimeout='30']
SELECT TOP(1) [l].[LoanId], [l].[BorrowerId], [l].[CreatedAt], [l].[EMIAmount], [l].[EndDate], [l].[InterestRate], [l].[LoanOfficerId], [l].[OutstandingAmount], [l].[PrincipalAmount], [l].[StartDate], [l].[Status], [l].[TenureMonths]
FROM [LoanAccounts] AS [l]
WHERE [l].[LoanId] = @loanId
2026-08-28 10:44:14.427 +05:30 [INF] Executed DbCommand (7ms) [Parameters=[@scheduleId='?' (DbType = Int32)], CommandType='"Text"', CommandTimeout='30']
SELECT TOP(1) [p].[BehaviorLogId], [p].[BorrowerId], [p].[DaysLate], [p].[DueDate], [p].[LoanId], [p].[PaymentDate], [p].[PaymentStatus], [p].[RecordedAt], [p].[ScheduleId]
FROM [PaymentBehaviorLogs] AS [p]
WHERE [p].[ScheduleId] = @scheduleId
2026-08-28 10:44:14.436 +05:30 [INF] Behavior log already exists for ScheduleId=41. Schedule marked as MISSED.
2026-08-28 10:44:14.446 +05:30 [INF] Processing ScheduleId=42, LoanId=2, DueDate="2028-02-27", CurrentStatus=PENDING, PaidAmount=0.00, EMI=55373.91
2026-08-28 10:44:14.457 +05:30 [INF] Executed DbCommand (4ms) [Parameters=[@loanId='?' (DbType = Int32)], CommandType='"Text"', CommandTimeout='30']
SELECT TOP(1) [l].[LoanId], [l].[BorrowerId], [l].[CreatedAt], [l].[EMIAmount], [l].[EndDate], [l].[InterestRate], [l].[LoanOfficerId], [l].[OutstandingAmount], [l].[PrincipalAmount], [l].[StartDate], [l].[Status], [l].[TenureMonths]
FROM [LoanAccounts] AS [l]
WHERE [l].[LoanId] = @loanId
2026-08-28 10:44:14.483 +05:30 [INF] Executed DbCommand (6ms) [Parameters=[@scheduleId='?' (DbType = Int32)], CommandType='"Text"', CommandTimeout='30']
SELECT TOP(1) [p].[BehaviorLogId], [p].[BorrowerId], [p].[DaysLate], [p].[DueDate], [p].[LoanId], [p].[PaymentDate], [p].[PaymentStatus], [p].[RecordedAt], [p].[ScheduleId]
FROM [PaymentBehaviorLogs] AS [p]
WHERE [p].[ScheduleId] = @scheduleId
2026-08-28 10:44:14.495 +05:30 [INF] Behavior log already exists for ScheduleId=42. Schedule marked as MISSED.
2026-08-28 10:44:14.508 +05:30 [INF] Processing ScheduleId=18, LoanId=1, DueDate="2028-02-27", CurrentStatus=PENDING, PaidAmount=0.00, EMI=4614.49
2026-08-28 10:44:14.534 +05:30 [INF] Executed DbCommand (4ms) [Parameters=[@loanId='?' (DbType = Int32)], CommandType='"Text"', CommandTimeout='30']
SELECT TOP(1) [l].[LoanId], [l].[BorrowerId], [l].[CreatedAt], [l].[EMIAmount], [l].[EndDate], [l].[InterestRate], [l].[LoanOfficerId], [l].[OutstandingAmount], [l].[PrincipalAmount], [l].[StartDate], [l].[Status], [l].[TenureMonths]
FROM [LoanAccounts] AS [l]
WHERE [l].[LoanId] = @loanId
2026-08-28 10:44:14.557 +05:30 [INF] Executed DbCommand (11ms) [Parameters=[@scheduleId='?' (DbType = Int32)], CommandType='"Text"', CommandTimeout='30']
SELECT TOP(1) [p].[BehaviorLogId], [p].[BorrowerId], [p].[DaysLate], [p].[DueDate], [p].[LoanId], [p].[PaymentDate], [p].[PaymentStatus], [p].[RecordedAt], [p].[ScheduleId]
FROM [PaymentBehaviorLogs] AS [p]
WHERE [p].[ScheduleId] = @scheduleId
2026-08-28 10:44:14.585 +05:30 [INF] Behavior log already exists for ScheduleId=18. Schedule marked as MISSED.
2026-08-28 10:44:14.595 +05:30 [INF] Processing ScheduleId=19, LoanId=1, DueDate="2028-03-27", CurrentStatus=PENDING, PaidAmount=0.00, EMI=4614.49
2026-08-28 10:44:14.627 +05:30 [INF] Executed DbCommand (8ms) [Parameters=[@loanId='?' (DbType = Int32)], CommandType='"Text"', CommandTimeout='30']
SELECT TOP(1) [l].[LoanId], [l].[BorrowerId], [l].[CreatedAt], [l].[EMIAmount], [l].[EndDate], [l].[InterestRate], [l].[LoanOfficerId], [l].[OutstandingAmount], [l].[PrincipalAmount], [l].[StartDate], [l].[Status], [l].[TenureMonths]
FROM [LoanAccounts] AS [l]
WHERE [l].[LoanId] = @loanId
2026-08-28 10:44:14.644 +05:30 [INF] Executed DbCommand (5ms) [Parameters=[@scheduleId='?' (DbType = Int32)], CommandType='"Text"', CommandTimeout='30']
SELECT TOP(1) [p].[BehaviorLogId], [p].[BorrowerId], [p].[DaysLate], [p].[DueDate], [p].[LoanId], [p].[PaymentDate], [p].[PaymentStatus], [p].[RecordedAt], [p].[ScheduleId]
FROM [PaymentBehaviorLogs] AS [p]
WHERE [p].[ScheduleId] = @scheduleId
2026-08-28 10:44:14.651 +05:30 [INF] Behavior log already exists for ScheduleId=19. Schedule marked as MISSED.
2026-08-28 10:44:14.659 +05:30 [INF] Processing ScheduleId=43, LoanId=2, DueDate="2028-03-27", CurrentStatus=PENDING, PaidAmount=0.00, EMI=55373.91
2026-08-28 10:44:14.670 +05:30 [INF] Executed DbCommand (2ms) [Parameters=[@loanId='?' (DbType = Int32)], CommandType='"Text"', CommandTimeout='30']
SELECT TOP(1) [l].[LoanId], [l].[BorrowerId], [l].[CreatedAt], [l].[EMIAmount], [l].[EndDate], [l].[InterestRate], [l].[LoanOfficerId], [l].[OutstandingAmount], [l].[PrincipalAmount], [l].[StartDate], [l].[Status], [l].[TenureMonths]
FROM [LoanAccounts] AS [l]
WHERE [l].[LoanId] = @loanId
2026-08-28 10:44:14.679 +05:30 [INF] Executed DbCommand (1ms) [Parameters=[@scheduleId='?' (DbType = Int32)], CommandType='"Text"', CommandTimeout='30']
SELECT TOP(1) [p].[BehaviorLogId], [p].[BorrowerId], [p].[DaysLate], [p].[DueDate], [p].[LoanId], [p].[PaymentDate], [p].[PaymentStatus], [p].[RecordedAt], [p].[ScheduleId]
FROM [PaymentBehaviorLogs] AS [p]
WHERE [p].[ScheduleId] = @scheduleId
2026-08-28 10:44:14.689 +05:30 [INF] Behavior log already exists for ScheduleId=43. Schedule marked as MISSED.
2026-08-28 10:44:14.694 +05:30 [INF] Processing ScheduleId=44, LoanId=2, DueDate="2028-04-27", CurrentStatus=PENDING, PaidAmount=0.00, EMI=55373.91
2026-08-28 10:44:14.711 +05:30 [INF] Executed DbCommand (1ms) [Parameters=[@loanId='?' (DbType = Int32)], CommandType='"Text"', CommandTimeout='30']
SELECT TOP(1) [l].[LoanId], [l].[BorrowerId], [l].[CreatedAt], [l].[EMIAmount], [l].[EndDate], [l].[InterestRate], [l].[LoanOfficerId], [l].[OutstandingAmount], [l].[PrincipalAmount], [l].[StartDate], [l].[Status], [l].[TenureMonths]
FROM [LoanAccounts] AS [l]
WHERE [l].[LoanId] = @loanId
2026-08-28 10:44:14.754 +05:30 [INF] Executed DbCommand (9ms) [Parameters=[@scheduleId='?' (DbType = Int32)], CommandType='"Text"', CommandTimeout='30']
SELECT TOP(1) [p].[BehaviorLogId], [p].[BorrowerId], [p].[DaysLate], [p].[DueDate], [p].[LoanId], [p].[PaymentDate], [p].[PaymentStatus], [p].[RecordedAt], [p].[ScheduleId]
FROM [PaymentBehaviorLogs] AS [p]
WHERE [p].[ScheduleId] = @scheduleId
2026-08-28 10:44:14.789 +05:30 [INF] Behavior log already exists for ScheduleId=44. Schedule marked as MISSED.
2026-08-28 10:44:14.807 +05:30 [INF] Processing ScheduleId=20, LoanId=1, DueDate="2028-04-27", CurrentStatus=PENDING, PaidAmount=0.00, EMI=4614.49
2026-08-28 10:44:14.843 +05:30 [INF] Executed DbCommand (3ms) [Parameters=[@loanId='?' (DbType = Int32)], CommandType='"Text"', CommandTimeout='30']
SELECT TOP(1) [l].[LoanId], [l].[BorrowerId], [l].[CreatedAt], [l].[EMIAmount], [l].[EndDate], [l].[InterestRate], [l].[LoanOfficerId], [l].[OutstandingAmount], [l].[PrincipalAmount], [l].[StartDate], [l].[Status], [l].[TenureMonths]
FROM [LoanAccounts] AS [l]
WHERE [l].[LoanId] = @loanId
2026-08-28 10:44:14.872 +05:30 [INF] Executed DbCommand (4ms) [Parameters=[@scheduleId='?' (DbType = Int32)], CommandType='"Text"', CommandTimeout='30']
SELECT TOP(1) [p].[BehaviorLogId], [p].[BorrowerId], [p].[DaysLate], [p].[DueDate], [p].[LoanId], [p].[PaymentDate], [p].[PaymentStatus], [p].[RecordedAt], [p].[ScheduleId]
FROM [PaymentBehaviorLogs] AS [p]
WHERE [p].[ScheduleId] = @scheduleId
2026-08-28 10:44:14.879 +05:30 [INF] Behavior log already exists for ScheduleId=20. Schedule marked as MISSED.
2026-08-28 10:44:14.881 +05:30 [INF] Processing ScheduleId=21, LoanId=1, DueDate="2028-05-27", CurrentStatus=PENDING, PaidAmount=0.00, EMI=4614.49
2026-08-28 10:44:14.895 +05:30 [INF] Executed DbCommand (3ms) [Parameters=[@loanId='?' (DbType = Int32)], CommandType='"Text"', CommandTimeout='30']
SELECT TOP(1) [l].[LoanId], [l].[BorrowerId], [l].[CreatedAt], [l].[EMIAmount], [l].[EndDate], [l].[InterestRate], [l].[LoanOfficerId], [l].[OutstandingAmount], [l].[PrincipalAmount], [l].[StartDate], [l].[Status], [l].[TenureMonths]
FROM [LoanAccounts] AS [l]
WHERE [l].[LoanId] = @loanId
2026-08-28 10:44:14.907 +05:30 [INF] Executed DbCommand (1ms) [Parameters=[@scheduleId='?' (DbType = Int32)], CommandType='"Text"', CommandTimeout='30']
SELECT TOP(1) [p].[BehaviorLogId], [p].[BorrowerId], [p].[DaysLate], [p].[DueDate], [p].[LoanId], [p].[PaymentDate], [p].[PaymentStatus], [p].[RecordedAt], [p].[ScheduleId]
FROM [PaymentBehaviorLogs] AS [p]
WHERE [p].[ScheduleId] = @scheduleId
2026-08-28 10:44:14.914 +05:30 [INF] Behavior log already exists for ScheduleId=21. Schedule marked as MISSED.
2026-08-28 10:44:14.921 +05:30 [INF] Processing ScheduleId=45, LoanId=2, DueDate="2028-05-27", CurrentStatus=PENDING, PaidAmount=0.00, EMI=55373.91
2026-08-28 10:44:14.929 +05:30 [INF] Executed DbCommand (1ms) [Parameters=[@loanId='?' (DbType = Int32)], CommandType='"Text"', CommandTimeout='30']
SELECT TOP(1) [l].[LoanId], [l].[BorrowerId], [l].[CreatedAt], [l].[EMIAmount], [l].[EndDate], [l].[InterestRate], [l].[LoanOfficerId], [l].[OutstandingAmount], [l].[PrincipalAmount], [l].[StartDate], [l].[Status], [l].[TenureMonths]
FROM [LoanAccounts] AS [l]
WHERE [l].[LoanId] = @loanId
2026-08-28 10:44:14.942 +05:30 [INF] Executed DbCommand (1ms) [Parameters=[@scheduleId='?' (DbType = Int32)], CommandType='"Text"', CommandTimeout='30']
SELECT TOP(1) [p].[BehaviorLogId], [p].[BorrowerId], [p].[DaysLate], [p].[DueDate], [p].[LoanId], [p].[PaymentDate], [p].[PaymentStatus], [p].[RecordedAt], [p].[ScheduleId]
FROM [PaymentBehaviorLogs] AS [p]
WHERE [p].[ScheduleId] = @scheduleId
2026-08-28 10:44:14.951 +05:30 [INF] Behavior log already exists for ScheduleId=45. Schedule marked as MISSED.
2026-08-28 10:44:14.964 +05:30 [INF] Processing ScheduleId=46, LoanId=2, DueDate="2028-06-27", CurrentStatus=PENDING, PaidAmount=0.00, EMI=55373.91
2026-08-28 10:44:15.002 +05:30 [INF] Executed DbCommand (5ms) [Parameters=[@loanId='?' (DbType = Int32)], CommandType='"Text"', CommandTimeout='30']
SELECT TOP(1) [l].[LoanId], [l].[BorrowerId], [l].[CreatedAt], [l].[EMIAmount], [l].[EndDate], [l].[InterestRate], [l].[LoanOfficerId], [l].[OutstandingAmount], [l].[PrincipalAmount], [l].[StartDate], [l].[Status], [l].[TenureMonths]
FROM [LoanAccounts] AS [l]
WHERE [l].[LoanId] = @loanId
2026-08-28 10:44:15.023 +05:30 [INF] Executed DbCommand (5ms) [Parameters=[@scheduleId='?' (DbType = Int32)], CommandType='"Text"', CommandTimeout='30']
SELECT TOP(1) [p].[BehaviorLogId], [p].[BorrowerId], [p].[DaysLate], [p].[DueDate], [p].[LoanId], [p].[PaymentDate], [p].[PaymentStatus], [p].[RecordedAt], [p].[ScheduleId]
FROM [PaymentBehaviorLogs] AS [p]
WHERE [p].[ScheduleId] = @scheduleId
2026-08-28 10:44:15.040 +05:30 [INF] Behavior log already exists for ScheduleId=46. Schedule marked as MISSED.
2026-08-28 10:44:15.052 +05:30 [INF] Processing ScheduleId=22, LoanId=1, DueDate="2028-06-27", CurrentStatus=PENDING, PaidAmount=0.00, EMI=4614.49
2026-08-28 10:44:15.073 +05:30 [INF] Executed DbCommand (4ms) [Parameters=[@loanId='?' (DbType = Int32)], CommandType='"Text"', CommandTimeout='30']
SELECT TOP(1) [l].[LoanId], [l].[BorrowerId], [l].[CreatedAt], [l].[EMIAmount], [l].[EndDate], [l].[InterestRate], [l].[LoanOfficerId], [l].[OutstandingAmount], [l].[PrincipalAmount], [l].[StartDate], [l].[Status], [l].[TenureMonths]
FROM [LoanAccounts] AS [l]
WHERE [l].[LoanId] = @loanId
2026-08-28 10:44:15.107 +05:30 [INF] Executed DbCommand (5ms) [Parameters=[@scheduleId='?' (DbType = Int32)], CommandType='"Text"', CommandTimeout='30']
SELECT TOP(1) [p].[BehaviorLogId], [p].[BorrowerId], [p].[DaysLate], [p].[DueDate], [p].[LoanId], [p].[PaymentDate], [p].[PaymentStatus], [p].[RecordedAt], [p].[ScheduleId]
FROM [PaymentBehaviorLogs] AS [p]
WHERE [p].[ScheduleId] = @scheduleId
2026-08-28 10:44:15.120 +05:30 [INF] Behavior log already exists for ScheduleId=22. Schedule marked as MISSED.
2026-08-28 10:44:15.124 +05:30 [INF] Finished overdue EMI processing.
2026-08-28 10:44:15.127 +05:30 [INF] Processed Count: 36
2026-08-28 10:44:15.129 +05:30 [INF] ============================================
2026-08-28 10:44:15.133 +05:30 [INF] Executing OkObjectResult, writing value of type '<>f__AnonymousType7`2[[System.String, System.Private.CoreLib, Version=10.0.0.0, Culture=neutral, PublicKeyToken=7cec85d7bea7798e],[System.Int32, System.Private.CoreLib, Version=10.0.0.0, Culture=neutral, PublicKeyToken=7cec85d7bea7798e]]'.
2026-08-28 10:44:15.159 +05:30 [INF] Executed action LoanDeductionPrediction.API.Controllers.PaymentBehaviorController.ProcessOverduePayments (LoanDeductionPrediction.API) in 3449.2663ms
2026-08-28 10:44:15.161 +05:30 [INF] Executed endpoint 'LoanDeductionPrediction.API.Controllers.PaymentBehaviorController.ProcessOverduePayments (LoanDeductionPrediction.API)'
2026-08-28 10:44:15.163 +05:30 [INF] HTTP POST /api/PaymentBehavior/process-overdue responded 200 in 3624.1899 ms
2026-08-28 10:44:15.178 +05:30 [INF] Request finished HTTP/1.1 POST http://localhost:5082/api/PaymentBehavior/process-overdue - 200 null application/json; charset=utf-8 3670.6208ms
2026-08-28 10:44:36.497 +05:30 [INF] Request starting HTTP/1.1 GET http://localhost:5082/api/RepaymentSchedule/loan/2 - null null
2026-08-28 10:44:36.534 +05:30 [INF] Executing endpoint 'LoanDeductionPrediction.API.Controllers.RepaymentScheduleController.GetLoanSchedule (LoanDeductionPrediction.API)'
2026-08-28 10:44:36.559 +05:30 [INF] Route matched with {action = "GetLoanSchedule", controller = "RepaymentSchedule"}. Executing controller action with signature System.Threading.Tasks.Task`1[Microsoft.AspNetCore.Mvc.IActionResult] GetLoanSchedule(Int32) on controller LoanDeductionPrediction.API.Controllers.RepaymentScheduleController (LoanDeductionPrediction.API).
2026-08-28 10:44:36.593 +05:30 [INF] Executed DbCommand (13ms) [Parameters=[@loanId='?' (DbType = Int32)], CommandType='"Text"', CommandTimeout='30']
SELECT TOP(1) [l].[LoanId], [l].[BorrowerId], [l].[CreatedAt], [l].[EMIAmount], [l].[EndDate], [l].[InterestRate], [l].[LoanOfficerId], [l].[OutstandingAmount], [l].[PrincipalAmount], [l].[StartDate], [l].[Status], [l].[TenureMonths]
FROM [LoanAccounts] AS [l]
WHERE [l].[LoanId] = @loanId
2026-08-28 10:44:36.669 +05:30 [INF] Executed DbCommand (5ms) [Parameters=[@loanId='?' (DbType = Int32)], CommandType='"Text"', CommandTimeout='30']
SELECT [r].[ScheduleId], [r].[DueDate], [r].[EMIAmount], [r].[InstallmentNumber], [r].[InterestAmount], [r].[LoanId], [r].[PaidAmount], [r].[PaidDate], [r].[PrincipalAmount], [r].[Status]
FROM [RepaymentSchedules] AS [r]
WHERE [r].[LoanId] = @loanId
ORDER BY [r].[InstallmentNumber]
2026-08-28 10:44:36.708 +05:30 [INF] Executing OkObjectResult, writing value of type 'System.Collections.Generic.List`1[[LoanDeductionPrediction.Models.DTOs.RepaymentScheduleDto, LoanDeductionPrediction.Models, Version=1.0.0.0, Culture=neutral, PublicKeyToken=null]]'.
2026-08-28 10:44:36.761 +05:30 [INF] Executed action LoanDeductionPrediction.API.Controllers.RepaymentScheduleController.GetLoanSchedule (LoanDeductionPrediction.API) in 196.2494ms
2026-08-28 10:44:36.768 +05:30 [INF] Executed endpoint 'LoanDeductionPrediction.API.Controllers.RepaymentScheduleController.GetLoanSchedule (LoanDeductionPrediction.API)'
2026-08-28 10:44:36.776 +05:30 [INF] HTTP GET /api/RepaymentSchedule/loan/2 responded 200 in 269.2031 ms
2026-08-28 10:44:36.791 +05:30 [INF] Request finished HTTP/1.1 GET http://localhost:5082/api/RepaymentSchedule/loan/2 - 200 null application/json; charset=utf-8 294.158ms
2026-08-28 10:46:09.329 +05:30 [INF] Application is shutting down...
2026-08-28 10:46:17.789 +05:30 [WRN] No store type was specified for the decimal property 'InterestRate' on entity type 'LoanRequest'. This will cause values to be silently truncated if they do not fit in the default precision and scale. Explicitly specify the SQL server column type that can accommodate all the values in 'OnModelCreating' using 'HasColumnType', specify precision and scale using 'HasPrecision', or configure a value converter using 'HasConversion'.
2026-08-28 10:46:17.830 +05:30 [WRN] No store type was specified for the decimal property 'RequestedAmount' on entity type 'LoanRequest'. This will cause values to be silently truncated if they do not fit in the default precision and scale. Explicitly specify the SQL server column type that can accommodate all the values in 'OnModelCreating' using 'HasColumnType', specify precision and scale using 'HasPrecision', or configure a value converter using 'HasConversion'.
2026-08-28 10:46:18.210 +05:30 [INF] Executed DbCommand (17ms) [Parameters=[], CommandType='"Text"', CommandTimeout='30']
SELECT 1
2026-08-28 10:46:18.225 +05:30 [INF] Acquiring an exclusive lock for migration application. See https://aka.ms/efcore-docs-migrations-lock for more information if this takes too long.
2026-08-28 10:46:18.402 +05:30 [INF] Executed DbCommand (171ms) [Parameters=[], CommandType='"Text"', CommandTimeout='30']
DECLARE @result int;
EXEC @result = sp_getapplock @Resource = '__EFMigrationsLock', @LockOwner = 'Session', @LockMode = 'Exclusive';
SELECT @result
2026-08-28 10:46:18.483 +05:30 [INF] Executed DbCommand (10ms) [Parameters=[], CommandType='"Text"', CommandTimeout='30']
IF OBJECT_ID(N'[__EFMigrationsHistory]') IS NULL
BEGIN
    CREATE TABLE [__EFMigrationsHistory] (
        [MigrationId] nvarchar(150) NOT NULL,
        [ProductVersion] nvarchar(32) NOT NULL,
        CONSTRAINT [PK___EFMigrationsHistory] PRIMARY KEY ([MigrationId])
    );
END;
2026-08-28 10:46:18.495 +05:30 [INF] Executed DbCommand (2ms) [Parameters=[], CommandType='"Text"', CommandTimeout='30']
SELECT 1
2026-08-28 10:46:18.499 +05:30 [INF] Executed DbCommand (1ms) [Parameters=[], CommandType='"Text"', CommandTimeout='30']
SELECT OBJECT_ID(N'[__EFMigrationsHistory]');
2026-08-28 10:46:18.514 +05:30 [INF] Executed DbCommand (6ms) [Parameters=[], CommandType='"Text"', CommandTimeout='30']
SELECT [MigrationId], [ProductVersion]
FROM [__EFMigrationsHistory]
ORDER BY [MigrationId];
2026-08-28 10:46:18.527 +05:30 [INF] No migrations were applied. The database is already up to date.
2026-08-28 10:46:18.542 +05:30 [INF] Executed DbCommand (13ms) [Parameters=[], CommandType='"Text"', CommandTimeout='30']
DECLARE @result int;
EXEC @result = sp_releaseapplock @Resource = '__EFMigrationsLock', @LockOwner = 'Session';
SELECT @result
2026-08-28 10:46:18.774 +05:30 [INF] Executed DbCommand (6ms) [Parameters=[], CommandType='"Text"', CommandTimeout='30']
SELECT CASE
    WHEN EXISTS (
        SELECT 1
        FROM [Users] AS [u]
        WHERE [u].[Role] = N'Admin') THEN CAST(1 AS bit)
    ELSE CAST(0 AS bit)
END
2026-08-28 10:46:18.894 +05:30 [INF] User profile is available. Using 'C:\Users\thang\AppData\Local\ASP.NET\DataProtection-Keys' as key repository and Windows DPAPI to encrypt keys at rest.
2026-08-28 10:46:18.902 +05:30 [INF] Payment Behavior Background Service started.
2026-08-28 10:46:18.909 +05:30 [INF] ============================================
2026-08-28 10:46:18.912 +05:30 [INF] Starting overdue EMI processing.
2026-08-28 10:46:18.915 +05:30 [INF] System/Test Date: "2027-07-01"
2026-08-28 10:46:19.000 +05:30 [INF] Now listening on: http://localhost:5082
2026-08-28 10:46:19.001 +05:30 [INF] Application started. Press Ctrl+C to shut down.
2026-08-28 10:46:19.002 +05:30 [INF] Hosting environment: Development
2026-08-28 10:46:19.004 +05:30 [INF] Content root path: C:\Users\thang\OneDrive\Documents\React Projects\LoanDeductionPrediction\LoanDeductionPrediction.API
2026-08-28 10:46:19.060 +05:30 [INF] Executed DbCommand (23ms) [Parameters=[@today='?' (DbType = Date)], CommandType='"Text"', CommandTimeout='30']
SELECT [r].[ScheduleId], [r].[DueDate], [r].[EMIAmount], [r].[InstallmentNumber], [r].[InterestAmount], [r].[LoanId], [r].[PaidAmount], [r].[PaidDate], [r].[PrincipalAmount], [r].[Status]
FROM [RepaymentSchedules] AS [r]
WHERE [r].[DueDate] < @today AND [r].[PaidAmount] < [r].[EMIAmount] AND [r].[Status] <> N'PAID'
ORDER BY [r].[DueDate]
2026-08-28 10:46:19.119 +05:30 [INF] Found 12 overdue repayment schedules.
2026-08-28 10:46:19.121 +05:30 [INF] Processing ScheduleId=1, LoanId=1, DueDate="2026-09-27", CurrentStatus=PENDING, PaidAmount=0.00, EMI=4614.49
2026-08-28 10:46:19.155 +05:30 [INF] Executed DbCommand (10ms) [Parameters=[@loanId='?' (DbType = Int32)], CommandType='"Text"', CommandTimeout='30']
SELECT TOP(1) [l].[LoanId], [l].[BorrowerId], [l].[CreatedAt], [l].[EMIAmount], [l].[EndDate], [l].[InterestRate], [l].[LoanOfficerId], [l].[OutstandingAmount], [l].[PrincipalAmount], [l].[StartDate], [l].[Status], [l].[TenureMonths]
FROM [LoanAccounts] AS [l]
WHERE [l].[LoanId] = @loanId
2026-08-28 10:46:19.179 +05:30 [INF] Executed DbCommand (9ms) [Parameters=[@scheduleId='?' (DbType = Int32)], CommandType='"Text"', CommandTimeout='30']
SELECT TOP(1) [p].[BehaviorLogId], [p].[BorrowerId], [p].[DaysLate], [p].[DueDate], [p].[LoanId], [p].[PaymentDate], [p].[PaymentStatus], [p].[RecordedAt], [p].[ScheduleId]
FROM [PaymentBehaviorLogs] AS [p]
WHERE [p].[ScheduleId] = @scheduleId
2026-08-28 10:46:19.226 +05:30 [INF] Behavior log already exists for ScheduleId=1. Schedule marked as MISSED.
2026-08-28 10:46:19.228 +05:30 [INF] Processing ScheduleId=2, LoanId=1, DueDate="2026-10-27", CurrentStatus=PENDING, PaidAmount=0.00, EMI=4614.49
2026-08-28 10:46:19.251 +05:30 [INF] Executed DbCommand (16ms) [Parameters=[@loanId='?' (DbType = Int32)], CommandType='"Text"', CommandTimeout='30']
SELECT TOP(1) [l].[LoanId], [l].[BorrowerId], [l].[CreatedAt], [l].[EMIAmount], [l].[EndDate], [l].[InterestRate], [l].[LoanOfficerId], [l].[OutstandingAmount], [l].[PrincipalAmount], [l].[StartDate], [l].[Status], [l].[TenureMonths]
FROM [LoanAccounts] AS [l]
WHERE [l].[LoanId] = @loanId
2026-08-28 10:46:19.262 +05:30 [INF] Executed DbCommand (5ms) [Parameters=[@scheduleId='?' (DbType = Int32)], CommandType='"Text"', CommandTimeout='30']
SELECT TOP(1) [p].[BehaviorLogId], [p].[BorrowerId], [p].[DaysLate], [p].[DueDate], [p].[LoanId], [p].[PaymentDate], [p].[PaymentStatus], [p].[RecordedAt], [p].[ScheduleId]
FROM [PaymentBehaviorLogs] AS [p]
WHERE [p].[ScheduleId] = @scheduleId
2026-08-28 10:46:19.267 +05:30 [INF] Behavior log already exists for ScheduleId=2. Schedule marked as MISSED.
2026-08-28 10:46:19.269 +05:30 [INF] Processing ScheduleId=3, LoanId=1, DueDate="2026-11-27", CurrentStatus=PENDING, PaidAmount=0.00, EMI=4614.49
2026-08-28 10:46:19.275 +05:30 [INF] Executed DbCommand (3ms) [Parameters=[@loanId='?' (DbType = Int32)], CommandType='"Text"', CommandTimeout='30']
SELECT TOP(1) [l].[LoanId], [l].[BorrowerId], [l].[CreatedAt], [l].[EMIAmount], [l].[EndDate], [l].[InterestRate], [l].[LoanOfficerId], [l].[OutstandingAmount], [l].[PrincipalAmount], [l].[StartDate], [l].[Status], [l].[TenureMonths]
FROM [LoanAccounts] AS [l]
WHERE [l].[LoanId] = @loanId
2026-08-28 10:46:19.286 +05:30 [INF] Executed DbCommand (4ms) [Parameters=[@scheduleId='?' (DbType = Int32)], CommandType='"Text"', CommandTimeout='30']
SELECT TOP(1) [p].[BehaviorLogId], [p].[BorrowerId], [p].[DaysLate], [p].[DueDate], [p].[LoanId], [p].[PaymentDate], [p].[PaymentStatus], [p].[RecordedAt], [p].[ScheduleId]
FROM [PaymentBehaviorLogs] AS [p]
WHERE [p].[ScheduleId] = @scheduleId
2026-08-28 10:46:19.291 +05:30 [INF] Behavior log already exists for ScheduleId=3. Schedule marked as MISSED.
2026-08-28 10:46:19.293 +05:30 [INF] Processing ScheduleId=4, LoanId=1, DueDate="2026-12-27", CurrentStatus=PENDING, PaidAmount=0.00, EMI=4614.49
2026-08-28 10:46:19.299 +05:30 [INF] Executed DbCommand (2ms) [Parameters=[@loanId='?' (DbType = Int32)], CommandType='"Text"', CommandTimeout='30']
SELECT TOP(1) [l].[LoanId], [l].[BorrowerId], [l].[CreatedAt], [l].[EMIAmount], [l].[EndDate], [l].[InterestRate], [l].[LoanOfficerId], [l].[OutstandingAmount], [l].[PrincipalAmount], [l].[StartDate], [l].[Status], [l].[TenureMonths]
FROM [LoanAccounts] AS [l]
WHERE [l].[LoanId] = @loanId
2026-08-28 10:46:19.304 +05:30 [INF] Executed DbCommand (1ms) [Parameters=[@scheduleId='?' (DbType = Int32)], CommandType='"Text"', CommandTimeout='30']
SELECT TOP(1) [p].[BehaviorLogId], [p].[BorrowerId], [p].[DaysLate], [p].[DueDate], [p].[LoanId], [p].[PaymentDate], [p].[PaymentStatus], [p].[RecordedAt], [p].[ScheduleId]
FROM [PaymentBehaviorLogs] AS [p]
WHERE [p].[ScheduleId] = @scheduleId
2026-08-28 10:46:19.309 +05:30 [INF] Behavior log already exists for ScheduleId=4. Schedule marked as MISSED.
2026-08-28 10:46:19.310 +05:30 [INF] Processing ScheduleId=5, LoanId=1, DueDate="2027-01-27", CurrentStatus=PENDING, PaidAmount=0.00, EMI=4614.49
2026-08-28 10:46:19.314 +05:30 [INF] Executed DbCommand (1ms) [Parameters=[@loanId='?' (DbType = Int32)], CommandType='"Text"', CommandTimeout='30']
SELECT TOP(1) [l].[LoanId], [l].[BorrowerId], [l].[CreatedAt], [l].[EMIAmount], [l].[EndDate], [l].[InterestRate], [l].[LoanOfficerId], [l].[OutstandingAmount], [l].[PrincipalAmount], [l].[StartDate], [l].[Status], [l].[TenureMonths]
FROM [LoanAccounts] AS [l]
WHERE [l].[LoanId] = @loanId
2026-08-28 10:46:19.319 +05:30 [INF] Executed DbCommand (1ms) [Parameters=[@scheduleId='?' (DbType = Int32)], CommandType='"Text"', CommandTimeout='30']
SELECT TOP(1) [p].[BehaviorLogId], [p].[BorrowerId], [p].[DaysLate], [p].[DueDate], [p].[LoanId], [p].[PaymentDate], [p].[PaymentStatus], [p].[RecordedAt], [p].[ScheduleId]
FROM [PaymentBehaviorLogs] AS [p]
WHERE [p].[ScheduleId] = @scheduleId
2026-08-28 10:46:19.325 +05:30 [INF] Behavior log already exists for ScheduleId=5. Schedule marked as MISSED.
2026-08-28 10:46:19.327 +05:30 [INF] Processing ScheduleId=6, LoanId=1, DueDate="2027-02-27", CurrentStatus=PENDING, PaidAmount=0.00, EMI=4614.49
2026-08-28 10:46:19.330 +05:30 [INF] Executed DbCommand (1ms) [Parameters=[@loanId='?' (DbType = Int32)], CommandType='"Text"', CommandTimeout='30']
SELECT TOP(1) [l].[LoanId], [l].[BorrowerId], [l].[CreatedAt], [l].[EMIAmount], [l].[EndDate], [l].[InterestRate], [l].[LoanOfficerId], [l].[OutstandingAmount], [l].[PrincipalAmount], [l].[StartDate], [l].[Status], [l].[TenureMonths]
FROM [LoanAccounts] AS [l]
WHERE [l].[LoanId] = @loanId
2026-08-28 10:46:19.335 +05:30 [INF] Executed DbCommand (1ms) [Parameters=[@scheduleId='?' (DbType = Int32)], CommandType='"Text"', CommandTimeout='30']
SELECT TOP(1) [p].[BehaviorLogId], [p].[BorrowerId], [p].[DaysLate], [p].[DueDate], [p].[LoanId], [p].[PaymentDate], [p].[PaymentStatus], [p].[RecordedAt], [p].[ScheduleId]
FROM [PaymentBehaviorLogs] AS [p]
WHERE [p].[ScheduleId] = @scheduleId
2026-08-28 10:46:19.340 +05:30 [INF] Behavior log already exists for ScheduleId=6. Schedule marked as MISSED.
2026-08-28 10:46:19.342 +05:30 [INF] Processing ScheduleId=7, LoanId=1, DueDate="2027-03-27", CurrentStatus=PENDING, PaidAmount=0.00, EMI=4614.49
2026-08-28 10:46:19.346 +05:30 [INF] Executed DbCommand (1ms) [Parameters=[@loanId='?' (DbType = Int32)], CommandType='"Text"', CommandTimeout='30']
SELECT TOP(1) [l].[LoanId], [l].[BorrowerId], [l].[CreatedAt], [l].[EMIAmount], [l].[EndDate], [l].[InterestRate], [l].[LoanOfficerId], [l].[OutstandingAmount], [l].[PrincipalAmount], [l].[StartDate], [l].[Status], [l].[TenureMonths]
FROM [LoanAccounts] AS [l]
WHERE [l].[LoanId] = @loanId
2026-08-28 10:46:19.351 +05:30 [INF] Executed DbCommand (1ms) [Parameters=[@scheduleId='?' (DbType = Int32)], CommandType='"Text"', CommandTimeout='30']
SELECT TOP(1) [p].[BehaviorLogId], [p].[BorrowerId], [p].[DaysLate], [p].[DueDate], [p].[LoanId], [p].[PaymentDate], [p].[PaymentStatus], [p].[RecordedAt], [p].[ScheduleId]
FROM [PaymentBehaviorLogs] AS [p]
WHERE [p].[ScheduleId] = @scheduleId
2026-08-28 10:46:19.356 +05:30 [INF] Behavior log already exists for ScheduleId=7. Schedule marked as MISSED.
2026-08-28 10:46:19.359 +05:30 [INF] Processing ScheduleId=8, LoanId=1, DueDate="2027-04-27", CurrentStatus=PENDING, PaidAmount=0.00, EMI=4614.49
2026-08-28 10:46:19.363 +05:30 [INF] Executed DbCommand (1ms) [Parameters=[@loanId='?' (DbType = Int32)], CommandType='"Text"', CommandTimeout='30']
SELECT TOP(1) [l].[LoanId], [l].[BorrowerId], [l].[CreatedAt], [l].[EMIAmount], [l].[EndDate], [l].[InterestRate], [l].[LoanOfficerId], [l].[OutstandingAmount], [l].[PrincipalAmount], [l].[StartDate], [l].[Status], [l].[TenureMonths]
FROM [LoanAccounts] AS [l]
WHERE [l].[LoanId] = @loanId
2026-08-28 10:46:19.368 +05:30 [INF] Executed DbCommand (1ms) [Parameters=[@scheduleId='?' (DbType = Int32)], CommandType='"Text"', CommandTimeout='30']
SELECT TOP(1) [p].[BehaviorLogId], [p].[BorrowerId], [p].[DaysLate], [p].[DueDate], [p].[LoanId], [p].[PaymentDate], [p].[PaymentStatus], [p].[RecordedAt], [p].[ScheduleId]
FROM [PaymentBehaviorLogs] AS [p]
WHERE [p].[ScheduleId] = @scheduleId
2026-08-28 10:46:19.402 +05:30 [INF] Behavior log already exists for ScheduleId=8. Schedule marked as MISSED.
2026-08-28 10:46:19.405 +05:30 [INF] Processing ScheduleId=9, LoanId=1, DueDate="2027-05-27", CurrentStatus=PENDING, PaidAmount=0.00, EMI=4614.49
2026-08-28 10:46:19.413 +05:30 [INF] Executed DbCommand (1ms) [Parameters=[@loanId='?' (DbType = Int32)], CommandType='"Text"', CommandTimeout='30']
SELECT TOP(1) [l].[LoanId], [l].[BorrowerId], [l].[CreatedAt], [l].[EMIAmount], [l].[EndDate], [l].[InterestRate], [l].[LoanOfficerId], [l].[OutstandingAmount], [l].[PrincipalAmount], [l].[StartDate], [l].[Status], [l].[TenureMonths]
FROM [LoanAccounts] AS [l]
WHERE [l].[LoanId] = @loanId
2026-08-28 10:46:19.424 +05:30 [INF] Executed DbCommand (3ms) [Parameters=[@scheduleId='?' (DbType = Int32)], CommandType='"Text"', CommandTimeout='30']
SELECT TOP(1) [p].[BehaviorLogId], [p].[BorrowerId], [p].[DaysLate], [p].[DueDate], [p].[LoanId], [p].[PaymentDate], [p].[PaymentStatus], [p].[RecordedAt], [p].[ScheduleId]
FROM [PaymentBehaviorLogs] AS [p]
WHERE [p].[ScheduleId] = @scheduleId
2026-08-28 10:46:19.449 +05:30 [INF] Behavior log already exists for ScheduleId=9. Schedule marked as MISSED.
2026-08-28 10:46:19.452 +05:30 [INF] Processing ScheduleId=33, LoanId=2, DueDate="2027-05-27", CurrentStatus=PENDING, PaidAmount=0.00, EMI=55373.91
2026-08-28 10:46:19.457 +05:30 [INF] Executed DbCommand (1ms) [Parameters=[@loanId='?' (DbType = Int32)], CommandType='"Text"', CommandTimeout='30']
SELECT TOP(1) [l].[LoanId], [l].[BorrowerId], [l].[CreatedAt], [l].[EMIAmount], [l].[EndDate], [l].[InterestRate], [l].[LoanOfficerId], [l].[OutstandingAmount], [l].[PrincipalAmount], [l].[StartDate], [l].[Status], [l].[TenureMonths]
FROM [LoanAccounts] AS [l]
WHERE [l].[LoanId] = @loanId
2026-08-28 10:46:19.464 +05:30 [INF] Executed DbCommand (4ms) [Parameters=[@scheduleId='?' (DbType = Int32)], CommandType='"Text"', CommandTimeout='30']
SELECT TOP(1) [p].[BehaviorLogId], [p].[BorrowerId], [p].[DaysLate], [p].[DueDate], [p].[LoanId], [p].[PaymentDate], [p].[PaymentStatus], [p].[RecordedAt], [p].[ScheduleId]
FROM [PaymentBehaviorLogs] AS [p]
WHERE [p].[ScheduleId] = @scheduleId
2026-08-28 10:46:19.469 +05:30 [INF] Behavior log already exists for ScheduleId=33. Schedule marked as MISSED.
2026-08-28 10:46:19.471 +05:30 [INF] Processing ScheduleId=34, LoanId=2, DueDate="2027-06-27", CurrentStatus=PENDING, PaidAmount=0.00, EMI=55373.91
2026-08-28 10:46:19.476 +05:30 [INF] Executed DbCommand (1ms) [Parameters=[@loanId='?' (DbType = Int32)], CommandType='"Text"', CommandTimeout='30']
SELECT TOP(1) [l].[LoanId], [l].[BorrowerId], [l].[CreatedAt], [l].[EMIAmount], [l].[EndDate], [l].[InterestRate], [l].[LoanOfficerId], [l].[OutstandingAmount], [l].[PrincipalAmount], [l].[StartDate], [l].[Status], [l].[TenureMonths]
FROM [LoanAccounts] AS [l]
WHERE [l].[LoanId] = @loanId
2026-08-28 10:46:19.485 +05:30 [INF] Executed DbCommand (5ms) [Parameters=[@scheduleId='?' (DbType = Int32)], CommandType='"Text"', CommandTimeout='30']
SELECT TOP(1) [p].[BehaviorLogId], [p].[BorrowerId], [p].[DaysLate], [p].[DueDate], [p].[LoanId], [p].[PaymentDate], [p].[PaymentStatus], [p].[RecordedAt], [p].[ScheduleId]
FROM [PaymentBehaviorLogs] AS [p]
WHERE [p].[ScheduleId] = @scheduleId
2026-08-28 10:46:19.489 +05:30 [INF] Behavior log already exists for ScheduleId=34. Schedule marked as MISSED.
2026-08-28 10:46:19.492 +05:30 [INF] Processing ScheduleId=10, LoanId=1, DueDate="2027-06-27", CurrentStatus=PENDING, PaidAmount=0.00, EMI=4614.49
2026-08-28 10:46:19.496 +05:30 [INF] Executed DbCommand (1ms) [Parameters=[@loanId='?' (DbType = Int32)], CommandType='"Text"', CommandTimeout='30']
SELECT TOP(1) [l].[LoanId], [l].[BorrowerId], [l].[CreatedAt], [l].[EMIAmount], [l].[EndDate], [l].[InterestRate], [l].[LoanOfficerId], [l].[OutstandingAmount], [l].[PrincipalAmount], [l].[StartDate], [l].[Status], [l].[TenureMonths]
FROM [LoanAccounts] AS [l]
WHERE [l].[LoanId] = @loanId
2026-08-28 10:46:19.503 +05:30 [INF] Executed DbCommand (3ms) [Parameters=[@scheduleId='?' (DbType = Int32)], CommandType='"Text"', CommandTimeout='30']
SELECT TOP(1) [p].[BehaviorLogId], [p].[BorrowerId], [p].[DaysLate], [p].[DueDate], [p].[LoanId], [p].[PaymentDate], [p].[PaymentStatus], [p].[RecordedAt], [p].[ScheduleId]
FROM [PaymentBehaviorLogs] AS [p]
WHERE [p].[ScheduleId] = @scheduleId
2026-08-28 10:46:19.509 +05:30 [INF] Behavior log already exists for ScheduleId=10. Schedule marked as MISSED.
2026-08-28 10:46:19.510 +05:30 [INF] Finished overdue EMI processing.
2026-08-28 10:46:19.511 +05:30 [INF] Processed Count: 12
2026-08-28 10:46:19.512 +05:30 [INF] ============================================
2026-08-28 10:46:19.513 +05:30 [INF] Processed 12 overdue repayment schedules.
2026-08-28 10:46:33.794 +05:30 [INF] Request starting HTTP/1.1 GET http://localhost:5082/swagger/index.html - null null
2026-08-28 10:46:34.033 +05:30 [INF] HTTP GET /swagger/index.html responded 304 in 157.0707 ms
2026-08-28 10:46:34.067 +05:30 [INF] Request finished HTTP/1.1 GET http://localhost:5082/swagger/index.html - 304 null null 275.7883ms
2026-08-28 10:46:34.095 +05:30 [INF] Request starting HTTP/1.1 GET http://localhost:5082/swagger/swagger-ui-bundle.js - null null
2026-08-28 10:46:34.095 +05:30 [INF] Request starting HTTP/1.1 GET http://localhost:5082/swagger/index.css - null null
2026-08-28 10:46:34.105 +05:30 [INF] Request starting HTTP/1.1 GET http://localhost:5082/swagger/swagger-ui-standalone-preset.js - null null
2026-08-28 10:46:34.105 +05:30 [INF] Request starting HTTP/1.1 GET http://localhost:5082/swagger/index.js - null null
2026-08-28 10:46:34.128 +05:30 [INF] Request starting HTTP/1.1 GET http://localhost:5082/swagger/swagger-ui.css - null null
2026-08-28 10:46:34.165 +05:30 [INF] HTTP GET /swagger/index.css responded 304 in 18.9506 ms
2026-08-28 10:46:34.177 +05:30 [INF] HTTP GET /swagger/swagger-ui-standalone-preset.js responded 304 in 13.6759 ms
2026-08-28 10:46:34.178 +05:30 [INF] HTTP GET /swagger/swagger-ui-bundle.js responded 304 in 36.2239 ms
2026-08-28 10:46:34.197 +05:30 [INF] HTTP GET /swagger/index.js responded 304 in 0.9794 ms
2026-08-28 10:46:34.206 +05:30 [INF] HTTP GET /swagger/swagger-ui.css responded 304 in 1.7632 ms
2026-08-28 10:46:34.211 +05:30 [INF] Request finished HTTP/1.1 GET http://localhost:5082/swagger/index.css - 304 null null 114.9687ms
2026-08-28 10:46:34.233 +05:30 [INF] Request finished HTTP/1.1 GET http://localhost:5082/swagger/swagger-ui-standalone-preset.js - 304 null null 128.1084ms
2026-08-28 10:46:34.237 +05:30 [INF] Request finished HTTP/1.1 GET http://localhost:5082/swagger/swagger-ui-bundle.js - 304 null null 142.1549ms
2026-08-28 10:46:34.258 +05:30 [INF] Request finished HTTP/1.1 GET http://localhost:5082/swagger/index.js - 304 null null 151.456ms
2026-08-28 10:46:34.262 +05:30 [INF] Request finished HTTP/1.1 GET http://localhost:5082/swagger/swagger-ui.css - 304 null null 134.716ms
2026-08-28 10:46:34.461 +05:30 [INF] Request starting HTTP/1.1 GET http://localhost:5082/swagger/v1/swagger.json - null null
2026-08-28 10:46:34.774 +05:30 [INF] HTTP GET /swagger/v1/swagger.json responded 200 in 280.6186 ms
2026-08-28 10:46:34.783 +05:30 [INF] Request finished HTTP/1.1 GET http://localhost:5082/swagger/v1/swagger.json - 200 null application/json;charset=utf-8 322.417ms
2026-08-28 10:47:20.630 +05:30 [INF] Request starting HTTP/1.1 POST http://localhost:5082/api/Auth/login - application/json 63
2026-08-28 10:47:20.646 +05:30 [WRN] Failed to determine the https port for redirect.
2026-08-28 10:47:20.654 +05:30 [INF] CORS policy execution successful.
2026-08-28 10:47:20.733 +05:30 [INF] Executing endpoint 'LoanDeductionPrediction.API.Controllers.AuthController.Login (LoanDeductionPrediction.API)'
2026-08-28 10:47:20.802 +05:30 [INF] Route matched with {action = "Login", controller = "Auth"}. Executing controller action with signature System.Threading.Tasks.Task`1[Microsoft.AspNetCore.Mvc.IActionResult] Login(LoanDeductionPrediction.Models.DTOs.LoginRequest) on controller LoanDeductionPrediction.API.Controllers.AuthController (LoanDeductionPrediction.API).
2026-08-28 10:47:21.120 +05:30 [WRN] You do not have a valid license key for the Lucky Penny software AutoMapper. This is allowed for development and testing scenarios. If you are running in production you are required to have a licensed version. Please visit https://luckypennysoftware.com to obtain a valid license.
2026-08-28 10:47:21.378 +05:30 [INF] Executed DbCommand (4ms) [Parameters=[@email='?' (Size = 150)], CommandType='"Text"', CommandTimeout='30']
SELECT TOP(1) [u].[UserId], [u].[CreatedAt], [u].[Email], [u].[FullName], [u].[IsActive], [u].[PasswordHash], [u].[Role]
FROM [Users] AS [u]
WHERE [u].[Email] = @email
2026-08-28 10:47:22.275 +05:30 [INF] Executed DbCommand (13ms) [Parameters=[@p0='?' (DbType = DateTime2), @p1='?' (DbType = DateTime2), @p2='?' (DbType = Boolean), @p3='?' (DbType = DateTime2), @p4='?' (Size = 500), @p5='?' (DbType = Int32)], CommandType='"Text"', CommandTimeout='30']
SET IMPLICIT_TRANSACTIONS OFF;
SET NOCOUNT ON;
INSERT INTO [RefreshTokens] ([CreatedAt], [ExpiresAt], [IsRevoked], [RevokedAt], [Token], [UserId])
OUTPUT INSERTED.[RefreshTokenId]
VALUES (@p0, @p1, @p2, @p3, @p4, @p5);
2026-08-28 10:47:22.345 +05:30 [INF] Executing OkObjectResult, writing value of type 'LoanDeductionPrediction.Models.DTOs.LoginResponse'.
2026-08-28 10:47:22.381 +05:30 [INF] Executed action LoanDeductionPrediction.API.Controllers.AuthController.Login (LoanDeductionPrediction.API) in 1563.2838ms
2026-08-28 10:47:22.385 +05:30 [INF] Executed endpoint 'LoanDeductionPrediction.API.Controllers.AuthController.Login (LoanDeductionPrediction.API)'
2026-08-28 10:47:22.392 +05:30 [INF] HTTP POST /api/Auth/login responded 200 in 1749.3939 ms
2026-08-28 10:47:22.419 +05:30 [INF] Request finished HTTP/1.1 POST http://localhost:5082/api/Auth/login - 200 null application/json; charset=utf-8 1789.5324ms
2026-08-28 10:47:23.327 +05:30 [INF] Request starting HTTP/1.1 POST http://localhost:5082/api/Auth/login - application/json 63
2026-08-28 10:47:23.344 +05:30 [INF] CORS policy execution successful.
2026-08-28 10:47:23.361 +05:30 [INF] Executing endpoint 'LoanDeductionPrediction.API.Controllers.AuthController.Login (LoanDeductionPrediction.API)'
2026-08-28 10:47:23.373 +05:30 [INF] Route matched with {action = "Login", controller = "Auth"}. Executing controller action with signature System.Threading.Tasks.Task`1[Microsoft.AspNetCore.Mvc.IActionResult] Login(LoanDeductionPrediction.Models.DTOs.LoginRequest) on controller LoanDeductionPrediction.API.Controllers.AuthController (LoanDeductionPrediction.API).
2026-08-28 10:47:23.437 +05:30 [INF] Executed DbCommand (10ms) [Parameters=[@email='?' (Size = 150)], CommandType='"Text"', CommandTimeout='30']
SELECT TOP(1) [u].[UserId], [u].[CreatedAt], [u].[Email], [u].[FullName], [u].[IsActive], [u].[PasswordHash], [u].[Role]
FROM [Users] AS [u]
WHERE [u].[Email] = @email
2026-08-28 10:47:23.962 +05:30 [INF] Executed DbCommand (6ms) [Parameters=[@p0='?' (DbType = DateTime2), @p1='?' (DbType = DateTime2), @p2='?' (DbType = Boolean), @p3='?' (DbType = DateTime2), @p4='?' (Size = 500), @p5='?' (DbType = Int32)], CommandType='"Text"', CommandTimeout='30']
SET IMPLICIT_TRANSACTIONS OFF;
SET NOCOUNT ON;
INSERT INTO [RefreshTokens] ([CreatedAt], [ExpiresAt], [IsRevoked], [RevokedAt], [Token], [UserId])
OUTPUT INSERTED.[RefreshTokenId]
VALUES (@p0, @p1, @p2, @p3, @p4, @p5);
2026-08-28 10:47:23.973 +05:30 [INF] Executing OkObjectResult, writing value of type 'LoanDeductionPrediction.Models.DTOs.LoginResponse'.
2026-08-28 10:47:23.985 +05:30 [INF] Executed action LoanDeductionPrediction.API.Controllers.AuthController.Login (LoanDeductionPrediction.API) in 575.8451ms
2026-08-28 10:47:23.997 +05:30 [INF] Executed endpoint 'LoanDeductionPrediction.API.Controllers.AuthController.Login (LoanDeductionPrediction.API)'
2026-08-28 10:47:24.004 +05:30 [INF] HTTP POST /api/Auth/login responded 200 in 660.2897 ms
2026-08-28 10:47:24.016 +05:30 [INF] Request finished HTTP/1.1 POST http://localhost:5082/api/Auth/login - 200 null application/json; charset=utf-8 689.1433ms
2026-08-28 10:47:42.867 +05:30 [INF] Request starting HTTP/1.1 POST http://localhost:5082/api/PaymentBehavior/process-overdue - null 0
2026-08-28 10:47:42.890 +05:30 [INF] CORS policy execution successful.
2026-08-28 10:47:43.022 +05:30 [INF] Executing endpoint 'LoanDeductionPrediction.API.Controllers.PaymentBehaviorController.ProcessOverduePayments (LoanDeductionPrediction.API)'
2026-08-28 10:47:43.052 +05:30 [INF] Route matched with {action = "ProcessOverduePayments", controller = "PaymentBehavior"}. Executing controller action with signature System.Threading.Tasks.Task`1[Microsoft.AspNetCore.Mvc.IActionResult] ProcessOverduePayments() on controller LoanDeductionPrediction.API.Controllers.PaymentBehaviorController (LoanDeductionPrediction.API).
2026-08-28 10:47:43.078 +05:30 [INF] ============================================
2026-08-28 10:47:43.081 +05:30 [INF] Starting overdue EMI processing.
2026-08-28 10:47:43.084 +05:30 [INF] System/Test Date: "2027-07-01"
2026-08-28 10:47:43.102 +05:30 [INF] Executed DbCommand (6ms) [Parameters=[@today='?' (DbType = Date)], CommandType='"Text"', CommandTimeout='30']
SELECT [r].[ScheduleId], [r].[DueDate], [r].[EMIAmount], [r].[InstallmentNumber], [r].[InterestAmount], [r].[LoanId], [r].[PaidAmount], [r].[PaidDate], [r].[PrincipalAmount], [r].[Status]
FROM [RepaymentSchedules] AS [r]
WHERE [r].[DueDate] < @today AND [r].[PaidAmount] < [r].[EMIAmount] AND [r].[Status] <> N'PAID'
ORDER BY [r].[DueDate]
2026-08-28 10:47:43.113 +05:30 [INF] Found 12 overdue repayment schedules.
2026-08-28 10:47:43.115 +05:30 [INF] Processing ScheduleId=1, LoanId=1, DueDate="2026-09-27", CurrentStatus=PENDING, PaidAmount=0.00, EMI=4614.49
2026-08-28 10:47:43.132 +05:30 [INF] Executed DbCommand (4ms) [Parameters=[@loanId='?' (DbType = Int32)], CommandType='"Text"', CommandTimeout='30']
SELECT TOP(1) [l].[LoanId], [l].[BorrowerId], [l].[CreatedAt], [l].[EMIAmount], [l].[EndDate], [l].[InterestRate], [l].[LoanOfficerId], [l].[OutstandingAmount], [l].[PrincipalAmount], [l].[StartDate], [l].[Status], [l].[TenureMonths]
FROM [LoanAccounts] AS [l]
WHERE [l].[LoanId] = @loanId
2026-08-28 10:47:43.150 +05:30 [INF] Executed DbCommand (5ms) [Parameters=[@scheduleId='?' (DbType = Int32)], CommandType='"Text"', CommandTimeout='30']
SELECT TOP(1) [p].[BehaviorLogId], [p].[BorrowerId], [p].[DaysLate], [p].[DueDate], [p].[LoanId], [p].[PaymentDate], [p].[PaymentStatus], [p].[RecordedAt], [p].[ScheduleId]
FROM [PaymentBehaviorLogs] AS [p]
WHERE [p].[ScheduleId] = @scheduleId
2026-08-28 10:47:43.159 +05:30 [INF] Behavior log already exists for ScheduleId=1. Schedule marked as MISSED.
2026-08-28 10:47:43.164 +05:30 [INF] Processing ScheduleId=2, LoanId=1, DueDate="2026-10-27", CurrentStatus=PENDING, PaidAmount=0.00, EMI=4614.49
2026-08-28 10:47:43.207 +05:30 [INF] Executed DbCommand (3ms) [Parameters=[@loanId='?' (DbType = Int32)], CommandType='"Text"', CommandTimeout='30']
SELECT TOP(1) [l].[LoanId], [l].[BorrowerId], [l].[CreatedAt], [l].[EMIAmount], [l].[EndDate], [l].[InterestRate], [l].[LoanOfficerId], [l].[OutstandingAmount], [l].[PrincipalAmount], [l].[StartDate], [l].[Status], [l].[TenureMonths]
FROM [LoanAccounts] AS [l]
WHERE [l].[LoanId] = @loanId
2026-08-28 10:47:43.254 +05:30 [INF] Executed DbCommand (13ms) [Parameters=[@scheduleId='?' (DbType = Int32)], CommandType='"Text"', CommandTimeout='30']
SELECT TOP(1) [p].[BehaviorLogId], [p].[BorrowerId], [p].[DaysLate], [p].[DueDate], [p].[LoanId], [p].[PaymentDate], [p].[PaymentStatus], [p].[RecordedAt], [p].[ScheduleId]
FROM [PaymentBehaviorLogs] AS [p]
WHERE [p].[ScheduleId] = @scheduleId
2026-08-28 10:47:43.282 +05:30 [INF] Behavior log already exists for ScheduleId=2. Schedule marked as MISSED.
2026-08-28 10:47:43.419 +05:30 [INF] Processing ScheduleId=3, LoanId=1, DueDate="2026-11-27", CurrentStatus=PENDING, PaidAmount=0.00, EMI=4614.49
2026-08-28 10:47:43.494 +05:30 [INF] Executed DbCommand (3ms) [Parameters=[@loanId='?' (DbType = Int32)], CommandType='"Text"', CommandTimeout='30']
SELECT TOP(1) [l].[LoanId], [l].[BorrowerId], [l].[CreatedAt], [l].[EMIAmount], [l].[EndDate], [l].[InterestRate], [l].[LoanOfficerId], [l].[OutstandingAmount], [l].[PrincipalAmount], [l].[StartDate], [l].[Status], [l].[TenureMonths]
FROM [LoanAccounts] AS [l]
WHERE [l].[LoanId] = @loanId
2026-08-28 10:47:43.587 +05:30 [INF] Executed DbCommand (21ms) [Parameters=[@scheduleId='?' (DbType = Int32)], CommandType='"Text"', CommandTimeout='30']
SELECT TOP(1) [p].[BehaviorLogId], [p].[BorrowerId], [p].[DaysLate], [p].[DueDate], [p].[LoanId], [p].[PaymentDate], [p].[PaymentStatus], [p].[RecordedAt], [p].[ScheduleId]
FROM [PaymentBehaviorLogs] AS [p]
WHERE [p].[ScheduleId] = @scheduleId
2026-08-28 10:47:43.639 +05:30 [INF] Behavior log already exists for ScheduleId=3. Schedule marked as MISSED.
2026-08-28 10:47:43.649 +05:30 [INF] Processing ScheduleId=4, LoanId=1, DueDate="2026-12-27", CurrentStatus=PENDING, PaidAmount=0.00, EMI=4614.49
2026-08-28 10:47:43.679 +05:30 [INF] Executed DbCommand (3ms) [Parameters=[@loanId='?' (DbType = Int32)], CommandType='"Text"', CommandTimeout='30']
SELECT TOP(1) [l].[LoanId], [l].[BorrowerId], [l].[CreatedAt], [l].[EMIAmount], [l].[EndDate], [l].[InterestRate], [l].[LoanOfficerId], [l].[OutstandingAmount], [l].[PrincipalAmount], [l].[StartDate], [l].[Status], [l].[TenureMonths]
FROM [LoanAccounts] AS [l]
WHERE [l].[LoanId] = @loanId
2026-08-28 10:47:43.706 +05:30 [INF] Executed DbCommand (3ms) [Parameters=[@scheduleId='?' (DbType = Int32)], CommandType='"Text"', CommandTimeout='30']
SELECT TOP(1) [p].[BehaviorLogId], [p].[BorrowerId], [p].[DaysLate], [p].[DueDate], [p].[LoanId], [p].[PaymentDate], [p].[PaymentStatus], [p].[RecordedAt], [p].[ScheduleId]
FROM [PaymentBehaviorLogs] AS [p]
WHERE [p].[ScheduleId] = @scheduleId
2026-08-28 10:47:43.723 +05:30 [INF] Behavior log already exists for ScheduleId=4. Schedule marked as MISSED.
2026-08-28 10:47:43.741 +05:30 [INF] Processing ScheduleId=5, LoanId=1, DueDate="2027-01-27", CurrentStatus=PENDING, PaidAmount=0.00, EMI=4614.49
2026-08-28 10:47:43.769 +05:30 [INF] Executed DbCommand (3ms) [Parameters=[@loanId='?' (DbType = Int32)], CommandType='"Text"', CommandTimeout='30']
SELECT TOP(1) [l].[LoanId], [l].[BorrowerId], [l].[CreatedAt], [l].[EMIAmount], [l].[EndDate], [l].[InterestRate], [l].[LoanOfficerId], [l].[OutstandingAmount], [l].[PrincipalAmount], [l].[StartDate], [l].[Status], [l].[TenureMonths]
FROM [LoanAccounts] AS [l]
WHERE [l].[LoanId] = @loanId
2026-08-28 10:47:43.797 +05:30 [INF] Executed DbCommand (5ms) [Parameters=[@scheduleId='?' (DbType = Int32)], CommandType='"Text"', CommandTimeout='30']
SELECT TOP(1) [p].[BehaviorLogId], [p].[BorrowerId], [p].[DaysLate], [p].[DueDate], [p].[LoanId], [p].[PaymentDate], [p].[PaymentStatus], [p].[RecordedAt], [p].[ScheduleId]
FROM [PaymentBehaviorLogs] AS [p]
WHERE [p].[ScheduleId] = @scheduleId
2026-08-28 10:47:43.845 +05:30 [INF] Behavior log already exists for ScheduleId=5. Schedule marked as MISSED.
2026-08-28 10:47:43.879 +05:30 [INF] Processing ScheduleId=6, LoanId=1, DueDate="2027-02-27", CurrentStatus=PENDING, PaidAmount=0.00, EMI=4614.49
2026-08-28 10:47:43.932 +05:30 [INF] Executed DbCommand (39ms) [Parameters=[@loanId='?' (DbType = Int32)], CommandType='"Text"', CommandTimeout='30']
SELECT TOP(1) [l].[LoanId], [l].[BorrowerId], [l].[CreatedAt], [l].[EMIAmount], [l].[EndDate], [l].[InterestRate], [l].[LoanOfficerId], [l].[OutstandingAmount], [l].[PrincipalAmount], [l].[StartDate], [l].[Status], [l].[TenureMonths]
FROM [LoanAccounts] AS [l]
WHERE [l].[LoanId] = @loanId
2026-08-28 10:47:43.942 +05:30 [INF] Executed DbCommand (4ms) [Parameters=[@scheduleId='?' (DbType = Int32)], CommandType='"Text"', CommandTimeout='30']
SELECT TOP(1) [p].[BehaviorLogId], [p].[BorrowerId], [p].[DaysLate], [p].[DueDate], [p].[LoanId], [p].[PaymentDate], [p].[PaymentStatus], [p].[RecordedAt], [p].[ScheduleId]
FROM [PaymentBehaviorLogs] AS [p]
WHERE [p].[ScheduleId] = @scheduleId
2026-08-28 10:47:43.975 +05:30 [INF] Behavior log already exists for ScheduleId=6. Schedule marked as MISSED.
2026-08-28 10:47:44.005 +05:30 [INF] Processing ScheduleId=7, LoanId=1, DueDate="2027-03-27", CurrentStatus=PENDING, PaidAmount=0.00, EMI=4614.49
2026-08-28 10:47:44.036 +05:30 [INF] Executed DbCommand (4ms) [Parameters=[@loanId='?' (DbType = Int32)], CommandType='"Text"', CommandTimeout='30']
SELECT TOP(1) [l].[LoanId], [l].[BorrowerId], [l].[CreatedAt], [l].[EMIAmount], [l].[EndDate], [l].[InterestRate], [l].[LoanOfficerId], [l].[OutstandingAmount], [l].[PrincipalAmount], [l].[StartDate], [l].[Status], [l].[TenureMonths]
FROM [LoanAccounts] AS [l]
WHERE [l].[LoanId] = @loanId
2026-08-28 10:47:44.060 +05:30 [INF] Executed DbCommand (5ms) [Parameters=[@scheduleId='?' (DbType = Int32)], CommandType='"Text"', CommandTimeout='30']
SELECT TOP(1) [p].[BehaviorLogId], [p].[BorrowerId], [p].[DaysLate], [p].[DueDate], [p].[LoanId], [p].[PaymentDate], [p].[PaymentStatus], [p].[RecordedAt], [p].[ScheduleId]
FROM [PaymentBehaviorLogs] AS [p]
WHERE [p].[ScheduleId] = @scheduleId
2026-08-28 10:47:44.090 +05:30 [INF] Behavior log already exists for ScheduleId=7. Schedule marked as MISSED.
2026-08-28 10:47:44.108 +05:30 [INF] Processing ScheduleId=8, LoanId=1, DueDate="2027-04-27", CurrentStatus=PENDING, PaidAmount=0.00, EMI=4614.49
2026-08-28 10:47:44.139 +05:30 [INF] Executed DbCommand (3ms) [Parameters=[@loanId='?' (DbType = Int32)], CommandType='"Text"', CommandTimeout='30']
SELECT TOP(1) [l].[LoanId], [l].[BorrowerId], [l].[CreatedAt], [l].[EMIAmount], [l].[EndDate], [l].[InterestRate], [l].[LoanOfficerId], [l].[OutstandingAmount], [l].[PrincipalAmount], [l].[StartDate], [l].[Status], [l].[TenureMonths]
FROM [LoanAccounts] AS [l]
WHERE [l].[LoanId] = @loanId
2026-08-28 10:47:44.160 +05:30 [INF] Executed DbCommand (5ms) [Parameters=[@scheduleId='?' (DbType = Int32)], CommandType='"Text"', CommandTimeout='30']
SELECT TOP(1) [p].[BehaviorLogId], [p].[BorrowerId], [p].[DaysLate], [p].[DueDate], [p].[LoanId], [p].[PaymentDate], [p].[PaymentStatus], [p].[RecordedAt], [p].[ScheduleId]
FROM [PaymentBehaviorLogs] AS [p]
WHERE [p].[ScheduleId] = @scheduleId
2026-08-28 10:47:44.178 +05:30 [INF] Behavior log already exists for ScheduleId=8. Schedule marked as MISSED.
2026-08-28 10:47:44.179 +05:30 [INF] Processing ScheduleId=9, LoanId=1, DueDate="2027-05-27", CurrentStatus=PENDING, PaidAmount=0.00, EMI=4614.49
2026-08-28 10:47:44.201 +05:30 [INF] Executed DbCommand (2ms) [Parameters=[@loanId='?' (DbType = Int32)], CommandType='"Text"', CommandTimeout='30']
SELECT TOP(1) [l].[LoanId], [l].[BorrowerId], [l].[CreatedAt], [l].[EMIAmount], [l].[EndDate], [l].[InterestRate], [l].[LoanOfficerId], [l].[OutstandingAmount], [l].[PrincipalAmount], [l].[StartDate], [l].[Status], [l].[TenureMonths]
FROM [LoanAccounts] AS [l]
WHERE [l].[LoanId] = @loanId
2026-08-28 10:47:44.216 +05:30 [INF] Executed DbCommand (1ms) [Parameters=[@scheduleId='?' (DbType = Int32)], CommandType='"Text"', CommandTimeout='30']
SELECT TOP(1) [p].[BehaviorLogId], [p].[BorrowerId], [p].[DaysLate], [p].[DueDate], [p].[LoanId], [p].[PaymentDate], [p].[PaymentStatus], [p].[RecordedAt], [p].[ScheduleId]
FROM [PaymentBehaviorLogs] AS [p]
WHERE [p].[ScheduleId] = @scheduleId
2026-08-28 10:47:44.230 +05:30 [INF] Behavior log already exists for ScheduleId=9. Schedule marked as MISSED.
2026-08-28 10:47:44.250 +05:30 [INF] Processing ScheduleId=33, LoanId=2, DueDate="2027-05-27", CurrentStatus=PENDING, PaidAmount=0.00, EMI=55373.91
2026-08-28 10:47:44.284 +05:30 [INF] Executed DbCommand (5ms) [Parameters=[@loanId='?' (DbType = Int32)], CommandType='"Text"', CommandTimeout='30']
SELECT TOP(1) [l].[LoanId], [l].[BorrowerId], [l].[CreatedAt], [l].[EMIAmount], [l].[EndDate], [l].[InterestRate], [l].[LoanOfficerId], [l].[OutstandingAmount], [l].[PrincipalAmount], [l].[StartDate], [l].[Status], [l].[TenureMonths]
FROM [LoanAccounts] AS [l]
WHERE [l].[LoanId] = @loanId
2026-08-28 10:47:44.339 +05:30 [INF] Executed DbCommand (5ms) [Parameters=[@scheduleId='?' (DbType = Int32)], CommandType='"Text"', CommandTimeout='30']
SELECT TOP(1) [p].[BehaviorLogId], [p].[BorrowerId], [p].[DaysLate], [p].[DueDate], [p].[LoanId], [p].[PaymentDate], [p].[PaymentStatus], [p].[RecordedAt], [p].[ScheduleId]
FROM [PaymentBehaviorLogs] AS [p]
WHERE [p].[ScheduleId] = @scheduleId
2026-08-28 10:47:44.373 +05:30 [INF] Behavior log already exists for ScheduleId=33. Schedule marked as MISSED.
2026-08-28 10:47:44.392 +05:30 [INF] Processing ScheduleId=34, LoanId=2, DueDate="2027-06-27", CurrentStatus=PENDING, PaidAmount=0.00, EMI=55373.91
2026-08-28 10:47:44.413 +05:30 [INF] Executed DbCommand (3ms) [Parameters=[@loanId='?' (DbType = Int32)], CommandType='"Text"', CommandTimeout='30']
SELECT TOP(1) [l].[LoanId], [l].[BorrowerId], [l].[CreatedAt], [l].[EMIAmount], [l].[EndDate], [l].[InterestRate], [l].[LoanOfficerId], [l].[OutstandingAmount], [l].[PrincipalAmount], [l].[StartDate], [l].[Status], [l].[TenureMonths]
FROM [LoanAccounts] AS [l]
WHERE [l].[LoanId] = @loanId
2026-08-28 10:47:44.426 +05:30 [INF] Executed DbCommand (4ms) [Parameters=[@scheduleId='?' (DbType = Int32)], CommandType='"Text"', CommandTimeout='30']
SELECT TOP(1) [p].[BehaviorLogId], [p].[BorrowerId], [p].[DaysLate], [p].[DueDate], [p].[LoanId], [p].[PaymentDate], [p].[PaymentStatus], [p].[RecordedAt], [p].[ScheduleId]
FROM [PaymentBehaviorLogs] AS [p]
WHERE [p].[ScheduleId] = @scheduleId
2026-08-28 10:47:44.439 +05:30 [INF] Behavior log already exists for ScheduleId=34. Schedule marked as MISSED.
2026-08-28 10:47:44.444 +05:30 [INF] Processing ScheduleId=10, LoanId=1, DueDate="2027-06-27", CurrentStatus=PENDING, PaidAmount=0.00, EMI=4614.49
2026-08-28 10:47:44.459 +05:30 [INF] Executed DbCommand (2ms) [Parameters=[@loanId='?' (DbType = Int32)], CommandType='"Text"', CommandTimeout='30']
SELECT TOP(1) [l].[LoanId], [l].[BorrowerId], [l].[CreatedAt], [l].[EMIAmount], [l].[EndDate], [l].[InterestRate], [l].[LoanOfficerId], [l].[OutstandingAmount], [l].[PrincipalAmount], [l].[StartDate], [l].[Status], [l].[TenureMonths]
FROM [LoanAccounts] AS [l]
WHERE [l].[LoanId] = @loanId
2026-08-28 10:47:44.472 +05:30 [INF] Executed DbCommand (2ms) [Parameters=[@scheduleId='?' (DbType = Int32)], CommandType='"Text"', CommandTimeout='30']
SELECT TOP(1) [p].[BehaviorLogId], [p].[BorrowerId], [p].[DaysLate], [p].[DueDate], [p].[LoanId], [p].[PaymentDate], [p].[PaymentStatus], [p].[RecordedAt], [p].[ScheduleId]
FROM [PaymentBehaviorLogs] AS [p]
WHERE [p].[ScheduleId] = @scheduleId
2026-08-28 10:47:44.484 +05:30 [INF] Behavior log already exists for ScheduleId=10. Schedule marked as MISSED.
2026-08-28 10:47:44.512 +05:30 [INF] Finished overdue EMI processing.
2026-08-28 10:47:44.518 +05:30 [INF] Processed Count: 12
2026-08-28 10:47:44.524 +05:30 [INF] ============================================
2026-08-28 10:47:44.535 +05:30 [INF] Executing OkObjectResult, writing value of type '<>f__AnonymousType7`2[[System.String, System.Private.CoreLib, Version=10.0.0.0, Culture=neutral, PublicKeyToken=7cec85d7bea7798e],[System.Int32, System.Private.CoreLib, Version=10.0.0.0, Culture=neutral, PublicKeyToken=7cec85d7bea7798e]]'.
2026-08-28 10:47:44.575 +05:30 [INF] Executed action LoanDeductionPrediction.API.Controllers.PaymentBehaviorController.ProcessOverduePayments (LoanDeductionPrediction.API) in 1506.5433ms
2026-08-28 10:47:44.582 +05:30 [INF] Executed endpoint 'LoanDeductionPrediction.API.Controllers.PaymentBehaviorController.ProcessOverduePayments (LoanDeductionPrediction.API)'
2026-08-28 10:47:44.585 +05:30 [INF] HTTP POST /api/PaymentBehavior/process-overdue responded 200 in 1696.3745 ms
2026-08-28 10:47:44.594 +05:30 [INF] Request finished HTTP/1.1 POST http://localhost:5082/api/PaymentBehavior/process-overdue - 200 null application/json; charset=utf-8 1726.5245ms
2026-08-28 10:47:57.992 +05:30 [INF] Request starting HTTP/1.1 GET http://localhost:5082/api/RepaymentSchedule/loan/2 - null null
2026-08-28 10:47:58.022 +05:30 [INF] Executing endpoint 'LoanDeductionPrediction.API.Controllers.RepaymentScheduleController.GetLoanSchedule (LoanDeductionPrediction.API)'
2026-08-28 10:47:58.077 +05:30 [INF] Route matched with {action = "GetLoanSchedule", controller = "RepaymentSchedule"}. Executing controller action with signature System.Threading.Tasks.Task`1[Microsoft.AspNetCore.Mvc.IActionResult] GetLoanSchedule(Int32) on controller LoanDeductionPrediction.API.Controllers.RepaymentScheduleController (LoanDeductionPrediction.API).
2026-08-28 10:47:58.108 +05:30 [INF] Executed DbCommand (5ms) [Parameters=[@loanId='?' (DbType = Int32)], CommandType='"Text"', CommandTimeout='30']
SELECT TOP(1) [l].[LoanId], [l].[BorrowerId], [l].[CreatedAt], [l].[EMIAmount], [l].[EndDate], [l].[InterestRate], [l].[LoanOfficerId], [l].[OutstandingAmount], [l].[PrincipalAmount], [l].[StartDate], [l].[Status], [l].[TenureMonths]
FROM [LoanAccounts] AS [l]
WHERE [l].[LoanId] = @loanId
2026-08-28 10:47:58.193 +05:30 [INF] Executed DbCommand (5ms) [Parameters=[@loanId='?' (DbType = Int32)], CommandType='"Text"', CommandTimeout='30']
SELECT [r].[ScheduleId], [r].[DueDate], [r].[EMIAmount], [r].[InstallmentNumber], [r].[InterestAmount], [r].[LoanId], [r].[PaidAmount], [r].[PaidDate], [r].[PrincipalAmount], [r].[Status]
FROM [RepaymentSchedules] AS [r]
WHERE [r].[LoanId] = @loanId
ORDER BY [r].[InstallmentNumber]
2026-08-28 10:47:58.227 +05:30 [INF] Executing OkObjectResult, writing value of type 'System.Collections.Generic.List`1[[LoanDeductionPrediction.Models.DTOs.RepaymentScheduleDto, LoanDeductionPrediction.Models, Version=1.0.0.0, Culture=neutral, PublicKeyToken=null]]'.
2026-08-28 10:47:58.270 +05:30 [INF] Executed action LoanDeductionPrediction.API.Controllers.RepaymentScheduleController.GetLoanSchedule (LoanDeductionPrediction.API) in 183.3241ms
2026-08-28 10:47:58.273 +05:30 [INF] Executed endpoint 'LoanDeductionPrediction.API.Controllers.RepaymentScheduleController.GetLoanSchedule (LoanDeductionPrediction.API)'
2026-08-28 10:47:58.276 +05:30 [INF] HTTP GET /api/RepaymentSchedule/loan/2 responded 200 in 260.9606 ms
2026-08-28 10:47:58.283 +05:30 [INF] Request finished HTTP/1.1 GET http://localhost:5082/api/RepaymentSchedule/loan/2 - 200 null application/json; charset=utf-8 291.1892ms
2026-08-28 10:48:25.022 +05:30 [INF] Request starting HTTP/1.1 GET http://localhost:5082/api/RepaymentSchedule/loan/2/summary - null null
2026-08-28 10:48:25.047 +05:30 [INF] Executing endpoint 'LoanDeductionPrediction.API.Controllers.RepaymentScheduleController.GetSummary (LoanDeductionPrediction.API)'
2026-08-28 10:48:25.123 +05:30 [INF] Route matched with {action = "GetSummary", controller = "RepaymentSchedule"}. Executing controller action with signature System.Threading.Tasks.Task`1[Microsoft.AspNetCore.Mvc.IActionResult] GetSummary(Int32) on controller LoanDeductionPrediction.API.Controllers.RepaymentScheduleController (LoanDeductionPrediction.API).
2026-08-28 10:48:25.151 +05:30 [INF] Executed DbCommand (4ms) [Parameters=[@loanId='?' (DbType = Int32)], CommandType='"Text"', CommandTimeout='30']
SELECT TOP(1) [l].[LoanId], [l].[BorrowerId], [l].[CreatedAt], [l].[EMIAmount], [l].[EndDate], [l].[InterestRate], [l].[LoanOfficerId], [l].[OutstandingAmount], [l].[PrincipalAmount], [l].[StartDate], [l].[Status], [l].[TenureMonths]
FROM [LoanAccounts] AS [l]
WHERE [l].[LoanId] = @loanId
2026-08-28 10:48:25.174 +05:30 [INF] Executed DbCommand (6ms) [Parameters=[@loanId='?' (DbType = Int32)], CommandType='"Text"', CommandTimeout='30']
SELECT [r].[ScheduleId], [r].[DueDate], [r].[EMIAmount], [r].[InstallmentNumber], [r].[InterestAmount], [r].[LoanId], [r].[PaidAmount], [r].[PaidDate], [r].[PrincipalAmount], [r].[Status]
FROM [RepaymentSchedules] AS [r]
WHERE [r].[LoanId] = @loanId
ORDER BY [r].[InstallmentNumber]
2026-08-28 10:48:25.188 +05:30 [INF] Executing OkObjectResult, writing value of type '<>f__AnonymousType9`8[[System.Int32, System.Private.CoreLib, Version=10.0.0.0, Culture=neutral, PublicKeyToken=7cec85d7bea7798e],[System.Int32, System.Private.CoreLib, Version=10.0.0.0, Culture=neutral, PublicKeyToken=7cec85d7bea7798e],[System.Int32, System.Private.CoreLib, Version=10.0.0.0, Culture=neutral, PublicKeyToken=7cec85d7bea7798e],[System.Int32, System.Private.CoreLib, Version=10.0.0.0, Culture=neutral, PublicKeyToken=7cec85d7bea7798e],[System.Int32, System.Private.CoreLib, Version=10.0.0.0, Culture=neutral, PublicKeyToken=7cec85d7bea7798e],[System.Decimal, System.Private.CoreLib, Version=10.0.0.0, Culture=neutral, PublicKeyToken=7cec85d7bea7798e],[System.Decimal, System.Private.CoreLib, Version=10.0.0.0, Culture=neutral, PublicKeyToken=7cec85d7bea7798e],[System.Decimal, System.Private.CoreLib, Version=10.0.0.0, Culture=neutral, PublicKeyToken=7cec85d7bea7798e]]'.
2026-08-28 10:48:25.198 +05:30 [INF] Executed action LoanDeductionPrediction.API.Controllers.RepaymentScheduleController.GetSummary (LoanDeductionPrediction.API) in 65.021ms
2026-08-28 10:48:25.203 +05:30 [INF] Executed endpoint 'LoanDeductionPrediction.API.Controllers.RepaymentScheduleController.GetSummary (LoanDeductionPrediction.API)'
2026-08-28 10:48:25.207 +05:30 [INF] HTTP GET /api/RepaymentSchedule/loan/2/summary responded 200 in 167.7859 ms
2026-08-28 10:48:25.213 +05:30 [INF] Request finished HTTP/1.1 GET http://localhost:5082/api/RepaymentSchedule/loan/2/summary - 200 null application/json; charset=utf-8 191.5033ms
2026-08-28 11:01:43.498 +05:30 [INF] Application is shutting down...
2026-08-28 11:01:57.523 +05:30 [WRN] No store type was specified for the decimal property 'InterestRate' on entity type 'LoanRequest'. This will cause values to be silently truncated if they do not fit in the default precision and scale. Explicitly specify the SQL server column type that can accommodate all the values in 'OnModelCreating' using 'HasColumnType', specify precision and scale using 'HasPrecision', or configure a value converter using 'HasConversion'.
2026-08-28 11:01:57.579 +05:30 [WRN] No store type was specified for the decimal property 'RequestedAmount' on entity type 'LoanRequest'. This will cause values to be silently truncated if they do not fit in the default precision and scale. Explicitly specify the SQL server column type that can accommodate all the values in 'OnModelCreating' using 'HasColumnType', specify precision and scale using 'HasPrecision', or configure a value converter using 'HasConversion'.
2026-08-28 11:01:57.989 +05:30 [INF] Executed DbCommand (19ms) [Parameters=[], CommandType='"Text"', CommandTimeout='30']
SELECT 1
2026-08-28 11:01:58.005 +05:30 [INF] Acquiring an exclusive lock for migration application. See https://aka.ms/efcore-docs-migrations-lock for more information if this takes too long.
2026-08-28 11:01:58.112 +05:30 [INF] Executed DbCommand (95ms) [Parameters=[], CommandType='"Text"', CommandTimeout='30']
DECLARE @result int;
EXEC @result = sp_getapplock @Resource = '__EFMigrationsLock', @LockOwner = 'Session', @LockMode = 'Exclusive';
SELECT @result
2026-08-28 11:01:58.186 +05:30 [INF] Executed DbCommand (16ms) [Parameters=[], CommandType='"Text"', CommandTimeout='30']
IF OBJECT_ID(N'[__EFMigrationsHistory]') IS NULL
BEGIN
    CREATE TABLE [__EFMigrationsHistory] (
        [MigrationId] nvarchar(150) NOT NULL,
        [ProductVersion] nvarchar(32) NOT NULL,
        CONSTRAINT [PK___EFMigrationsHistory] PRIMARY KEY ([MigrationId])
    );
END;
2026-08-28 11:01:58.196 +05:30 [INF] Executed DbCommand (1ms) [Parameters=[], CommandType='"Text"', CommandTimeout='30']
SELECT 1
2026-08-28 11:01:58.199 +05:30 [INF] Executed DbCommand (1ms) [Parameters=[], CommandType='"Text"', CommandTimeout='30']
SELECT OBJECT_ID(N'[__EFMigrationsHistory]');
2026-08-28 11:01:58.231 +05:30 [INF] Executed DbCommand (28ms) [Parameters=[], CommandType='"Text"', CommandTimeout='30']
SELECT [MigrationId], [ProductVersion]
FROM [__EFMigrationsHistory]
ORDER BY [MigrationId];
2026-08-28 11:01:58.240 +05:30 [INF] No migrations were applied. The database is already up to date.
2026-08-28 11:01:58.248 +05:30 [INF] Executed DbCommand (6ms) [Parameters=[], CommandType='"Text"', CommandTimeout='30']
DECLARE @result int;
EXEC @result = sp_releaseapplock @Resource = '__EFMigrationsLock', @LockOwner = 'Session';
SELECT @result
2026-08-28 11:01:58.498 +05:30 [INF] Executed DbCommand (10ms) [Parameters=[], CommandType='"Text"', CommandTimeout='30']
SELECT CASE
    WHEN EXISTS (
        SELECT 1
        FROM [Users] AS [u]
        WHERE [u].[Role] = N'Admin') THEN CAST(1 AS bit)
    ELSE CAST(0 AS bit)
END
2026-08-28 11:01:58.611 +05:30 [INF] User profile is available. Using 'C:\Users\thang\AppData\Local\ASP.NET\DataProtection-Keys' as key repository and Windows DPAPI to encrypt keys at rest.
2026-08-28 11:01:58.623 +05:30 [INF] Payment Behavior Background Service started.
2026-08-28 11:01:58.632 +05:30 [INF] ============================================
2026-08-28 11:01:58.633 +05:30 [INF] Starting overdue EMI processing.
2026-08-28 11:01:58.635 +05:30 [INF] System/Test Date: "2027-07-01"
2026-08-28 11:01:58.751 +05:30 [INF] Now listening on: http://localhost:5082
2026-08-28 11:01:58.755 +05:30 [INF] Application started. Press Ctrl+C to shut down.
2026-08-28 11:01:58.757 +05:30 [INF] Hosting environment: Development
2026-08-28 11:01:58.759 +05:30 [INF] Content root path: C:\Users\thang\OneDrive\Documents\React Projects\LoanDeductionPrediction\LoanDeductionPrediction.API
2026-08-28 11:01:58.890 +05:30 [INF] Executed DbCommand (45ms) [Parameters=[@today='?' (DbType = Date)], CommandType='"Text"', CommandTimeout='30']
SELECT [r].[ScheduleId], [r].[DueDate], [r].[EMIAmount], [r].[InstallmentNumber], [r].[InterestAmount], [r].[LoanId], [r].[PaidAmount], [r].[PaidDate], [r].[PrincipalAmount], [r].[Status]
FROM [RepaymentSchedules] AS [r]
WHERE [r].[DueDate] < @today AND [r].[PaidAmount] < [r].[EMIAmount] AND [r].[Status] <> N'PAID'
ORDER BY [r].[DueDate]
2026-08-28 11:01:58.962 +05:30 [INF] Found 12 overdue repayment schedules.
2026-08-28 11:01:58.964 +05:30 [INF] Processing ScheduleId=1, LoanId=1, DueDate="2026-09-27", CurrentStatus=PENDING, PaidAmount=0.00, EMI=4614.49
2026-08-28 11:01:59.008 +05:30 [INF] Executed DbCommand (12ms) [Parameters=[@loanId='?' (DbType = Int32)], CommandType='"Text"', CommandTimeout='30']
SELECT TOP(1) [l].[LoanId], [l].[BorrowerId], [l].[CreatedAt], [l].[EMIAmount], [l].[EndDate], [l].[InterestRate], [l].[LoanOfficerId], [l].[OutstandingAmount], [l].[PrincipalAmount], [l].[StartDate], [l].[Status], [l].[TenureMonths]
FROM [LoanAccounts] AS [l]
WHERE [l].[LoanId] = @loanId
2026-08-28 11:01:59.032 +05:30 [INF] Executed DbCommand (10ms) [Parameters=[@scheduleId='?' (DbType = Int32)], CommandType='"Text"', CommandTimeout='30']
SELECT TOP(1) [p].[BehaviorLogId], [p].[BorrowerId], [p].[DaysLate], [p].[DueDate], [p].[LoanId], [p].[PaymentDate], [p].[PaymentStatus], [p].[RecordedAt], [p].[ScheduleId]
FROM [PaymentBehaviorLogs] AS [p]
WHERE [p].[ScheduleId] = @scheduleId
2026-08-28 11:01:59.204 +05:30 [INF] Executed DbCommand (33ms) [Parameters=[@p9='?' (DbType = Int32), @p0='?' (DbType = Date), @p1='?' (Precision = 18) (Scale = 2) (DbType = Decimal), @p2='?' (DbType = Int32), @p3='?' (Precision = 18) (Scale = 2) (DbType = Decimal), @p4='?' (DbType = Int32), @p5='?' (Precision = 18) (Scale = 2) (DbType = Decimal), @p6='?' (DbType = Date), @p7='?' (Precision = 18) (Scale = 2) (DbType = Decimal), @p8='?' (Size = 30)], CommandType='"Text"', CommandTimeout='30']
SET IMPLICIT_TRANSACTIONS OFF;
SET NOCOUNT ON;
UPDATE [RepaymentSchedules] SET [DueDate] = @p0, [EMIAmount] = @p1, [InstallmentNumber] = @p2, [InterestAmount] = @p3, [LoanId] = @p4, [PaidAmount] = @p5, [PaidDate] = @p6, [PrincipalAmount] = @p7, [Status] = @p8
OUTPUT 1
WHERE [ScheduleId] = @p9;
2026-08-28 11:01:59.214 +05:30 [INF] Existing behavior log found for ScheduleId=1. Skipping log creation; schedule persisted as MISSED.
2026-08-28 11:01:59.217 +05:30 [INF] Processing ScheduleId=2, LoanId=1, DueDate="2026-10-27", CurrentStatus=PENDING, PaidAmount=0.00, EMI=4614.49
2026-08-28 11:01:59.234 +05:30 [INF] Executed DbCommand (10ms) [Parameters=[@loanId='?' (DbType = Int32)], CommandType='"Text"', CommandTimeout='30']
SELECT TOP(1) [l].[LoanId], [l].[BorrowerId], [l].[CreatedAt], [l].[EMIAmount], [l].[EndDate], [l].[InterestRate], [l].[LoanOfficerId], [l].[OutstandingAmount], [l].[PrincipalAmount], [l].[StartDate], [l].[Status], [l].[TenureMonths]
FROM [LoanAccounts] AS [l]
WHERE [l].[LoanId] = @loanId
2026-08-28 11:01:59.243 +05:30 [INF] Executed DbCommand (4ms) [Parameters=[@scheduleId='?' (DbType = Int32)], CommandType='"Text"', CommandTimeout='30']
SELECT TOP(1) [p].[BehaviorLogId], [p].[BorrowerId], [p].[DaysLate], [p].[DueDate], [p].[LoanId], [p].[PaymentDate], [p].[PaymentStatus], [p].[RecordedAt], [p].[ScheduleId]
FROM [PaymentBehaviorLogs] AS [p]
WHERE [p].[ScheduleId] = @scheduleId
2026-08-28 11:01:59.262 +05:30 [INF] Executed DbCommand (8ms) [Parameters=[@p9='?' (DbType = Int32), @p0='?' (DbType = Date), @p1='?' (Precision = 18) (Scale = 2) (DbType = Decimal), @p2='?' (DbType = Int32), @p3='?' (Precision = 18) (Scale = 2) (DbType = Decimal), @p4='?' (DbType = Int32), @p5='?' (Precision = 18) (Scale = 2) (DbType = Decimal), @p6='?' (DbType = Date), @p7='?' (Precision = 18) (Scale = 2) (DbType = Decimal), @p8='?' (Size = 30)], CommandType='"Text"', CommandTimeout='30']
SET IMPLICIT_TRANSACTIONS OFF;
SET NOCOUNT ON;
UPDATE [RepaymentSchedules] SET [DueDate] = @p0, [EMIAmount] = @p1, [InstallmentNumber] = @p2, [InterestAmount] = @p3, [LoanId] = @p4, [PaidAmount] = @p5, [PaidDate] = @p6, [PrincipalAmount] = @p7, [Status] = @p8
OUTPUT 1
WHERE [ScheduleId] = @p9;
2026-08-28 11:01:59.266 +05:30 [INF] Existing behavior log found for ScheduleId=2. Skipping log creation; schedule persisted as MISSED.
2026-08-28 11:01:59.267 +05:30 [INF] Processing ScheduleId=3, LoanId=1, DueDate="2026-11-27", CurrentStatus=PENDING, PaidAmount=0.00, EMI=4614.49
2026-08-28 11:01:59.276 +05:30 [INF] Executed DbCommand (3ms) [Parameters=[@loanId='?' (DbType = Int32)], CommandType='"Text"', CommandTimeout='30']
SELECT TOP(1) [l].[LoanId], [l].[BorrowerId], [l].[CreatedAt], [l].[EMIAmount], [l].[EndDate], [l].[InterestRate], [l].[LoanOfficerId], [l].[OutstandingAmount], [l].[PrincipalAmount], [l].[StartDate], [l].[Status], [l].[TenureMonths]
FROM [LoanAccounts] AS [l]
WHERE [l].[LoanId] = @loanId
2026-08-28 11:01:59.289 +05:30 [INF] Executed DbCommand (6ms) [Parameters=[@scheduleId='?' (DbType = Int32)], CommandType='"Text"', CommandTimeout='30']
SELECT TOP(1) [p].[BehaviorLogId], [p].[BorrowerId], [p].[DaysLate], [p].[DueDate], [p].[LoanId], [p].[PaymentDate], [p].[PaymentStatus], [p].[RecordedAt], [p].[ScheduleId]
FROM [PaymentBehaviorLogs] AS [p]
WHERE [p].[ScheduleId] = @scheduleId
2026-08-28 11:01:59.339 +05:30 [INF] Executed DbCommand (8ms) [Parameters=[@p9='?' (DbType = Int32), @p0='?' (DbType = Date), @p1='?' (Precision = 18) (Scale = 2) (DbType = Decimal), @p2='?' (DbType = Int32), @p3='?' (Precision = 18) (Scale = 2) (DbType = Decimal), @p4='?' (DbType = Int32), @p5='?' (Precision = 18) (Scale = 2) (DbType = Decimal), @p6='?' (DbType = Date), @p7='?' (Precision = 18) (Scale = 2) (DbType = Decimal), @p8='?' (Size = 30)], CommandType='"Text"', CommandTimeout='30']
SET IMPLICIT_TRANSACTIONS OFF;
SET NOCOUNT ON;
UPDATE [RepaymentSchedules] SET [DueDate] = @p0, [EMIAmount] = @p1, [InstallmentNumber] = @p2, [InterestAmount] = @p3, [LoanId] = @p4, [PaidAmount] = @p5, [PaidDate] = @p6, [PrincipalAmount] = @p7, [Status] = @p8
OUTPUT 1
WHERE [ScheduleId] = @p9;
2026-08-28 11:01:59.342 +05:30 [INF] Existing behavior log found for ScheduleId=3. Skipping log creation; schedule persisted as MISSED.
2026-08-28 11:01:59.343 +05:30 [INF] Processing ScheduleId=4, LoanId=1, DueDate="2026-12-27", CurrentStatus=PENDING, PaidAmount=0.00, EMI=4614.49
2026-08-28 11:01:59.348 +05:30 [INF] Executed DbCommand (2ms) [Parameters=[@loanId='?' (DbType = Int32)], CommandType='"Text"', CommandTimeout='30']
SELECT TOP(1) [l].[LoanId], [l].[BorrowerId], [l].[CreatedAt], [l].[EMIAmount], [l].[EndDate], [l].[InterestRate], [l].[LoanOfficerId], [l].[OutstandingAmount], [l].[PrincipalAmount], [l].[StartDate], [l].[Status], [l].[TenureMonths]
FROM [LoanAccounts] AS [l]
WHERE [l].[LoanId] = @loanId
2026-08-28 11:01:59.354 +05:30 [INF] Executed DbCommand (3ms) [Parameters=[@scheduleId='?' (DbType = Int32)], CommandType='"Text"', CommandTimeout='30']
SELECT TOP(1) [p].[BehaviorLogId], [p].[BorrowerId], [p].[DaysLate], [p].[DueDate], [p].[LoanId], [p].[PaymentDate], [p].[PaymentStatus], [p].[RecordedAt], [p].[ScheduleId]
FROM [PaymentBehaviorLogs] AS [p]
WHERE [p].[ScheduleId] = @scheduleId
2026-08-28 11:01:59.361 +05:30 [INF] Executed DbCommand (2ms) [Parameters=[@p9='?' (DbType = Int32), @p0='?' (DbType = Date), @p1='?' (Precision = 18) (Scale = 2) (DbType = Decimal), @p2='?' (DbType = Int32), @p3='?' (Precision = 18) (Scale = 2) (DbType = Decimal), @p4='?' (DbType = Int32), @p5='?' (Precision = 18) (Scale = 2) (DbType = Decimal), @p6='?' (DbType = Date), @p7='?' (Precision = 18) (Scale = 2) (DbType = Decimal), @p8='?' (Size = 30)], CommandType='"Text"', CommandTimeout='30']
SET IMPLICIT_TRANSACTIONS OFF;
SET NOCOUNT ON;
UPDATE [RepaymentSchedules] SET [DueDate] = @p0, [EMIAmount] = @p1, [InstallmentNumber] = @p2, [InterestAmount] = @p3, [LoanId] = @p4, [PaidAmount] = @p5, [PaidDate] = @p6, [PrincipalAmount] = @p7, [Status] = @p8
OUTPUT 1
WHERE [ScheduleId] = @p9;
2026-08-28 11:01:59.366 +05:30 [INF] Existing behavior log found for ScheduleId=4. Skipping log creation; schedule persisted as MISSED.
2026-08-28 11:01:59.367 +05:30 [INF] Processing ScheduleId=5, LoanId=1, DueDate="2027-01-27", CurrentStatus=PENDING, PaidAmount=0.00, EMI=4614.49
2026-08-28 11:01:59.371 +05:30 [INF] Executed DbCommand (1ms) [Parameters=[@loanId='?' (DbType = Int32)], CommandType='"Text"', CommandTimeout='30']
SELECT TOP(1) [l].[LoanId], [l].[BorrowerId], [l].[CreatedAt], [l].[EMIAmount], [l].[EndDate], [l].[InterestRate], [l].[LoanOfficerId], [l].[OutstandingAmount], [l].[PrincipalAmount], [l].[StartDate], [l].[Status], [l].[TenureMonths]
FROM [LoanAccounts] AS [l]
WHERE [l].[LoanId] = @loanId
2026-08-28 11:01:59.378 +05:30 [INF] Executed DbCommand (1ms) [Parameters=[@scheduleId='?' (DbType = Int32)], CommandType='"Text"', CommandTimeout='30']
SELECT TOP(1) [p].[BehaviorLogId], [p].[BorrowerId], [p].[DaysLate], [p].[DueDate], [p].[LoanId], [p].[PaymentDate], [p].[PaymentStatus], [p].[RecordedAt], [p].[ScheduleId]
FROM [PaymentBehaviorLogs] AS [p]
WHERE [p].[ScheduleId] = @scheduleId
2026-08-28 11:01:59.395 +05:30 [INF] Executed DbCommand (2ms) [Parameters=[@p9='?' (DbType = Int32), @p0='?' (DbType = Date), @p1='?' (Precision = 18) (Scale = 2) (DbType = Decimal), @p2='?' (DbType = Int32), @p3='?' (Precision = 18) (Scale = 2) (DbType = Decimal), @p4='?' (DbType = Int32), @p5='?' (Precision = 18) (Scale = 2) (DbType = Decimal), @p6='?' (DbType = Date), @p7='?' (Precision = 18) (Scale = 2) (DbType = Decimal), @p8='?' (Size = 30)], CommandType='"Text"', CommandTimeout='30']
SET IMPLICIT_TRANSACTIONS OFF;
SET NOCOUNT ON;
UPDATE [RepaymentSchedules] SET [DueDate] = @p0, [EMIAmount] = @p1, [InstallmentNumber] = @p2, [InterestAmount] = @p3, [LoanId] = @p4, [PaidAmount] = @p5, [PaidDate] = @p6, [PrincipalAmount] = @p7, [Status] = @p8
OUTPUT 1
WHERE [ScheduleId] = @p9;
2026-08-28 11:01:59.400 +05:30 [INF] Existing behavior log found for ScheduleId=5. Skipping log creation; schedule persisted as MISSED.
2026-08-28 11:01:59.403 +05:30 [INF] Processing ScheduleId=6, LoanId=1, DueDate="2027-02-27", CurrentStatus=PENDING, PaidAmount=0.00, EMI=4614.49
2026-08-28 11:01:59.409 +05:30 [INF] Executed DbCommand (1ms) [Parameters=[@loanId='?' (DbType = Int32)], CommandType='"Text"', CommandTimeout='30']
SELECT TOP(1) [l].[LoanId], [l].[BorrowerId], [l].[CreatedAt], [l].[EMIAmount], [l].[EndDate], [l].[InterestRate], [l].[LoanOfficerId], [l].[OutstandingAmount], [l].[PrincipalAmount], [l].[StartDate], [l].[Status], [l].[TenureMonths]
FROM [LoanAccounts] AS [l]
WHERE [l].[LoanId] = @loanId
2026-08-28 11:01:59.417 +05:30 [INF] Executed DbCommand (1ms) [Parameters=[@scheduleId='?' (DbType = Int32)], CommandType='"Text"', CommandTimeout='30']
SELECT TOP(1) [p].[BehaviorLogId], [p].[BorrowerId], [p].[DaysLate], [p].[DueDate], [p].[LoanId], [p].[PaymentDate], [p].[PaymentStatus], [p].[RecordedAt], [p].[ScheduleId]
FROM [PaymentBehaviorLogs] AS [p]
WHERE [p].[ScheduleId] = @scheduleId
2026-08-28 11:01:59.427 +05:30 [INF] Executed DbCommand (1ms) [Parameters=[@p9='?' (DbType = Int32), @p0='?' (DbType = Date), @p1='?' (Precision = 18) (Scale = 2) (DbType = Decimal), @p2='?' (DbType = Int32), @p3='?' (Precision = 18) (Scale = 2) (DbType = Decimal), @p4='?' (DbType = Int32), @p5='?' (Precision = 18) (Scale = 2) (DbType = Decimal), @p6='?' (DbType = Date), @p7='?' (Precision = 18) (Scale = 2) (DbType = Decimal), @p8='?' (Size = 30)], CommandType='"Text"', CommandTimeout='30']
SET IMPLICIT_TRANSACTIONS OFF;
SET NOCOUNT ON;
UPDATE [RepaymentSchedules] SET [DueDate] = @p0, [EMIAmount] = @p1, [InstallmentNumber] = @p2, [InterestAmount] = @p3, [LoanId] = @p4, [PaidAmount] = @p5, [PaidDate] = @p6, [PrincipalAmount] = @p7, [Status] = @p8
OUTPUT 1
WHERE [ScheduleId] = @p9;
2026-08-28 11:01:59.431 +05:30 [INF] Existing behavior log found for ScheduleId=6. Skipping log creation; schedule persisted as MISSED.
2026-08-28 11:01:59.434 +05:30 [INF] Processing ScheduleId=7, LoanId=1, DueDate="2027-03-27", CurrentStatus=PENDING, PaidAmount=0.00, EMI=4614.49
2026-08-28 11:01:59.442 +05:30 [INF] Executed DbCommand (1ms) [Parameters=[@loanId='?' (DbType = Int32)], CommandType='"Text"', CommandTimeout='30']
SELECT TOP(1) [l].[LoanId], [l].[BorrowerId], [l].[CreatedAt], [l].[EMIAmount], [l].[EndDate], [l].[InterestRate], [l].[LoanOfficerId], [l].[OutstandingAmount], [l].[PrincipalAmount], [l].[StartDate], [l].[Status], [l].[TenureMonths]
FROM [LoanAccounts] AS [l]
WHERE [l].[LoanId] = @loanId
2026-08-28 11:01:59.448 +05:30 [INF] Executed DbCommand (1ms) [Parameters=[@scheduleId='?' (DbType = Int32)], CommandType='"Text"', CommandTimeout='30']
SELECT TOP(1) [p].[BehaviorLogId], [p].[BorrowerId], [p].[DaysLate], [p].[DueDate], [p].[LoanId], [p].[PaymentDate], [p].[PaymentStatus], [p].[RecordedAt], [p].[ScheduleId]
FROM [PaymentBehaviorLogs] AS [p]
WHERE [p].[ScheduleId] = @scheduleId
2026-08-28 11:01:59.463 +05:30 [INF] Executed DbCommand (11ms) [Parameters=[@p9='?' (DbType = Int32), @p0='?' (DbType = Date), @p1='?' (Precision = 18) (Scale = 2) (DbType = Decimal), @p2='?' (DbType = Int32), @p3='?' (Precision = 18) (Scale = 2) (DbType = Decimal), @p4='?' (DbType = Int32), @p5='?' (Precision = 18) (Scale = 2) (DbType = Decimal), @p6='?' (DbType = Date), @p7='?' (Precision = 18) (Scale = 2) (DbType = Decimal), @p8='?' (Size = 30)], CommandType='"Text"', CommandTimeout='30']
SET IMPLICIT_TRANSACTIONS OFF;
SET NOCOUNT ON;
UPDATE [RepaymentSchedules] SET [DueDate] = @p0, [EMIAmount] = @p1, [InstallmentNumber] = @p2, [InterestAmount] = @p3, [LoanId] = @p4, [PaidAmount] = @p5, [PaidDate] = @p6, [PrincipalAmount] = @p7, [Status] = @p8
OUTPUT 1
WHERE [ScheduleId] = @p9;
2026-08-28 11:01:59.465 +05:30 [INF] Existing behavior log found for ScheduleId=7. Skipping log creation; schedule persisted as MISSED.
2026-08-28 11:01:59.466 +05:30 [INF] Processing ScheduleId=8, LoanId=1, DueDate="2027-04-27", CurrentStatus=PENDING, PaidAmount=0.00, EMI=4614.49
2026-08-28 11:01:59.496 +05:30 [INF] Executed DbCommand (4ms) [Parameters=[@loanId='?' (DbType = Int32)], CommandType='"Text"', CommandTimeout='30']
SELECT TOP(1) [l].[LoanId], [l].[BorrowerId], [l].[CreatedAt], [l].[EMIAmount], [l].[EndDate], [l].[InterestRate], [l].[LoanOfficerId], [l].[OutstandingAmount], [l].[PrincipalAmount], [l].[StartDate], [l].[Status], [l].[TenureMonths]
FROM [LoanAccounts] AS [l]
WHERE [l].[LoanId] = @loanId
2026-08-28 11:01:59.507 +05:30 [INF] Executed DbCommand (7ms) [Parameters=[@scheduleId='?' (DbType = Int32)], CommandType='"Text"', CommandTimeout='30']
SELECT TOP(1) [p].[BehaviorLogId], [p].[BorrowerId], [p].[DaysLate], [p].[DueDate], [p].[LoanId], [p].[PaymentDate], [p].[PaymentStatus], [p].[RecordedAt], [p].[ScheduleId]
FROM [PaymentBehaviorLogs] AS [p]
WHERE [p].[ScheduleId] = @scheduleId
2026-08-28 11:01:59.522 +05:30 [INF] Executed DbCommand (9ms) [Parameters=[@p9='?' (DbType = Int32), @p0='?' (DbType = Date), @p1='?' (Precision = 18) (Scale = 2) (DbType = Decimal), @p2='?' (DbType = Int32), @p3='?' (Precision = 18) (Scale = 2) (DbType = Decimal), @p4='?' (DbType = Int32), @p5='?' (Precision = 18) (Scale = 2) (DbType = Decimal), @p6='?' (DbType = Date), @p7='?' (Precision = 18) (Scale = 2) (DbType = Decimal), @p8='?' (Size = 30)], CommandType='"Text"', CommandTimeout='30']
SET IMPLICIT_TRANSACTIONS OFF;
SET NOCOUNT ON;
UPDATE [RepaymentSchedules] SET [DueDate] = @p0, [EMIAmount] = @p1, [InstallmentNumber] = @p2, [InterestAmount] = @p3, [LoanId] = @p4, [PaidAmount] = @p5, [PaidDate] = @p6, [PrincipalAmount] = @p7, [Status] = @p8
OUTPUT 1
WHERE [ScheduleId] = @p9;
2026-08-28 11:01:59.525 +05:30 [INF] Existing behavior log found for ScheduleId=8. Skipping log creation; schedule persisted as MISSED.
2026-08-28 11:01:59.527 +05:30 [INF] Processing ScheduleId=9, LoanId=1, DueDate="2027-05-27", CurrentStatus=PENDING, PaidAmount=0.00, EMI=4614.49
2026-08-28 11:01:59.539 +05:30 [INF] Executed DbCommand (6ms) [Parameters=[@loanId='?' (DbType = Int32)], CommandType='"Text"', CommandTimeout='30']
SELECT TOP(1) [l].[LoanId], [l].[BorrowerId], [l].[CreatedAt], [l].[EMIAmount], [l].[EndDate], [l].[InterestRate], [l].[LoanOfficerId], [l].[OutstandingAmount], [l].[PrincipalAmount], [l].[StartDate], [l].[Status], [l].[TenureMonths]
FROM [LoanAccounts] AS [l]
WHERE [l].[LoanId] = @loanId
2026-08-28 11:01:59.549 +05:30 [INF] Executed DbCommand (5ms) [Parameters=[@scheduleId='?' (DbType = Int32)], CommandType='"Text"', CommandTimeout='30']
SELECT TOP(1) [p].[BehaviorLogId], [p].[BorrowerId], [p].[DaysLate], [p].[DueDate], [p].[LoanId], [p].[PaymentDate], [p].[PaymentStatus], [p].[RecordedAt], [p].[ScheduleId]
FROM [PaymentBehaviorLogs] AS [p]
WHERE [p].[ScheduleId] = @scheduleId
2026-08-28 11:01:59.562 +05:30 [INF] Executed DbCommand (6ms) [Parameters=[@p9='?' (DbType = Int32), @p0='?' (DbType = Date), @p1='?' (Precision = 18) (Scale = 2) (DbType = Decimal), @p2='?' (DbType = Int32), @p3='?' (Precision = 18) (Scale = 2) (DbType = Decimal), @p4='?' (DbType = Int32), @p5='?' (Precision = 18) (Scale = 2) (DbType = Decimal), @p6='?' (DbType = Date), @p7='?' (Precision = 18) (Scale = 2) (DbType = Decimal), @p8='?' (Size = 30)], CommandType='"Text"', CommandTimeout='30']
SET IMPLICIT_TRANSACTIONS OFF;
SET NOCOUNT ON;
UPDATE [RepaymentSchedules] SET [DueDate] = @p0, [EMIAmount] = @p1, [InstallmentNumber] = @p2, [InterestAmount] = @p3, [LoanId] = @p4, [PaidAmount] = @p5, [PaidDate] = @p6, [PrincipalAmount] = @p7, [Status] = @p8
OUTPUT 1
WHERE [ScheduleId] = @p9;
2026-08-28 11:01:59.565 +05:30 [INF] Existing behavior log found for ScheduleId=9. Skipping log creation; schedule persisted as MISSED.
2026-08-28 11:01:59.567 +05:30 [INF] Processing ScheduleId=33, LoanId=2, DueDate="2027-05-27", CurrentStatus=PENDING, PaidAmount=0.00, EMI=55373.91
2026-08-28 11:01:59.575 +05:30 [INF] Executed DbCommand (3ms) [Parameters=[@loanId='?' (DbType = Int32)], CommandType='"Text"', CommandTimeout='30']
SELECT TOP(1) [l].[LoanId], [l].[BorrowerId], [l].[CreatedAt], [l].[EMIAmount], [l].[EndDate], [l].[InterestRate], [l].[LoanOfficerId], [l].[OutstandingAmount], [l].[PrincipalAmount], [l].[StartDate], [l].[Status], [l].[TenureMonths]
FROM [LoanAccounts] AS [l]
WHERE [l].[LoanId] = @loanId
2026-08-28 11:01:59.584 +05:30 [INF] Executed DbCommand (4ms) [Parameters=[@scheduleId='?' (DbType = Int32)], CommandType='"Text"', CommandTimeout='30']
SELECT TOP(1) [p].[BehaviorLogId], [p].[BorrowerId], [p].[DaysLate], [p].[DueDate], [p].[LoanId], [p].[PaymentDate], [p].[PaymentStatus], [p].[RecordedAt], [p].[ScheduleId]
FROM [PaymentBehaviorLogs] AS [p]
WHERE [p].[ScheduleId] = @scheduleId
2026-08-28 11:01:59.598 +05:30 [INF] Executed DbCommand (8ms) [Parameters=[@p9='?' (DbType = Int32), @p0='?' (DbType = Date), @p1='?' (Precision = 18) (Scale = 2) (DbType = Decimal), @p2='?' (DbType = Int32), @p3='?' (Precision = 18) (Scale = 2) (DbType = Decimal), @p4='?' (DbType = Int32), @p5='?' (Precision = 18) (Scale = 2) (DbType = Decimal), @p6='?' (DbType = Date), @p7='?' (Precision = 18) (Scale = 2) (DbType = Decimal), @p8='?' (Size = 30)], CommandType='"Text"', CommandTimeout='30']
SET IMPLICIT_TRANSACTIONS OFF;
SET NOCOUNT ON;
UPDATE [RepaymentSchedules] SET [DueDate] = @p0, [EMIAmount] = @p1, [InstallmentNumber] = @p2, [InterestAmount] = @p3, [LoanId] = @p4, [PaidAmount] = @p5, [PaidDate] = @p6, [PrincipalAmount] = @p7, [Status] = @p8
OUTPUT 1
WHERE [ScheduleId] = @p9;
2026-08-28 11:01:59.600 +05:30 [INF] Existing behavior log found for ScheduleId=33. Skipping log creation; schedule persisted as MISSED.
2026-08-28 11:01:59.602 +05:30 [INF] Processing ScheduleId=34, LoanId=2, DueDate="2027-06-27", CurrentStatus=PENDING, PaidAmount=0.00, EMI=55373.91
2026-08-28 11:01:59.610 +05:30 [INF] Executed DbCommand (3ms) [Parameters=[@loanId='?' (DbType = Int32)], CommandType='"Text"', CommandTimeout='30']
SELECT TOP(1) [l].[LoanId], [l].[BorrowerId], [l].[CreatedAt], [l].[EMIAmount], [l].[EndDate], [l].[InterestRate], [l].[LoanOfficerId], [l].[OutstandingAmount], [l].[PrincipalAmount], [l].[StartDate], [l].[Status], [l].[TenureMonths]
FROM [LoanAccounts] AS [l]
WHERE [l].[LoanId] = @loanId
2026-08-28 11:01:59.616 +05:30 [INF] Executed DbCommand (3ms) [Parameters=[@scheduleId='?' (DbType = Int32)], CommandType='"Text"', CommandTimeout='30']
SELECT TOP(1) [p].[BehaviorLogId], [p].[BorrowerId], [p].[DaysLate], [p].[DueDate], [p].[LoanId], [p].[PaymentDate], [p].[PaymentStatus], [p].[RecordedAt], [p].[ScheduleId]
FROM [PaymentBehaviorLogs] AS [p]
WHERE [p].[ScheduleId] = @scheduleId
2026-08-28 11:01:59.628 +05:30 [INF] Executed DbCommand (6ms) [Parameters=[@p9='?' (DbType = Int32), @p0='?' (DbType = Date), @p1='?' (Precision = 18) (Scale = 2) (DbType = Decimal), @p2='?' (DbType = Int32), @p3='?' (Precision = 18) (Scale = 2) (DbType = Decimal), @p4='?' (DbType = Int32), @p5='?' (Precision = 18) (Scale = 2) (DbType = Decimal), @p6='?' (DbType = Date), @p7='?' (Precision = 18) (Scale = 2) (DbType = Decimal), @p8='?' (Size = 30)], CommandType='"Text"', CommandTimeout='30']
SET IMPLICIT_TRANSACTIONS OFF;
SET NOCOUNT ON;
UPDATE [RepaymentSchedules] SET [DueDate] = @p0, [EMIAmount] = @p1, [InstallmentNumber] = @p2, [InterestAmount] = @p3, [LoanId] = @p4, [PaidAmount] = @p5, [PaidDate] = @p6, [PrincipalAmount] = @p7, [Status] = @p8
OUTPUT 1
WHERE [ScheduleId] = @p9;
2026-08-28 11:01:59.630 +05:30 [INF] Existing behavior log found for ScheduleId=34. Skipping log creation; schedule persisted as MISSED.
2026-08-28 11:01:59.632 +05:30 [INF] Processing ScheduleId=10, LoanId=1, DueDate="2027-06-27", CurrentStatus=PENDING, PaidAmount=0.00, EMI=4614.49
2026-08-28 11:01:59.638 +05:30 [INF] Executed DbCommand (2ms) [Parameters=[@loanId='?' (DbType = Int32)], CommandType='"Text"', CommandTimeout='30']
SELECT TOP(1) [l].[LoanId], [l].[BorrowerId], [l].[CreatedAt], [l].[EMIAmount], [l].[EndDate], [l].[InterestRate], [l].[LoanOfficerId], [l].[OutstandingAmount], [l].[PrincipalAmount], [l].[StartDate], [l].[Status], [l].[TenureMonths]
FROM [LoanAccounts] AS [l]
WHERE [l].[LoanId] = @loanId
2026-08-28 11:01:59.644 +05:30 [INF] Executed DbCommand (1ms) [Parameters=[@scheduleId='?' (DbType = Int32)], CommandType='"Text"', CommandTimeout='30']
SELECT TOP(1) [p].[BehaviorLogId], [p].[BorrowerId], [p].[DaysLate], [p].[DueDate], [p].[LoanId], [p].[PaymentDate], [p].[PaymentStatus], [p].[RecordedAt], [p].[ScheduleId]
FROM [PaymentBehaviorLogs] AS [p]
WHERE [p].[ScheduleId] = @scheduleId
2026-08-28 11:01:59.650 +05:30 [INF] Executed DbCommand (1ms) [Parameters=[@p9='?' (DbType = Int32), @p0='?' (DbType = Date), @p1='?' (Precision = 18) (Scale = 2) (DbType = Decimal), @p2='?' (DbType = Int32), @p3='?' (Precision = 18) (Scale = 2) (DbType = Decimal), @p4='?' (DbType = Int32), @p5='?' (Precision = 18) (Scale = 2) (DbType = Decimal), @p6='?' (DbType = Date), @p7='?' (Precision = 18) (Scale = 2) (DbType = Decimal), @p8='?' (Size = 30)], CommandType='"Text"', CommandTimeout='30']
SET IMPLICIT_TRANSACTIONS OFF;
SET NOCOUNT ON;
UPDATE [RepaymentSchedules] SET [DueDate] = @p0, [EMIAmount] = @p1, [InstallmentNumber] = @p2, [InterestAmount] = @p3, [LoanId] = @p4, [PaidAmount] = @p5, [PaidDate] = @p6, [PrincipalAmount] = @p7, [Status] = @p8
OUTPUT 1
WHERE [ScheduleId] = @p9;
2026-08-28 11:01:59.656 +05:30 [INF] Existing behavior log found for ScheduleId=10. Skipping log creation; schedule persisted as MISSED.
2026-08-28 11:01:59.657 +05:30 [INF] Finished overdue EMI processing.
2026-08-28 11:01:59.659 +05:30 [INF] Processed Count: 12
2026-08-28 11:01:59.660 +05:30 [INF] ============================================
2026-08-28 11:01:59.662 +05:30 [INF] Processed 12 overdue repayment schedules.
2026-08-28 11:02:21.489 +05:30 [INF] Request starting HTTP/1.1 GET http://localhost:5082/swagger/index.html - null null
2026-08-28 11:02:21.679 +05:30 [INF] Request starting HTTP/1.1 GET http://localhost:5082/swagger/index.html - null null
2026-08-28 11:02:21.829 +05:30 [INF] HTTP GET /swagger/index.html responded 304 in 281.1595 ms
2026-08-28 11:02:21.841 +05:30 [INF] HTTP GET /swagger/index.html responded 200 in 106.7231 ms
2026-08-28 11:02:21.842 +05:30 [INF] Request finished HTTP/1.1 GET http://localhost:5082/swagger/index.html - 499 null null 355.7325ms
2026-08-28 11:02:21.854 +05:30 [INF] Request finished HTTP/1.1 GET http://localhost:5082/swagger/index.html - 200 null text/html;charset=utf-8 175.748ms
2026-08-28 11:02:21.866 +05:30 [INF] Request starting HTTP/1.1 GET http://localhost:5082/swagger/swagger-ui.css - null null
2026-08-28 11:02:21.870 +05:30 [INF] Request starting HTTP/1.1 GET http://localhost:5082/swagger/index.css - null null
2026-08-28 11:02:21.870 +05:30 [INF] Request starting HTTP/1.1 GET http://localhost:5082/swagger/index.js - null null
2026-08-28 11:02:21.870 +05:30 [INF] Request starting HTTP/1.1 GET http://localhost:5082/swagger/swagger-ui-standalone-preset.js - null null
2026-08-28 11:02:21.906 +05:30 [INF] Request starting HTTP/1.1 GET http://localhost:5082/swagger/swagger-ui-bundle.js - null null
2026-08-28 11:02:21.934 +05:30 [INF] HTTP GET /swagger/index.js responded 304 in 0.6363 ms
2026-08-28 11:02:21.953 +05:30 [INF] HTTP GET /swagger/swagger-ui.css responded 304 in 32.5583 ms
2026-08-28 11:02:21.953 +05:30 [INF] HTTP GET /swagger/index.css responded 304 in 25.6114 ms
2026-08-28 11:02:21.955 +05:30 [INF] HTTP GET /swagger/swagger-ui-standalone-preset.js responded 304 in 4.7345 ms
2026-08-28 11:02:21.968 +05:30 [INF] Request finished HTTP/1.1 GET http://localhost:5082/swagger/index.js - 304 null null 97.8589ms
2026-08-28 11:02:21.979 +05:30 [INF] Request finished HTTP/1.1 GET http://localhost:5082/swagger/swagger-ui.css - 304 null null 112.9729ms
2026-08-28 11:02:21.983 +05:30 [INF] Request finished HTTP/1.1 GET http://localhost:5082/swagger/index.css - 304 null null 113.182ms
2026-08-28 11:02:21.983 +05:30 [INF] HTTP GET /swagger/swagger-ui-bundle.js responded 304 in 20.7359 ms
2026-08-28 11:02:21.990 +05:30 [INF] Request finished HTTP/1.1 GET http://localhost:5082/swagger/swagger-ui-standalone-preset.js - 304 null null 120.2818ms
2026-08-28 11:02:22.034 +05:30 [INF] Request finished HTTP/1.1 GET http://localhost:5082/swagger/swagger-ui-bundle.js - 304 null null 127.9268ms
2026-08-28 11:02:22.125 +05:30 [INF] Request starting HTTP/1.1 GET http://localhost:5082/swagger/v1/swagger.json - null null
2026-08-28 11:02:22.453 +05:30 [INF] HTTP GET /swagger/v1/swagger.json responded 200 in 323.3909 ms
2026-08-28 11:02:22.470 +05:30 [INF] Request finished HTTP/1.1 GET http://localhost:5082/swagger/v1/swagger.json - 200 null application/json;charset=utf-8 344.8848ms
2026-08-28 11:02:47.757 +05:30 [INF] Request starting HTTP/1.1 POST http://localhost:5082/api/Auth/login - application/json 63
2026-08-28 11:02:47.794 +05:30 [WRN] Failed to determine the https port for redirect.
2026-08-28 11:02:47.830 +05:30 [INF] CORS policy execution successful.
2026-08-28 11:02:47.917 +05:30 [INF] Executing endpoint 'LoanDeductionPrediction.API.Controllers.AuthController.Login (LoanDeductionPrediction.API)'
2026-08-28 11:02:47.993 +05:30 [INF] Route matched with {action = "Login", controller = "Auth"}. Executing controller action with signature System.Threading.Tasks.Task`1[Microsoft.AspNetCore.Mvc.IActionResult] Login(LoanDeductionPrediction.Models.DTOs.LoginRequest) on controller LoanDeductionPrediction.API.Controllers.AuthController (LoanDeductionPrediction.API).
2026-08-28 11:02:48.291 +05:30 [WRN] You do not have a valid license key for the Lucky Penny software AutoMapper. This is allowed for development and testing scenarios. If you are running in production you are required to have a licensed version. Please visit https://luckypennysoftware.com to obtain a valid license.
2026-08-28 11:02:48.633 +05:30 [INF] Executed DbCommand (10ms) [Parameters=[@email='?' (Size = 150)], CommandType='"Text"', CommandTimeout='30']
SELECT TOP(1) [u].[UserId], [u].[CreatedAt], [u].[Email], [u].[FullName], [u].[IsActive], [u].[PasswordHash], [u].[Role]
FROM [Users] AS [u]
WHERE [u].[Email] = @email
2026-08-28 11:02:49.594 +05:30 [INF] Executed DbCommand (153ms) [Parameters=[@p0='?' (DbType = DateTime2), @p1='?' (DbType = DateTime2), @p2='?' (DbType = Boolean), @p3='?' (DbType = DateTime2), @p4='?' (Size = 500), @p5='?' (DbType = Int32)], CommandType='"Text"', CommandTimeout='30']
SET IMPLICIT_TRANSACTIONS OFF;
SET NOCOUNT ON;
INSERT INTO [RefreshTokens] ([CreatedAt], [ExpiresAt], [IsRevoked], [RevokedAt], [Token], [UserId])
OUTPUT INSERTED.[RefreshTokenId]
VALUES (@p0, @p1, @p2, @p3, @p4, @p5);
2026-08-28 11:02:49.692 +05:30 [INF] Executing OkObjectResult, writing value of type 'LoanDeductionPrediction.Models.DTOs.LoginResponse'.
2026-08-28 11:02:49.731 +05:30 [INF] Executed action LoanDeductionPrediction.API.Controllers.AuthController.Login (LoanDeductionPrediction.API) in 1722.0032ms
2026-08-28 11:02:49.743 +05:30 [INF] Executed endpoint 'LoanDeductionPrediction.API.Controllers.AuthController.Login (LoanDeductionPrediction.API)'
2026-08-28 11:02:49.755 +05:30 [INF] HTTP POST /api/Auth/login responded 200 in 1968.8989 ms
2026-08-28 11:02:49.786 +05:30 [INF] Request finished HTTP/1.1 POST http://localhost:5082/api/Auth/login - 200 null application/json; charset=utf-8 2029.3752ms
2026-08-28 11:03:14.008 +05:30 [INF] Request starting HTTP/1.1 POST http://localhost:5082/api/PaymentBehavior/process-overdue - null 0
2026-08-28 11:03:14.021 +05:30 [INF] CORS policy execution successful.
2026-08-28 11:03:14.165 +05:30 [INF] Executing endpoint 'LoanDeductionPrediction.API.Controllers.PaymentBehaviorController.ProcessOverduePayments (LoanDeductionPrediction.API)'
2026-08-28 11:03:14.188 +05:30 [INF] Route matched with {action = "ProcessOverduePayments", controller = "PaymentBehavior"}. Executing controller action with signature System.Threading.Tasks.Task`1[Microsoft.AspNetCore.Mvc.IActionResult] ProcessOverduePayments() on controller LoanDeductionPrediction.API.Controllers.PaymentBehaviorController (LoanDeductionPrediction.API).
2026-08-28 11:03:14.207 +05:30 [INF] ============================================
2026-08-28 11:03:14.216 +05:30 [INF] Starting overdue EMI processing.
2026-08-28 11:03:14.222 +05:30 [INF] System/Test Date: "2027-07-01"
2026-08-28 11:03:14.263 +05:30 [INF] Executed DbCommand (26ms) [Parameters=[@today='?' (DbType = Date)], CommandType='"Text"', CommandTimeout='30']
SELECT [r].[ScheduleId], [r].[DueDate], [r].[EMIAmount], [r].[InstallmentNumber], [r].[InterestAmount], [r].[LoanId], [r].[PaidAmount], [r].[PaidDate], [r].[PrincipalAmount], [r].[Status]
FROM [RepaymentSchedules] AS [r]
WHERE [r].[DueDate] < @today AND [r].[PaidAmount] < [r].[EMIAmount] AND [r].[Status] <> N'PAID'
ORDER BY [r].[DueDate]
2026-08-28 11:03:14.276 +05:30 [INF] Found 12 overdue repayment schedules.
2026-08-28 11:03:14.292 +05:30 [INF] Processing ScheduleId=1, LoanId=1, DueDate="2026-09-27", CurrentStatus=MISSED, PaidAmount=0.00, EMI=4614.49
2026-08-28 11:03:14.313 +05:30 [INF] Executed DbCommand (3ms) [Parameters=[@loanId='?' (DbType = Int32)], CommandType='"Text"', CommandTimeout='30']
SELECT TOP(1) [l].[LoanId], [l].[BorrowerId], [l].[CreatedAt], [l].[EMIAmount], [l].[EndDate], [l].[InterestRate], [l].[LoanOfficerId], [l].[OutstandingAmount], [l].[PrincipalAmount], [l].[StartDate], [l].[Status], [l].[TenureMonths]
FROM [LoanAccounts] AS [l]
WHERE [l].[LoanId] = @loanId
2026-08-28 11:03:14.325 +05:30 [INF] Executed DbCommand (3ms) [Parameters=[@scheduleId='?' (DbType = Int32)], CommandType='"Text"', CommandTimeout='30']
SELECT TOP(1) [p].[BehaviorLogId], [p].[BorrowerId], [p].[DaysLate], [p].[DueDate], [p].[LoanId], [p].[PaymentDate], [p].[PaymentStatus], [p].[RecordedAt], [p].[ScheduleId]
FROM [PaymentBehaviorLogs] AS [p]
WHERE [p].[ScheduleId] = @scheduleId
2026-08-28 11:03:14.372 +05:30 [INF] Executed DbCommand (39ms) [Parameters=[@p9='?' (DbType = Int32), @p0='?' (DbType = Date), @p1='?' (Precision = 18) (Scale = 2) (DbType = Decimal), @p2='?' (DbType = Int32), @p3='?' (Precision = 18) (Scale = 2) (DbType = Decimal), @p4='?' (DbType = Int32), @p5='?' (Precision = 18) (Scale = 2) (DbType = Decimal), @p6='?' (DbType = Date), @p7='?' (Precision = 18) (Scale = 2) (DbType = Decimal), @p8='?' (Size = 30)], CommandType='"Text"', CommandTimeout='30']
SET IMPLICIT_TRANSACTIONS OFF;
SET NOCOUNT ON;
UPDATE [RepaymentSchedules] SET [DueDate] = @p0, [EMIAmount] = @p1, [InstallmentNumber] = @p2, [InterestAmount] = @p3, [LoanId] = @p4, [PaidAmount] = @p5, [PaidDate] = @p6, [PrincipalAmount] = @p7, [Status] = @p8
OUTPUT 1
WHERE [ScheduleId] = @p9;
2026-08-28 11:03:14.385 +05:30 [INF] Existing behavior log found for ScheduleId=1. Skipping log creation; schedule persisted as MISSED.
2026-08-28 11:03:14.424 +05:30 [INF] ScheduleId=1 was already MISSED. Not counted in processedCount.
2026-08-28 11:03:14.441 +05:30 [INF] Processing ScheduleId=2, LoanId=1, DueDate="2026-10-27", CurrentStatus=MISSED, PaidAmount=0.00, EMI=4614.49
2026-08-28 11:03:14.481 +05:30 [INF] Executed DbCommand (3ms) [Parameters=[@loanId='?' (DbType = Int32)], CommandType='"Text"', CommandTimeout='30']
SELECT TOP(1) [l].[LoanId], [l].[BorrowerId], [l].[CreatedAt], [l].[EMIAmount], [l].[EndDate], [l].[InterestRate], [l].[LoanOfficerId], [l].[OutstandingAmount], [l].[PrincipalAmount], [l].[StartDate], [l].[Status], [l].[TenureMonths]
FROM [LoanAccounts] AS [l]
WHERE [l].[LoanId] = @loanId
2026-08-28 11:03:14.740 +05:30 [INF] Executed DbCommand (9ms) [Parameters=[@scheduleId='?' (DbType = Int32)], CommandType='"Text"', CommandTimeout='30']
SELECT TOP(1) [p].[BehaviorLogId], [p].[BorrowerId], [p].[DaysLate], [p].[DueDate], [p].[LoanId], [p].[PaymentDate], [p].[PaymentStatus], [p].[RecordedAt], [p].[ScheduleId]
FROM [PaymentBehaviorLogs] AS [p]
WHERE [p].[ScheduleId] = @scheduleId
2026-08-28 11:03:14.771 +05:30 [INF] Executed DbCommand (10ms) [Parameters=[@p9='?' (DbType = Int32), @p0='?' (DbType = Date), @p1='?' (Precision = 18) (Scale = 2) (DbType = Decimal), @p2='?' (DbType = Int32), @p3='?' (Precision = 18) (Scale = 2) (DbType = Decimal), @p4='?' (DbType = Int32), @p5='?' (Precision = 18) (Scale = 2) (DbType = Decimal), @p6='?' (DbType = Date), @p7='?' (Precision = 18) (Scale = 2) (DbType = Decimal), @p8='?' (Size = 30)], CommandType='"Text"', CommandTimeout='30']
SET IMPLICIT_TRANSACTIONS OFF;
SET NOCOUNT ON;
UPDATE [RepaymentSchedules] SET [DueDate] = @p0, [EMIAmount] = @p1, [InstallmentNumber] = @p2, [InterestAmount] = @p3, [LoanId] = @p4, [PaidAmount] = @p5, [PaidDate] = @p6, [PrincipalAmount] = @p7, [Status] = @p8
OUTPUT 1
WHERE [ScheduleId] = @p9;
2026-08-28 11:03:14.800 +05:30 [INF] Existing behavior log found for ScheduleId=2. Skipping log creation; schedule persisted as MISSED.
2026-08-28 11:03:14.802 +05:30 [INF] ScheduleId=2 was already MISSED. Not counted in processedCount.
2026-08-28 11:03:14.814 +05:30 [INF] Processing ScheduleId=3, LoanId=1, DueDate="2026-11-27", CurrentStatus=MISSED, PaidAmount=0.00, EMI=4614.49
2026-08-28 11:03:14.829 +05:30 [INF] Executed DbCommand (6ms) [Parameters=[@loanId='?' (DbType = Int32)], CommandType='"Text"', CommandTimeout='30']
SELECT TOP(1) [l].[LoanId], [l].[BorrowerId], [l].[CreatedAt], [l].[EMIAmount], [l].[EndDate], [l].[InterestRate], [l].[LoanOfficerId], [l].[OutstandingAmount], [l].[PrincipalAmount], [l].[StartDate], [l].[Status], [l].[TenureMonths]
FROM [LoanAccounts] AS [l]
WHERE [l].[LoanId] = @loanId
2026-08-28 11:03:14.848 +05:30 [INF] Executed DbCommand (7ms) [Parameters=[@scheduleId='?' (DbType = Int32)], CommandType='"Text"', CommandTimeout='30']
SELECT TOP(1) [p].[BehaviorLogId], [p].[BorrowerId], [p].[DaysLate], [p].[DueDate], [p].[LoanId], [p].[PaymentDate], [p].[PaymentStatus], [p].[RecordedAt], [p].[ScheduleId]
FROM [PaymentBehaviorLogs] AS [p]
WHERE [p].[ScheduleId] = @scheduleId
2026-08-28 11:03:14.866 +05:30 [INF] Executed DbCommand (4ms) [Parameters=[@p9='?' (DbType = Int32), @p0='?' (DbType = Date), @p1='?' (Precision = 18) (Scale = 2) (DbType = Decimal), @p2='?' (DbType = Int32), @p3='?' (Precision = 18) (Scale = 2) (DbType = Decimal), @p4='?' (DbType = Int32), @p5='?' (Precision = 18) (Scale = 2) (DbType = Decimal), @p6='?' (DbType = Date), @p7='?' (Precision = 18) (Scale = 2) (DbType = Decimal), @p8='?' (Size = 30)], CommandType='"Text"', CommandTimeout='30']
SET IMPLICIT_TRANSACTIONS OFF;
SET NOCOUNT ON;
UPDATE [RepaymentSchedules] SET [DueDate] = @p0, [EMIAmount] = @p1, [InstallmentNumber] = @p2, [InterestAmount] = @p3, [LoanId] = @p4, [PaidAmount] = @p5, [PaidDate] = @p6, [PrincipalAmount] = @p7, [Status] = @p8
OUTPUT 1
WHERE [ScheduleId] = @p9;
2026-08-28 11:03:14.877 +05:30 [INF] Existing behavior log found for ScheduleId=3. Skipping log creation; schedule persisted as MISSED.
2026-08-28 11:03:14.898 +05:30 [INF] ScheduleId=3 was already MISSED. Not counted in processedCount.
2026-08-28 11:03:14.906 +05:30 [INF] Processing ScheduleId=4, LoanId=1, DueDate="2026-12-27", CurrentStatus=MISSED, PaidAmount=0.00, EMI=4614.49
2026-08-28 11:03:14.932 +05:30 [INF] Executed DbCommand (6ms) [Parameters=[@loanId='?' (DbType = Int32)], CommandType='"Text"', CommandTimeout='30']
SELECT TOP(1) [l].[LoanId], [l].[BorrowerId], [l].[CreatedAt], [l].[EMIAmount], [l].[EndDate], [l].[InterestRate], [l].[LoanOfficerId], [l].[OutstandingAmount], [l].[PrincipalAmount], [l].[StartDate], [l].[Status], [l].[TenureMonths]
FROM [LoanAccounts] AS [l]
WHERE [l].[LoanId] = @loanId
2026-08-28 11:03:14.953 +05:30 [INF] Executed DbCommand (4ms) [Parameters=[@scheduleId='?' (DbType = Int32)], CommandType='"Text"', CommandTimeout='30']
SELECT TOP(1) [p].[BehaviorLogId], [p].[BorrowerId], [p].[DaysLate], [p].[DueDate], [p].[LoanId], [p].[PaymentDate], [p].[PaymentStatus], [p].[RecordedAt], [p].[ScheduleId]
FROM [PaymentBehaviorLogs] AS [p]
WHERE [p].[ScheduleId] = @scheduleId
2026-08-28 11:03:14.994 +05:30 [INF] Executed DbCommand (12ms) [Parameters=[@p9='?' (DbType = Int32), @p0='?' (DbType = Date), @p1='?' (Precision = 18) (Scale = 2) (DbType = Decimal), @p2='?' (DbType = Int32), @p3='?' (Precision = 18) (Scale = 2) (DbType = Decimal), @p4='?' (DbType = Int32), @p5='?' (Precision = 18) (Scale = 2) (DbType = Decimal), @p6='?' (DbType = Date), @p7='?' (Precision = 18) (Scale = 2) (DbType = Decimal), @p8='?' (Size = 30)], CommandType='"Text"', CommandTimeout='30']
SET IMPLICIT_TRANSACTIONS OFF;
SET NOCOUNT ON;
UPDATE [RepaymentSchedules] SET [DueDate] = @p0, [EMIAmount] = @p1, [InstallmentNumber] = @p2, [InterestAmount] = @p3, [LoanId] = @p4, [PaidAmount] = @p5, [PaidDate] = @p6, [PrincipalAmount] = @p7, [Status] = @p8
OUTPUT 1
WHERE [ScheduleId] = @p9;
2026-08-28 11:03:15.016 +05:30 [INF] Existing behavior log found for ScheduleId=4. Skipping log creation; schedule persisted as MISSED.
2026-08-28 11:03:15.054 +05:30 [INF] ScheduleId=4 was already MISSED. Not counted in processedCount.
2026-08-28 11:03:15.067 +05:30 [INF] Processing ScheduleId=5, LoanId=1, DueDate="2027-01-27", CurrentStatus=MISSED, PaidAmount=0.00, EMI=4614.49
2026-08-28 11:03:15.105 +05:30 [INF] Executed DbCommand (4ms) [Parameters=[@loanId='?' (DbType = Int32)], CommandType='"Text"', CommandTimeout='30']
SELECT TOP(1) [l].[LoanId], [l].[BorrowerId], [l].[CreatedAt], [l].[EMIAmount], [l].[EndDate], [l].[InterestRate], [l].[LoanOfficerId], [l].[OutstandingAmount], [l].[PrincipalAmount], [l].[StartDate], [l].[Status], [l].[TenureMonths]
FROM [LoanAccounts] AS [l]
WHERE [l].[LoanId] = @loanId
2026-08-28 11:03:15.124 +05:30 [INF] Executed DbCommand (10ms) [Parameters=[@scheduleId='?' (DbType = Int32)], CommandType='"Text"', CommandTimeout='30']
SELECT TOP(1) [p].[BehaviorLogId], [p].[BorrowerId], [p].[DaysLate], [p].[DueDate], [p].[LoanId], [p].[PaymentDate], [p].[PaymentStatus], [p].[RecordedAt], [p].[ScheduleId]
FROM [PaymentBehaviorLogs] AS [p]
WHERE [p].[ScheduleId] = @scheduleId
2026-08-28 11:03:15.168 +05:30 [INF] Executed DbCommand (6ms) [Parameters=[@p9='?' (DbType = Int32), @p0='?' (DbType = Date), @p1='?' (Precision = 18) (Scale = 2) (DbType = Decimal), @p2='?' (DbType = Int32), @p3='?' (Precision = 18) (Scale = 2) (DbType = Decimal), @p4='?' (DbType = Int32), @p5='?' (Precision = 18) (Scale = 2) (DbType = Decimal), @p6='?' (DbType = Date), @p7='?' (Precision = 18) (Scale = 2) (DbType = Decimal), @p8='?' (Size = 30)], CommandType='"Text"', CommandTimeout='30']
SET IMPLICIT_TRANSACTIONS OFF;
SET NOCOUNT ON;
UPDATE [RepaymentSchedules] SET [DueDate] = @p0, [EMIAmount] = @p1, [InstallmentNumber] = @p2, [InterestAmount] = @p3, [LoanId] = @p4, [PaidAmount] = @p5, [PaidDate] = @p6, [PrincipalAmount] = @p7, [Status] = @p8
OUTPUT 1
WHERE [ScheduleId] = @p9;
2026-08-28 11:03:15.198 +05:30 [INF] Existing behavior log found for ScheduleId=5. Skipping log creation; schedule persisted as MISSED.
2026-08-28 11:03:15.214 +05:30 [INF] ScheduleId=5 was already MISSED. Not counted in processedCount.
2026-08-28 11:03:15.235 +05:30 [INF] Processing ScheduleId=6, LoanId=1, DueDate="2027-02-27", CurrentStatus=MISSED, PaidAmount=0.00, EMI=4614.49
2026-08-28 11:03:15.271 +05:30 [INF] Executed DbCommand (4ms) [Parameters=[@loanId='?' (DbType = Int32)], CommandType='"Text"', CommandTimeout='30']
SELECT TOP(1) [l].[LoanId], [l].[BorrowerId], [l].[CreatedAt], [l].[EMIAmount], [l].[EndDate], [l].[InterestRate], [l].[LoanOfficerId], [l].[OutstandingAmount], [l].[PrincipalAmount], [l].[StartDate], [l].[Status], [l].[TenureMonths]
FROM [LoanAccounts] AS [l]
WHERE [l].[LoanId] = @loanId
2026-08-28 11:03:15.297 +05:30 [INF] Executed DbCommand (8ms) [Parameters=[@scheduleId='?' (DbType = Int32)], CommandType='"Text"', CommandTimeout='30']
SELECT TOP(1) [p].[BehaviorLogId], [p].[BorrowerId], [p].[DaysLate], [p].[DueDate], [p].[LoanId], [p].[PaymentDate], [p].[PaymentStatus], [p].[RecordedAt], [p].[ScheduleId]
FROM [PaymentBehaviorLogs] AS [p]
WHERE [p].[ScheduleId] = @scheduleId
2026-08-28 11:03:15.314 +05:30 [INF] Executed DbCommand (10ms) [Parameters=[@p9='?' (DbType = Int32), @p0='?' (DbType = Date), @p1='?' (Precision = 18) (Scale = 2) (DbType = Decimal), @p2='?' (DbType = Int32), @p3='?' (Precision = 18) (Scale = 2) (DbType = Decimal), @p4='?' (DbType = Int32), @p5='?' (Precision = 18) (Scale = 2) (DbType = Decimal), @p6='?' (DbType = Date), @p7='?' (Precision = 18) (Scale = 2) (DbType = Decimal), @p8='?' (Size = 30)], CommandType='"Text"', CommandTimeout='30']
SET IMPLICIT_TRANSACTIONS OFF;
SET NOCOUNT ON;
UPDATE [RepaymentSchedules] SET [DueDate] = @p0, [EMIAmount] = @p1, [InstallmentNumber] = @p2, [InterestAmount] = @p3, [LoanId] = @p4, [PaidAmount] = @p5, [PaidDate] = @p6, [PrincipalAmount] = @p7, [Status] = @p8
OUTPUT 1
WHERE [ScheduleId] = @p9;
2026-08-28 11:03:15.323 +05:30 [INF] Existing behavior log found for ScheduleId=6. Skipping log creation; schedule persisted as MISSED.
2026-08-28 11:03:15.330 +05:30 [INF] ScheduleId=6 was already MISSED. Not counted in processedCount.
2026-08-28 11:03:15.335 +05:30 [INF] Processing ScheduleId=7, LoanId=1, DueDate="2027-03-27", CurrentStatus=MISSED, PaidAmount=0.00, EMI=4614.49
2026-08-28 11:03:15.351 +05:30 [INF] Executed DbCommand (3ms) [Parameters=[@loanId='?' (DbType = Int32)], CommandType='"Text"', CommandTimeout='30']
SELECT TOP(1) [l].[LoanId], [l].[BorrowerId], [l].[CreatedAt], [l].[EMIAmount], [l].[EndDate], [l].[InterestRate], [l].[LoanOfficerId], [l].[OutstandingAmount], [l].[PrincipalAmount], [l].[StartDate], [l].[Status], [l].[TenureMonths]
FROM [LoanAccounts] AS [l]
WHERE [l].[LoanId] = @loanId
2026-08-28 11:03:15.370 +05:30 [INF] Executed DbCommand (2ms) [Parameters=[@scheduleId='?' (DbType = Int32)], CommandType='"Text"', CommandTimeout='30']
SELECT TOP(1) [p].[BehaviorLogId], [p].[BorrowerId], [p].[DaysLate], [p].[DueDate], [p].[LoanId], [p].[PaymentDate], [p].[PaymentStatus], [p].[RecordedAt], [p].[ScheduleId]
FROM [PaymentBehaviorLogs] AS [p]
WHERE [p].[ScheduleId] = @scheduleId
2026-08-28 11:03:15.433 +05:30 [INF] Executed DbCommand (12ms) [Parameters=[@p9='?' (DbType = Int32), @p0='?' (DbType = Date), @p1='?' (Precision = 18) (Scale = 2) (DbType = Decimal), @p2='?' (DbType = Int32), @p3='?' (Precision = 18) (Scale = 2) (DbType = Decimal), @p4='?' (DbType = Int32), @p5='?' (Precision = 18) (Scale = 2) (DbType = Decimal), @p6='?' (DbType = Date), @p7='?' (Precision = 18) (Scale = 2) (DbType = Decimal), @p8='?' (Size = 30)], CommandType='"Text"', CommandTimeout='30']
SET IMPLICIT_TRANSACTIONS OFF;
SET NOCOUNT ON;
UPDATE [RepaymentSchedules] SET [DueDate] = @p0, [EMIAmount] = @p1, [InstallmentNumber] = @p2, [InterestAmount] = @p3, [LoanId] = @p4, [PaidAmount] = @p5, [PaidDate] = @p6, [PrincipalAmount] = @p7, [Status] = @p8
OUTPUT 1
WHERE [ScheduleId] = @p9;
2026-08-28 11:03:15.455 +05:30 [INF] Existing behavior log found for ScheduleId=7. Skipping log creation; schedule persisted as MISSED.
2026-08-28 11:03:15.479 +05:30 [INF] ScheduleId=7 was already MISSED. Not counted in processedCount.
2026-08-28 11:03:15.499 +05:30 [INF] Processing ScheduleId=8, LoanId=1, DueDate="2027-04-27", CurrentStatus=MISSED, PaidAmount=0.00, EMI=4614.49
2026-08-28 11:03:15.519 +05:30 [INF] Executed DbCommand (5ms) [Parameters=[@loanId='?' (DbType = Int32)], CommandType='"Text"', CommandTimeout='30']
SELECT TOP(1) [l].[LoanId], [l].[BorrowerId], [l].[CreatedAt], [l].[EMIAmount], [l].[EndDate], [l].[InterestRate], [l].[LoanOfficerId], [l].[OutstandingAmount], [l].[PrincipalAmount], [l].[StartDate], [l].[Status], [l].[TenureMonths]
FROM [LoanAccounts] AS [l]
WHERE [l].[LoanId] = @loanId
2026-08-28 11:03:15.544 +05:30 [INF] Executed DbCommand (4ms) [Parameters=[@scheduleId='?' (DbType = Int32)], CommandType='"Text"', CommandTimeout='30']
SELECT TOP(1) [p].[BehaviorLogId], [p].[BorrowerId], [p].[DaysLate], [p].[DueDate], [p].[LoanId], [p].[PaymentDate], [p].[PaymentStatus], [p].[RecordedAt], [p].[ScheduleId]
FROM [PaymentBehaviorLogs] AS [p]
WHERE [p].[ScheduleId] = @scheduleId
2026-08-28 11:03:15.559 +05:30 [INF] Executed DbCommand (6ms) [Parameters=[@p9='?' (DbType = Int32), @p0='?' (DbType = Date), @p1='?' (Precision = 18) (Scale = 2) (DbType = Decimal), @p2='?' (DbType = Int32), @p3='?' (Precision = 18) (Scale = 2) (DbType = Decimal), @p4='?' (DbType = Int32), @p5='?' (Precision = 18) (Scale = 2) (DbType = Decimal), @p6='?' (DbType = Date), @p7='?' (Precision = 18) (Scale = 2) (DbType = Decimal), @p8='?' (Size = 30)], CommandType='"Text"', CommandTimeout='30']
SET IMPLICIT_TRANSACTIONS OFF;
SET NOCOUNT ON;
UPDATE [RepaymentSchedules] SET [DueDate] = @p0, [EMIAmount] = @p1, [InstallmentNumber] = @p2, [InterestAmount] = @p3, [LoanId] = @p4, [PaidAmount] = @p5, [PaidDate] = @p6, [PrincipalAmount] = @p7, [Status] = @p8
OUTPUT 1
WHERE [ScheduleId] = @p9;
2026-08-28 11:03:15.567 +05:30 [INF] Existing behavior log found for ScheduleId=8. Skipping log creation; schedule persisted as MISSED.
2026-08-28 11:03:15.571 +05:30 [INF] ScheduleId=8 was already MISSED. Not counted in processedCount.
2026-08-28 11:03:15.581 +05:30 [INF] Processing ScheduleId=9, LoanId=1, DueDate="2027-05-27", CurrentStatus=MISSED, PaidAmount=0.00, EMI=4614.49
2026-08-28 11:03:15.593 +05:30 [INF] Executed DbCommand (5ms) [Parameters=[@loanId='?' (DbType = Int32)], CommandType='"Text"', CommandTimeout='30']
SELECT TOP(1) [l].[LoanId], [l].[BorrowerId], [l].[CreatedAt], [l].[EMIAmount], [l].[EndDate], [l].[InterestRate], [l].[LoanOfficerId], [l].[OutstandingAmount], [l].[PrincipalAmount], [l].[StartDate], [l].[Status], [l].[TenureMonths]
FROM [LoanAccounts] AS [l]
WHERE [l].[LoanId] = @loanId
2026-08-28 11:03:15.603 +05:30 [INF] Executed DbCommand (1ms) [Parameters=[@scheduleId='?' (DbType = Int32)], CommandType='"Text"', CommandTimeout='30']
SELECT TOP(1) [p].[BehaviorLogId], [p].[BorrowerId], [p].[DaysLate], [p].[DueDate], [p].[LoanId], [p].[PaymentDate], [p].[PaymentStatus], [p].[RecordedAt], [p].[ScheduleId]
FROM [PaymentBehaviorLogs] AS [p]
WHERE [p].[ScheduleId] = @scheduleId
2026-08-28 11:03:15.621 +05:30 [INF] Executed DbCommand (2ms) [Parameters=[@p9='?' (DbType = Int32), @p0='?' (DbType = Date), @p1='?' (Precision = 18) (Scale = 2) (DbType = Decimal), @p2='?' (DbType = Int32), @p3='?' (Precision = 18) (Scale = 2) (DbType = Decimal), @p4='?' (DbType = Int32), @p5='?' (Precision = 18) (Scale = 2) (DbType = Decimal), @p6='?' (DbType = Date), @p7='?' (Precision = 18) (Scale = 2) (DbType = Decimal), @p8='?' (Size = 30)], CommandType='"Text"', CommandTimeout='30']
SET IMPLICIT_TRANSACTIONS OFF;
SET NOCOUNT ON;
UPDATE [RepaymentSchedules] SET [DueDate] = @p0, [EMIAmount] = @p1, [InstallmentNumber] = @p2, [InterestAmount] = @p3, [LoanId] = @p4, [PaidAmount] = @p5, [PaidDate] = @p6, [PrincipalAmount] = @p7, [Status] = @p8
OUTPUT 1
WHERE [ScheduleId] = @p9;
2026-08-28 11:03:15.652 +05:30 [INF] Existing behavior log found for ScheduleId=9. Skipping log creation; schedule persisted as MISSED.
2026-08-28 11:03:15.669 +05:30 [INF] ScheduleId=9 was already MISSED. Not counted in processedCount.
2026-08-28 11:03:15.685 +05:30 [INF] Processing ScheduleId=33, LoanId=2, DueDate="2027-05-27", CurrentStatus=MISSED, PaidAmount=0.00, EMI=55373.91
2026-08-28 11:03:15.728 +05:30 [INF] Executed DbCommand (4ms) [Parameters=[@loanId='?' (DbType = Int32)], CommandType='"Text"', CommandTimeout='30']
SELECT TOP(1) [l].[LoanId], [l].[BorrowerId], [l].[CreatedAt], [l].[EMIAmount], [l].[EndDate], [l].[InterestRate], [l].[LoanOfficerId], [l].[OutstandingAmount], [l].[PrincipalAmount], [l].[StartDate], [l].[Status], [l].[TenureMonths]
FROM [LoanAccounts] AS [l]
WHERE [l].[LoanId] = @loanId
2026-08-28 11:03:15.758 +05:30 [INF] Executed DbCommand (9ms) [Parameters=[@scheduleId='?' (DbType = Int32)], CommandType='"Text"', CommandTimeout='30']
SELECT TOP(1) [p].[BehaviorLogId], [p].[BorrowerId], [p].[DaysLate], [p].[DueDate], [p].[LoanId], [p].[PaymentDate], [p].[PaymentStatus], [p].[RecordedAt], [p].[ScheduleId]
FROM [PaymentBehaviorLogs] AS [p]
WHERE [p].[ScheduleId] = @scheduleId
2026-08-28 11:03:15.944 +05:30 [INF] Executed DbCommand (14ms) [Parameters=[@p9='?' (DbType = Int32), @p0='?' (DbType = Date), @p1='?' (Precision = 18) (Scale = 2) (DbType = Decimal), @p2='?' (DbType = Int32), @p3='?' (Precision = 18) (Scale = 2) (DbType = Decimal), @p4='?' (DbType = Int32), @p5='?' (Precision = 18) (Scale = 2) (DbType = Decimal), @p6='?' (DbType = Date), @p7='?' (Precision = 18) (Scale = 2) (DbType = Decimal), @p8='?' (Size = 30)], CommandType='"Text"', CommandTimeout='30']
SET IMPLICIT_TRANSACTIONS OFF;
SET NOCOUNT ON;
UPDATE [RepaymentSchedules] SET [DueDate] = @p0, [EMIAmount] = @p1, [InstallmentNumber] = @p2, [InterestAmount] = @p3, [LoanId] = @p4, [PaidAmount] = @p5, [PaidDate] = @p6, [PrincipalAmount] = @p7, [Status] = @p8
OUTPUT 1
WHERE [ScheduleId] = @p9;
2026-08-28 11:03:15.969 +05:30 [INF] Existing behavior log found for ScheduleId=33. Skipping log creation; schedule persisted as MISSED.
2026-08-28 11:03:15.980 +05:30 [INF] ScheduleId=33 was already MISSED. Not counted in processedCount.
2026-08-28 11:03:15.985 +05:30 [INF] Processing ScheduleId=34, LoanId=2, DueDate="2027-06-27", CurrentStatus=MISSED, PaidAmount=0.00, EMI=55373.91
2026-08-28 11:03:16.005 +05:30 [INF] Executed DbCommand (5ms) [Parameters=[@loanId='?' (DbType = Int32)], CommandType='"Text"', CommandTimeout='30']
SELECT TOP(1) [l].[LoanId], [l].[BorrowerId], [l].[CreatedAt], [l].[EMIAmount], [l].[EndDate], [l].[InterestRate], [l].[LoanOfficerId], [l].[OutstandingAmount], [l].[PrincipalAmount], [l].[StartDate], [l].[Status], [l].[TenureMonths]
FROM [LoanAccounts] AS [l]
WHERE [l].[LoanId] = @loanId
2026-08-28 11:03:16.021 +05:30 [INF] Executed DbCommand (5ms) [Parameters=[@scheduleId='?' (DbType = Int32)], CommandType='"Text"', CommandTimeout='30']
SELECT TOP(1) [p].[BehaviorLogId], [p].[BorrowerId], [p].[DaysLate], [p].[DueDate], [p].[LoanId], [p].[PaymentDate], [p].[PaymentStatus], [p].[RecordedAt], [p].[ScheduleId]
FROM [PaymentBehaviorLogs] AS [p]
WHERE [p].[ScheduleId] = @scheduleId
2026-08-28 11:03:16.050 +05:30 [INF] Executed DbCommand (13ms) [Parameters=[@p9='?' (DbType = Int32), @p0='?' (DbType = Date), @p1='?' (Precision = 18) (Scale = 2) (DbType = Decimal), @p2='?' (DbType = Int32), @p3='?' (Precision = 18) (Scale = 2) (DbType = Decimal), @p4='?' (DbType = Int32), @p5='?' (Precision = 18) (Scale = 2) (DbType = Decimal), @p6='?' (DbType = Date), @p7='?' (Precision = 18) (Scale = 2) (DbType = Decimal), @p8='?' (Size = 30)], CommandType='"Text"', CommandTimeout='30']
SET IMPLICIT_TRANSACTIONS OFF;
SET NOCOUNT ON;
UPDATE [RepaymentSchedules] SET [DueDate] = @p0, [EMIAmount] = @p1, [InstallmentNumber] = @p2, [InterestAmount] = @p3, [LoanId] = @p4, [PaidAmount] = @p5, [PaidDate] = @p6, [PrincipalAmount] = @p7, [Status] = @p8
OUTPUT 1
WHERE [ScheduleId] = @p9;
2026-08-28 11:03:16.058 +05:30 [INF] Existing behavior log found for ScheduleId=34. Skipping log creation; schedule persisted as MISSED.
2026-08-28 11:03:16.066 +05:30 [INF] ScheduleId=34 was already MISSED. Not counted in processedCount.
2026-08-28 11:03:16.069 +05:30 [INF] Processing ScheduleId=10, LoanId=1, DueDate="2027-06-27", CurrentStatus=MISSED, PaidAmount=0.00, EMI=4614.49
2026-08-28 11:03:16.086 +05:30 [INF] Executed DbCommand (4ms) [Parameters=[@loanId='?' (DbType = Int32)], CommandType='"Text"', CommandTimeout='30']
SELECT TOP(1) [l].[LoanId], [l].[BorrowerId], [l].[CreatedAt], [l].[EMIAmount], [l].[EndDate], [l].[InterestRate], [l].[LoanOfficerId], [l].[OutstandingAmount], [l].[PrincipalAmount], [l].[StartDate], [l].[Status], [l].[TenureMonths]
FROM [LoanAccounts] AS [l]
WHERE [l].[LoanId] = @loanId
2026-08-28 11:03:16.101 +05:30 [INF] Executed DbCommand (4ms) [Parameters=[@scheduleId='?' (DbType = Int32)], CommandType='"Text"', CommandTimeout='30']
SELECT TOP(1) [p].[BehaviorLogId], [p].[BorrowerId], [p].[DaysLate], [p].[DueDate], [p].[LoanId], [p].[PaymentDate], [p].[PaymentStatus], [p].[RecordedAt], [p].[ScheduleId]
FROM [PaymentBehaviorLogs] AS [p]
WHERE [p].[ScheduleId] = @scheduleId
2026-08-28 11:03:16.113 +05:30 [INF] Executed DbCommand (3ms) [Parameters=[@p9='?' (DbType = Int32), @p0='?' (DbType = Date), @p1='?' (Precision = 18) (Scale = 2) (DbType = Decimal), @p2='?' (DbType = Int32), @p3='?' (Precision = 18) (Scale = 2) (DbType = Decimal), @p4='?' (DbType = Int32), @p5='?' (Precision = 18) (Scale = 2) (DbType = Decimal), @p6='?' (DbType = Date), @p7='?' (Precision = 18) (Scale = 2) (DbType = Decimal), @p8='?' (Size = 30)], CommandType='"Text"', CommandTimeout='30']
SET IMPLICIT_TRANSACTIONS OFF;
SET NOCOUNT ON;
UPDATE [RepaymentSchedules] SET [DueDate] = @p0, [EMIAmount] = @p1, [InstallmentNumber] = @p2, [InterestAmount] = @p3, [LoanId] = @p4, [PaidAmount] = @p5, [PaidDate] = @p6, [PrincipalAmount] = @p7, [Status] = @p8
OUTPUT 1
WHERE [ScheduleId] = @p9;
2026-08-28 11:03:16.117 +05:30 [INF] Existing behavior log found for ScheduleId=10. Skipping log creation; schedule persisted as MISSED.
2026-08-28 11:03:16.120 +05:30 [INF] ScheduleId=10 was already MISSED. Not counted in processedCount.
2026-08-28 11:03:16.123 +05:30 [INF] Finished overdue EMI processing.
2026-08-28 11:03:16.128 +05:30 [INF] Processed Count: 0
2026-08-28 11:03:16.130 +05:30 [INF] ============================================
2026-08-28 11:03:16.134 +05:30 [INF] Executing OkObjectResult, writing value of type '<>f__AnonymousType7`2[[System.String, System.Private.CoreLib, Version=10.0.0.0, Culture=neutral, PublicKeyToken=7cec85d7bea7798e],[System.Int32, System.Private.CoreLib, Version=10.0.0.0, Culture=neutral, PublicKeyToken=7cec85d7bea7798e]]'.
2026-08-28 11:03:16.150 +05:30 [INF] Executed action LoanDeductionPrediction.API.Controllers.PaymentBehaviorController.ProcessOverduePayments (LoanDeductionPrediction.API) in 1948.6753ms
2026-08-28 11:03:16.155 +05:30 [INF] Executed endpoint 'LoanDeductionPrediction.API.Controllers.PaymentBehaviorController.ProcessOverduePayments (LoanDeductionPrediction.API)'
2026-08-28 11:03:16.167 +05:30 [INF] HTTP POST /api/PaymentBehavior/process-overdue responded 200 in 2148.0961 ms
2026-08-28 11:03:16.179 +05:30 [INF] Request finished HTTP/1.1 POST http://localhost:5082/api/PaymentBehavior/process-overdue - 200 null application/json; charset=utf-8 2170.5476ms
2026-08-28 11:13:47.941 +05:30 [INF] Application is shutting down...
