2026-08-25 10:14:28.168 +05:30 [INF] Payment Behavior Background Service started.
2026-08-25 10:16:54.147 +05:30 [INF] Payment Behavior Background Service started.
2026-08-25 10:17:29.695 +05:30 [INF] Payment Behavior Background Service started.
2026-08-25 10:18:40.023 +05:30 [INF] HTTP GET /swagger/index.html responded 304 in 235.5534 ms
2026-08-25 10:18:41.594 +05:30 [INF] HTTP GET /swagger/index.js responded 304 in 180.2798 ms
2026-08-25 10:18:41.616 +05:30 [INF] HTTP GET /swagger/swagger-ui.css responded 304 in 91.6665 ms
2026-08-25 10:18:41.616 +05:30 [INF] HTTP GET /swagger/swagger-ui-standalone-preset.js responded 304 in 51.0470 ms
2026-08-25 10:18:41.617 +05:30 [INF] HTTP GET /swagger/index.css responded 304 in 23.5008 ms
2026-08-25 10:18:41.633 +05:30 [INF] HTTP GET /swagger/swagger-ui-bundle.js responded 304 in 52.4355 ms
2026-08-25 10:18:43.065 +05:30 [INF] HTTP GET /swagger/v1/swagger.json responded 200 in 283.1571 ms
2026-08-25 10:19:27.718 +05:30 [WRN] Failed to determine the https port for redirect.
2026-08-25 10:19:28.513 +05:30 [WRN] You do not have a valid license key for the Lucky Penny software AutoMapper. This is allowed for development and testing scenarios. If you are running in production you are required to have a licensed version. Please visit https://luckypennysoftware.com to obtain a valid license.
2026-08-25 10:19:30.685 +05:30 [INF] HTTP POST /api/Auth/login responded 200 in 2989.5119 ms
2026-08-25 10:23:53.367 +05:30 [INF] HTTP POST /api/Auth/login responded 200 in 28863.1760 ms
2026-08-25 10:25:58.316 +05:30 [INF] HTTP POST /api/User responded 201 in 48303.1581 ms
2026-08-25 10:27:48.742 +05:30 [INF] HTTP GET /api/User responded 200 in 26568.3708 ms
2026-08-25 10:35:32.583 +05:30 [INF] HTTP POST /api/Loan responded 201 in 725.1210 ms
2026-08-25 10:39:41.783 +05:30 [ERR] Failed executing DbCommand (34,548ms) [Parameters=[@loanId='?' (DbType = Int32)], CommandType='"Text"', CommandTimeout='30']
SELECT TOP(1) [l].[LoanId], [l].[BorrowerId], [l].[CreatedAt], [l].[EMIAmount], [l].[EndDate], [l].[InterestRate], [l].[LoanOfficerId], [l].[OutstandingAmount], [l].[PrincipalAmount], [l].[StartDate], [l].[Status], [l].[TenureMonths]
FROM [LoanAccounts] AS [l]
WHERE [l].[LoanId] = @loanId
2026-08-25 10:39:41.849 +05:30 [ERR] An exception occurred while iterating over the results of a query for context type 'LoanDeductionPrediction.Repositories.Entities.LoanDeductionDbContext'.
Microsoft.Data.SqlClient.SqlException (0x80131904): Execution Timeout Expired.  The timeout period elapsed prior to completion of the operation or the server is not responding.
 ---> System.ComponentModel.Win32Exception (258): The wait operation timed out.
   at Microsoft.Data.SqlClient.SqlCommand.<>c.<ExecuteDbDataReaderAsync>b__195_0(Task`1 result)
   at System.Threading.Tasks.ContinuationResultTaskFromResultTask`2.InnerInvoke()
   at System.Threading.ExecutionContext.RunInternal(ExecutionContext executionContext, ContextCallback callback, Object state)
--- End of stack trace from previous location ---
   at System.Threading.ExecutionContext.RunInternal(ExecutionContext executionContext, ContextCallback callback, Object state)
   at System.Threading.Tasks.Task.ExecuteWithThreadLocal(Task& currentTaskSlot, Thread threadPoolThread)
--- End of stack trace from previous location ---
   at Microsoft.EntityFrameworkCore.Storage.RelationalCommand.ExecuteReaderAsync(RelationalCommandParameterObject parameterObject, CancellationToken cancellationToken)
   at Microsoft.EntityFrameworkCore.Storage.RelationalCommand.ExecuteReaderAsync(RelationalCommandParameterObject parameterObject, CancellationToken cancellationToken)
   at Microsoft.EntityFrameworkCore.Query.Internal.SingleQueryingEnumerable`1.AsyncEnumerator.InitializeReaderAsync(AsyncEnumerator enumerator, CancellationToken cancellationToken)
   at Microsoft.EntityFrameworkCore.Storage.ExecutionStrategy.<>c__DisplayClass30_0`2.<<ExecuteAsync>b__0>d.MoveNext()
--- End of stack trace from previous location ---
   at Microsoft.EntityFrameworkCore.Storage.ExecutionStrategy.ExecuteImplementationAsync[TState,TResult](Func`4 operation, Func`4 verifySucceeded, TState state, CancellationToken cancellationToken)
   at Microsoft.EntityFrameworkCore.Storage.ExecutionStrategy.ExecuteImplementationAsync[TState,TResult](Func`4 operation, Func`4 verifySucceeded, TState state, CancellationToken cancellationToken)
   at Microsoft.EntityFrameworkCore.Storage.ExecutionStrategy.ExecuteAsync[TState,TResult](TState state, Func`4 operation, Func`4 verifySucceeded, CancellationToken cancellationToken)
   at Microsoft.EntityFrameworkCore.Query.Internal.SingleQueryingEnumerable`1.AsyncEnumerator.MoveNextAsync()
ClientConnectionId:c525c861-ec60-4f18-b3eb-f4583ee373f8
Error Number:-2,State:0,Class:11
Microsoft.Data.SqlClient.SqlException (0x80131904): Execution Timeout Expired.  The timeout period elapsed prior to completion of the operation or the server is not responding.
 ---> System.ComponentModel.Win32Exception (258): The wait operation timed out.
   at Microsoft.Data.SqlClient.SqlCommand.<>c.<ExecuteDbDataReaderAsync>b__195_0(Task`1 result)
   at System.Threading.Tasks.ContinuationResultTaskFromResultTask`2.InnerInvoke()
   at System.Threading.ExecutionContext.RunInternal(ExecutionContext executionContext, ContextCallback callback, Object state)
--- End of stack trace from previous location ---
   at System.Threading.ExecutionContext.RunInternal(ExecutionContext executionContext, ContextCallback callback, Object state)
   at System.Threading.Tasks.Task.ExecuteWithThreadLocal(Task& currentTaskSlot, Thread threadPoolThread)
--- End of stack trace from previous location ---
   at Microsoft.EntityFrameworkCore.Storage.RelationalCommand.ExecuteReaderAsync(RelationalCommandParameterObject parameterObject, CancellationToken cancellationToken)
   at Microsoft.EntityFrameworkCore.Storage.RelationalCommand.ExecuteReaderAsync(RelationalCommandParameterObject parameterObject, CancellationToken cancellationToken)
   at Microsoft.EntityFrameworkCore.Query.Internal.SingleQueryingEnumerable`1.AsyncEnumerator.InitializeReaderAsync(AsyncEnumerator enumerator, CancellationToken cancellationToken)
   at Microsoft.EntityFrameworkCore.Storage.ExecutionStrategy.<>c__DisplayClass30_0`2.<<ExecuteAsync>b__0>d.MoveNext()
--- End of stack trace from previous location ---
   at Microsoft.EntityFrameworkCore.Storage.ExecutionStrategy.ExecuteImplementationAsync[TState,TResult](Func`4 operation, Func`4 verifySucceeded, TState state, CancellationToken cancellationToken)
   at Microsoft.EntityFrameworkCore.Storage.ExecutionStrategy.ExecuteImplementationAsync[TState,TResult](Func`4 operation, Func`4 verifySucceeded, TState state, CancellationToken cancellationToken)
   at Microsoft.EntityFrameworkCore.Storage.ExecutionStrategy.ExecuteAsync[TState,TResult](TState state, Func`4 operation, Func`4 verifySucceeded, CancellationToken cancellationToken)
   at Microsoft.EntityFrameworkCore.Query.Internal.SingleQueryingEnumerable`1.AsyncEnumerator.MoveNextAsync()
ClientConnectionId:c525c861-ec60-4f18-b3eb-f4583ee373f8
Error Number:-2,State:0,Class:11
2026-08-25 10:39:41.954 +05:30 [ERR] Unhandled exception occurred.
Microsoft.Data.SqlClient.SqlException (0x80131904): Execution Timeout Expired.  The timeout period elapsed prior to completion of the operation or the server is not responding.
 ---> System.ComponentModel.Win32Exception (258): The wait operation timed out.
   at Microsoft.Data.SqlClient.SqlCommand.<>c.<ExecuteDbDataReaderAsync>b__195_0(Task`1 result)
   at System.Threading.Tasks.ContinuationResultTaskFromResultTask`2.InnerInvoke()
   at System.Threading.ExecutionContext.RunInternal(ExecutionContext executionContext, ContextCallback callback, Object state)
--- End of stack trace from previous location ---
   at System.Threading.ExecutionContext.RunInternal(ExecutionContext executionContext, ContextCallback callback, Object state)
   at System.Threading.Tasks.Task.ExecuteWithThreadLocal(Task& currentTaskSlot, Thread threadPoolThread)
--- End of stack trace from previous location ---
   at Microsoft.EntityFrameworkCore.Storage.RelationalCommand.ExecuteReaderAsync(RelationalCommandParameterObject parameterObject, CancellationToken cancellationToken)
   at Microsoft.EntityFrameworkCore.Storage.RelationalCommand.ExecuteReaderAsync(RelationalCommandParameterObject parameterObject, CancellationToken cancellationToken)
   at Microsoft.EntityFrameworkCore.Query.Internal.SingleQueryingEnumerable`1.AsyncEnumerator.InitializeReaderAsync(AsyncEnumerator enumerator, CancellationToken cancellationToken)
   at Microsoft.EntityFrameworkCore.Storage.ExecutionStrategy.<>c__DisplayClass30_0`2.<<ExecuteAsync>b__0>d.MoveNext()
--- End of stack trace from previous location ---
   at Microsoft.EntityFrameworkCore.Storage.ExecutionStrategy.ExecuteImplementationAsync[TState,TResult](Func`4 operation, Func`4 verifySucceeded, TState state, CancellationToken cancellationToken)
   at Microsoft.EntityFrameworkCore.Storage.ExecutionStrategy.ExecuteImplementationAsync[TState,TResult](Func`4 operation, Func`4 verifySucceeded, TState state, CancellationToken cancellationToken)
   at Microsoft.EntityFrameworkCore.Storage.ExecutionStrategy.ExecuteAsync[TState,TResult](TState state, Func`4 operation, Func`4 verifySucceeded, CancellationToken cancellationToken)
   at Microsoft.EntityFrameworkCore.Query.Internal.SingleQueryingEnumerable`1.AsyncEnumerator.MoveNextAsync()
   at Microsoft.EntityFrameworkCore.Query.ShapedQueryCompilingExpressionVisitor.SingleOrDefaultAsync[TSource](IAsyncEnumerable`1 asyncEnumerable, CancellationToken cancellationToken)
   at Microsoft.EntityFrameworkCore.Query.ShapedQueryCompilingExpressionVisitor.SingleOrDefaultAsync[TSource](IAsyncEnumerable`1 asyncEnumerable, CancellationToken cancellationToken)
   at LoanDeductionPrediction.Repositories.Implementations.LoanRepository.GetByIdAsync(Int32 loanId) in C:\Users\thang\OneDrive\Documents\React Projects\LoanDeductionPrediction\LoanDeductionPrediction.Repositories\Implementations\LoanRepository.cs:line 20
   at LoanDeductionPrediction.Services.Implementations.LoanService.GetByIdAsync(Int32 loanId) in C:\Users\thang\OneDrive\Documents\React Projects\LoanDeductionPrediction\LoanDeductionPrediction.Services\Implementations\LoanService.cs:line 37
   at LoanDeductionPrediction.API.Controllers.RepaymentScheduleController.GetLoanSchedule(Int32 loanId) in C:\Users\thang\OneDrive\Documents\React Projects\LoanDeductionPrediction\LoanDeductionPrediction.API\Controllers\RepaymentScheduleController.cs:line 34
   at Microsoft.AspNetCore.Mvc.Infrastructure.ActionMethodExecutor.TaskOfIActionResultExecutor.Execute(ActionContext actionContext, IActionResultTypeMapper mapper, ObjectMethodExecutor executor, Object controller, Object[] arguments)
   at Microsoft.AspNetCore.Mvc.Infrastructure.ControllerActionInvoker.<InvokeActionMethodAsync>g__Awaited|12_0(ControllerActionInvoker invoker, ValueTask`1 actionResultValueTask)
   at Microsoft.AspNetCore.Mvc.Infrastructure.ControllerActionInvoker.<InvokeNextActionFilterAsync>g__Awaited|10_0(ControllerActionInvoker invoker, Task lastTask, State next, Scope scope, Object state, Boolean isCompleted)
   at Microsoft.AspNetCore.Mvc.Infrastructure.ControllerActionInvoker.Rethrow(ActionExecutedContextSealed context)
   at Microsoft.AspNetCore.Mvc.Infrastructure.ControllerActionInvoker.Next(State& next, Scope& scope, Object& state, Boolean& isCompleted)
   at Microsoft.AspNetCore.Mvc.Infrastructure.ControllerActionInvoker.<InvokeInnerFilterAsync>g__Awaited|13_0(ControllerActionInvoker invoker, Task lastTask, State next, Scope scope, Object state, Boolean isCompleted)
   at Microsoft.AspNetCore.Mvc.Infrastructure.ResourceInvoker.<InvokeFilterPipelineAsync>g__Awaited|20_0(ResourceInvoker invoker, Task lastTask, State next, Scope scope, Object state, Boolean isCompleted)
   at Microsoft.AspNetCore.Mvc.Infrastructure.ResourceInvoker.<InvokeAsync>g__Awaited|17_0(ResourceInvoker invoker, Task task, IDisposable scope)
   at Microsoft.AspNetCore.Mvc.Infrastructure.ResourceInvoker.<InvokeAsync>g__Awaited|17_0(ResourceInvoker invoker, Task task, IDisposable scope)
   at Microsoft.AspNetCore.Authorization.AuthorizationMiddleware.Invoke(HttpContext context)
   at Microsoft.AspNetCore.Authentication.AuthenticationMiddleware.Invoke(HttpContext context)
   at Swashbuckle.AspNetCore.SwaggerUI.SwaggerUIMiddleware.Invoke(HttpContext httpContext)
   at Swashbuckle.AspNetCore.Swagger.SwaggerMiddleware.Invoke(HttpContext httpContext, ISwaggerProvider swaggerProvider)
   at LoanDeductionPrediction.API.Middleware.GlobalExceptionMiddleware.InvokeAsync(HttpContext context) in C:\Users\thang\OneDrive\Documents\React Projects\LoanDeductionPrediction\LoanDeductionPrediction.API\Middleware\GlobalExceptionMiddleware.cs:line 23
ClientConnectionId:c525c861-ec60-4f18-b3eb-f4583ee373f8
Error Number:-2,State:0,Class:11
2026-08-25 10:39:42.079 +05:30 [ERR] HTTP GET /api/RepaymentSchedule/loan/10 responded 500 in 34965.4972 ms
2026-08-25 10:40:09.689 +05:30 [INF] HTTP GET /api/RepaymentSchedule/loan/10 responded 200 in 9271.9956 ms
2026-08-25 10:40:39.403 +05:30 [INF] HTTP GET /api/Loan/10 responded 200 in 6862.5730 ms
2026-08-25 10:41:09.453 +05:30 [INF] HTTP GET /api/PaymentBehavior/loan/11 responded 404 in 1894.6970 ms
2026-08-25 10:41:35.970 +05:30 [INF] HTTP GET /api/PaymentBehavior/loan/10 responded 200 in 9339.8433 ms
2026-08-25 10:42:54.851 +05:30 [INF] HTTP POST /api/RepaymentSchedule/generate/10 responded 200 in 24235.9844 ms
2026-08-25 10:44:24.608 +05:30 [WRN] Savepoints are disabled because Multiple Active Result Sets (MARS) is enabled. If 'SaveChanges' fails, then the transaction cannot be automatically rolled back to a known clean state. Instead, the transaction should be rolled back by the application before retrying 'SaveChanges'. See https://go.microsoft.com/fwlink/?linkid=2149338 for more information and examples. To identify the code which triggers this warning, call 'ConfigureWarnings(w => w.Throw(SqlServerEventId.SavepointsDisabledBecauseOfMARS))'.
2026-08-25 10:44:24.712 +05:30 [INF] HTTP PUT /api/RepaymentSchedule/157/payment responded 200 in 2145.6457 ms
2026-08-25 10:46:55.079 +05:30 [INF] Payment Behavior Background Service started.
2026-08-25 10:50:49.733 +05:30 [INF] Payment Behavior Background Service started.
2026-08-25 10:51:05.234 +05:30 [ERR] An error occurred using the connection to database 'LoanDeductionPredictionDb' on server '.\SQLEXPRESS'.
2026-08-25 10:51:05.298 +05:30 [ERR] An exception occurred while iterating over the results of a query for context type 'LoanDeductionPrediction.Repositories.Entities.LoanDeductionDbContext'.
Microsoft.Data.SqlClient.SqlException (0x80131904): Connection Timeout Expired.  The timeout period elapsed during the post-login phase.  The connection could have timed out while waiting for server to complete the login process and respond; Or it could have timed out while attempting to create multiple active connections.  The duration spent while attempting to connect to this server was - [Pre-Login] initialization=37; handshake=44; [Login] initialization=1; authentication=7; [Post-Login] complete=14011; 
 ---> System.ComponentModel.Win32Exception (258): The wait operation timed out.
   at Microsoft.Data.SqlClient.SqlInternalConnection.OnError(SqlException exception, Boolean breakConnection, Action`1 wrapCloseInAction)
   at Microsoft.Data.SqlClient.TdsParser.ThrowExceptionAndWarning(TdsParserStateObject stateObj, SqlCommand command, Boolean callerHasConnectionLock, Boolean asyncClose)
   at Microsoft.Data.SqlClient.TdsParserStateObject.ThrowExceptionAndWarning(Boolean callerHasConnectionLock, Boolean asyncClose)
   at Microsoft.Data.SqlClient.TdsParserStateObject.ReadSniError(TdsParserStateObject stateObj, UInt32 error)
   at Microsoft.Data.SqlClient.TdsParserStateObject.ReadSniSyncOverAsync()
   at Microsoft.Data.SqlClient.TdsParserStateObject.TryReadNetworkPacket()
   at Microsoft.Data.SqlClient.TdsParserStateObject.TryPrepareBuffer()
   at Microsoft.Data.SqlClient.TdsParserStateObject.TryReadByte(Byte& value)
   at Microsoft.Data.SqlClient.TdsParser.TryRun(RunBehavior runBehavior, SqlCommand cmdHandler, SqlDataReader dataStream, BulkCopySimpleResultSet bulkCopyHandler, TdsParserStateObject stateObj, Boolean& dataReady)
   at Microsoft.Data.SqlClient.TdsParser.Run(RunBehavior runBehavior, SqlCommand cmdHandler, SqlDataReader dataStream, BulkCopySimpleResultSet bulkCopyHandler, TdsParserStateObject stateObj)
   at Microsoft.Data.SqlClient.SqlInternalConnectionTds.CompleteLogin(Boolean enlistOK)
   at Microsoft.Data.SqlClient.SqlInternalConnectionTds.AttemptOneLogin(ServerInfo serverInfo, String newPassword, SecureString newSecurePassword, TimeoutTimer timeout, Boolean withFailover)
   at Microsoft.Data.SqlClient.SqlInternalConnectionTds.LoginNoFailover(ServerInfo serverInfo, String newPassword, SecureString newSecurePassword, Boolean redirectedUserInstance, SqlConnectionString connectionOptions, SqlCredential credential, TimeoutTimer timeout)
   at Microsoft.Data.SqlClient.SqlInternalConnectionTds.OpenLoginEnlist(TimeoutTimer timeout, SqlConnectionString connectionOptions, SqlCredential credential, String newPassword, SecureString newSecurePassword, Boolean redirectedUserInstance)
   at Microsoft.Data.SqlClient.SqlInternalConnectionTds..ctor(DbConnectionPoolIdentity identity, SqlConnectionString connectionOptions, SqlCredential credential, Object providerInfo, String newPassword, SecureString newSecurePassword, Boolean redirectedUserInstance, SqlConnectionString userConnectionOptions, SessionData reconnectSessionData, Boolean applyTransientFaultHandling, String accessToken, IDbConnectionPool pool, Func`3 accessTokenCallback)
   at Microsoft.Data.SqlClient.SqlConnectionFactory.CreateConnection(DbConnectionOptions options, DbConnectionPoolKey poolKey, DbConnectionPoolGroupProviderInfo poolGroupProviderInfo, IDbConnectionPool pool, DbConnection owningConnection, DbConnectionOptions userOptions)
   at Microsoft.Data.ProviderBase.DbConnectionFactory.CreatePooledConnection(IDbConnectionPool pool, DbConnection owningObject, DbConnectionOptions options, DbConnectionPoolKey poolKey, DbConnectionOptions userOptions)
   at Microsoft.Data.SqlClient.ConnectionPool.WaitHandleDbConnectionPool.CreateObject(DbConnection owningObject, DbConnectionOptions userOptions, DbConnectionInternal oldConnection)
   at Microsoft.Data.SqlClient.ConnectionPool.WaitHandleDbConnectionPool.UserCreateRequest(DbConnection owningObject, DbConnectionOptions userOptions, DbConnectionInternal oldConnection)
   at Microsoft.Data.SqlClient.ConnectionPool.WaitHandleDbConnectionPool.TryGetConnection(DbConnection owningObject, UInt32 waitForMultipleObjectsTimeout, Boolean allowCreate, Boolean onlyOneCheckConnection, DbConnectionOptions userOptions, DbConnectionInternal& connection)
   at Microsoft.Data.SqlClient.ConnectionPool.WaitHandleDbConnectionPool.WaitForPendingOpen()
--- End of stack trace from previous location ---
   at Microsoft.EntityFrameworkCore.Storage.RelationalConnection.OpenInternalAsync(Boolean errorsExpected, CancellationToken cancellationToken)
   at Microsoft.EntityFrameworkCore.Storage.RelationalConnection.OpenInternalAsync(Boolean errorsExpected, CancellationToken cancellationToken)
   at Microsoft.EntityFrameworkCore.Storage.RelationalConnection.OpenAsync(CancellationToken cancellationToken, Boolean errorsExpected)
   at Microsoft.EntityFrameworkCore.Storage.RelationalCommand.ExecuteReaderAsync(RelationalCommandParameterObject parameterObject, CancellationToken cancellationToken)
   at Microsoft.EntityFrameworkCore.Query.Internal.SingleQueryingEnumerable`1.AsyncEnumerator.InitializeReaderAsync(AsyncEnumerator enumerator, CancellationToken cancellationToken)
   at Microsoft.EntityFrameworkCore.Storage.ExecutionStrategy.<>c__DisplayClass30_0`2.<<ExecuteAsync>b__0>d.MoveNext()
--- End of stack trace from previous location ---
   at Microsoft.EntityFrameworkCore.Storage.ExecutionStrategy.ExecuteImplementationAsync[TState,TResult](Func`4 operation, Func`4 verifySucceeded, TState state, CancellationToken cancellationToken)
   at Microsoft.EntityFrameworkCore.Storage.ExecutionStrategy.ExecuteImplementationAsync[TState,TResult](Func`4 operation, Func`4 verifySucceeded, TState state, CancellationToken cancellationToken)
   at Microsoft.EntityFrameworkCore.Storage.ExecutionStrategy.ExecuteAsync[TState,TResult](TState state, Func`4 operation, Func`4 verifySucceeded, CancellationToken cancellationToken)
   at Microsoft.EntityFrameworkCore.Query.Internal.SingleQueryingEnumerable`1.AsyncEnumerator.MoveNextAsync()
ClientConnectionId:20ad940a-0702-4d9f-90dc-1b62ecc643c5
Error Number:-2,State:0,Class:11
Microsoft.Data.SqlClient.SqlException (0x80131904): Connection Timeout Expired.  The timeout period elapsed during the post-login phase.  The connection could have timed out while waiting for server to complete the login process and respond; Or it could have timed out while attempting to create multiple active connections.  The duration spent while attempting to connect to this server was - [Pre-Login] initialization=37; handshake=44; [Login] initialization=1; authentication=7; [Post-Login] complete=14011; 
 ---> System.ComponentModel.Win32Exception (258): The wait operation timed out.
   at Microsoft.Data.SqlClient.SqlInternalConnection.OnError(SqlException exception, Boolean breakConnection, Action`1 wrapCloseInAction)
   at Microsoft.Data.SqlClient.TdsParser.ThrowExceptionAndWarning(TdsParserStateObject stateObj, SqlCommand command, Boolean callerHasConnectionLock, Boolean asyncClose)
   at Microsoft.Data.SqlClient.TdsParserStateObject.ThrowExceptionAndWarning(Boolean callerHasConnectionLock, Boolean asyncClose)
   at Microsoft.Data.SqlClient.TdsParserStateObject.ReadSniError(TdsParserStateObject stateObj, UInt32 error)
   at Microsoft.Data.SqlClient.TdsParserStateObject.ReadSniSyncOverAsync()
   at Microsoft.Data.SqlClient.TdsParserStateObject.TryReadNetworkPacket()
   at Microsoft.Data.SqlClient.TdsParserStateObject.TryPrepareBuffer()
   at Microsoft.Data.SqlClient.TdsParserStateObject.TryReadByte(Byte& value)
   at Microsoft.Data.SqlClient.TdsParser.TryRun(RunBehavior runBehavior, SqlCommand cmdHandler, SqlDataReader dataStream, BulkCopySimpleResultSet bulkCopyHandler, TdsParserStateObject stateObj, Boolean& dataReady)
   at Microsoft.Data.SqlClient.TdsParser.Run(RunBehavior runBehavior, SqlCommand cmdHandler, SqlDataReader dataStream, BulkCopySimpleResultSet bulkCopyHandler, TdsParserStateObject stateObj)
   at Microsoft.Data.SqlClient.SqlInternalConnectionTds.CompleteLogin(Boolean enlistOK)
   at Microsoft.Data.SqlClient.SqlInternalConnectionTds.AttemptOneLogin(ServerInfo serverInfo, String newPassword, SecureString newSecurePassword, TimeoutTimer timeout, Boolean withFailover)
   at Microsoft.Data.SqlClient.SqlInternalConnectionTds.LoginNoFailover(ServerInfo serverInfo, String newPassword, SecureString newSecurePassword, Boolean redirectedUserInstance, SqlConnectionString connectionOptions, SqlCredential credential, TimeoutTimer timeout)
   at Microsoft.Data.SqlClient.SqlInternalConnectionTds.OpenLoginEnlist(TimeoutTimer timeout, SqlConnectionString connectionOptions, SqlCredential credential, String newPassword, SecureString newSecurePassword, Boolean redirectedUserInstance)
   at Microsoft.Data.SqlClient.SqlInternalConnectionTds..ctor(DbConnectionPoolIdentity identity, SqlConnectionString connectionOptions, SqlCredential credential, Object providerInfo, String newPassword, SecureString newSecurePassword, Boolean redirectedUserInstance, SqlConnectionString userConnectionOptions, SessionData reconnectSessionData, Boolean applyTransientFaultHandling, String accessToken, IDbConnectionPool pool, Func`3 accessTokenCallback)
   at Microsoft.Data.SqlClient.SqlConnectionFactory.CreateConnection(DbConnectionOptions options, DbConnectionPoolKey poolKey, DbConnectionPoolGroupProviderInfo poolGroupProviderInfo, IDbConnectionPool pool, DbConnection owningConnection, DbConnectionOptions userOptions)
   at Microsoft.Data.ProviderBase.DbConnectionFactory.CreatePooledConnection(IDbConnectionPool pool, DbConnection owningObject, DbConnectionOptions options, DbConnectionPoolKey poolKey, DbConnectionOptions userOptions)
   at Microsoft.Data.SqlClient.ConnectionPool.WaitHandleDbConnectionPool.CreateObject(DbConnection owningObject, DbConnectionOptions userOptions, DbConnectionInternal oldConnection)
   at Microsoft.Data.SqlClient.ConnectionPool.WaitHandleDbConnectionPool.UserCreateRequest(DbConnection owningObject, DbConnectionOptions userOptions, DbConnectionInternal oldConnection)
   at Microsoft.Data.SqlClient.ConnectionPool.WaitHandleDbConnectionPool.TryGetConnection(DbConnection owningObject, UInt32 waitForMultipleObjectsTimeout, Boolean allowCreate, Boolean onlyOneCheckConnection, DbConnectionOptions userOptions, DbConnectionInternal& connection)
   at Microsoft.Data.SqlClient.ConnectionPool.WaitHandleDbConnectionPool.WaitForPendingOpen()
--- End of stack trace from previous location ---
   at Microsoft.EntityFrameworkCore.Storage.RelationalConnection.OpenInternalAsync(Boolean errorsExpected, CancellationToken cancellationToken)
   at Microsoft.EntityFrameworkCore.Storage.RelationalConnection.OpenInternalAsync(Boolean errorsExpected, CancellationToken cancellationToken)
   at Microsoft.EntityFrameworkCore.Storage.RelationalConnection.OpenAsync(CancellationToken cancellationToken, Boolean errorsExpected)
   at Microsoft.EntityFrameworkCore.Storage.RelationalCommand.ExecuteReaderAsync(RelationalCommandParameterObject parameterObject, CancellationToken cancellationToken)
   at Microsoft.EntityFrameworkCore.Query.Internal.SingleQueryingEnumerable`1.AsyncEnumerator.InitializeReaderAsync(AsyncEnumerator enumerator, CancellationToken cancellationToken)
   at Microsoft.EntityFrameworkCore.Storage.ExecutionStrategy.<>c__DisplayClass30_0`2.<<ExecuteAsync>b__0>d.MoveNext()
--- End of stack trace from previous location ---
   at Microsoft.EntityFrameworkCore.Storage.ExecutionStrategy.ExecuteImplementationAsync[TState,TResult](Func`4 operation, Func`4 verifySucceeded, TState state, CancellationToken cancellationToken)
   at Microsoft.EntityFrameworkCore.Storage.ExecutionStrategy.ExecuteImplementationAsync[TState,TResult](Func`4 operation, Func`4 verifySucceeded, TState state, CancellationToken cancellationToken)
   at Microsoft.EntityFrameworkCore.Storage.ExecutionStrategy.ExecuteAsync[TState,TResult](TState state, Func`4 operation, Func`4 verifySucceeded, CancellationToken cancellationToken)
   at Microsoft.EntityFrameworkCore.Query.Internal.SingleQueryingEnumerable`1.AsyncEnumerator.MoveNextAsync()
ClientConnectionId:20ad940a-0702-4d9f-90dc-1b62ecc643c5
Error Number:-2,State:0,Class:11
2026-08-25 10:51:05.358 +05:30 [ERR] Error while processing overdue repayment schedules.
Microsoft.Data.SqlClient.SqlException (0x80131904): Connection Timeout Expired.  The timeout period elapsed during the post-login phase.  The connection could have timed out while waiting for server to complete the login process and respond; Or it could have timed out while attempting to create multiple active connections.  The duration spent while attempting to connect to this server was - [Pre-Login] initialization=37; handshake=44; [Login] initialization=1; authentication=7; [Post-Login] complete=14011; 
 ---> System.ComponentModel.Win32Exception (258): The wait operation timed out.
   at Microsoft.Data.SqlClient.SqlInternalConnection.OnError(SqlException exception, Boolean breakConnection, Action`1 wrapCloseInAction)
   at Microsoft.Data.SqlClient.TdsParser.ThrowExceptionAndWarning(TdsParserStateObject stateObj, SqlCommand command, Boolean callerHasConnectionLock, Boolean asyncClose)
   at Microsoft.Data.SqlClient.TdsParserStateObject.ThrowExceptionAndWarning(Boolean callerHasConnectionLock, Boolean asyncClose)
   at Microsoft.Data.SqlClient.TdsParserStateObject.ReadSniError(TdsParserStateObject stateObj, UInt32 error)
   at Microsoft.Data.SqlClient.TdsParserStateObject.ReadSniSyncOverAsync()
   at Microsoft.Data.SqlClient.TdsParserStateObject.TryReadNetworkPacket()
   at Microsoft.Data.SqlClient.TdsParserStateObject.TryPrepareBuffer()
   at Microsoft.Data.SqlClient.TdsParserStateObject.TryReadByte(Byte& value)
   at Microsoft.Data.SqlClient.TdsParser.TryRun(RunBehavior runBehavior, SqlCommand cmdHandler, SqlDataReader dataStream, BulkCopySimpleResultSet bulkCopyHandler, TdsParserStateObject stateObj, Boolean& dataReady)
   at Microsoft.Data.SqlClient.TdsParser.Run(RunBehavior runBehavior, SqlCommand cmdHandler, SqlDataReader dataStream, BulkCopySimpleResultSet bulkCopyHandler, TdsParserStateObject stateObj)
   at Microsoft.Data.SqlClient.SqlInternalConnectionTds.CompleteLogin(Boolean enlistOK)
   at Microsoft.Data.SqlClient.SqlInternalConnectionTds.AttemptOneLogin(ServerInfo serverInfo, String newPassword, SecureString newSecurePassword, TimeoutTimer timeout, Boolean withFailover)
   at Microsoft.Data.SqlClient.SqlInternalConnectionTds.LoginNoFailover(ServerInfo serverInfo, String newPassword, SecureString newSecurePassword, Boolean redirectedUserInstance, SqlConnectionString connectionOptions, SqlCredential credential, TimeoutTimer timeout)
   at Microsoft.Data.SqlClient.SqlInternalConnectionTds.OpenLoginEnlist(TimeoutTimer timeout, SqlConnectionString connectionOptions, SqlCredential credential, String newPassword, SecureString newSecurePassword, Boolean redirectedUserInstance)
   at Microsoft.Data.SqlClient.SqlInternalConnectionTds..ctor(DbConnectionPoolIdentity identity, SqlConnectionString connectionOptions, SqlCredential credential, Object providerInfo, String newPassword, SecureString newSecurePassword, Boolean redirectedUserInstance, SqlConnectionString userConnectionOptions, SessionData reconnectSessionData, Boolean applyTransientFaultHandling, String accessToken, IDbConnectionPool pool, Func`3 accessTokenCallback)
   at Microsoft.Data.SqlClient.SqlConnectionFactory.CreateConnection(DbConnectionOptions options, DbConnectionPoolKey poolKey, DbConnectionPoolGroupProviderInfo poolGroupProviderInfo, IDbConnectionPool pool, DbConnection owningConnection, DbConnectionOptions userOptions)
   at Microsoft.Data.ProviderBase.DbConnectionFactory.CreatePooledConnection(IDbConnectionPool pool, DbConnection owningObject, DbConnectionOptions options, DbConnectionPoolKey poolKey, DbConnectionOptions userOptions)
   at Microsoft.Data.SqlClient.ConnectionPool.WaitHandleDbConnectionPool.CreateObject(DbConnection owningObject, DbConnectionOptions userOptions, DbConnectionInternal oldConnection)
   at Microsoft.Data.SqlClient.ConnectionPool.WaitHandleDbConnectionPool.UserCreateRequest(DbConnection owningObject, DbConnectionOptions userOptions, DbConnectionInternal oldConnection)
   at Microsoft.Data.SqlClient.ConnectionPool.WaitHandleDbConnectionPool.TryGetConnection(DbConnection owningObject, UInt32 waitForMultipleObjectsTimeout, Boolean allowCreate, Boolean onlyOneCheckConnection, DbConnectionOptions userOptions, DbConnectionInternal& connection)
   at Microsoft.Data.SqlClient.ConnectionPool.WaitHandleDbConnectionPool.WaitForPendingOpen()
--- End of stack trace from previous location ---
   at Microsoft.EntityFrameworkCore.Storage.RelationalConnection.OpenInternalAsync(Boolean errorsExpected, CancellationToken cancellationToken)
   at Microsoft.EntityFrameworkCore.Storage.RelationalConnection.OpenInternalAsync(Boolean errorsExpected, CancellationToken cancellationToken)
   at Microsoft.EntityFrameworkCore.Storage.RelationalConnection.OpenAsync(CancellationToken cancellationToken, Boolean errorsExpected)
   at Microsoft.EntityFrameworkCore.Storage.RelationalCommand.ExecuteReaderAsync(RelationalCommandParameterObject parameterObject, CancellationToken cancellationToken)
   at Microsoft.EntityFrameworkCore.Query.Internal.SingleQueryingEnumerable`1.AsyncEnumerator.InitializeReaderAsync(AsyncEnumerator enumerator, CancellationToken cancellationToken)
   at Microsoft.EntityFrameworkCore.Storage.ExecutionStrategy.<>c__DisplayClass30_0`2.<<ExecuteAsync>b__0>d.MoveNext()
--- End of stack trace from previous location ---
   at Microsoft.EntityFrameworkCore.Storage.ExecutionStrategy.ExecuteImplementationAsync[TState,TResult](Func`4 operation, Func`4 verifySucceeded, TState state, CancellationToken cancellationToken)
   at Microsoft.EntityFrameworkCore.Storage.ExecutionStrategy.ExecuteImplementationAsync[TState,TResult](Func`4 operation, Func`4 verifySucceeded, TState state, CancellationToken cancellationToken)
   at Microsoft.EntityFrameworkCore.Storage.ExecutionStrategy.ExecuteAsync[TState,TResult](TState state, Func`4 operation, Func`4 verifySucceeded, CancellationToken cancellationToken)
   at Microsoft.EntityFrameworkCore.Query.Internal.SingleQueryingEnumerable`1.AsyncEnumerator.MoveNextAsync()
   at Microsoft.EntityFrameworkCore.EntityFrameworkQueryableExtensions.ToListAsync[TSource](IQueryable`1 source, CancellationToken cancellationToken)
   at Microsoft.EntityFrameworkCore.EntityFrameworkQueryableExtensions.ToListAsync[TSource](IQueryable`1 source, CancellationToken cancellationToken)
   at LoanDeductionPrediction.Repositories.Implementations.RepaymentScheduleRepository.GetOverdueSchedulesAsync() in C:\Users\thang\OneDrive\Documents\React Projects\LoanDeductionPrediction\LoanDeductionPrediction.Repositories\Implementations\RepaymentScheduleRepository.cs:line 102
   at LoanDeductionPrediction.Services.Implementations.PaymentBehaviorService.ProcessOverdueSchedulesAsync() in C:\Users\thang\OneDrive\Documents\React Projects\LoanDeductionPrediction\LoanDeductionPrediction.Services\Implementations\PaymentBehaviorService.cs:line 476
   at LoanDeductionPrediction.Services.BackgroundServices.PaymentBehaviorBackgroundService.ExecuteAsync(CancellationToken stoppingToken) in C:\Users\thang\OneDrive\Documents\React Projects\LoanDeductionPrediction\LoanDeductionPrediction.Services\BackgroundServices\PaymentBehaviorBackgroundService.cs:line 39
ClientConnectionId:20ad940a-0702-4d9f-90dc-1b62ecc643c5
Error Number:-2,State:0,Class:11
2026-08-25 10:52:43.919 +05:30 [INF] Payment Behavior Background Service started.
2026-08-25 10:52:57.575 +05:30 [INF] Payment Behavior Background Service started.
2026-08-25 10:53:12.879 +05:30 [ERR] An error occurred using the connection to database 'LoanDeductionPredictionDb' on server '.\SQLEXPRESS'.
2026-08-25 10:53:12.934 +05:30 [ERR] An exception occurred while iterating over the results of a query for context type 'LoanDeductionPrediction.Repositories.Entities.LoanDeductionDbContext'.
Microsoft.Data.SqlClient.SqlException (0x80131904): Connection Timeout Expired.  The timeout period elapsed during the post-login phase.  The connection could have timed out while waiting for server to complete the login process and respond; Or it could have timed out while attempting to create multiple active connections.  The duration spent while attempting to connect to this server was - [Pre-Login] initialization=38; handshake=30; [Login] initialization=1; authentication=7; [Post-Login] complete=14012; 
 ---> System.ComponentModel.Win32Exception (258): The wait operation timed out.
   at Microsoft.Data.SqlClient.SqlInternalConnection.OnError(SqlException exception, Boolean breakConnection, Action`1 wrapCloseInAction)
   at Microsoft.Data.SqlClient.TdsParser.ThrowExceptionAndWarning(TdsParserStateObject stateObj, SqlCommand command, Boolean callerHasConnectionLock, Boolean asyncClose)
   at Microsoft.Data.SqlClient.TdsParserStateObject.ThrowExceptionAndWarning(Boolean callerHasConnectionLock, Boolean asyncClose)
   at Microsoft.Data.SqlClient.TdsParserStateObject.ReadSniError(TdsParserStateObject stateObj, UInt32 error)
   at Microsoft.Data.SqlClient.TdsParserStateObject.ReadSniSyncOverAsync()
   at Microsoft.Data.SqlClient.TdsParserStateObject.TryReadNetworkPacket()
   at Microsoft.Data.SqlClient.TdsParserStateObject.TryPrepareBuffer()
   at Microsoft.Data.SqlClient.TdsParserStateObject.TryReadByte(Byte& value)
   at Microsoft.Data.SqlClient.TdsParser.TryRun(RunBehavior runBehavior, SqlCommand cmdHandler, SqlDataReader dataStream, BulkCopySimpleResultSet bulkCopyHandler, TdsParserStateObject stateObj, Boolean& dataReady)
   at Microsoft.Data.SqlClient.TdsParser.Run(RunBehavior runBehavior, SqlCommand cmdHandler, SqlDataReader dataStream, BulkCopySimpleResultSet bulkCopyHandler, TdsParserStateObject stateObj)
   at Microsoft.Data.SqlClient.SqlInternalConnectionTds.CompleteLogin(Boolean enlistOK)
   at Microsoft.Data.SqlClient.SqlInternalConnectionTds.AttemptOneLogin(ServerInfo serverInfo, String newPassword, SecureString newSecurePassword, TimeoutTimer timeout, Boolean withFailover)
   at Microsoft.Data.SqlClient.SqlInternalConnectionTds.LoginNoFailover(ServerInfo serverInfo, String newPassword, SecureString newSecurePassword, Boolean redirectedUserInstance, SqlConnectionString connectionOptions, SqlCredential credential, TimeoutTimer timeout)
   at Microsoft.Data.SqlClient.SqlInternalConnectionTds.OpenLoginEnlist(TimeoutTimer timeout, SqlConnectionString connectionOptions, SqlCredential credential, String newPassword, SecureString newSecurePassword, Boolean redirectedUserInstance)
   at Microsoft.Data.SqlClient.SqlInternalConnectionTds..ctor(DbConnectionPoolIdentity identity, SqlConnectionString connectionOptions, SqlCredential credential, Object providerInfo, String newPassword, SecureString newSecurePassword, Boolean redirectedUserInstance, SqlConnectionString userConnectionOptions, SessionData reconnectSessionData, Boolean applyTransientFaultHandling, String accessToken, IDbConnectionPool pool, Func`3 accessTokenCallback)
   at Microsoft.Data.SqlClient.SqlConnectionFactory.CreateConnection(DbConnectionOptions options, DbConnectionPoolKey poolKey, DbConnectionPoolGroupProviderInfo poolGroupProviderInfo, IDbConnectionPool pool, DbConnection owningConnection, DbConnectionOptions userOptions)
   at Microsoft.Data.ProviderBase.DbConnectionFactory.CreatePooledConnection(IDbConnectionPool pool, DbConnection owningObject, DbConnectionOptions options, DbConnectionPoolKey poolKey, DbConnectionOptions userOptions)
   at Microsoft.Data.SqlClient.ConnectionPool.WaitHandleDbConnectionPool.CreateObject(DbConnection owningObject, DbConnectionOptions userOptions, DbConnectionInternal oldConnection)
   at Microsoft.Data.SqlClient.ConnectionPool.WaitHandleDbConnectionPool.UserCreateRequest(DbConnection owningObject, DbConnectionOptions userOptions, DbConnectionInternal oldConnection)
   at Microsoft.Data.SqlClient.ConnectionPool.WaitHandleDbConnectionPool.TryGetConnection(DbConnection owningObject, UInt32 waitForMultipleObjectsTimeout, Boolean allowCreate, Boolean onlyOneCheckConnection, DbConnectionOptions userOptions, DbConnectionInternal& connection)
   at Microsoft.Data.SqlClient.ConnectionPool.WaitHandleDbConnectionPool.WaitForPendingOpen()
--- End of stack trace from previous location ---
   at Microsoft.EntityFrameworkCore.Storage.RelationalConnection.OpenInternalAsync(Boolean errorsExpected, CancellationToken cancellationToken)
   at Microsoft.EntityFrameworkCore.Storage.RelationalConnection.OpenInternalAsync(Boolean errorsExpected, CancellationToken cancellationToken)
   at Microsoft.EntityFrameworkCore.Storage.RelationalConnection.OpenAsync(CancellationToken cancellationToken, Boolean errorsExpected)
   at Microsoft.EntityFrameworkCore.Storage.RelationalCommand.ExecuteReaderAsync(RelationalCommandParameterObject parameterObject, CancellationToken cancellationToken)
   at Microsoft.EntityFrameworkCore.Query.Internal.SingleQueryingEnumerable`1.AsyncEnumerator.InitializeReaderAsync(AsyncEnumerator enumerator, CancellationToken cancellationToken)
   at Microsoft.EntityFrameworkCore.Storage.ExecutionStrategy.<>c__DisplayClass30_0`2.<<ExecuteAsync>b__0>d.MoveNext()
--- End of stack trace from previous location ---
   at Microsoft.EntityFrameworkCore.Storage.ExecutionStrategy.ExecuteImplementationAsync[TState,TResult](Func`4 operation, Func`4 verifySucceeded, TState state, CancellationToken cancellationToken)
   at Microsoft.EntityFrameworkCore.Storage.ExecutionStrategy.ExecuteImplementationAsync[TState,TResult](Func`4 operation, Func`4 verifySucceeded, TState state, CancellationToken cancellationToken)
   at Microsoft.EntityFrameworkCore.Storage.ExecutionStrategy.ExecuteAsync[TState,TResult](TState state, Func`4 operation, Func`4 verifySucceeded, CancellationToken cancellationToken)
   at Microsoft.EntityFrameworkCore.Query.Internal.SingleQueryingEnumerable`1.AsyncEnumerator.MoveNextAsync()
ClientConnectionId:a0a1e9f0-8046-4724-a4e3-8e7d5e583521
Error Number:-2,State:0,Class:11
Microsoft.Data.SqlClient.SqlException (0x80131904): Connection Timeout Expired.  The timeout period elapsed during the post-login phase.  The connection could have timed out while waiting for server to complete the login process and respond; Or it could have timed out while attempting to create multiple active connections.  The duration spent while attempting to connect to this server was - [Pre-Login] initialization=38; handshake=30; [Login] initialization=1; authentication=7; [Post-Login] complete=14012; 
 ---> System.ComponentModel.Win32Exception (258): The wait operation timed out.
   at Microsoft.Data.SqlClient.SqlInternalConnection.OnError(SqlException exception, Boolean breakConnection, Action`1 wrapCloseInAction)
   at Microsoft.Data.SqlClient.TdsParser.ThrowExceptionAndWarning(TdsParserStateObject stateObj, SqlCommand command, Boolean callerHasConnectionLock, Boolean asyncClose)
   at Microsoft.Data.SqlClient.TdsParserStateObject.ThrowExceptionAndWarning(Boolean callerHasConnectionLock, Boolean asyncClose)
   at Microsoft.Data.SqlClient.TdsParserStateObject.ReadSniError(TdsParserStateObject stateObj, UInt32 error)
   at Microsoft.Data.SqlClient.TdsParserStateObject.ReadSniSyncOverAsync()
   at Microsoft.Data.SqlClient.TdsParserStateObject.TryReadNetworkPacket()
   at Microsoft.Data.SqlClient.TdsParserStateObject.TryPrepareBuffer()
   at Microsoft.Data.SqlClient.TdsParserStateObject.TryReadByte(Byte& value)
   at Microsoft.Data.SqlClient.TdsParser.TryRun(RunBehavior runBehavior, SqlCommand cmdHandler, SqlDataReader dataStream, BulkCopySimpleResultSet bulkCopyHandler, TdsParserStateObject stateObj, Boolean& dataReady)
   at Microsoft.Data.SqlClient.TdsParser.Run(RunBehavior runBehavior, SqlCommand cmdHandler, SqlDataReader dataStream, BulkCopySimpleResultSet bulkCopyHandler, TdsParserStateObject stateObj)
   at Microsoft.Data.SqlClient.SqlInternalConnectionTds.CompleteLogin(Boolean enlistOK)
   at Microsoft.Data.SqlClient.SqlInternalConnectionTds.AttemptOneLogin(ServerInfo serverInfo, String newPassword, SecureString newSecurePassword, TimeoutTimer timeout, Boolean withFailover)
   at Microsoft.Data.SqlClient.SqlInternalConnectionTds.LoginNoFailover(ServerInfo serverInfo, String newPassword, SecureString newSecurePassword, Boolean redirectedUserInstance, SqlConnectionString connectionOptions, SqlCredential credential, TimeoutTimer timeout)
   at Microsoft.Data.SqlClient.SqlInternalConnectionTds.OpenLoginEnlist(TimeoutTimer timeout, SqlConnectionString connectionOptions, SqlCredential credential, String newPassword, SecureString newSecurePassword, Boolean redirectedUserInstance)
   at Microsoft.Data.SqlClient.SqlInternalConnectionTds..ctor(DbConnectionPoolIdentity identity, SqlConnectionString connectionOptions, SqlCredential credential, Object providerInfo, String newPassword, SecureString newSecurePassword, Boolean redirectedUserInstance, SqlConnectionString userConnectionOptions, SessionData reconnectSessionData, Boolean applyTransientFaultHandling, String accessToken, IDbConnectionPool pool, Func`3 accessTokenCallback)
   at Microsoft.Data.SqlClient.SqlConnectionFactory.CreateConnection(DbConnectionOptions options, DbConnectionPoolKey poolKey, DbConnectionPoolGroupProviderInfo poolGroupProviderInfo, IDbConnectionPool pool, DbConnection owningConnection, DbConnectionOptions userOptions)
   at Microsoft.Data.ProviderBase.DbConnectionFactory.CreatePooledConnection(IDbConnectionPool pool, DbConnection owningObject, DbConnectionOptions options, DbConnectionPoolKey poolKey, DbConnectionOptions userOptions)
   at Microsoft.Data.SqlClient.ConnectionPool.WaitHandleDbConnectionPool.CreateObject(DbConnection owningObject, DbConnectionOptions userOptions, DbConnectionInternal oldConnection)
   at Microsoft.Data.SqlClient.ConnectionPool.WaitHandleDbConnectionPool.UserCreateRequest(DbConnection owningObject, DbConnectionOptions userOptions, DbConnectionInternal oldConnection)
   at Microsoft.Data.SqlClient.ConnectionPool.WaitHandleDbConnectionPool.TryGetConnection(DbConnection owningObject, UInt32 waitForMultipleObjectsTimeout, Boolean allowCreate, Boolean onlyOneCheckConnection, DbConnectionOptions userOptions, DbConnectionInternal& connection)
   at Microsoft.Data.SqlClient.ConnectionPool.WaitHandleDbConnectionPool.WaitForPendingOpen()
--- End of stack trace from previous location ---
   at Microsoft.EntityFrameworkCore.Storage.RelationalConnection.OpenInternalAsync(Boolean errorsExpected, CancellationToken cancellationToken)
   at Microsoft.EntityFrameworkCore.Storage.RelationalConnection.OpenInternalAsync(Boolean errorsExpected, CancellationToken cancellationToken)
   at Microsoft.EntityFrameworkCore.Storage.RelationalConnection.OpenAsync(CancellationToken cancellationToken, Boolean errorsExpected)
   at Microsoft.EntityFrameworkCore.Storage.RelationalCommand.ExecuteReaderAsync(RelationalCommandParameterObject parameterObject, CancellationToken cancellationToken)
   at Microsoft.EntityFrameworkCore.Query.Internal.SingleQueryingEnumerable`1.AsyncEnumerator.InitializeReaderAsync(AsyncEnumerator enumerator, CancellationToken cancellationToken)
   at Microsoft.EntityFrameworkCore.Storage.ExecutionStrategy.<>c__DisplayClass30_0`2.<<ExecuteAsync>b__0>d.MoveNext()
--- End of stack trace from previous location ---
   at Microsoft.EntityFrameworkCore.Storage.ExecutionStrategy.ExecuteImplementationAsync[TState,TResult](Func`4 operation, Func`4 verifySucceeded, TState state, CancellationToken cancellationToken)
   at Microsoft.EntityFrameworkCore.Storage.ExecutionStrategy.ExecuteImplementationAsync[TState,TResult](Func`4 operation, Func`4 verifySucceeded, TState state, CancellationToken cancellationToken)
   at Microsoft.EntityFrameworkCore.Storage.ExecutionStrategy.ExecuteAsync[TState,TResult](TState state, Func`4 operation, Func`4 verifySucceeded, CancellationToken cancellationToken)
   at Microsoft.EntityFrameworkCore.Query.Internal.SingleQueryingEnumerable`1.AsyncEnumerator.MoveNextAsync()
ClientConnectionId:a0a1e9f0-8046-4724-a4e3-8e7d5e583521
Error Number:-2,State:0,Class:11
2026-08-25 10:53:12.990 +05:30 [ERR] Error while processing overdue repayment schedules.
Microsoft.Data.SqlClient.SqlException (0x80131904): Connection Timeout Expired.  The timeout period elapsed during the post-login phase.  The connection could have timed out while waiting for server to complete the login process and respond; Or it could have timed out while attempting to create multiple active connections.  The duration spent while attempting to connect to this server was - [Pre-Login] initialization=38; handshake=30; [Login] initialization=1; authentication=7; [Post-Login] complete=14012; 
 ---> System.ComponentModel.Win32Exception (258): The wait operation timed out.
   at Microsoft.Data.SqlClient.SqlInternalConnection.OnError(SqlException exception, Boolean breakConnection, Action`1 wrapCloseInAction)
   at Microsoft.Data.SqlClient.TdsParser.ThrowExceptionAndWarning(TdsParserStateObject stateObj, SqlCommand command, Boolean callerHasConnectionLock, Boolean asyncClose)
   at Microsoft.Data.SqlClient.TdsParserStateObject.ThrowExceptionAndWarning(Boolean callerHasConnectionLock, Boolean asyncClose)
   at Microsoft.Data.SqlClient.TdsParserStateObject.ReadSniError(TdsParserStateObject stateObj, UInt32 error)
   at Microsoft.Data.SqlClient.TdsParserStateObject.ReadSniSyncOverAsync()
   at Microsoft.Data.SqlClient.TdsParserStateObject.TryReadNetworkPacket()
   at Microsoft.Data.SqlClient.TdsParserStateObject.TryPrepareBuffer()
   at Microsoft.Data.SqlClient.TdsParserStateObject.TryReadByte(Byte& value)
   at Microsoft.Data.SqlClient.TdsParser.TryRun(RunBehavior runBehavior, SqlCommand cmdHandler, SqlDataReader dataStream, BulkCopySimpleResultSet bulkCopyHandler, TdsParserStateObject stateObj, Boolean& dataReady)
   at Microsoft.Data.SqlClient.TdsParser.Run(RunBehavior runBehavior, SqlCommand cmdHandler, SqlDataReader dataStream, BulkCopySimpleResultSet bulkCopyHandler, TdsParserStateObject stateObj)
   at Microsoft.Data.SqlClient.SqlInternalConnectionTds.CompleteLogin(Boolean enlistOK)
   at Microsoft.Data.SqlClient.SqlInternalConnectionTds.AttemptOneLogin(ServerInfo serverInfo, String newPassword, SecureString newSecurePassword, TimeoutTimer timeout, Boolean withFailover)
   at Microsoft.Data.SqlClient.SqlInternalConnectionTds.LoginNoFailover(ServerInfo serverInfo, String newPassword, SecureString newSecurePassword, Boolean redirectedUserInstance, SqlConnectionString connectionOptions, SqlCredential credential, TimeoutTimer timeout)
   at Microsoft.Data.SqlClient.SqlInternalConnectionTds.OpenLoginEnlist(TimeoutTimer timeout, SqlConnectionString connectionOptions, SqlCredential credential, String newPassword, SecureString newSecurePassword, Boolean redirectedUserInstance)
   at Microsoft.Data.SqlClient.SqlInternalConnectionTds..ctor(DbConnectionPoolIdentity identity, SqlConnectionString connectionOptions, SqlCredential credential, Object providerInfo, String newPassword, SecureString newSecurePassword, Boolean redirectedUserInstance, SqlConnectionString userConnectionOptions, SessionData reconnectSessionData, Boolean applyTransientFaultHandling, String accessToken, IDbConnectionPool pool, Func`3 accessTokenCallback)
   at Microsoft.Data.SqlClient.SqlConnectionFactory.CreateConnection(DbConnectionOptions options, DbConnectionPoolKey poolKey, DbConnectionPoolGroupProviderInfo poolGroupProviderInfo, IDbConnectionPool pool, DbConnection owningConnection, DbConnectionOptions userOptions)
   at Microsoft.Data.ProviderBase.DbConnectionFactory.CreatePooledConnection(IDbConnectionPool pool, DbConnection owningObject, DbConnectionOptions options, DbConnectionPoolKey poolKey, DbConnectionOptions userOptions)
   at Microsoft.Data.SqlClient.ConnectionPool.WaitHandleDbConnectionPool.CreateObject(DbConnection owningObject, DbConnectionOptions userOptions, DbConnectionInternal oldConnection)
   at Microsoft.Data.SqlClient.ConnectionPool.WaitHandleDbConnectionPool.UserCreateRequest(DbConnection owningObject, DbConnectionOptions userOptions, DbConnectionInternal oldConnection)
   at Microsoft.Data.SqlClient.ConnectionPool.WaitHandleDbConnectionPool.TryGetConnection(DbConnection owningObject, UInt32 waitForMultipleObjectsTimeout, Boolean allowCreate, Boolean onlyOneCheckConnection, DbConnectionOptions userOptions, DbConnectionInternal& connection)
   at Microsoft.Data.SqlClient.ConnectionPool.WaitHandleDbConnectionPool.WaitForPendingOpen()
--- End of stack trace from previous location ---
   at Microsoft.EntityFrameworkCore.Storage.RelationalConnection.OpenInternalAsync(Boolean errorsExpected, CancellationToken cancellationToken)
   at Microsoft.EntityFrameworkCore.Storage.RelationalConnection.OpenInternalAsync(Boolean errorsExpected, CancellationToken cancellationToken)
   at Microsoft.EntityFrameworkCore.Storage.RelationalConnection.OpenAsync(CancellationToken cancellationToken, Boolean errorsExpected)
   at Microsoft.EntityFrameworkCore.Storage.RelationalCommand.ExecuteReaderAsync(RelationalCommandParameterObject parameterObject, CancellationToken cancellationToken)
   at Microsoft.EntityFrameworkCore.Query.Internal.SingleQueryingEnumerable`1.AsyncEnumerator.InitializeReaderAsync(AsyncEnumerator enumerator, CancellationToken cancellationToken)
   at Microsoft.EntityFrameworkCore.Storage.ExecutionStrategy.<>c__DisplayClass30_0`2.<<ExecuteAsync>b__0>d.MoveNext()
--- End of stack trace from previous location ---
   at Microsoft.EntityFrameworkCore.Storage.ExecutionStrategy.ExecuteImplementationAsync[TState,TResult](Func`4 operation, Func`4 verifySucceeded, TState state, CancellationToken cancellationToken)
   at Microsoft.EntityFrameworkCore.Storage.ExecutionStrategy.ExecuteImplementationAsync[TState,TResult](Func`4 operation, Func`4 verifySucceeded, TState state, CancellationToken cancellationToken)
   at Microsoft.EntityFrameworkCore.Storage.ExecutionStrategy.ExecuteAsync[TState,TResult](TState state, Func`4 operation, Func`4 verifySucceeded, CancellationToken cancellationToken)
   at Microsoft.EntityFrameworkCore.Query.Internal.SingleQueryingEnumerable`1.AsyncEnumerator.MoveNextAsync()
   at Microsoft.EntityFrameworkCore.EntityFrameworkQueryableExtensions.ToListAsync[TSource](IQueryable`1 source, CancellationToken cancellationToken)
   at Microsoft.EntityFrameworkCore.EntityFrameworkQueryableExtensions.ToListAsync[TSource](IQueryable`1 source, CancellationToken cancellationToken)
   at LoanDeductionPrediction.Repositories.Implementations.RepaymentScheduleRepository.GetOverdueSchedulesAsync() in C:\Users\thang\OneDrive\Documents\React Projects\LoanDeductionPrediction\LoanDeductionPrediction.Repositories\Implementations\RepaymentScheduleRepository.cs:line 102
   at LoanDeductionPrediction.Services.Implementations.PaymentBehaviorService.ProcessOverdueSchedulesAsync() in C:\Users\thang\OneDrive\Documents\React Projects\LoanDeductionPrediction\LoanDeductionPrediction.Services\Implementations\PaymentBehaviorService.cs:line 476
   at LoanDeductionPrediction.Services.BackgroundServices.PaymentBehaviorBackgroundService.ExecuteAsync(CancellationToken stoppingToken) in C:\Users\thang\OneDrive\Documents\React Projects\LoanDeductionPrediction\LoanDeductionPrediction.Services\BackgroundServices\PaymentBehaviorBackgroundService.cs:line 39
ClientConnectionId:a0a1e9f0-8046-4724-a4e3-8e7d5e583521
Error Number:-2,State:0,Class:11
2026-08-25 10:54:27.715 +05:30 [INF] Payment Behavior Background Service started.
2026-08-25 11:00:47.638 +05:30 [INF] Payment Behavior Background Service started.
2026-08-25 11:01:10.941 +05:30 [INF] HTTP GET /swagger/index.html responded 304 in 213.3426 ms
2026-08-25 11:01:11.134 +05:30 [INF] HTTP GET /swagger/index.js responded 304 in 0.8140 ms
2026-08-25 11:01:11.154 +05:30 [INF] HTTP GET /swagger/index.css responded 304 in 81.2726 ms
2026-08-25 11:01:11.156 +05:30 [INF] HTTP GET /swagger/swagger-ui.css responded 304 in 73.9481 ms
2026-08-25 11:01:11.156 +05:30 [INF] HTTP GET /swagger/swagger-ui-standalone-preset.js responded 304 in 83.7068 ms
2026-08-25 11:01:11.170 +05:30 [INF] HTTP GET /swagger/swagger-ui-bundle.js responded 304 in 89.6719 ms
2026-08-25 11:01:11.712 +05:30 [INF] HTTP GET /swagger/v1/swagger.json responded 200 in 291.6893 ms
2026-08-25 11:02:39.451 +05:30 [INF] Payment Behavior Background Service started.
2026-08-25 11:04:56.298 +05:30 [INF] Payment Behavior Background Service started.
2026-08-25 11:06:28.303 +05:30 [INF] Payment Behavior Background Service started.
2026-08-25 11:08:54.532 +05:30 [INF] Payment Behavior Background Service started.
2026-08-25 11:09:13.080 +05:30 [INF] User profile is available. Using 'C:\Users\thang\AppData\Local\ASP.NET\DataProtection-Keys' as key repository and Windows DPAPI to encrypt keys at rest.
2026-08-25 11:09:13.138 +05:30 [INF] Payment Behavior Background Service started.
2026-08-25 11:09:13.229 +05:30 [INF] Now listening on: http://localhost:5082
2026-08-25 11:09:13.236 +05:30 [INF] Application started. Press Ctrl+C to shut down.
2026-08-25 11:09:13.237 +05:30 [INF] Hosting environment: Development
2026-08-25 11:09:13.241 +05:30 [INF] Content root path: C:\Users\thang\OneDrive\Documents\React Projects\LoanDeductionPrediction\LoanDeductionPrediction.API
2026-08-25 11:09:14.519 +05:30 [INF] Executed DbCommand (49ms) [Parameters=[@today='?' (DbType = Date)], CommandType='"Text"', CommandTimeout='30']
SELECT [r].[ScheduleId], [r].[DueDate], [r].[EMIAmount], [r].[InstallmentNumber], [r].[InterestAmount], [r].[LoanId], [r].[PaidAmount], [r].[PaidDate], [r].[PrincipalAmount], [r].[Status]
FROM [RepaymentSchedules] AS [r]
WHERE [r].[DueDate] < @today AND [r].[PaidAmount] < [r].[EMIAmount] AND [r].[Status] <> N'PAID'
ORDER BY [r].[DueDate]
2026-08-25 11:09:14.706 +05:30 [INF] Executed DbCommand (27ms) [Parameters=[@scheduleId='?' (DbType = Int32)], CommandType='"Text"', CommandTimeout='30']
SELECT TOP(1) [p].[BehaviorLogId], [p].[BorrowerId], [p].[DaysLate], [p].[DueDate], [p].[LoanId], [p].[PaymentDate], [p].[PaymentStatus], [p].[RecordedAt], [p].[ScheduleId]
FROM [PaymentBehaviorLogs] AS [p]
WHERE [p].[ScheduleId] = @scheduleId
2026-08-25 11:09:14.769 +05:30 [INF] Executed DbCommand (1ms) [Parameters=[@scheduleId='?' (DbType = Int32)], CommandType='"Text"', CommandTimeout='30']
SELECT TOP(1) [p].[BehaviorLogId], [p].[BorrowerId], [p].[DaysLate], [p].[DueDate], [p].[LoanId], [p].[PaymentDate], [p].[PaymentStatus], [p].[RecordedAt], [p].[ScheduleId]
FROM [PaymentBehaviorLogs] AS [p]
WHERE [p].[ScheduleId] = @scheduleId
2026-08-25 11:09:14.772 +05:30 [INF] Executed DbCommand (1ms) [Parameters=[@scheduleId='?' (DbType = Int32)], CommandType='"Text"', CommandTimeout='30']
SELECT TOP(1) [p].[BehaviorLogId], [p].[BorrowerId], [p].[DaysLate], [p].[DueDate], [p].[LoanId], [p].[PaymentDate], [p].[PaymentStatus], [p].[RecordedAt], [p].[ScheduleId]
FROM [PaymentBehaviorLogs] AS [p]
WHERE [p].[ScheduleId] = @scheduleId
2026-08-25 11:10:56.930 +05:30 [INF] User profile is available. Using 'C:\Users\thang\AppData\Local\ASP.NET\DataProtection-Keys' as key repository and Windows DPAPI to encrypt keys at rest.
2026-08-25 11:10:57.000 +05:30 [INF] Payment Behavior Background Service started.
2026-08-25 11:10:57.110 +05:30 [INF] Now listening on: http://localhost:5082
2026-08-25 11:10:57.113 +05:30 [INF] Application started. Press Ctrl+C to shut down.
2026-08-25 11:10:57.114 +05:30 [INF] Hosting environment: Development
2026-08-25 11:10:57.118 +05:30 [INF] Content root path: C:\Users\thang\OneDrive\Documents\React Projects\LoanDeductionPrediction\LoanDeductionPrediction.API
2026-08-25 11:10:58.907 +05:30 [INF] Executed DbCommand (81ms) [Parameters=[@today='?' (DbType = Date)], CommandType='"Text"', CommandTimeout='30']
SELECT [r].[ScheduleId], [r].[DueDate], [r].[EMIAmount], [r].[InstallmentNumber], [r].[InterestAmount], [r].[LoanId], [r].[PaidAmount], [r].[PaidDate], [r].[PrincipalAmount], [r].[Status]
FROM [RepaymentSchedules] AS [r]
WHERE [r].[DueDate] < @today AND [r].[PaidAmount] < [r].[EMIAmount] AND [r].[Status] <> N'PAID'
ORDER BY [r].[DueDate]
2026-08-25 11:10:59.099 +05:30 [INF] Executed DbCommand (7ms) [Parameters=[@scheduleId='?' (DbType = Int32)], CommandType='"Text"', CommandTimeout='30']
SELECT TOP(1) [p].[BehaviorLogId], [p].[BorrowerId], [p].[DaysLate], [p].[DueDate], [p].[LoanId], [p].[PaymentDate], [p].[PaymentStatus], [p].[RecordedAt], [p].[ScheduleId]
FROM [PaymentBehaviorLogs] AS [p]
WHERE [p].[ScheduleId] = @scheduleId
2026-08-25 11:10:59.166 +05:30 [INF] Executed DbCommand (5ms) [Parameters=[@scheduleId='?' (DbType = Int32)], CommandType='"Text"', CommandTimeout='30']
SELECT TOP(1) [p].[BehaviorLogId], [p].[BorrowerId], [p].[DaysLate], [p].[DueDate], [p].[LoanId], [p].[PaymentDate], [p].[PaymentStatus], [p].[RecordedAt], [p].[ScheduleId]
FROM [PaymentBehaviorLogs] AS [p]
WHERE [p].[ScheduleId] = @scheduleId
2026-08-25 11:10:59.176 +05:30 [INF] Executed DbCommand (5ms) [Parameters=[@scheduleId='?' (DbType = Int32)], CommandType='"Text"', CommandTimeout='30']
SELECT TOP(1) [p].[BehaviorLogId], [p].[BorrowerId], [p].[DaysLate], [p].[DueDate], [p].[LoanId], [p].[PaymentDate], [p].[PaymentStatus], [p].[RecordedAt], [p].[ScheduleId]
FROM [PaymentBehaviorLogs] AS [p]
WHERE [p].[ScheduleId] = @scheduleId
2026-08-25 11:11:18.890 +05:30 [INF] Request starting HTTP/1.1 GET http://localhost:5082/swagger/index.html - null null
2026-08-25 11:11:19.137 +05:30 [INF] HTTP GET /swagger/index.html responded 304 in 176.8429 ms
2026-08-25 11:11:19.156 +05:30 [INF] Request finished HTTP/1.1 GET http://localhost:5082/swagger/index.html - 304 null null 270.1176ms
2026-08-25 11:11:19.182 +05:30 [INF] Request starting HTTP/1.1 GET http://localhost:5082/swagger/index.css - null null
2026-08-25 11:11:19.183 +05:30 [INF] Request starting HTTP/1.1 GET http://localhost:5082/swagger/swagger-ui-bundle.js - null null
2026-08-25 11:11:19.183 +05:30 [INF] Request starting HTTP/1.1 GET http://localhost:5082/swagger/swagger-ui-standalone-preset.js - null null
2026-08-25 11:11:19.185 +05:30 [INF] Request starting HTTP/1.1 GET http://localhost:5082/swagger/index.js - null null
2026-08-25 11:11:19.193 +05:30 [INF] Request starting HTTP/1.1 GET http://localhost:5082/swagger/swagger-ui.css - null null
2026-08-25 11:11:19.229 +05:30 [INF] HTTP GET /swagger/index.css responded 304 in 28.8277 ms
2026-08-25 11:11:19.249 +05:30 [INF] HTTP GET /swagger/swagger-ui-bundle.js responded 304 in 42.8261 ms
2026-08-25 11:11:19.363 +05:30 [INF] Request finished HTTP/1.1 GET http://localhost:5082/swagger/swagger-ui-bundle.js - 304 null null 179.7846ms
2026-08-25 11:11:19.344 +05:30 [INF] HTTP GET /swagger/index.js responded 304 in 0.8989 ms
2026-08-25 11:11:19.355 +05:30 [INF] HTTP GET /swagger/swagger-ui.css responded 304 in 3.1324 ms
2026-08-25 11:11:19.358 +05:30 [INF] Request finished HTTP/1.1 GET http://localhost:5082/swagger/index.css - 304 null null 175.3644ms
2026-08-25 11:11:19.335 +05:30 [INF] HTTP GET /swagger/swagger-ui-standalone-preset.js responded 304 in 49.0573 ms
2026-08-25 11:11:19.393 +05:30 [INF] Request finished HTTP/1.1 GET http://localhost:5082/swagger/index.js - 304 null null 208.1484ms
2026-08-25 11:11:19.402 +05:30 [INF] Request finished HTTP/1.1 GET http://localhost:5082/swagger/swagger-ui.css - 304 null null 209.3226ms
2026-08-25 11:11:19.416 +05:30 [INF] Request finished HTTP/1.1 GET http://localhost:5082/swagger/swagger-ui-standalone-preset.js - 304 null null 232.4041ms
2026-08-25 11:11:19.540 +05:30 [INF] Request starting HTTP/1.1 GET http://localhost:5082/swagger/v1/swagger.json - null null
2026-08-25 11:11:19.851 +05:30 [INF] HTTP GET /swagger/v1/swagger.json responded 200 in 281.5018 ms
2026-08-25 11:11:19.855 +05:30 [INF] Request finished HTTP/1.1 GET http://localhost:5082/swagger/v1/swagger.json - 200 null application/json;charset=utf-8 314.7114ms
2026-08-25 11:12:03.464 +05:30 [INF] Request starting HTTP/1.1 POST http://localhost:5082/api/Auth/login - application/json 69
2026-08-25 11:12:03.483 +05:30 [WRN] Failed to determine the https port for redirect.
2026-08-25 11:12:03.493 +05:30 [INF] CORS policy execution successful.
2026-08-25 11:12:03.581 +05:30 [INF] Executing endpoint 'LoanDeductionPrediction.API.Controllers.AuthController.Login (LoanDeductionPrediction.API)'
2026-08-25 11:12:03.637 +05:30 [INF] Route matched with {action = "Login", controller = "Auth"}. Executing controller action with signature System.Threading.Tasks.Task`1[Microsoft.AspNetCore.Mvc.IActionResult] Login(LoanDeductionPrediction.Models.DTOs.LoginRequest) on controller LoanDeductionPrediction.API.Controllers.AuthController (LoanDeductionPrediction.API).
2026-08-25 11:12:04.008 +05:30 [WRN] You do not have a valid license key for the Lucky Penny software AutoMapper. This is allowed for development and testing scenarios. If you are running in production you are required to have a licensed version. Please visit https://luckypennysoftware.com to obtain a valid license.
2026-08-25 11:12:04.155 +05:30 [INF] Executed DbCommand (15ms) [Parameters=[@email='?' (Size = 150)], CommandType='"Text"', CommandTimeout='30']
SELECT TOP(1) [u].[UserId], [u].[CreatedAt], [u].[Email], [u].[FullName], [u].[IsActive], [u].[PasswordHash], [u].[Role]
FROM [Users] AS [u]
WHERE [u].[Email] = @email
2026-08-25 11:12:04.177 +05:30 [INF] Executing UnauthorizedObjectResult, writing value of type '<>f__AnonymousType0`1[[System.String, System.Private.CoreLib, Version=10.0.0.0, Culture=neutral, PublicKeyToken=7cec85d7bea7798e]]'.
2026-08-25 11:12:04.204 +05:30 [INF] Executed action LoanDeductionPrediction.API.Controllers.AuthController.Login (LoanDeductionPrediction.API) in 544.6056ms
2026-08-25 11:12:04.207 +05:30 [INF] Executed endpoint 'LoanDeductionPrediction.API.Controllers.AuthController.Login (LoanDeductionPrediction.API)'
2026-08-25 11:12:04.213 +05:30 [INF] HTTP POST /api/Auth/login responded 401 in 734.9884 ms
2026-08-25 11:12:04.225 +05:30 [INF] Request finished HTTP/1.1 POST http://localhost:5082/api/Auth/login - 401 null application/json; charset=utf-8 761.535ms
2026-08-25 11:12:46.090 +05:30 [INF] Request starting HTTP/1.1 POST http://localhost:5082/api/Auth/login - application/json 69
2026-08-25 11:12:46.125 +05:30 [INF] CORS policy execution successful.
2026-08-25 11:12:46.134 +05:30 [INF] Executing endpoint 'LoanDeductionPrediction.API.Controllers.AuthController.Login (LoanDeductionPrediction.API)'
2026-08-25 11:12:46.137 +05:30 [INF] Route matched with {action = "Login", controller = "Auth"}. Executing controller action with signature System.Threading.Tasks.Task`1[Microsoft.AspNetCore.Mvc.IActionResult] Login(LoanDeductionPrediction.Models.DTOs.LoginRequest) on controller LoanDeductionPrediction.API.Controllers.AuthController (LoanDeductionPrediction.API).
2026-08-25 11:12:46.449 +05:30 [INF] Executed DbCommand (49ms) [Parameters=[@email='?' (Size = 150)], CommandType='"Text"', CommandTimeout='30']
SELECT TOP(1) [u].[UserId], [u].[CreatedAt], [u].[Email], [u].[FullName], [u].[IsActive], [u].[PasswordHash], [u].[Role]
FROM [Users] AS [u]
WHERE [u].[Email] = @email
2026-08-25 11:12:47.770 +05:30 [INF] Executed DbCommand (40ms) [Parameters=[@p0='?' (DbType = DateTime2), @p1='?' (DbType = DateTime2), @p2='?' (DbType = Boolean), @p3='?' (DbType = DateTime2), @p4='?' (Size = 500), @p5='?' (DbType = Int32)], CommandType='"Text"', CommandTimeout='30']
SET IMPLICIT_TRANSACTIONS OFF;
SET NOCOUNT ON;
INSERT INTO [RefreshTokens] ([CreatedAt], [ExpiresAt], [IsRevoked], [RevokedAt], [Token], [UserId])
OUTPUT INSERTED.[RefreshTokenId]
VALUES (@p0, @p1, @p2, @p3, @p4, @p5);
2026-08-25 11:12:47.880 +05:30 [INF] Executing OkObjectResult, writing value of type 'LoanDeductionPrediction.Models.DTOs.LoginResponse'.
2026-08-25 11:12:47.929 +05:30 [INF] Executed action LoanDeductionPrediction.API.Controllers.AuthController.Login (LoanDeductionPrediction.API) in 1779.4882ms
2026-08-25 11:12:47.944 +05:30 [INF] Executed endpoint 'LoanDeductionPrediction.API.Controllers.AuthController.Login (LoanDeductionPrediction.API)'
2026-08-25 11:12:48.295 +05:30 [INF] HTTP POST /api/Auth/login responded 200 in 2171.0724 ms
2026-08-25 11:12:48.323 +05:30 [INF] Request finished HTTP/1.1 POST http://localhost:5082/api/Auth/login - 200 null application/json; charset=utf-8 2232.7427ms
2026-08-25 11:13:49.193 +05:30 [INF] Request starting HTTP/1.1 GET http://localhost:5082/api/AuthorizationTest/admin - null null
2026-08-25 11:13:49.429 +05:30 [INF] Executing endpoint 'LoanDeductionPrediction.API.Controllers.AuthorizationTestController.Admin (LoanDeductionPrediction.API)'
2026-08-25 11:13:49.436 +05:30 [INF] Route matched with {action = "Admin", controller = "AuthorizationTest"}. Executing controller action with signature Microsoft.AspNetCore.Mvc.IActionResult Admin() on controller LoanDeductionPrediction.API.Controllers.AuthorizationTestController (LoanDeductionPrediction.API).
2026-08-25 11:13:49.445 +05:30 [INF] Executing OkObjectResult, writing value of type '<>f__AnonymousType0`1[[System.String, System.Private.CoreLib, Version=10.0.0.0, Culture=neutral, PublicKeyToken=7cec85d7bea7798e]]'.
2026-08-25 11:13:49.455 +05:30 [INF] Executed action LoanDeductionPrediction.API.Controllers.AuthorizationTestController.Admin (LoanDeductionPrediction.API) in 10.5218ms
2026-08-25 11:13:49.849 +05:30 [INF] Executed endpoint 'LoanDeductionPrediction.API.Controllers.AuthorizationTestController.Admin (LoanDeductionPrediction.API)'
2026-08-25 11:13:49.980 +05:30 [INF] HTTP GET /api/AuthorizationTest/admin responded 200 in 737.6580 ms
2026-08-25 11:13:49.987 +05:30 [INF] Request finished HTTP/1.1 GET http://localhost:5082/api/AuthorizationTest/admin - 200 null application/json; charset=utf-8 794.8203ms
2026-08-25 11:23:32.535 +05:30 [INF] Request starting HTTP/1.1 POST http://localhost:5082/api/PaymentBehavior/record/158 - null 0
2026-08-25 11:23:32.559 +05:30 [INF] CORS policy execution successful.
2026-08-25 11:23:32.700 +05:30 [INF] Executing endpoint 'LoanDeductionPrediction.API.Controllers.PaymentBehaviorController.RecordBehavior (LoanDeductionPrediction.API)'
2026-08-25 11:23:32.807 +05:30 [INF] Route matched with {action = "RecordBehavior", controller = "PaymentBehavior"}. Executing controller action with signature System.Threading.Tasks.Task`1[Microsoft.AspNetCore.Mvc.IActionResult] RecordBehavior(Int32) on controller LoanDeductionPrediction.API.Controllers.PaymentBehaviorController (LoanDeductionPrediction.API).
2026-08-25 11:23:32.917 +05:30 [INF] Executed DbCommand (18ms) [Parameters=[@scheduleId='?' (DbType = Int32)], CommandType='"Text"', CommandTimeout='30']
SELECT TOP(1) [r].[ScheduleId], [r].[DueDate], [r].[EMIAmount], [r].[InstallmentNumber], [r].[InterestAmount], [r].[LoanId], [r].[PaidAmount], [r].[PaidDate], [r].[PrincipalAmount], [r].[Status]
FROM [RepaymentSchedules] AS [r]
WHERE [r].[ScheduleId] = @scheduleId
2026-08-25 11:23:33.005 +05:30 [INF] Executed DbCommand (16ms) [Parameters=[@loanId='?' (DbType = Int32)], CommandType='"Text"', CommandTimeout='30']
SELECT TOP(1) [l].[LoanId], [l].[BorrowerId], [l].[CreatedAt], [l].[EMIAmount], [l].[EndDate], [l].[InterestRate], [l].[LoanOfficerId], [l].[OutstandingAmount], [l].[PrincipalAmount], [l].[StartDate], [l].[Status], [l].[TenureMonths]
FROM [LoanAccounts] AS [l]
WHERE [l].[LoanId] = @loanId
2026-08-25 11:23:33.024 +05:30 [INF] Executed DbCommand (7ms) [Parameters=[@scheduleId='?' (DbType = Int32)], CommandType='"Text"', CommandTimeout='30']
SELECT TOP(1) [p].[BehaviorLogId], [p].[BorrowerId], [p].[DaysLate], [p].[DueDate], [p].[LoanId], [p].[PaymentDate], [p].[PaymentStatus], [p].[RecordedAt], [p].[ScheduleId]
FROM [PaymentBehaviorLogs] AS [p]
WHERE [p].[ScheduleId] = @scheduleId
2026-08-25 11:23:33.171 +05:30 [INF] Executed DbCommand (17ms) [Parameters=[@p0='?' (DbType = Int32), @p1='?' (DbType = Int32), @p2='?' (DbType = Date), @p3='?' (DbType = Int32), @p4='?' (DbType = Date), @p5='?' (Size = 30), @p6='?' (DbType = DateTime2), @p7='?' (DbType = Int32)], CommandType='"Text"', CommandTimeout='30']
SET IMPLICIT_TRANSACTIONS OFF;
SET NOCOUNT ON;
INSERT INTO [PaymentBehaviorLogs] ([BorrowerId], [DaysLate], [DueDate], [LoanId], [PaymentDate], [PaymentStatus], [RecordedAt], [ScheduleId])
OUTPUT INSERTED.[BehaviorLogId]
VALUES (@p0, @p1, @p2, @p3, @p4, @p5, @p6, @p7);
2026-08-25 11:23:33.209 +05:30 [INF] Executed DbCommand (7ms) [Parameters=[@loanId='?' (DbType = Int32)], CommandType='"Text"', CommandTimeout='30']
SELECT TOP(1) [l].[LoanId], [l].[BorrowerId], [l].[CreatedAt], [l].[EMIAmount], [l].[EndDate], [l].[InterestRate], [l].[LoanOfficerId], [l].[OutstandingAmount], [l].[PrincipalAmount], [l].[StartDate], [l].[Status], [l].[TenureMonths]
FROM [LoanAccounts] AS [l]
WHERE [l].[LoanId] = @loanId
2026-08-25 11:23:33.258 +05:30 [INF] Executing CreatedAtActionResult, writing value of type '<>f__AnonymousType8`3[[System.Boolean, System.Private.CoreLib, Version=10.0.0.0, Culture=neutral, PublicKeyToken=7cec85d7bea7798e],[System.String, System.Private.CoreLib, Version=10.0.0.0, Culture=neutral, PublicKeyToken=7cec85d7bea7798e],[<>f__AnonymousType7`9[[System.Int32, System.Private.CoreLib, Version=10.0.0.0, Culture=neutral, PublicKeyToken=7cec85d7bea7798e],[System.Int32, System.Private.CoreLib, Version=10.0.0.0, Culture=neutral, PublicKeyToken=7cec85d7bea7798e],[System.Int32, System.Private.CoreLib, Version=10.0.0.0, Culture=neutral, PublicKeyToken=7cec85d7bea7798e],[System.Int32, System.Private.CoreLib, Version=10.0.0.0, Culture=neutral, PublicKeyToken=7cec85d7bea7798e],[System.DateOnly, System.Private.CoreLib, Version=10.0.0.0, Culture=neutral, PublicKeyToken=7cec85d7bea7798e],[System.Nullable`1[[System.DateOnly, System.Private.CoreLib, Version=10.0.0.0, Culture=neutral, PublicKeyToken=7cec85d7bea7798e]], System.Private.CoreLib, Version=10.0.0.0, Culture=neutral, PublicKeyToken=7cec85d7bea7798e],[System.Int32, System.Private.CoreLib, Version=10.0.0.0, Culture=neutral, PublicKeyToken=7cec85d7bea7798e],[System.String, System.Private.CoreLib, Version=10.0.0.0, Culture=neutral, PublicKeyToken=7cec85d7bea7798e],[System.DateTime, System.Private.CoreLib, Version=10.0.0.0, Culture=neutral, PublicKeyToken=7cec85d7bea7798e]], LoanDeductionPrediction.API, Version=1.0.0.0, Culture=neutral, PublicKeyToken=null]]'.
2026-08-25 11:23:33.785 +05:30 [INF] Executed action LoanDeductionPrediction.API.Controllers.PaymentBehaviorController.RecordBehavior (LoanDeductionPrediction.API) in 966.7493ms
2026-08-25 11:23:33.788 +05:30 [INF] Executed endpoint 'LoanDeductionPrediction.API.Controllers.PaymentBehaviorController.RecordBehavior (LoanDeductionPrediction.API)'
2026-08-25 11:23:33.798 +05:30 [INF] HTTP POST /api/PaymentBehavior/record/158 responded 201 in 1238.6708 ms
2026-08-25 11:23:33.819 +05:30 [INF] Request finished HTTP/1.1 POST http://localhost:5082/api/PaymentBehavior/record/158 - 201 null application/json; charset=utf-8 1283.5851ms
2026-08-25 11:23:52.683 +05:30 [INF] Request starting HTTP/1.1 POST http://localhost:5082/api/PaymentBehavior/record/159 - null 0
2026-08-25 11:23:52.736 +05:30 [INF] CORS policy execution successful.
2026-08-25 11:23:52.852 +05:30 [INF] Executing endpoint 'LoanDeductionPrediction.API.Controllers.PaymentBehaviorController.RecordBehavior (LoanDeductionPrediction.API)'
2026-08-25 11:23:52.855 +05:30 [INF] Route matched with {action = "RecordBehavior", controller = "PaymentBehavior"}. Executing controller action with signature System.Threading.Tasks.Task`1[Microsoft.AspNetCore.Mvc.IActionResult] RecordBehavior(Int32) on controller LoanDeductionPrediction.API.Controllers.PaymentBehaviorController (LoanDeductionPrediction.API).
2026-08-25 11:23:52.887 +05:30 [INF] Executed DbCommand (6ms) [Parameters=[@scheduleId='?' (DbType = Int32)], CommandType='"Text"', CommandTimeout='30']
SELECT TOP(1) [r].[ScheduleId], [r].[DueDate], [r].[EMIAmount], [r].[InstallmentNumber], [r].[InterestAmount], [r].[LoanId], [r].[PaidAmount], [r].[PaidDate], [r].[PrincipalAmount], [r].[Status]
FROM [RepaymentSchedules] AS [r]
WHERE [r].[ScheduleId] = @scheduleId
2026-08-25 11:23:52.901 +05:30 [INF] Executed DbCommand (7ms) [Parameters=[@loanId='?' (DbType = Int32)], CommandType='"Text"', CommandTimeout='30']
SELECT TOP(1) [l].[LoanId], [l].[BorrowerId], [l].[CreatedAt], [l].[EMIAmount], [l].[EndDate], [l].[InterestRate], [l].[LoanOfficerId], [l].[OutstandingAmount], [l].[PrincipalAmount], [l].[StartDate], [l].[Status], [l].[TenureMonths]
FROM [LoanAccounts] AS [l]
WHERE [l].[LoanId] = @loanId
2026-08-25 11:23:52.917 +05:30 [INF] Executed DbCommand (8ms) [Parameters=[@scheduleId='?' (DbType = Int32)], CommandType='"Text"', CommandTimeout='30']
SELECT TOP(1) [p].[BehaviorLogId], [p].[BorrowerId], [p].[DaysLate], [p].[DueDate], [p].[LoanId], [p].[PaymentDate], [p].[PaymentStatus], [p].[RecordedAt], [p].[ScheduleId]
FROM [PaymentBehaviorLogs] AS [p]
WHERE [p].[ScheduleId] = @scheduleId
2026-08-25 11:23:52.938 +05:30 [INF] Executed DbCommand (11ms) [Parameters=[@p0='?' (DbType = Int32), @p1='?' (DbType = Int32), @p2='?' (DbType = Date), @p3='?' (DbType = Int32), @p4='?' (DbType = Date), @p5='?' (Size = 30), @p6='?' (DbType = DateTime2), @p7='?' (DbType = Int32)], CommandType='"Text"', CommandTimeout='30']
SET IMPLICIT_TRANSACTIONS OFF;
SET NOCOUNT ON;
INSERT INTO [PaymentBehaviorLogs] ([BorrowerId], [DaysLate], [DueDate], [LoanId], [PaymentDate], [PaymentStatus], [RecordedAt], [ScheduleId])
OUTPUT INSERTED.[BehaviorLogId]
VALUES (@p0, @p1, @p2, @p3, @p4, @p5, @p6, @p7);
2026-08-25 11:23:52.945 +05:30 [INF] Executed DbCommand (1ms) [Parameters=[@loanId='?' (DbType = Int32)], CommandType='"Text"', CommandTimeout='30']
SELECT TOP(1) [l].[LoanId], [l].[BorrowerId], [l].[CreatedAt], [l].[EMIAmount], [l].[EndDate], [l].[InterestRate], [l].[LoanOfficerId], [l].[OutstandingAmount], [l].[PrincipalAmount], [l].[StartDate], [l].[Status], [l].[TenureMonths]
FROM [LoanAccounts] AS [l]
WHERE [l].[LoanId] = @loanId
2026-08-25 11:23:52.954 +05:30 [INF] Executing CreatedAtActionResult, writing value of type '<>f__AnonymousType8`3[[System.Boolean, System.Private.CoreLib, Version=10.0.0.0, Culture=neutral, PublicKeyToken=7cec85d7bea7798e],[System.String, System.Private.CoreLib, Version=10.0.0.0, Culture=neutral, PublicKeyToken=7cec85d7bea7798e],[<>f__AnonymousType7`9[[System.Int32, System.Private.CoreLib, Version=10.0.0.0, Culture=neutral, PublicKeyToken=7cec85d7bea7798e],[System.Int32, System.Private.CoreLib, Version=10.0.0.0, Culture=neutral, PublicKeyToken=7cec85d7bea7798e],[System.Int32, System.Private.CoreLib, Version=10.0.0.0, Culture=neutral, PublicKeyToken=7cec85d7bea7798e],[System.Int32, System.Private.CoreLib, Version=10.0.0.0, Culture=neutral, PublicKeyToken=7cec85d7bea7798e],[System.DateOnly, System.Private.CoreLib, Version=10.0.0.0, Culture=neutral, PublicKeyToken=7cec85d7bea7798e],[System.Nullable`1[[System.DateOnly, System.Private.CoreLib, Version=10.0.0.0, Culture=neutral, PublicKeyToken=7cec85d7bea7798e]], System.Private.CoreLib, Version=10.0.0.0, Culture=neutral, PublicKeyToken=7cec85d7bea7798e],[System.Int32, System.Private.CoreLib, Version=10.0.0.0, Culture=neutral, PublicKeyToken=7cec85d7bea7798e],[System.String, System.Private.CoreLib, Version=10.0.0.0, Culture=neutral, PublicKeyToken=7cec85d7bea7798e],[System.DateTime, System.Private.CoreLib, Version=10.0.0.0, Culture=neutral, PublicKeyToken=7cec85d7bea7798e]], LoanDeductionPrediction.API, Version=1.0.0.0, Culture=neutral, PublicKeyToken=null]]'.
2026-08-25 11:23:52.967 +05:30 [INF] Executed action LoanDeductionPrediction.API.Controllers.PaymentBehaviorController.RecordBehavior (LoanDeductionPrediction.API) in 106.7873ms
2026-08-25 11:23:52.970 +05:30 [INF] Executed endpoint 'LoanDeductionPrediction.API.Controllers.PaymentBehaviorController.RecordBehavior (LoanDeductionPrediction.API)'
2026-08-25 11:23:52.980 +05:30 [INF] HTTP POST /api/PaymentBehavior/record/159 responded 201 in 243.8248 ms
2026-08-25 11:23:53.036 +05:30 [INF] Request finished HTTP/1.1 POST http://localhost:5082/api/PaymentBehavior/record/159 - 201 null application/json; charset=utf-8 353.3666ms
2026-08-25 11:24:01.284 +05:30 [INF] Request starting HTTP/1.1 POST http://localhost:5082/api/PaymentBehavior/record/160 - null 0
2026-08-25 11:24:01.443 +05:30 [INF] CORS policy execution successful.
2026-08-25 11:24:01.776 +05:30 [INF] Executing endpoint 'LoanDeductionPrediction.API.Controllers.PaymentBehaviorController.RecordBehavior (LoanDeductionPrediction.API)'
2026-08-25 11:24:01.997 +05:30 [INF] Route matched with {action = "RecordBehavior", controller = "PaymentBehavior"}. Executing controller action with signature System.Threading.Tasks.Task`1[Microsoft.AspNetCore.Mvc.IActionResult] RecordBehavior(Int32) on controller LoanDeductionPrediction.API.Controllers.PaymentBehaviorController (LoanDeductionPrediction.API).
2026-08-25 11:24:02.330 +05:30 [INF] Executed DbCommand (20ms) [Parameters=[@scheduleId='?' (DbType = Int32)], CommandType='"Text"', CommandTimeout='30']
SELECT TOP(1) [r].[ScheduleId], [r].[DueDate], [r].[EMIAmount], [r].[InstallmentNumber], [r].[InterestAmount], [r].[LoanId], [r].[PaidAmount], [r].[PaidDate], [r].[PrincipalAmount], [r].[Status]
FROM [RepaymentSchedules] AS [r]
WHERE [r].[ScheduleId] = @scheduleId
2026-08-25 11:24:02.340 +05:30 [INF] Executed DbCommand (5ms) [Parameters=[@loanId='?' (DbType = Int32)], CommandType='"Text"', CommandTimeout='30']
SELECT TOP(1) [l].[LoanId], [l].[BorrowerId], [l].[CreatedAt], [l].[EMIAmount], [l].[EndDate], [l].[InterestRate], [l].[LoanOfficerId], [l].[OutstandingAmount], [l].[PrincipalAmount], [l].[StartDate], [l].[Status], [l].[TenureMonths]
FROM [LoanAccounts] AS [l]
WHERE [l].[LoanId] = @loanId
2026-08-25 11:24:02.366 +05:30 [INF] Executed DbCommand (5ms) [Parameters=[@scheduleId='?' (DbType = Int32)], CommandType='"Text"', CommandTimeout='30']
SELECT TOP(1) [p].[BehaviorLogId], [p].[BorrowerId], [p].[DaysLate], [p].[DueDate], [p].[LoanId], [p].[PaymentDate], [p].[PaymentStatus], [p].[RecordedAt], [p].[ScheduleId]
FROM [PaymentBehaviorLogs] AS [p]
WHERE [p].[ScheduleId] = @scheduleId
2026-08-25 11:24:02.392 +05:30 [INF] Executed DbCommand (10ms) [Parameters=[@p0='?' (DbType = Int32), @p1='?' (DbType = Int32), @p2='?' (DbType = Date), @p3='?' (DbType = Int32), @p4='?' (DbType = Date), @p5='?' (Size = 30), @p6='?' (DbType = DateTime2), @p7='?' (DbType = Int32)], CommandType='"Text"', CommandTimeout='30']
SET IMPLICIT_TRANSACTIONS OFF;
SET NOCOUNT ON;
INSERT INTO [PaymentBehaviorLogs] ([BorrowerId], [DaysLate], [DueDate], [LoanId], [PaymentDate], [PaymentStatus], [RecordedAt], [ScheduleId])
OUTPUT INSERTED.[BehaviorLogId]
VALUES (@p0, @p1, @p2, @p3, @p4, @p5, @p6, @p7);
2026-08-25 11:24:02.725 +05:30 [INF] Executed DbCommand (8ms) [Parameters=[@loanId='?' (DbType = Int32)], CommandType='"Text"', CommandTimeout='30']
SELECT TOP(1) [l].[LoanId], [l].[BorrowerId], [l].[CreatedAt], [l].[EMIAmount], [l].[EndDate], [l].[InterestRate], [l].[LoanOfficerId], [l].[OutstandingAmount], [l].[PrincipalAmount], [l].[StartDate], [l].[Status], [l].[TenureMonths]
FROM [LoanAccounts] AS [l]
WHERE [l].[LoanId] = @loanId
2026-08-25 11:24:03.019 +05:30 [INF] Executing CreatedAtActionResult, writing value of type '<>f__AnonymousType8`3[[System.Boolean, System.Private.CoreLib, Version=10.0.0.0, Culture=neutral, PublicKeyToken=7cec85d7bea7798e],[System.String, System.Private.CoreLib, Version=10.0.0.0, Culture=neutral, PublicKeyToken=7cec85d7bea7798e],[<>f__AnonymousType7`9[[System.Int32, System.Private.CoreLib, Version=10.0.0.0, Culture=neutral, PublicKeyToken=7cec85d7bea7798e],[System.Int32, System.Private.CoreLib, Version=10.0.0.0, Culture=neutral, PublicKeyToken=7cec85d7bea7798e],[System.Int32, System.Private.CoreLib, Version=10.0.0.0, Culture=neutral, PublicKeyToken=7cec85d7bea7798e],[System.Int32, System.Private.CoreLib, Version=10.0.0.0, Culture=neutral, PublicKeyToken=7cec85d7bea7798e],[System.DateOnly, System.Private.CoreLib, Version=10.0.0.0, Culture=neutral, PublicKeyToken=7cec85d7bea7798e],[System.Nullable`1[[System.DateOnly, System.Private.CoreLib, Version=10.0.0.0, Culture=neutral, PublicKeyToken=7cec85d7bea7798e]], System.Private.CoreLib, Version=10.0.0.0, Culture=neutral, PublicKeyToken=7cec85d7bea7798e],[System.Int32, System.Private.CoreLib, Version=10.0.0.0, Culture=neutral, PublicKeyToken=7cec85d7bea7798e],[System.String, System.Private.CoreLib, Version=10.0.0.0, Culture=neutral, PublicKeyToken=7cec85d7bea7798e],[System.DateTime, System.Private.CoreLib, Version=10.0.0.0, Culture=neutral, PublicKeyToken=7cec85d7bea7798e]], LoanDeductionPrediction.API, Version=1.0.0.0, Culture=neutral, PublicKeyToken=null]]'.
2026-08-25 11:24:03.038 +05:30 [INF] Executed action LoanDeductionPrediction.API.Controllers.PaymentBehaviorController.RecordBehavior (LoanDeductionPrediction.API) in 862.095ms
2026-08-25 11:24:03.259 +05:30 [INF] Executed endpoint 'LoanDeductionPrediction.API.Controllers.PaymentBehaviorController.RecordBehavior (LoanDeductionPrediction.API)'
2026-08-25 11:24:03.268 +05:30 [INF] HTTP POST /api/PaymentBehavior/record/160 responded 201 in 1826.2809 ms
2026-08-25 11:24:03.273 +05:30 [INF] Request finished HTTP/1.1 POST http://localhost:5082/api/PaymentBehavior/record/160 - 201 null application/json; charset=utf-8 1988.9606ms
2026-08-25 11:24:31.601 +05:30 [INF] Request starting HTTP/1.1 GET http://localhost:5082/api/RiskPrediction/loan/10 - null null
2026-08-25 11:24:31.641 +05:30 [INF] Executing endpoint 'LoanDeductionPrediction.API.Controllers.RiskPredictionController.GetLoanPredictions (LoanDeductionPrediction.API)'
2026-08-25 11:24:31.972 +05:30 [INF] Route matched with {action = "GetLoanPredictions", controller = "RiskPrediction"}. Executing controller action with signature System.Threading.Tasks.Task`1[Microsoft.AspNetCore.Mvc.IActionResult] GetLoanPredictions(Int32) on controller LoanDeductionPrediction.API.Controllers.RiskPredictionController (LoanDeductionPrediction.API).
2026-08-25 11:24:32.142 +05:30 [INF] Executed DbCommand (22ms) [Parameters=[@loanId='?' (DbType = Int32)], CommandType='"Text"', CommandTimeout='30']
SELECT TOP(1) [l].[LoanId], [l].[BorrowerId], [l].[CreatedAt], [l].[EMIAmount], [l].[EndDate], [l].[InterestRate], [l].[LoanOfficerId], [l].[OutstandingAmount], [l].[PrincipalAmount], [l].[StartDate], [l].[Status], [l].[TenureMonths]
FROM [LoanAccounts] AS [l]
WHERE [l].[LoanId] = @loanId
2026-08-25 11:24:33.145 +05:30 [INF] Executed DbCommand (7ms) [Parameters=[@loanId='?' (DbType = Int32)], CommandType='"Text"', CommandTimeout='30']
SELECT TOP(1) [l].[LoanId], [l].[BorrowerId], [l].[CreatedAt], [l].[EMIAmount], [l].[EndDate], [l].[InterestRate], [l].[LoanOfficerId], [l].[OutstandingAmount], [l].[PrincipalAmount], [l].[StartDate], [l].[Status], [l].[TenureMonths]
FROM [LoanAccounts] AS [l]
WHERE [l].[LoanId] = @loanId
2026-08-25 11:24:33.380 +05:30 [INF] Executed DbCommand (56ms) [Parameters=[@loanId='?' (DbType = Int32)], CommandType='"Text"', CommandTimeout='30']
SELECT [r].[RiskPredictionId], [r].[BorrowerId], [r].[LoanId], [r].[PredictionDate], [r].[Reason], [r].[RiskLevel], [r].[RiskScore]
FROM [RiskPredictions] AS [r]
WHERE [r].[LoanId] = @loanId
ORDER BY [r].[PredictionDate] DESC
2026-08-25 11:24:33.416 +05:30 [INF] Executing OkObjectResult, writing value of type 'System.Linq.Enumerable+ListSelectIterator`2[[LoanDeductionPrediction.Repositories.Entities.RiskPrediction, LoanDeductionPrediction.Repositories, Version=1.0.0.0, Culture=neutral, PublicKeyToken=null],[<>f__AnonymousType14`7[[System.Int32, System.Private.CoreLib, Version=10.0.0.0, Culture=neutral, PublicKeyToken=7cec85d7bea7798e],[System.Int32, System.Private.CoreLib, Version=10.0.0.0, Culture=neutral, PublicKeyToken=7cec85d7bea7798e],[System.Int32, System.Private.CoreLib, Version=10.0.0.0, Culture=neutral, PublicKeyToken=7cec85d7bea7798e],[System.Decimal, System.Private.CoreLib, Version=10.0.0.0, Culture=neutral, PublicKeyToken=7cec85d7bea7798e],[System.String, System.Private.CoreLib, Version=10.0.0.0, Culture=neutral, PublicKeyToken=7cec85d7bea7798e],[System.DateTime, System.Private.CoreLib, Version=10.0.0.0, Culture=neutral, PublicKeyToken=7cec85d7bea7798e],[System.String, System.Private.CoreLib, Version=10.0.0.0, Culture=neutral, PublicKeyToken=7cec85d7bea7798e]], LoanDeductionPrediction.API, Version=1.0.0.0, Culture=neutral, PublicKeyToken=null]]'.
2026-08-25 11:24:33.433 +05:30 [INF] Executed action LoanDeductionPrediction.API.Controllers.RiskPredictionController.GetLoanPredictions (LoanDeductionPrediction.API) in 1328.3031ms
2026-08-25 11:24:33.437 +05:30 [INF] Executed endpoint 'LoanDeductionPrediction.API.Controllers.RiskPredictionController.GetLoanPredictions (LoanDeductionPrediction.API)'
2026-08-25 11:24:33.439 +05:30 [INF] HTTP GET /api/RiskPrediction/loan/10 responded 200 in 1799.8110 ms
2026-08-25 11:24:33.455 +05:30 [INF] Request finished HTTP/1.1 GET http://localhost:5082/api/RiskPrediction/loan/10 - 200 null application/json; charset=utf-8 1853.7609ms
2026-08-25 11:24:37.871 +05:30 [INF] Request starting HTTP/1.1 GET http://localhost:5082/api/RiskPrediction/loan/10 - null null
2026-08-25 11:24:38.081 +05:30 [INF] Executing endpoint 'LoanDeductionPrediction.API.Controllers.RiskPredictionController.GetLoanPredictions (LoanDeductionPrediction.API)'
2026-08-25 11:24:38.086 +05:30 [INF] Route matched with {action = "GetLoanPredictions", controller = "RiskPrediction"}. Executing controller action with signature System.Threading.Tasks.Task`1[Microsoft.AspNetCore.Mvc.IActionResult] GetLoanPredictions(Int32) on controller LoanDeductionPrediction.API.Controllers.RiskPredictionController (LoanDeductionPrediction.API).
2026-08-25 11:24:38.120 +05:30 [INF] Executed DbCommand (14ms) [Parameters=[@loanId='?' (DbType = Int32)], CommandType='"Text"', CommandTimeout='30']
SELECT TOP(1) [l].[LoanId], [l].[BorrowerId], [l].[CreatedAt], [l].[EMIAmount], [l].[EndDate], [l].[InterestRate], [l].[LoanOfficerId], [l].[OutstandingAmount], [l].[PrincipalAmount], [l].[StartDate], [l].[Status], [l].[TenureMonths]
FROM [LoanAccounts] AS [l]
WHERE [l].[LoanId] = @loanId
2026-08-25 11:24:38.592 +05:30 [INF] Executed DbCommand (63ms) [Parameters=[@loanId='?' (DbType = Int32)], CommandType='"Text"', CommandTimeout='30']
SELECT TOP(1) [l].[LoanId], [l].[BorrowerId], [l].[CreatedAt], [l].[EMIAmount], [l].[EndDate], [l].[InterestRate], [l].[LoanOfficerId], [l].[OutstandingAmount], [l].[PrincipalAmount], [l].[StartDate], [l].[Status], [l].[TenureMonths]
FROM [LoanAccounts] AS [l]
WHERE [l].[LoanId] = @loanId
2026-08-25 11:24:38.885 +05:30 [INF] Executed DbCommand (13ms) [Parameters=[@loanId='?' (DbType = Int32)], CommandType='"Text"', CommandTimeout='30']
SELECT [r].[RiskPredictionId], [r].[BorrowerId], [r].[LoanId], [r].[PredictionDate], [r].[Reason], [r].[RiskLevel], [r].[RiskScore]
FROM [RiskPredictions] AS [r]
WHERE [r].[LoanId] = @loanId
ORDER BY [r].[PredictionDate] DESC
2026-08-25 11:24:39.264 +05:30 [INF] Executing OkObjectResult, writing value of type 'System.Linq.Enumerable+ListSelectIterator`2[[LoanDeductionPrediction.Repositories.Entities.RiskPrediction, LoanDeductionPrediction.Repositories, Version=1.0.0.0, Culture=neutral, PublicKeyToken=null],[<>f__AnonymousType14`7[[System.Int32, System.Private.CoreLib, Version=10.0.0.0, Culture=neutral, PublicKeyToken=7cec85d7bea7798e],[System.Int32, System.Private.CoreLib, Version=10.0.0.0, Culture=neutral, PublicKeyToken=7cec85d7bea7798e],[System.Int32, System.Private.CoreLib, Version=10.0.0.0, Culture=neutral, PublicKeyToken=7cec85d7bea7798e],[System.Decimal, System.Private.CoreLib, Version=10.0.0.0, Culture=neutral, PublicKeyToken=7cec85d7bea7798e],[System.String, System.Private.CoreLib, Version=10.0.0.0, Culture=neutral, PublicKeyToken=7cec85d7bea7798e],[System.DateTime, System.Private.CoreLib, Version=10.0.0.0, Culture=neutral, PublicKeyToken=7cec85d7bea7798e],[System.String, System.Private.CoreLib, Version=10.0.0.0, Culture=neutral, PublicKeyToken=7cec85d7bea7798e]], LoanDeductionPrediction.API, Version=1.0.0.0, Culture=neutral, PublicKeyToken=null]]'.
2026-08-25 11:24:39.291 +05:30 [INF] Executed action LoanDeductionPrediction.API.Controllers.RiskPredictionController.GetLoanPredictions (LoanDeductionPrediction.API) in 1191.622ms
2026-08-25 11:24:39.432 +05:30 [INF] Executed endpoint 'LoanDeductionPrediction.API.Controllers.RiskPredictionController.GetLoanPredictions (LoanDeductionPrediction.API)'
2026-08-25 11:24:39.435 +05:30 [INF] HTTP GET /api/RiskPrediction/loan/10 responded 200 in 1355.5431 ms
2026-08-25 11:24:39.456 +05:30 [INF] Request finished HTTP/1.1 GET http://localhost:5082/api/RiskPrediction/loan/10 - 200 null application/json; charset=utf-8 1585.4967ms
2026-08-25 11:24:57.840 +05:30 [INF] Request starting HTTP/1.1 POST http://localhost:5082/api/RiskPrediction/generate/10 - null 0
2026-08-25 11:24:58.104 +05:30 [INF] CORS policy execution successful.
2026-08-25 11:24:58.109 +05:30 [INF] Executing endpoint 'LoanDeductionPrediction.API.Controllers.RiskPredictionController.GeneratePrediction (LoanDeductionPrediction.API)'
2026-08-25 11:24:58.164 +05:30 [INF] Route matched with {action = "GeneratePrediction", controller = "RiskPrediction"}. Executing controller action with signature System.Threading.Tasks.Task`1[Microsoft.AspNetCore.Mvc.IActionResult] GeneratePrediction(Int32) on controller LoanDeductionPrediction.API.Controllers.RiskPredictionController (LoanDeductionPrediction.API).
2026-08-25 11:24:58.199 +05:30 [INF] Executed DbCommand (10ms) [Parameters=[@loanId='?' (DbType = Int32)], CommandType='"Text"', CommandTimeout='30']
SELECT TOP(1) [l].[LoanId], [l].[BorrowerId], [l].[CreatedAt], [l].[EMIAmount], [l].[EndDate], [l].[InterestRate], [l].[LoanOfficerId], [l].[OutstandingAmount], [l].[PrincipalAmount], [l].[StartDate], [l].[Status], [l].[TenureMonths]
FROM [LoanAccounts] AS [l]
WHERE [l].[LoanId] = @loanId
2026-08-25 11:24:58.227 +05:30 [INF] Executed DbCommand (2ms) [Parameters=[@loanId='?' (DbType = Int32)], CommandType='"Text"', CommandTimeout='30']
SELECT TOP(1) [l].[LoanId], [l].[BorrowerId], [l].[CreatedAt], [l].[EMIAmount], [l].[EndDate], [l].[InterestRate], [l].[LoanOfficerId], [l].[OutstandingAmount], [l].[PrincipalAmount], [l].[StartDate], [l].[Status], [l].[TenureMonths]
FROM [LoanAccounts] AS [l]
WHERE [l].[LoanId] = @loanId
2026-08-25 11:24:58.337 +05:30 [INF] Executed DbCommand (36ms) [Parameters=[@loanId='?' (DbType = Int32)], CommandType='"Text"', CommandTimeout='30']
SELECT [p].[BehaviorLogId], [p].[BorrowerId], [p].[DaysLate], [p].[DueDate], [p].[LoanId], [p].[PaymentDate], [p].[PaymentStatus], [p].[RecordedAt], [p].[ScheduleId]
FROM [PaymentBehaviorLogs] AS [p]
WHERE [p].[LoanId] = @loanId
ORDER BY [p].[DueDate]
2026-08-25 11:24:58.406 +05:30 [INF] Executed DbCommand (14ms) [Parameters=[@p0='?' (DbType = Int32), @p1='?' (DbType = Int32), @p2='?' (DbType = DateTime2), @p3='?' (Size = 4000), @p4='?' (Size = 30), @p5='?' (Precision = 5) (Scale = 2) (DbType = Decimal)], CommandType='"Text"', CommandTimeout='30']
SET IMPLICIT_TRANSACTIONS OFF;
SET NOCOUNT ON;
INSERT INTO [RiskPredictions] ([BorrowerId], [LoanId], [PredictionDate], [Reason], [RiskLevel], [RiskScore])
OUTPUT INSERTED.[RiskPredictionId]
VALUES (@p0, @p1, @p2, @p3, @p4, @p5);
2026-08-25 11:24:58.416 +05:30 [INF] Executing CreatedAtActionResult, writing value of type '<>f__AnonymousType13`2[[System.String, System.Private.CoreLib, Version=10.0.0.0, Culture=neutral, PublicKeyToken=7cec85d7bea7798e],[<>f__AnonymousType14`7[[System.Int32, System.Private.CoreLib, Version=10.0.0.0, Culture=neutral, PublicKeyToken=7cec85d7bea7798e],[System.Int32, System.Private.CoreLib, Version=10.0.0.0, Culture=neutral, PublicKeyToken=7cec85d7bea7798e],[System.Int32, System.Private.CoreLib, Version=10.0.0.0, Culture=neutral, PublicKeyToken=7cec85d7bea7798e],[System.Decimal, System.Private.CoreLib, Version=10.0.0.0, Culture=neutral, PublicKeyToken=7cec85d7bea7798e],[System.String, System.Private.CoreLib, Version=10.0.0.0, Culture=neutral, PublicKeyToken=7cec85d7bea7798e],[System.DateTime, System.Private.CoreLib, Version=10.0.0.0, Culture=neutral, PublicKeyToken=7cec85d7bea7798e],[System.String, System.Private.CoreLib, Version=10.0.0.0, Culture=neutral, PublicKeyToken=7cec85d7bea7798e]], LoanDeductionPrediction.API, Version=1.0.0.0, Culture=neutral, PublicKeyToken=null]]'.
2026-08-25 11:24:58.434 +05:30 [INF] Executed action LoanDeductionPrediction.API.Controllers.RiskPredictionController.GeneratePrediction (LoanDeductionPrediction.API) in 261.1139ms
2026-08-25 11:24:58.439 +05:30 [INF] Executed endpoint 'LoanDeductionPrediction.API.Controllers.RiskPredictionController.GeneratePrediction (LoanDeductionPrediction.API)'
2026-08-25 11:24:58.443 +05:30 [INF] HTTP POST /api/RiskPrediction/generate/10 responded 201 in 339.6078 ms
2026-08-25 11:24:58.456 +05:30 [INF] Request finished HTTP/1.1 POST http://localhost:5082/api/RiskPrediction/generate/10 - 201 null application/json; charset=utf-8 615.5659ms
2026-08-25 11:25:47.467 +05:30 [INF] Request starting HTTP/1.1 GET http://localhost:5082/api/RiskPrediction/loan/10 - null null
2026-08-25 11:25:47.591 +05:30 [INF] Executing endpoint 'LoanDeductionPrediction.API.Controllers.RiskPredictionController.GetLoanPredictions (LoanDeductionPrediction.API)'
2026-08-25 11:25:48.111 +05:30 [INF] Route matched with {action = "GetLoanPredictions", controller = "RiskPrediction"}. Executing controller action with signature System.Threading.Tasks.Task`1[Microsoft.AspNetCore.Mvc.IActionResult] GetLoanPredictions(Int32) on controller LoanDeductionPrediction.API.Controllers.RiskPredictionController (LoanDeductionPrediction.API).
2026-08-25 11:25:48.965 +05:30 [INF] Executed DbCommand (134ms) [Parameters=[@loanId='?' (DbType = Int32)], CommandType='"Text"', CommandTimeout='30']
SELECT TOP(1) [l].[LoanId], [l].[BorrowerId], [l].[CreatedAt], [l].[EMIAmount], [l].[EndDate], [l].[InterestRate], [l].[LoanOfficerId], [l].[OutstandingAmount], [l].[PrincipalAmount], [l].[StartDate], [l].[Status], [l].[TenureMonths]
FROM [LoanAccounts] AS [l]
WHERE [l].[LoanId] = @loanId
2026-08-25 11:25:48.992 +05:30 [INF] Executed DbCommand (4ms) [Parameters=[@loanId='?' (DbType = Int32)], CommandType='"Text"', CommandTimeout='30']
SELECT TOP(1) [l].[LoanId], [l].[BorrowerId], [l].[CreatedAt], [l].[EMIAmount], [l].[EndDate], [l].[InterestRate], [l].[LoanOfficerId], [l].[OutstandingAmount], [l].[PrincipalAmount], [l].[StartDate], [l].[Status], [l].[TenureMonths]
FROM [LoanAccounts] AS [l]
WHERE [l].[LoanId] = @loanId
2026-08-25 11:25:49.859 +05:30 [INF] Executed DbCommand (9ms) [Parameters=[@loanId='?' (DbType = Int32)], CommandType='"Text"', CommandTimeout='30']
SELECT [r].[RiskPredictionId], [r].[BorrowerId], [r].[LoanId], [r].[PredictionDate], [r].[Reason], [r].[RiskLevel], [r].[RiskScore]
FROM [RiskPredictions] AS [r]
WHERE [r].[LoanId] = @loanId
ORDER BY [r].[PredictionDate] DESC
2026-08-25 11:25:49.871 +05:30 [INF] Executing OkObjectResult, writing value of type 'System.Linq.Enumerable+ListSelectIterator`2[[LoanDeductionPrediction.Repositories.Entities.RiskPrediction, LoanDeductionPrediction.Repositories, Version=1.0.0.0, Culture=neutral, PublicKeyToken=null],[<>f__AnonymousType14`7[[System.Int32, System.Private.CoreLib, Version=10.0.0.0, Culture=neutral, PublicKeyToken=7cec85d7bea7798e],[System.Int32, System.Private.CoreLib, Version=10.0.0.0, Culture=neutral, PublicKeyToken=7cec85d7bea7798e],[System.Int32, System.Private.CoreLib, Version=10.0.0.0, Culture=neutral, PublicKeyToken=7cec85d7bea7798e],[System.Decimal, System.Private.CoreLib, Version=10.0.0.0, Culture=neutral, PublicKeyToken=7cec85d7bea7798e],[System.String, System.Private.CoreLib, Version=10.0.0.0, Culture=neutral, PublicKeyToken=7cec85d7bea7798e],[System.DateTime, System.Private.CoreLib, Version=10.0.0.0, Culture=neutral, PublicKeyToken=7cec85d7bea7798e],[System.String, System.Private.CoreLib, Version=10.0.0.0, Culture=neutral, PublicKeyToken=7cec85d7bea7798e]], LoanDeductionPrediction.API, Version=1.0.0.0, Culture=neutral, PublicKeyToken=null]]'.
2026-08-25 11:25:49.880 +05:30 [INF] Executed action LoanDeductionPrediction.API.Controllers.RiskPredictionController.GetLoanPredictions (LoanDeductionPrediction.API) in 1168.4704ms
2026-08-25 11:25:49.884 +05:30 [INF] Executed endpoint 'LoanDeductionPrediction.API.Controllers.RiskPredictionController.GetLoanPredictions (LoanDeductionPrediction.API)'
2026-08-25 11:25:49.886 +05:30 [INF] HTTP GET /api/RiskPrediction/loan/10 responded 200 in 2295.7827 ms
2026-08-25 11:25:49.891 +05:30 [INF] Request finished HTTP/1.1 GET http://localhost:5082/api/RiskPrediction/loan/10 - 200 null application/json; charset=utf-8 2424.606ms
2026-08-25 11:27:37.432 +05:30 [INF] Request starting HTTP/1.1 GET http://localhost:5082/api/Alert/loan/10 - null null
2026-08-25 11:27:37.457 +05:30 [INF] Executing endpoint 'LoanDeductionPrediction.API.Controllers.AlertController.GetLoanAlerts (LoanDeductionPrediction.API)'
2026-08-25 11:27:37.514 +05:30 [INF] Route matched with {action = "GetLoanAlerts", controller = "Alert"}. Executing controller action with signature System.Threading.Tasks.Task`1[Microsoft.AspNetCore.Mvc.IActionResult] GetLoanAlerts(Int32) on controller LoanDeductionPrediction.API.Controllers.AlertController (LoanDeductionPrediction.API).
2026-08-25 11:27:37.538 +05:30 [INF] Executed DbCommand (11ms) [Parameters=[@loanId='?' (DbType = Int32)], CommandType='"Text"', CommandTimeout='30']
SELECT TOP(1) [l].[LoanId], [l].[BorrowerId], [l].[CreatedAt], [l].[EMIAmount], [l].[EndDate], [l].[InterestRate], [l].[LoanOfficerId], [l].[OutstandingAmount], [l].[PrincipalAmount], [l].[StartDate], [l].[Status], [l].[TenureMonths]
FROM [LoanAccounts] AS [l]
WHERE [l].[LoanId] = @loanId
2026-08-25 11:27:37.563 +05:30 [INF] Executed DbCommand (5ms) [Parameters=[@loanId='?' (DbType = Int32)], CommandType='"Text"', CommandTimeout='30']
SELECT TOP(1) [l].[LoanId], [l].[BorrowerId], [l].[CreatedAt], [l].[EMIAmount], [l].[EndDate], [l].[InterestRate], [l].[LoanOfficerId], [l].[OutstandingAmount], [l].[PrincipalAmount], [l].[StartDate], [l].[Status], [l].[TenureMonths]
FROM [LoanAccounts] AS [l]
WHERE [l].[LoanId] = @loanId
2026-08-25 11:27:37.615 +05:30 [INF] Executed DbCommand (9ms) [Parameters=[@loanId='?' (DbType = Int32)], CommandType='"Text"', CommandTimeout='30']
SELECT TOP(1) [r].[RiskPredictionId], [r].[BorrowerId], [r].[LoanId], [r].[PredictionDate], [r].[Reason], [r].[RiskLevel], [r].[RiskScore]
FROM [RiskPredictions] AS [r]
WHERE [r].[LoanId] = @loanId
ORDER BY [r].[PredictionDate] DESC
2026-08-25 11:27:37.659 +05:30 [INF] Executed DbCommand (15ms) [Parameters=[@loanId='?' (DbType = Int32), @today='?' (DbType = Date)], CommandType='"Text"', CommandTimeout='30']
SELECT TOP(1) [r].[ScheduleId], [r].[DueDate], [r].[EMIAmount], [r].[InstallmentNumber], [r].[InterestAmount], [r].[LoanId], [r].[PaidAmount], [r].[PaidDate], [r].[PrincipalAmount], [r].[Status]
FROM [RepaymentSchedules] AS [r]
WHERE [r].[LoanId] = @loanId AND [r].[DueDate] >= @today AND [r].[Status] <> N'PAID'
ORDER BY [r].[DueDate]
2026-08-25 11:27:37.668 +05:30 [INF] Executing OkObjectResult, writing value of type '<>f__AnonymousType2`3[[System.Int32, System.Private.CoreLib, Version=10.0.0.0, Culture=neutral, PublicKeyToken=7cec85d7bea7798e],[System.Int32, System.Private.CoreLib, Version=10.0.0.0, Culture=neutral, PublicKeyToken=7cec85d7bea7798e],[System.Collections.Generic.List`1[[LoanDeductionPrediction.Models.DTOs.AlertDto, LoanDeductionPrediction.Models, Version=1.0.0.0, Culture=neutral, PublicKeyToken=null]], System.Private.CoreLib, Version=10.0.0.0, Culture=neutral, PublicKeyToken=7cec85d7bea7798e]]'.
2026-08-25 11:27:37.702 +05:30 [INF] Executed action LoanDeductionPrediction.API.Controllers.AlertController.GetLoanAlerts (LoanDeductionPrediction.API) in 183.9143ms
2026-08-25 11:27:37.704 +05:30 [INF] Executed endpoint 'LoanDeductionPrediction.API.Controllers.AlertController.GetLoanAlerts (LoanDeductionPrediction.API)'
2026-08-25 11:27:37.707 +05:30 [INF] HTTP GET /api/Alert/loan/10 responded 200 in 251.8645 ms
2026-08-25 11:27:37.713 +05:30 [INF] Request finished HTTP/1.1 GET http://localhost:5082/api/Alert/loan/10 - 200 null application/json; charset=utf-8 285.9445ms
2026-08-25 11:28:38.785 +05:30 [INF] Request starting HTTP/1.1 POST http://localhost:5082/api/Auth/login - application/json 61
2026-08-25 11:28:39.097 +05:30 [INF] CORS policy execution successful.
2026-08-25 11:28:39.099 +05:30 [INF] Executing endpoint 'LoanDeductionPrediction.API.Controllers.AuthController.Login (LoanDeductionPrediction.API)'
2026-08-25 11:28:39.102 +05:30 [INF] Route matched with {action = "Login", controller = "Auth"}. Executing controller action with signature System.Threading.Tasks.Task`1[Microsoft.AspNetCore.Mvc.IActionResult] Login(LoanDeductionPrediction.Models.DTOs.LoginRequest) on controller LoanDeductionPrediction.API.Controllers.AuthController (LoanDeductionPrediction.API).
2026-08-25 11:28:39.438 +05:30 [INF] Executed DbCommand (38ms) [Parameters=[@email='?' (Size = 150)], CommandType='"Text"', CommandTimeout='30']
SELECT TOP(1) [u].[UserId], [u].[CreatedAt], [u].[Email], [u].[FullName], [u].[IsActive], [u].[PasswordHash], [u].[Role]
FROM [Users] AS [u]
WHERE [u].[Email] = @email
2026-08-25 11:28:40.083 +05:30 [INF] Executed DbCommand (48ms) [Parameters=[@p0='?' (DbType = DateTime2), @p1='?' (DbType = DateTime2), @p2='?' (DbType = Boolean), @p3='?' (DbType = DateTime2), @p4='?' (Size = 500), @p5='?' (DbType = Int32)], CommandType='"Text"', CommandTimeout='30']
SET IMPLICIT_TRANSACTIONS OFF;
SET NOCOUNT ON;
INSERT INTO [RefreshTokens] ([CreatedAt], [ExpiresAt], [IsRevoked], [RevokedAt], [Token], [UserId])
OUTPUT INSERTED.[RefreshTokenId]
VALUES (@p0, @p1, @p2, @p3, @p4, @p5);
2026-08-25 11:28:40.460 +05:30 [INF] Executing OkObjectResult, writing value of type 'LoanDeductionPrediction.Models.DTOs.LoginResponse'.
2026-08-25 11:28:40.515 +05:30 [INF] Executed action LoanDeductionPrediction.API.Controllers.AuthController.Login (LoanDeductionPrediction.API) in 1131.8846ms
2026-08-25 11:28:40.520 +05:30 [INF] Executed endpoint 'LoanDeductionPrediction.API.Controllers.AuthController.Login (LoanDeductionPrediction.API)'
2026-08-25 11:28:40.523 +05:30 [INF] HTTP POST /api/Auth/login responded 200 in 1425.6634 ms
2026-08-25 11:28:40.531 +05:30 [INF] Request finished HTTP/1.1 POST http://localhost:5082/api/Auth/login - 200 null application/json; charset=utf-8 1746.2684ms
2026-08-25 11:29:02.905 +05:30 [INF] Request starting HTTP/1.1 GET http://localhost:5082/api/Alert/loan/10 - null null
2026-08-25 11:29:02.929 +05:30 [INF] Executing endpoint 'LoanDeductionPrediction.API.Controllers.AlertController.GetLoanAlerts (LoanDeductionPrediction.API)'
2026-08-25 11:29:02.936 +05:30 [INF] Route matched with {action = "GetLoanAlerts", controller = "Alert"}. Executing controller action with signature System.Threading.Tasks.Task`1[Microsoft.AspNetCore.Mvc.IActionResult] GetLoanAlerts(Int32) on controller LoanDeductionPrediction.API.Controllers.AlertController (LoanDeductionPrediction.API).
2026-08-25 11:29:02.968 +05:30 [INF] Executed DbCommand (10ms) [Parameters=[@loanId='?' (DbType = Int32)], CommandType='"Text"', CommandTimeout='30']
SELECT TOP(1) [l].[LoanId], [l].[BorrowerId], [l].[CreatedAt], [l].[EMIAmount], [l].[EndDate], [l].[InterestRate], [l].[LoanOfficerId], [l].[OutstandingAmount], [l].[PrincipalAmount], [l].[StartDate], [l].[Status], [l].[TenureMonths]
FROM [LoanAccounts] AS [l]
WHERE [l].[LoanId] = @loanId
2026-08-25 11:29:02.990 +05:30 [INF] Executed DbCommand (1ms) [Parameters=[@loanId='?' (DbType = Int32)], CommandType='"Text"', CommandTimeout='30']
SELECT TOP(1) [l].[LoanId], [l].[BorrowerId], [l].[CreatedAt], [l].[EMIAmount], [l].[EndDate], [l].[InterestRate], [l].[LoanOfficerId], [l].[OutstandingAmount], [l].[PrincipalAmount], [l].[StartDate], [l].[Status], [l].[TenureMonths]
FROM [LoanAccounts] AS [l]
WHERE [l].[LoanId] = @loanId
2026-08-25 11:29:03.011 +05:30 [INF] Executed DbCommand (8ms) [Parameters=[@loanId='?' (DbType = Int32)], CommandType='"Text"', CommandTimeout='30']
SELECT TOP(1) [r].[RiskPredictionId], [r].[BorrowerId], [r].[LoanId], [r].[PredictionDate], [r].[Reason], [r].[RiskLevel], [r].[RiskScore]
FROM [RiskPredictions] AS [r]
WHERE [r].[LoanId] = @loanId
ORDER BY [r].[PredictionDate] DESC
2026-08-25 11:29:03.056 +05:30 [INF] Executed DbCommand (10ms) [Parameters=[@loanId='?' (DbType = Int32), @today='?' (DbType = Date)], CommandType='"Text"', CommandTimeout='30']
SELECT TOP(1) [r].[ScheduleId], [r].[DueDate], [r].[EMIAmount], [r].[InstallmentNumber], [r].[InterestAmount], [r].[LoanId], [r].[PaidAmount], [r].[PaidDate], [r].[PrincipalAmount], [r].[Status]
FROM [RepaymentSchedules] AS [r]
WHERE [r].[LoanId] = @loanId AND [r].[DueDate] >= @today AND [r].[Status] <> N'PAID'
ORDER BY [r].[DueDate]
2026-08-25 11:29:03.476 +05:30 [INF] Executing OkObjectResult, writing value of type '<>f__AnonymousType2`3[[System.Int32, System.Private.CoreLib, Version=10.0.0.0, Culture=neutral, PublicKeyToken=7cec85d7bea7798e],[System.Int32, System.Private.CoreLib, Version=10.0.0.0, Culture=neutral, PublicKeyToken=7cec85d7bea7798e],[System.Collections.Generic.List`1[[LoanDeductionPrediction.Models.DTOs.AlertDto, LoanDeductionPrediction.Models, Version=1.0.0.0, Culture=neutral, PublicKeyToken=null]], System.Private.CoreLib, Version=10.0.0.0, Culture=neutral, PublicKeyToken=7cec85d7bea7798e]]'.
2026-08-25 11:29:03.478 +05:30 [INF] Executed action LoanDeductionPrediction.API.Controllers.AlertController.GetLoanAlerts (LoanDeductionPrediction.API) in 527.9349ms
2026-08-25 11:29:03.480 +05:30 [INF] Executed endpoint 'LoanDeductionPrediction.API.Controllers.AlertController.GetLoanAlerts (LoanDeductionPrediction.API)'
2026-08-25 11:29:03.503 +05:30 [INF] HTTP GET /api/Alert/loan/10 responded 200 in 579.3888 ms
2026-08-25 11:29:03.507 +05:30 [INF] Request finished HTTP/1.1 GET http://localhost:5082/api/Alert/loan/10 - 200 null application/json; charset=utf-8 602.2966ms
2026-08-25 11:29:39.646 +05:30 [INF] Application is shutting down...
2026-08-25 11:45:54.875 +05:30 [INF] Executed DbCommand (49ms) [Parameters=[], CommandType='"Text"', CommandTimeout='30']
SELECT 1
2026-08-25 11:45:55.047 +05:30 [INF] Acquiring an exclusive lock for migration application. See https://aka.ms/efcore-docs-migrations-lock for more information if this takes too long.
2026-08-25 11:45:55.130 +05:30 [INF] Executed DbCommand (72ms) [Parameters=[], CommandType='"Text"', CommandTimeout='30']
DECLARE @result int;
EXEC @result = sp_getapplock @Resource = '__EFMigrationsLock', @LockOwner = 'Session', @LockMode = 'Exclusive';
SELECT @result
2026-08-25 11:45:56.100 +05:30 [INF] Executed DbCommand (22ms) [Parameters=[], CommandType='"Text"', CommandTimeout='30']
IF OBJECT_ID(N'[__EFMigrationsHistory]') IS NULL
BEGIN
    CREATE TABLE [__EFMigrationsHistory] (
        [MigrationId] nvarchar(150) NOT NULL,
        [ProductVersion] nvarchar(32) NOT NULL,
        CONSTRAINT [PK___EFMigrationsHistory] PRIMARY KEY ([MigrationId])
    );
END;
2026-08-25 11:45:56.357 +05:30 [INF] Executed DbCommand (1ms) [Parameters=[], CommandType='"Text"', CommandTimeout='30']
SELECT 1
2026-08-25 11:45:56.555 +05:30 [INF] Executed DbCommand (2ms) [Parameters=[], CommandType='"Text"', CommandTimeout='30']
SELECT OBJECT_ID(N'[__EFMigrationsHistory]');
2026-08-25 11:45:56.594 +05:30 [INF] Executed DbCommand (24ms) [Parameters=[], CommandType='"Text"', CommandTimeout='30']
SELECT [MigrationId], [ProductVersion]
FROM [__EFMigrationsHistory]
ORDER BY [MigrationId];
2026-08-25 11:45:56.838 +05:30 [INF] Applying migration '20260825061529_SeedDefaultAdmin'.
2026-08-25 11:45:57.114 +05:30 [ERR] Failed executing DbCommand (88ms) [Parameters=[], CommandType='"Text"', CommandTimeout='30']
IF EXISTS (SELECT * FROM [sys].[identity_columns] WHERE [name] IN (N'UserId', N'CreatedAt', N'Email', N'FullName', N'IsActive', N'PasswordHash', N'Role') AND [object_id] = OBJECT_ID(N'[Users]'))
    SET IDENTITY_INSERT [Users] ON;
INSERT INTO [Users] ([UserId], [CreatedAt], [Email], [FullName], [IsActive], [PasswordHash], [Role])
VALUES (12, '2026-08-25T00:00:00.0000000', N'systemadmin@loan.com', N'System Administrator', CAST(1 AS bit), N'PASTE_YOUR_BCRYPT_HASH_HERE', N'Admin');
IF EXISTS (SELECT * FROM [sys].[identity_columns] WHERE [name] IN (N'UserId', N'CreatedAt', N'Email', N'FullName', N'IsActive', N'PasswordHash', N'Role') AND [object_id] = OBJECT_ID(N'[Users]'))
    SET IDENTITY_INSERT [Users] OFF;
2026-08-25 11:47:26.777 +05:30 [INF] Executed DbCommand (18ms) [Parameters=[], CommandType='"Text"', CommandTimeout='30']
SELECT 1
2026-08-25 11:47:26.913 +05:30 [INF] Executed DbCommand (58ms) [Parameters=[], CommandType='"Text"', CommandTimeout='30']
SELECT OBJECT_ID(N'[__EFMigrationsHistory]');
2026-08-25 11:47:26.951 +05:30 [INF] Executed DbCommand (12ms) [Parameters=[], CommandType='"Text"', CommandTimeout='30']
SELECT [MigrationId], [ProductVersion]
FROM [__EFMigrationsHistory]
ORDER BY [MigrationId];
2026-08-25 11:48:31.882 +05:30 [INF] Executed DbCommand (16ms) [Parameters=[], CommandType='"Text"', CommandTimeout='30']
SELECT 1
2026-08-25 11:48:31.984 +05:30 [INF] Executed DbCommand (14ms) [Parameters=[], CommandType='"Text"', CommandTimeout='30']
SELECT OBJECT_ID(N'[__EFMigrationsHistory]');
2026-08-25 11:48:32.025 +05:30 [INF] Executed DbCommand (9ms) [Parameters=[], CommandType='"Text"', CommandTimeout='30']
SELECT [MigrationId], [ProductVersion]
FROM [__EFMigrationsHistory]
ORDER BY [MigrationId];
2026-08-25 11:48:50.065 +05:30 [INF] Executed DbCommand (22ms) [Parameters=[], CommandType='"Text"', CommandTimeout='30']
SELECT 1
2026-08-25 11:48:50.172 +05:30 [INF] Executed DbCommand (14ms) [Parameters=[], CommandType='"Text"', CommandTimeout='30']
SELECT OBJECT_ID(N'[__EFMigrationsHistory]');
2026-08-25 11:48:50.188 +05:30 [INF] Executed DbCommand (4ms) [Parameters=[], CommandType='"Text"', CommandTimeout='30']
SELECT [MigrationId], [ProductVersion]
FROM [__EFMigrationsHistory]
ORDER BY [MigrationId];
2026-08-25 11:54:20.607 +05:30 [INF] Executed DbCommand (58ms) [Parameters=[], CommandType='"Text"', CommandTimeout='30']
SELECT CASE
    WHEN EXISTS (
        SELECT 1
        FROM [Users] AS [u]
        WHERE [u].[Role] = N'Admin') THEN CAST(1 AS bit)
    ELSE CAST(0 AS bit)
END
2026-08-25 11:54:20.834 +05:30 [INF] User profile is available. Using 'C:\Users\thang\AppData\Local\ASP.NET\DataProtection-Keys' as key repository and Windows DPAPI to encrypt keys at rest.
2026-08-25 11:54:20.849 +05:30 [INF] Payment Behavior Background Service started.
2026-08-25 11:54:20.974 +05:30 [INF] Now listening on: http://localhost:5082
2026-08-25 11:54:20.976 +05:30 [INF] Application started. Press Ctrl+C to shut down.
2026-08-25 11:54:20.979 +05:30 [INF] Hosting environment: Development
2026-08-25 11:54:20.983 +05:30 [INF] Content root path: C:\Users\thang\OneDrive\Documents\React Projects\LoanDeductionPrediction\LoanDeductionPrediction.API
2026-08-25 11:54:21.090 +05:30 [INF] Executed DbCommand (54ms) [Parameters=[@today='?' (DbType = Date)], CommandType='"Text"', CommandTimeout='30']
SELECT [r].[ScheduleId], [r].[DueDate], [r].[EMIAmount], [r].[InstallmentNumber], [r].[InterestAmount], [r].[LoanId], [r].[PaidAmount], [r].[PaidDate], [r].[PrincipalAmount], [r].[Status]
FROM [RepaymentSchedules] AS [r]
WHERE [r].[DueDate] < @today AND [r].[PaidAmount] < [r].[EMIAmount] AND [r].[Status] <> N'PAID'
ORDER BY [r].[DueDate]
2026-08-25 11:54:21.255 +05:30 [INF] Executed DbCommand (24ms) [Parameters=[@scheduleId='?' (DbType = Int32)], CommandType='"Text"', CommandTimeout='30']
SELECT TOP(1) [p].[BehaviorLogId], [p].[BorrowerId], [p].[DaysLate], [p].[DueDate], [p].[LoanId], [p].[PaymentDate], [p].[PaymentStatus], [p].[RecordedAt], [p].[ScheduleId]
FROM [PaymentBehaviorLogs] AS [p]
WHERE [p].[ScheduleId] = @scheduleId
2026-08-25 11:54:21.335 +05:30 [INF] Executed DbCommand (4ms) [Parameters=[@scheduleId='?' (DbType = Int32)], CommandType='"Text"', CommandTimeout='30']
SELECT TOP(1) [p].[BehaviorLogId], [p].[BorrowerId], [p].[DaysLate], [p].[DueDate], [p].[LoanId], [p].[PaymentDate], [p].[PaymentStatus], [p].[RecordedAt], [p].[ScheduleId]
FROM [PaymentBehaviorLogs] AS [p]
WHERE [p].[ScheduleId] = @scheduleId
2026-08-25 11:54:21.340 +05:30 [INF] Executed DbCommand (2ms) [Parameters=[@scheduleId='?' (DbType = Int32)], CommandType='"Text"', CommandTimeout='30']
SELECT TOP(1) [p].[BehaviorLogId], [p].[BorrowerId], [p].[DaysLate], [p].[DueDate], [p].[LoanId], [p].[PaymentDate], [p].[PaymentStatus], [p].[RecordedAt], [p].[ScheduleId]
FROM [PaymentBehaviorLogs] AS [p]
WHERE [p].[ScheduleId] = @scheduleId
2026-08-25 11:55:11.941 +05:30 [INF] Request starting HTTP/1.1 GET http://localhost:5082/swagger/index.html - null null
2026-08-25 11:55:13.170 +05:30 [INF] HTTP GET /swagger/index.html responded 304 in 271.3042 ms
2026-08-25 11:55:13.308 +05:30 [INF] Request finished HTTP/1.1 GET http://localhost:5082/swagger/index.html - 304 null null 1318.1192ms
2026-08-25 11:55:13.328 +05:30 [INF] Request starting HTTP/1.1 GET http://localhost:5082/swagger/index.css - null null
2026-08-25 11:55:13.331 +05:30 [INF] Request starting HTTP/1.1 GET http://localhost:5082/swagger/swagger-ui-bundle.js - null null
2026-08-25 11:55:13.331 +05:30 [INF] Request starting HTTP/1.1 GET http://localhost:5082/swagger/index.js - null null
2026-08-25 11:55:13.332 +05:30 [INF] Request starting HTTP/1.1 GET http://localhost:5082/swagger/swagger-ui-standalone-preset.js - null null
2026-08-25 11:55:13.520 +05:30 [INF] Request starting HTTP/1.1 GET http://localhost:5082/swagger/swagger-ui.css - null null
2026-08-25 11:55:13.582 +05:30 [INF] HTTP GET /swagger/index.css responded 304 in 52.3108 ms
2026-08-25 11:55:13.582 +05:30 [INF] HTTP GET /swagger/index.js responded 304 in 1.7556 ms
2026-08-25 11:55:14.023 +05:30 [INF] HTTP GET /swagger/swagger-ui-bundle.js responded 304 in 469.9487 ms
2026-08-25 11:55:14.202 +05:30 [INF] HTTP GET /swagger/swagger-ui-standalone-preset.js responded 304 in 38.1143 ms
2026-08-25 11:55:14.416 +05:30 [INF] Request finished HTTP/1.1 GET http://localhost:5082/swagger/index.css - 304 null null 1088.377ms
2026-08-25 11:55:14.560 +05:30 [INF] HTTP GET /swagger/swagger-ui.css responded 304 in 160.7663 ms
2026-08-25 11:55:14.703 +05:30 [INF] Request finished HTTP/1.1 GET http://localhost:5082/swagger/index.js - 304 null null 1372.5618ms
2026-08-25 11:55:14.714 +05:30 [INF] Request finished HTTP/1.1 GET http://localhost:5082/swagger/swagger-ui-bundle.js - 304 null null 1383.4991ms
2026-08-25 11:55:15.001 +05:30 [INF] Request finished HTTP/1.1 GET http://localhost:5082/swagger/swagger-ui-standalone-preset.js - 304 null null 1667.6195ms
2026-08-25 11:55:15.048 +05:30 [INF] Request finished HTTP/1.1 GET http://localhost:5082/swagger/swagger-ui.css - 304 null null 1528.1325ms
2026-08-25 11:55:15.959 +05:30 [INF] Request starting HTTP/1.1 GET http://localhost:5082/swagger/v1/swagger.json - null null
2026-08-25 11:55:16.606 +05:30 [INF] HTTP GET /swagger/v1/swagger.json responded 200 in 632.0749 ms
2026-08-25 11:55:16.612 +05:30 [INF] Request finished HTTP/1.1 GET http://localhost:5082/swagger/v1/swagger.json - 200 null application/json;charset=utf-8 653.5583ms
2026-08-25 11:55:51.087 +05:30 [INF] Request starting HTTP/1.1 POST http://localhost:5082/api/Auth/login - application/json 74
2026-08-25 11:55:51.739 +05:30 [WRN] Failed to determine the https port for redirect.
2026-08-25 11:55:52.012 +05:30 [INF] CORS policy execution successful.
2026-08-25 11:55:52.597 +05:30 [INF] Executing endpoint 'LoanDeductionPrediction.API.Controllers.AuthController.Login (LoanDeductionPrediction.API)'
2026-08-25 11:55:53.170 +05:30 [INF] Route matched with {action = "Login", controller = "Auth"}. Executing controller action with signature System.Threading.Tasks.Task`1[Microsoft.AspNetCore.Mvc.IActionResult] Login(LoanDeductionPrediction.Models.DTOs.LoginRequest) on controller LoanDeductionPrediction.API.Controllers.AuthController (LoanDeductionPrediction.API).
2026-08-25 11:55:53.450 +05:30 [WRN] You do not have a valid license key for the Lucky Penny software AutoMapper. This is allowed for development and testing scenarios. If you are running in production you are required to have a licensed version. Please visit https://luckypennysoftware.com to obtain a valid license.
2026-08-25 11:55:53.800 +05:30 [INF] Executed DbCommand (37ms) [Parameters=[@email='?' (Size = 150)], CommandType='"Text"', CommandTimeout='30']
SELECT TOP(1) [u].[UserId], [u].[CreatedAt], [u].[Email], [u].[FullName], [u].[IsActive], [u].[PasswordHash], [u].[Role]
FROM [Users] AS [u]
WHERE [u].[Email] = @email
2026-08-25 11:55:53.831 +05:30 [INF] Executing UnauthorizedObjectResult, writing value of type '<>f__AnonymousType0`1[[System.String, System.Private.CoreLib, Version=10.0.0.0, Culture=neutral, PublicKeyToken=7cec85d7bea7798e]]'.
2026-08-25 11:55:53.877 +05:30 [INF] Executed action LoanDeductionPrediction.API.Controllers.AuthController.Login (LoanDeductionPrediction.API) in 691.3058ms
2026-08-25 11:55:53.880 +05:30 [INF] Executed endpoint 'LoanDeductionPrediction.API.Controllers.AuthController.Login (LoanDeductionPrediction.API)'
2026-08-25 11:55:53.885 +05:30 [INF] HTTP POST /api/Auth/login responded 401 in 2329.8476 ms
2026-08-25 11:55:53.913 +05:30 [INF] Request finished HTTP/1.1 POST http://localhost:5082/api/Auth/login - 401 null application/json; charset=utf-8 2826.5163ms
2026-08-25 11:56:04.004 +05:30 [INF] Request starting HTTP/1.1 POST http://localhost:5082/api/Auth/login - application/json 75
2026-08-25 11:56:04.051 +05:30 [INF] CORS policy execution successful.
2026-08-25 11:56:04.065 +05:30 [INF] Executing endpoint 'LoanDeductionPrediction.API.Controllers.AuthController.Login (LoanDeductionPrediction.API)'
2026-08-25 11:56:04.068 +05:30 [INF] Route matched with {action = "Login", controller = "Auth"}. Executing controller action with signature System.Threading.Tasks.Task`1[Microsoft.AspNetCore.Mvc.IActionResult] Login(LoanDeductionPrediction.Models.DTOs.LoginRequest) on controller LoanDeductionPrediction.API.Controllers.AuthController (LoanDeductionPrediction.API).
2026-08-25 11:56:04.096 +05:30 [INF] Executed DbCommand (9ms) [Parameters=[@email='?' (Size = 150)], CommandType='"Text"', CommandTimeout='30']
SELECT TOP(1) [u].[UserId], [u].[CreatedAt], [u].[Email], [u].[FullName], [u].[IsActive], [u].[PasswordHash], [u].[Role]
FROM [Users] AS [u]
WHERE [u].[Email] = @email
2026-08-25 11:56:05.338 +05:30 [INF] Executed DbCommand (14ms) [Parameters=[@p0='?' (DbType = DateTime2), @p1='?' (DbType = DateTime2), @p2='?' (DbType = Boolean), @p3='?' (DbType = DateTime2), @p4='?' (Size = 500), @p5='?' (DbType = Int32)], CommandType='"Text"', CommandTimeout='30']
SET IMPLICIT_TRANSACTIONS OFF;
SET NOCOUNT ON;
INSERT INTO [RefreshTokens] ([CreatedAt], [ExpiresAt], [IsRevoked], [RevokedAt], [Token], [UserId])
OUTPUT INSERTED.[RefreshTokenId]
VALUES (@p0, @p1, @p2, @p3, @p4, @p5);
2026-08-25 11:56:05.409 +05:30 [INF] Executing OkObjectResult, writing value of type 'LoanDeductionPrediction.Models.DTOs.LoginResponse'.
2026-08-25 11:56:05.437 +05:30 [INF] Executed action LoanDeductionPrediction.API.Controllers.AuthController.Login (LoanDeductionPrediction.API) in 1358.6027ms
2026-08-25 11:56:05.467 +05:30 [INF] Executed endpoint 'LoanDeductionPrediction.API.Controllers.AuthController.Login (LoanDeductionPrediction.API)'
2026-08-25 11:56:05.813 +05:30 [INF] HTTP POST /api/Auth/login responded 200 in 1762.7152 ms
2026-08-25 11:56:05.818 +05:30 [INF] Request finished HTTP/1.1 POST http://localhost:5082/api/Auth/login - 200 null application/json; charset=utf-8 1813.9304ms
2026-08-25 11:56:33.967 +05:30 [INF] Request starting HTTP/1.1 GET http://localhost:5082/api/User - null null
2026-08-25 11:56:34.164 +05:30 [INF] Authorization failed. These requirements were not met:
RolesAuthorizationRequirement:User.IsInRole must be true for one of the following roles: (Admin)
2026-08-25 11:56:34.172 +05:30 [INF] AuthenticationScheme: Bearer was forbidden.
2026-08-25 11:56:34.182 +05:30 [INF] HTTP GET /api/User responded 403 in 185.2291 ms
2026-08-25 11:56:34.192 +05:30 [INF] Request finished HTTP/1.1 GET http://localhost:5082/api/User - 403 0 null 224.5977ms
2026-08-25 11:57:28.409 +05:30 [INF] Request starting HTTP/1.1 GET http://localhost:5082/api/Dashboard/loan-officer - null null
2026-08-25 11:57:28.577 +05:30 [INF] Executing endpoint 'LoanDeductionPrediction.API.Controllers.DashboardController.GetLoanOfficerDashboard (LoanDeductionPrediction.API)'
2026-08-25 11:57:28.616 +05:30 [INF] Route matched with {action = "GetLoanOfficerDashboard", controller = "Dashboard"}. Executing controller action with signature System.Threading.Tasks.Task`1[Microsoft.AspNetCore.Mvc.IActionResult] GetLoanOfficerDashboard() on controller LoanDeductionPrediction.API.Controllers.DashboardController (LoanDeductionPrediction.API).
2026-08-25 11:57:28.727 +05:30 [INF] Executed DbCommand (20ms) [Parameters=[@loanOfficerId='?' (DbType = Int32)], CommandType='"Text"', CommandTimeout='30']
SELECT [l].[LoanId], [l].[BorrowerId], [l].[CreatedAt], [l].[EMIAmount], [l].[EndDate], [l].[InterestRate], [l].[LoanOfficerId], [l].[OutstandingAmount], [l].[PrincipalAmount], [l].[StartDate], [l].[Status], [l].[TenureMonths]
FROM [LoanAccounts] AS [l]
WHERE [l].[LoanOfficerId] = @loanOfficerId
2026-08-25 11:57:28.872 +05:30 [INF] Executed DbCommand (10ms) [Parameters=[@loanIds1='?' (DbType = Int32), @loanIds2='?' (DbType = Int32), @loanIds3='?' (DbType = Int32), @loanIds4='?' (DbType = Int32), @loanIds5='?' (DbType = Int32), @loanIds6='?' (DbType = Int32), @loanIds7='?' (DbType = Int32), @loanIds8='?' (DbType = Int32), @loanIds9='?' (DbType = Int32), @loanIds10='?' (DbType = Int32)], CommandType='"Text"', CommandTimeout='30']
SELECT [r].[RiskPredictionId], [r].[BorrowerId], [r].[LoanId], [r].[PredictionDate], [r].[Reason], [r].[RiskLevel], [r].[RiskScore]
FROM [RiskPredictions] AS [r]
WHERE [r].[LoanId] IN (@loanIds1, @loanIds2, @loanIds3, @loanIds4, @loanIds5, @loanIds6, @loanIds7, @loanIds8, @loanIds9, @loanIds10)
2026-08-25 11:57:28.943 +05:30 [INF] Executed DbCommand (12ms) [Parameters=[@loanIds1='?' (DbType = Int32), @loanIds2='?' (DbType = Int32), @loanIds3='?' (DbType = Int32), @loanIds4='?' (DbType = Int32), @loanIds5='?' (DbType = Int32), @loanIds6='?' (DbType = Int32), @loanIds7='?' (DbType = Int32), @loanIds8='?' (DbType = Int32), @loanIds9='?' (DbType = Int32), @loanIds10='?' (DbType = Int32)], CommandType='"Text"', CommandTimeout='30']
SELECT [r].[ScheduleId], [r].[DueDate], [r].[EMIAmount], [r].[InstallmentNumber], [r].[InterestAmount], [r].[LoanId], [r].[PaidAmount], [r].[PaidDate], [r].[PrincipalAmount], [r].[Status]
FROM [RepaymentSchedules] AS [r]
WHERE [r].[LoanId] IN (@loanIds1, @loanIds2, @loanIds3, @loanIds4, @loanIds5, @loanIds6, @loanIds7, @loanIds8, @loanIds9, @loanIds10)
2026-08-25 11:57:28.983 +05:30 [INF] Executing OkObjectResult, writing value of type '<>f__AnonymousType0`17[[System.Int32, System.Private.CoreLib, Version=10.0.0.0, Culture=neutral, PublicKeyToken=7cec85d7bea7798e],[System.Int32, System.Private.CoreLib, Version=10.0.0.0, Culture=neutral, PublicKeyToken=7cec85d7bea7798e],[System.Int32, System.Private.CoreLib, Version=10.0.0.0, Culture=neutral, PublicKeyToken=7cec85d7bea7798e],[System.Int32, System.Private.CoreLib, Version=10.0.0.0, Culture=neutral, PublicKeyToken=7cec85d7bea7798e],[System.Int32, System.Private.CoreLib, Version=10.0.0.0, Culture=neutral, PublicKeyToken=7cec85d7bea7798e],[System.Int32, System.Private.CoreLib, Version=10.0.0.0, Culture=neutral, PublicKeyToken=7cec85d7bea7798e],[System.Decimal, System.Private.CoreLib, Version=10.0.0.0, Culture=neutral, PublicKeyToken=7cec85d7bea7798e],[System.Decimal, System.Private.CoreLib, Version=10.0.0.0, Culture=neutral, PublicKeyToken=7cec85d7bea7798e],[System.Decimal, System.Private.CoreLib, Version=10.0.0.0, Culture=neutral, PublicKeyToken=7cec85d7bea7798e],[System.Int32, System.Private.CoreLib, Version=10.0.0.0, Culture=neutral, PublicKeyToken=7cec85d7bea7798e],[System.Int32, System.Private.CoreLib, Version=10.0.0.0, Culture=neutral, PublicKeyToken=7cec85d7bea7798e],[System.Int32, System.Private.CoreLib, Version=10.0.0.0, Culture=neutral, PublicKeyToken=7cec85d7bea7798e],[System.Int32, System.Private.CoreLib, Version=10.0.0.0, Culture=neutral, PublicKeyToken=7cec85d7bea7798e],[System.Decimal, System.Private.CoreLib, Version=10.0.0.0, Culture=neutral, PublicKeyToken=7cec85d7bea7798e],[System.Int32, System.Private.CoreLib, Version=10.0.0.0, Culture=neutral, PublicKeyToken=7cec85d7bea7798e],[System.Int32, System.Private.CoreLib, Version=10.0.0.0, Culture=neutral, PublicKeyToken=7cec85d7bea7798e],[System.Int32, System.Private.CoreLib, Version=10.0.0.0, Culture=neutral, PublicKeyToken=7cec85d7bea7798e]]'.
2026-08-25 11:57:29.024 +05:30 [INF] Executed action LoanDeductionPrediction.API.Controllers.DashboardController.GetLoanOfficerDashboard (LoanDeductionPrediction.API) in 396.5512ms
2026-08-25 11:57:29.026 +05:30 [INF] Executed endpoint 'LoanDeductionPrediction.API.Controllers.DashboardController.GetLoanOfficerDashboard (LoanDeductionPrediction.API)'
2026-08-25 11:57:29.029 +05:30 [INF] HTTP GET /api/Dashboard/loan-officer responded 200 in 471.5857 ms
2026-08-25 11:57:29.035 +05:30 [INF] Request finished HTTP/1.1 GET http://localhost:5082/api/Dashboard/loan-officer - 200 null application/json; charset=utf-8 657.3089ms
2026-08-25 11:58:06.675 +05:30 [INF] Request starting HTTP/1.1 GET http://localhost:5082/api/Loan/officer/3 - null null
2026-08-25 11:58:07.089 +05:30 [INF] Executing endpoint 'LoanDeductionPrediction.API.Controllers.LoanController.GetByOfficer (LoanDeductionPrediction.API)'
2026-08-25 11:58:07.120 +05:30 [INF] Route matched with {action = "GetByOfficer", controller = "Loan"}. Executing controller action with signature System.Threading.Tasks.Task`1[Microsoft.AspNetCore.Mvc.IActionResult] GetByOfficer(Int32) on controller LoanDeductionPrediction.API.Controllers.LoanController (LoanDeductionPrediction.API).
2026-08-25 11:58:07.193 +05:30 [INF] Executed DbCommand (10ms) [Parameters=[@loanOfficerId='?' (DbType = Int32)], CommandType='"Text"', CommandTimeout='30']
SELECT [l].[LoanId], [l].[BorrowerId], [l].[CreatedAt], [l].[EMIAmount], [l].[EndDate], [l].[InterestRate], [l].[LoanOfficerId], [l].[OutstandingAmount], [l].[PrincipalAmount], [l].[StartDate], [l].[Status], [l].[TenureMonths]
FROM [LoanAccounts] AS [l]
WHERE [l].[LoanOfficerId] = @loanOfficerId
ORDER BY [l].[LoanId] DESC
2026-08-25 11:58:07.235 +05:30 [INF] Executing OkObjectResult, writing value of type 'System.Collections.Generic.List`1[[LoanDeductionPrediction.Models.DTOs.LoanDto, LoanDeductionPrediction.Models, Version=1.0.0.0, Culture=neutral, PublicKeyToken=null]]'.
2026-08-25 11:58:07.282 +05:30 [INF] Executed action LoanDeductionPrediction.API.Controllers.LoanController.GetByOfficer (LoanDeductionPrediction.API) in 154.7358ms
2026-08-25 11:58:07.286 +05:30 [INF] Executed endpoint 'LoanDeductionPrediction.API.Controllers.LoanController.GetByOfficer (LoanDeductionPrediction.API)'
2026-08-25 11:58:07.294 +05:30 [INF] HTTP GET /api/Loan/officer/3 responded 200 in 342.6416 ms
2026-08-25 11:58:07.690 +05:30 [INF] Request finished HTTP/1.1 GET http://localhost:5082/api/Loan/officer/3 - 200 null application/json; charset=utf-8 1015.076ms
2026-08-25 11:59:08.399 +05:30 [INF] Request starting HTTP/1.1 GET http://localhost:5082/api/PaymentBehavior/loan/9 - null null
2026-08-25 11:59:08.447 +05:30 [INF] Executing endpoint 'LoanDeductionPrediction.API.Controllers.PaymentBehaviorController.GetLoanBehavior (LoanDeductionPrediction.API)'
2026-08-25 11:59:08.562 +05:30 [INF] Route matched with {action = "GetLoanBehavior", controller = "PaymentBehavior"}. Executing controller action with signature System.Threading.Tasks.Task`1[Microsoft.AspNetCore.Mvc.IActionResult] GetLoanBehavior(Int32) on controller LoanDeductionPrediction.API.Controllers.PaymentBehaviorController (LoanDeductionPrediction.API).
2026-08-25 11:59:08.695 +05:30 [INF] Executed DbCommand (23ms) [Parameters=[@loanId='?' (DbType = Int32)], CommandType='"Text"', CommandTimeout='30']
SELECT TOP(1) [l].[LoanId], [l].[BorrowerId], [l].[CreatedAt], [l].[EMIAmount], [l].[EndDate], [l].[InterestRate], [l].[LoanOfficerId], [l].[OutstandingAmount], [l].[PrincipalAmount], [l].[StartDate], [l].[Status], [l].[TenureMonths]
FROM [LoanAccounts] AS [l]
WHERE [l].[LoanId] = @loanId
2026-08-25 11:59:08.854 +05:30 [INF] Executed DbCommand (4ms) [Parameters=[@loanId='?' (DbType = Int32)], CommandType='"Text"', CommandTimeout='30']
SELECT TOP(1) [l].[LoanId], [l].[BorrowerId], [l].[CreatedAt], [l].[EMIAmount], [l].[EndDate], [l].[InterestRate], [l].[LoanOfficerId], [l].[OutstandingAmount], [l].[PrincipalAmount], [l].[StartDate], [l].[Status], [l].[TenureMonths]
FROM [LoanAccounts] AS [l]
WHERE [l].[LoanId] = @loanId
2026-08-25 11:59:08.914 +05:30 [INF] Executed DbCommand (9ms) [Parameters=[@loanId='?' (DbType = Int32)], CommandType='"Text"', CommandTimeout='30']
SELECT [p].[BehaviorLogId], [p].[BorrowerId], [p].[DaysLate], [p].[DueDate], [p].[LoanId], [p].[PaymentDate], [p].[PaymentStatus], [p].[RecordedAt], [p].[ScheduleId]
FROM [PaymentBehaviorLogs] AS [p]
WHERE [p].[LoanId] = @loanId
ORDER BY [p].[DueDate]
2026-08-25 11:59:08.936 +05:30 [INF] Executing OkObjectResult, writing value of type 'System.Collections.Generic.List`1[[<>f__AnonymousType7`9[[System.Int32, System.Private.CoreLib, Version=10.0.0.0, Culture=neutral, PublicKeyToken=7cec85d7bea7798e],[System.Int32, System.Private.CoreLib, Version=10.0.0.0, Culture=neutral, PublicKeyToken=7cec85d7bea7798e],[System.Int32, System.Private.CoreLib, Version=10.0.0.0, Culture=neutral, PublicKeyToken=7cec85d7bea7798e],[System.Int32, System.Private.CoreLib, Version=10.0.0.0, Culture=neutral, PublicKeyToken=7cec85d7bea7798e],[System.DateOnly, System.Private.CoreLib, Version=10.0.0.0, Culture=neutral, PublicKeyToken=7cec85d7bea7798e],[System.Nullable`1[[System.DateOnly, System.Private.CoreLib, Version=10.0.0.0, Culture=neutral, PublicKeyToken=7cec85d7bea7798e]], System.Private.CoreLib, Version=10.0.0.0, Culture=neutral, PublicKeyToken=7cec85d7bea7798e],[System.Int32, System.Private.CoreLib, Version=10.0.0.0, Culture=neutral, PublicKeyToken=7cec85d7bea7798e],[System.String, System.Private.CoreLib, Version=10.0.0.0, Culture=neutral, PublicKeyToken=7cec85d7bea7798e],[System.DateTime, System.Private.CoreLib, Version=10.0.0.0, Culture=neutral, PublicKeyToken=7cec85d7bea7798e]], LoanDeductionPrediction.API, Version=1.0.0.0, Culture=neutral, PublicKeyToken=null]]'.
2026-08-25 11:59:09.114 +05:30 [INF] Executed action LoanDeductionPrediction.API.Controllers.PaymentBehaviorController.GetLoanBehavior (LoanDeductionPrediction.API) in 500.9029ms
2026-08-25 11:59:09.661 +05:30 [INF] Executed endpoint 'LoanDeductionPrediction.API.Controllers.PaymentBehaviorController.GetLoanBehavior (LoanDeductionPrediction.API)'
2026-08-25 11:59:09.675 +05:30 [INF] HTTP GET /api/PaymentBehavior/loan/9 responded 200 in 1229.8724 ms
2026-08-25 11:59:09.969 +05:30 [INF] Request finished HTTP/1.1 GET http://localhost:5082/api/PaymentBehavior/loan/9 - 200 null application/json; charset=utf-8 1569.8523ms
2026-08-25 11:59:53.882 +05:30 [INF] Request starting HTTP/1.1 POST http://localhost:5082/api/RiskPrediction/generate/9 - null 0
2026-08-25 11:59:54.448 +05:30 [INF] CORS policy execution successful.
2026-08-25 11:59:54.476 +05:30 [INF] Executing endpoint 'LoanDeductionPrediction.API.Controllers.RiskPredictionController.GeneratePrediction (LoanDeductionPrediction.API)'
2026-08-25 11:59:54.514 +05:30 [INF] Route matched with {action = "GeneratePrediction", controller = "RiskPrediction"}. Executing controller action with signature System.Threading.Tasks.Task`1[Microsoft.AspNetCore.Mvc.IActionResult] GeneratePrediction(Int32) on controller LoanDeductionPrediction.API.Controllers.RiskPredictionController (LoanDeductionPrediction.API).
2026-08-25 11:59:54.679 +05:30 [INF] Executed DbCommand (4ms) [Parameters=[@loanId='?' (DbType = Int32)], CommandType='"Text"', CommandTimeout='30']
SELECT TOP(1) [l].[LoanId], [l].[BorrowerId], [l].[CreatedAt], [l].[EMIAmount], [l].[EndDate], [l].[InterestRate], [l].[LoanOfficerId], [l].[OutstandingAmount], [l].[PrincipalAmount], [l].[StartDate], [l].[Status], [l].[TenureMonths]
FROM [LoanAccounts] AS [l]
WHERE [l].[LoanId] = @loanId
2026-08-25 11:59:54.727 +05:30 [INF] Executed DbCommand (1ms) [Parameters=[@loanId='?' (DbType = Int32)], CommandType='"Text"', CommandTimeout='30']
SELECT TOP(1) [l].[LoanId], [l].[BorrowerId], [l].[CreatedAt], [l].[EMIAmount], [l].[EndDate], [l].[InterestRate], [l].[LoanOfficerId], [l].[OutstandingAmount], [l].[PrincipalAmount], [l].[StartDate], [l].[Status], [l].[TenureMonths]
FROM [LoanAccounts] AS [l]
WHERE [l].[LoanId] = @loanId
2026-08-25 11:59:54.740 +05:30 [INF] Executed DbCommand (4ms) [Parameters=[@loanId='?' (DbType = Int32)], CommandType='"Text"', CommandTimeout='30']
SELECT [p].[BehaviorLogId], [p].[BorrowerId], [p].[DaysLate], [p].[DueDate], [p].[LoanId], [p].[PaymentDate], [p].[PaymentStatus], [p].[RecordedAt], [p].[ScheduleId]
FROM [PaymentBehaviorLogs] AS [p]
WHERE [p].[LoanId] = @loanId
ORDER BY [p].[DueDate]
2026-08-25 11:59:54.862 +05:30 [INF] Executed DbCommand (12ms) [Parameters=[@p0='?' (DbType = Int32), @p1='?' (DbType = Int32), @p2='?' (DbType = DateTime2), @p3='?' (Size = 4000), @p4='?' (Size = 30), @p5='?' (Precision = 5) (Scale = 2) (DbType = Decimal)], CommandType='"Text"', CommandTimeout='30']
SET IMPLICIT_TRANSACTIONS OFF;
SET NOCOUNT ON;
INSERT INTO [RiskPredictions] ([BorrowerId], [LoanId], [PredictionDate], [Reason], [RiskLevel], [RiskScore])
OUTPUT INSERTED.[RiskPredictionId]
VALUES (@p0, @p1, @p2, @p3, @p4, @p5);
2026-08-25 11:59:54.880 +05:30 [INF] Executing CreatedAtActionResult, writing value of type '<>f__AnonymousType13`2[[System.String, System.Private.CoreLib, Version=10.0.0.0, Culture=neutral, PublicKeyToken=7cec85d7bea7798e],[<>f__AnonymousType14`7[[System.Int32, System.Private.CoreLib, Version=10.0.0.0, Culture=neutral, PublicKeyToken=7cec85d7bea7798e],[System.Int32, System.Private.CoreLib, Version=10.0.0.0, Culture=neutral, PublicKeyToken=7cec85d7bea7798e],[System.Int32, System.Private.CoreLib, Version=10.0.0.0, Culture=neutral, PublicKeyToken=7cec85d7bea7798e],[System.Decimal, System.Private.CoreLib, Version=10.0.0.0, Culture=neutral, PublicKeyToken=7cec85d7bea7798e],[System.String, System.Private.CoreLib, Version=10.0.0.0, Culture=neutral, PublicKeyToken=7cec85d7bea7798e],[System.DateTime, System.Private.CoreLib, Version=10.0.0.0, Culture=neutral, PublicKeyToken=7cec85d7bea7798e],[System.String, System.Private.CoreLib, Version=10.0.0.0, Culture=neutral, PublicKeyToken=7cec85d7bea7798e]], LoanDeductionPrediction.API, Version=1.0.0.0, Culture=neutral, PublicKeyToken=null]]'.
2026-08-25 11:59:54.976 +05:30 [INF] Executed action LoanDeductionPrediction.API.Controllers.RiskPredictionController.GeneratePrediction (LoanDeductionPrediction.API) in 351.2887ms
2026-08-25 11:59:55.353 +05:30 [INF] Executed endpoint 'LoanDeductionPrediction.API.Controllers.RiskPredictionController.GeneratePrediction (LoanDeductionPrediction.API)'
2026-08-25 11:59:55.355 +05:30 [INF] HTTP POST /api/RiskPrediction/generate/9 responded 201 in 915.2201 ms
2026-08-25 11:59:56.214 +05:30 [INF] Request finished HTTP/1.1 POST http://localhost:5082/api/RiskPrediction/generate/9 - 201 null application/json; charset=utf-8 2331.6576ms
2026-08-25 12:00:30.478 +05:30 [INF] Request starting HTTP/1.1 POST http://localhost:5082/api/RepaymentSchedule/generate/1 - null 0
2026-08-25 12:00:30.854 +05:30 [INF] CORS policy execution successful.
2026-08-25 12:00:30.857 +05:30 [INF] Executing endpoint 'LoanDeductionPrediction.API.Controllers.RepaymentScheduleController.GenerateSchedule (LoanDeductionPrediction.API)'
2026-08-25 12:00:30.896 +05:30 [INF] Route matched with {action = "GenerateSchedule", controller = "RepaymentSchedule"}. Executing controller action with signature System.Threading.Tasks.Task`1[Microsoft.AspNetCore.Mvc.IActionResult] GenerateSchedule(Int32) on controller LoanDeductionPrediction.API.Controllers.RepaymentScheduleController (LoanDeductionPrediction.API).
2026-08-25 12:00:31.055 +05:30 [INF] Executed DbCommand (12ms) [Parameters=[@loanId='?' (DbType = Int32)], CommandType='"Text"', CommandTimeout='30']
SELECT TOP(1) [l].[LoanId], [l].[BorrowerId], [l].[CreatedAt], [l].[EMIAmount], [l].[EndDate], [l].[InterestRate], [l].[LoanOfficerId], [l].[OutstandingAmount], [l].[PrincipalAmount], [l].[StartDate], [l].[Status], [l].[TenureMonths]
FROM [LoanAccounts] AS [l]
WHERE [l].[LoanId] = @loanId
2026-08-25 12:00:31.072 +05:30 [INF] Executed DbCommand (1ms) [Parameters=[@loanId='?' (DbType = Int32)], CommandType='"Text"', CommandTimeout='30']
SELECT TOP(1) [l].[LoanId], [l].[BorrowerId], [l].[CreatedAt], [l].[EMIAmount], [l].[EndDate], [l].[InterestRate], [l].[LoanOfficerId], [l].[OutstandingAmount], [l].[PrincipalAmount], [l].[StartDate], [l].[Status], [l].[TenureMonths]
FROM [LoanAccounts] AS [l]
WHERE [l].[LoanId] = @loanId
2026-08-25 12:00:31.154 +05:30 [INF] Executed DbCommand (11ms) [Parameters=[@loanId='?' (DbType = Int32)], CommandType='"Text"', CommandTimeout='30']
SELECT CASE
    WHEN EXISTS (
        SELECT 1
        FROM [RepaymentSchedules] AS [r]
        WHERE [r].[LoanId] = @loanId) THEN CAST(1 AS bit)
    ELSE CAST(0 AS bit)
END
2026-08-25 12:00:31.163 +05:30 [INF] Executing ConflictObjectResult, writing value of type '<>f__AnonymousType0`1[[System.String, System.Private.CoreLib, Version=10.0.0.0, Culture=neutral, PublicKeyToken=7cec85d7bea7798e]]'.
2026-08-25 12:00:31.166 +05:30 [INF] Executed action LoanDeductionPrediction.API.Controllers.RepaymentScheduleController.GenerateSchedule (LoanDeductionPrediction.API) in 127.7714ms
2026-08-25 12:00:31.176 +05:30 [INF] Executed endpoint 'LoanDeductionPrediction.API.Controllers.RepaymentScheduleController.GenerateSchedule (LoanDeductionPrediction.API)'
2026-08-25 12:00:31.195 +05:30 [INF] HTTP POST /api/RepaymentSchedule/generate/1 responded 409 in 341.7629 ms
2026-08-25 12:00:31.393 +05:30 [INF] Request finished HTTP/1.1 POST http://localhost:5082/api/RepaymentSchedule/generate/1 - 409 null application/json; charset=utf-8 915.4935ms
2026-08-25 12:00:43.795 +05:30 [INF] Request starting HTTP/1.1 GET http://localhost:5082/api/RepaymentSchedule/loan/1 - null null
2026-08-25 12:00:43.855 +05:30 [INF] Executing endpoint 'LoanDeductionPrediction.API.Controllers.RepaymentScheduleController.GetLoanSchedule (LoanDeductionPrediction.API)'
2026-08-25 12:00:44.087 +05:30 [INF] Route matched with {action = "GetLoanSchedule", controller = "RepaymentSchedule"}. Executing controller action with signature System.Threading.Tasks.Task`1[Microsoft.AspNetCore.Mvc.IActionResult] GetLoanSchedule(Int32) on controller LoanDeductionPrediction.API.Controllers.RepaymentScheduleController (LoanDeductionPrediction.API).
2026-08-25 12:00:44.121 +05:30 [INF] Executed DbCommand (7ms) [Parameters=[@loanId='?' (DbType = Int32)], CommandType='"Text"', CommandTimeout='30']
SELECT TOP(1) [l].[LoanId], [l].[BorrowerId], [l].[CreatedAt], [l].[EMIAmount], [l].[EndDate], [l].[InterestRate], [l].[LoanOfficerId], [l].[OutstandingAmount], [l].[PrincipalAmount], [l].[StartDate], [l].[Status], [l].[TenureMonths]
FROM [LoanAccounts] AS [l]
WHERE [l].[LoanId] = @loanId
2026-08-25 12:00:44.207 +05:30 [INF] Executed DbCommand (41ms) [Parameters=[@loanId='?' (DbType = Int32)], CommandType='"Text"', CommandTimeout='30']
SELECT [r].[ScheduleId], [r].[DueDate], [r].[EMIAmount], [r].[InstallmentNumber], [r].[InterestAmount], [r].[LoanId], [r].[PaidAmount], [r].[PaidDate], [r].[PrincipalAmount], [r].[Status]
FROM [RepaymentSchedules] AS [r]
WHERE [r].[LoanId] = @loanId
ORDER BY [r].[InstallmentNumber]
2026-08-25 12:00:44.230 +05:30 [INF] Executing OkObjectResult, writing value of type 'System.Collections.Generic.List`1[[LoanDeductionPrediction.Models.DTOs.RepaymentScheduleDto, LoanDeductionPrediction.Models, Version=1.0.0.0, Culture=neutral, PublicKeyToken=null]]'.
2026-08-25 12:00:44.247 +05:30 [INF] Executed action LoanDeductionPrediction.API.Controllers.RepaymentScheduleController.GetLoanSchedule (LoanDeductionPrediction.API) in 138.3649ms
2026-08-25 12:00:44.256 +05:30 [INF] Executed endpoint 'LoanDeductionPrediction.API.Controllers.RepaymentScheduleController.GetLoanSchedule (LoanDeductionPrediction.API)'
2026-08-25 12:00:44.259 +05:30 [INF] HTTP GET /api/RepaymentSchedule/loan/1 responded 200 in 407.9602 ms
2026-08-25 12:00:44.265 +05:30 [INF] Request finished HTTP/1.1 GET http://localhost:5082/api/RepaymentSchedule/loan/1 - 200 null application/json; charset=utf-8 470.2095ms
2026-08-25 12:03:08.110 +05:30 [INF] Request starting HTTP/1.1 POST http://localhost:5082/api/Auth/login - application/json 69
2026-08-25 12:03:08.124 +05:30 [INF] CORS policy execution successful.
2026-08-25 12:03:08.144 +05:30 [INF] Executing endpoint 'LoanDeductionPrediction.API.Controllers.AuthController.Login (LoanDeductionPrediction.API)'
2026-08-25 12:03:08.155 +05:30 [INF] Route matched with {action = "Login", controller = "Auth"}. Executing controller action with signature System.Threading.Tasks.Task`1[Microsoft.AspNetCore.Mvc.IActionResult] Login(LoanDeductionPrediction.Models.DTOs.LoginRequest) on controller LoanDeductionPrediction.API.Controllers.AuthController (LoanDeductionPrediction.API).
2026-08-25 12:03:08.207 +05:30 [INF] Executed DbCommand (18ms) [Parameters=[@email='?' (Size = 150)], CommandType='"Text"', CommandTimeout='30']
SELECT TOP(1) [u].[UserId], [u].[CreatedAt], [u].[Email], [u].[FullName], [u].[IsActive], [u].[PasswordHash], [u].[Role]
FROM [Users] AS [u]
WHERE [u].[Email] = @email
2026-08-25 12:03:08.751 +05:30 [INF] Executed DbCommand (39ms) [Parameters=[@p0='?' (DbType = DateTime2), @p1='?' (DbType = DateTime2), @p2='?' (DbType = Boolean), @p3='?' (DbType = DateTime2), @p4='?' (Size = 500), @p5='?' (DbType = Int32)], CommandType='"Text"', CommandTimeout='30']
SET IMPLICIT_TRANSACTIONS OFF;
SET NOCOUNT ON;
INSERT INTO [RefreshTokens] ([CreatedAt], [ExpiresAt], [IsRevoked], [RevokedAt], [Token], [UserId])
OUTPUT INSERTED.[RefreshTokenId]
VALUES (@p0, @p1, @p2, @p3, @p4, @p5);
2026-08-25 12:03:08.762 +05:30 [INF] Executing OkObjectResult, writing value of type 'LoanDeductionPrediction.Models.DTOs.LoginResponse'.
2026-08-25 12:03:08.775 +05:30 [INF] Executed action LoanDeductionPrediction.API.Controllers.AuthController.Login (LoanDeductionPrediction.API) in 602.4279ms
2026-08-25 12:03:08.789 +05:30 [INF] Executed endpoint 'LoanDeductionPrediction.API.Controllers.AuthController.Login (LoanDeductionPrediction.API)'
2026-08-25 12:03:08.803 +05:30 [INF] HTTP POST /api/Auth/login responded 200 in 678.4941 ms
2026-08-25 12:03:08.827 +05:30 [INF] Request finished HTTP/1.1 POST http://localhost:5082/api/Auth/login - 200 null application/json; charset=utf-8 716.9246ms
2026-08-25 12:04:26.444 +05:30 [INF] Request starting HTTP/1.1 POST http://localhost:5082/api/User - application/json 106
2026-08-25 12:04:26.475 +05:30 [INF] CORS policy execution successful.
2026-08-25 12:04:26.479 +05:30 [INF] Executing endpoint 'LoanDeductionPrediction.API.Controllers.UserController.CreateUser (LoanDeductionPrediction.API)'
2026-08-25 12:04:26.505 +05:30 [INF] Route matched with {action = "CreateUser", controller = "User"}. Executing controller action with signature System.Threading.Tasks.Task`1[Microsoft.AspNetCore.Mvc.IActionResult] CreateUser(LoanDeductionPrediction.API.Controllers.CreateUserRequest) on controller LoanDeductionPrediction.API.Controllers.UserController (LoanDeductionPrediction.API).
2026-08-25 12:04:26.521 +05:30 [INF] Executing BadRequestObjectResult, writing value of type '<>f__AnonymousType0`1[[System.String, System.Private.CoreLib, Version=10.0.0.0, Culture=neutral, PublicKeyToken=7cec85d7bea7798e]]'.
2026-08-25 12:04:26.524 +05:30 [INF] Executed action LoanDeductionPrediction.API.Controllers.UserController.CreateUser (LoanDeductionPrediction.API) in 15.081ms
2026-08-25 12:04:26.527 +05:30 [INF] Executed endpoint 'LoanDeductionPrediction.API.Controllers.UserController.CreateUser (LoanDeductionPrediction.API)'
2026-08-25 12:04:26.529 +05:30 [INF] HTTP POST /api/User responded 400 in 53.6224 ms
2026-08-25 12:04:26.533 +05:30 [INF] Request finished HTTP/1.1 POST http://localhost:5082/api/User - 400 null application/json; charset=utf-8 88.8399ms
2026-08-25 12:04:36.949 +05:30 [INF] Request starting HTTP/1.1 POST http://localhost:5082/api/User - application/json 107
2026-08-25 12:04:36.976 +05:30 [INF] CORS policy execution successful.
2026-08-25 12:04:37.019 +05:30 [INF] Executing endpoint 'LoanDeductionPrediction.API.Controllers.UserController.CreateUser (LoanDeductionPrediction.API)'
2026-08-25 12:04:37.026 +05:30 [INF] Route matched with {action = "CreateUser", controller = "User"}. Executing controller action with signature System.Threading.Tasks.Task`1[Microsoft.AspNetCore.Mvc.IActionResult] CreateUser(LoanDeductionPrediction.API.Controllers.CreateUserRequest) on controller LoanDeductionPrediction.API.Controllers.UserController (LoanDeductionPrediction.API).
2026-08-25 12:04:37.047 +05:30 [INF] Executed DbCommand (5ms) [Parameters=[@email='?' (Size = 150)], CommandType='"Text"', CommandTimeout='30']
SELECT TOP(1) [u].[UserId], [u].[CreatedAt], [u].[Email], [u].[FullName], [u].[IsActive], [u].[PasswordHash], [u].[Role]
FROM [Users] AS [u]
WHERE [u].[Email] = @email
2026-08-25 12:04:37.478 +05:30 [INF] Executed DbCommand (36ms) [Parameters=[@p0='?' (DbType = DateTime2), @p1='?' (Size = 150), @p2='?' (Size = 100), @p3='?' (DbType = Boolean), @p4='?' (Size = 255), @p5='?' (Size = 30)], CommandType='"Text"', CommandTimeout='30']
SET IMPLICIT_TRANSACTIONS OFF;
SET NOCOUNT ON;
INSERT INTO [Users] ([CreatedAt], [Email], [FullName], [IsActive], [PasswordHash], [Role])
OUTPUT INSERTED.[UserId]
VALUES (@p0, @p1, @p2, @p3, @p4, @p5);
2026-08-25 12:04:37.501 +05:30 [INF] Executing CreatedAtActionResult, writing value of type '<>f__AnonymousType16`2[[System.String, System.Private.CoreLib, Version=10.0.0.0, Culture=neutral, PublicKeyToken=7cec85d7bea7798e],[<>f__AnonymousType15`6[[System.Int32, System.Private.CoreLib, Version=10.0.0.0, Culture=neutral, PublicKeyToken=7cec85d7bea7798e],[System.String, System.Private.CoreLib, Version=10.0.0.0, Culture=neutral, PublicKeyToken=7cec85d7bea7798e],[System.String, System.Private.CoreLib, Version=10.0.0.0, Culture=neutral, PublicKeyToken=7cec85d7bea7798e],[System.String, System.Private.CoreLib, Version=10.0.0.0, Culture=neutral, PublicKeyToken=7cec85d7bea7798e],[System.Boolean, System.Private.CoreLib, Version=10.0.0.0, Culture=neutral, PublicKeyToken=7cec85d7bea7798e],[System.DateTime, System.Private.CoreLib, Version=10.0.0.0, Culture=neutral, PublicKeyToken=7cec85d7bea7798e]], LoanDeductionPrediction.API, Version=1.0.0.0, Culture=neutral, PublicKeyToken=null]]'.
2026-08-25 12:04:37.518 +05:30 [INF] Executed action LoanDeductionPrediction.API.Controllers.UserController.CreateUser (LoanDeductionPrediction.API) in 479.4933ms
2026-08-25 12:04:37.523 +05:30 [INF] Executed endpoint 'LoanDeductionPrediction.API.Controllers.UserController.CreateUser (LoanDeductionPrediction.API)'
2026-08-25 12:04:37.527 +05:30 [INF] HTTP POST /api/User responded 201 in 550.6656 ms
2026-08-25 12:04:37.534 +05:30 [INF] Request finished HTTP/1.1 POST http://localhost:5082/api/User - 201 null application/json; charset=utf-8 584.438ms
2026-08-25 12:05:03.105 +05:30 [INF] Request starting HTTP/1.1 GET http://localhost:5082/api/User - null null
2026-08-25 12:05:03.122 +05:30 [INF] Executing endpoint 'LoanDeductionPrediction.API.Controllers.UserController.GetUsers (LoanDeductionPrediction.API)'
2026-08-25 12:05:03.149 +05:30 [INF] Route matched with {action = "GetUsers", controller = "User"}. Executing controller action with signature System.Threading.Tasks.Task`1[Microsoft.AspNetCore.Mvc.IActionResult] GetUsers() on controller LoanDeductionPrediction.API.Controllers.UserController (LoanDeductionPrediction.API).
2026-08-25 12:05:03.263 +05:30 [INF] Executed DbCommand (5ms) [Parameters=[], CommandType='"Text"', CommandTimeout='30']
SELECT [u].[UserId], [u].[FullName], [u].[Email], [u].[Role], [u].[IsActive], [u].[CreatedAt]
FROM [Users] AS [u]
ORDER BY [u].[UserId]
2026-08-25 12:05:03.269 +05:30 [INF] Executing OkObjectResult, writing value of type 'System.Collections.Generic.List`1[[<>f__AnonymousType15`6[[System.Int32, System.Private.CoreLib, Version=10.0.0.0, Culture=neutral, PublicKeyToken=7cec85d7bea7798e],[System.String, System.Private.CoreLib, Version=10.0.0.0, Culture=neutral, PublicKeyToken=7cec85d7bea7798e],[System.String, System.Private.CoreLib, Version=10.0.0.0, Culture=neutral, PublicKeyToken=7cec85d7bea7798e],[System.String, System.Private.CoreLib, Version=10.0.0.0, Culture=neutral, PublicKeyToken=7cec85d7bea7798e],[System.Boolean, System.Private.CoreLib, Version=10.0.0.0, Culture=neutral, PublicKeyToken=7cec85d7bea7798e],[System.DateTime, System.Private.CoreLib, Version=10.0.0.0, Culture=neutral, PublicKeyToken=7cec85d7bea7798e]], LoanDeductionPrediction.API, Version=1.0.0.0, Culture=neutral, PublicKeyToken=null]]'.
2026-08-25 12:05:03.274 +05:30 [INF] Executed action LoanDeductionPrediction.API.Controllers.UserController.GetUsers (LoanDeductionPrediction.API) in 119.8501ms
2026-08-25 12:05:03.279 +05:30 [INF] Executed endpoint 'LoanDeductionPrediction.API.Controllers.UserController.GetUsers (LoanDeductionPrediction.API)'
2026-08-25 12:05:03.283 +05:30 [INF] HTTP GET /api/User responded 200 in 161.9683 ms
2026-08-25 12:05:03.287 +05:30 [INF] Request finished HTTP/1.1 GET http://localhost:5082/api/User - 200 null application/json; charset=utf-8 182.3091ms
2026-08-25 12:05:39.614 +05:30 [INF] Request starting HTTP/1.1 POST http://localhost:5082/api/Loan - application/json 146
2026-08-25 12:05:39.661 +05:30 [INF] CORS policy execution successful.
2026-08-25 12:05:39.704 +05:30 [INF] Executing endpoint 'LoanDeductionPrediction.API.Controllers.LoanController.Create (LoanDeductionPrediction.API)'
2026-08-25 12:05:39.844 +05:30 [INF] Route matched with {action = "Create", controller = "Loan"}. Executing controller action with signature System.Threading.Tasks.Task`1[Microsoft.AspNetCore.Mvc.IActionResult] Create(LoanDeductionPrediction.Models.DTOs.CreateLoanRequest) on controller LoanDeductionPrediction.API.Controllers.LoanController (LoanDeductionPrediction.API).
2026-08-25 12:05:40.028 +05:30 [INF] Executed DbCommand (6ms) [Parameters=[@userId='?' (DbType = Int32)], CommandType='"Text"', CommandTimeout='30']
SELECT TOP(1) [u].[UserId], [u].[CreatedAt], [u].[Email], [u].[FullName], [u].[IsActive], [u].[PasswordHash], [u].[Role]
FROM [Users] AS [u]
WHERE [u].[UserId] = @userId
2026-08-25 12:05:40.056 +05:30 [INF] Executing BadRequestObjectResult, writing value of type '<>f__AnonymousType0`1[[System.String, System.Private.CoreLib, Version=10.0.0.0, Culture=neutral, PublicKeyToken=7cec85d7bea7798e]]'.
2026-08-25 12:05:40.061 +05:30 [INF] Executed action LoanDeductionPrediction.API.Controllers.LoanController.Create (LoanDeductionPrediction.API) in 148.0204ms
2026-08-25 12:05:40.063 +05:30 [INF] Executed endpoint 'LoanDeductionPrediction.API.Controllers.LoanController.Create (LoanDeductionPrediction.API)'
2026-08-25 12:05:40.065 +05:30 [INF] HTTP POST /api/Loan responded 400 in 404.8004 ms
2026-08-25 12:05:40.069 +05:30 [INF] Request finished HTTP/1.1 POST http://localhost:5082/api/Loan - 400 null application/json; charset=utf-8 455.7815ms
2026-08-25 12:06:04.704 +05:30 [INF] Request starting HTTP/1.1 POST http://localhost:5082/api/Loan - application/json 146
2026-08-25 12:06:04.779 +05:30 [INF] CORS policy execution successful.
2026-08-25 12:06:04.785 +05:30 [INF] Executing endpoint 'LoanDeductionPrediction.API.Controllers.LoanController.Create (LoanDeductionPrediction.API)'
2026-08-25 12:06:04.792 +05:30 [INF] Route matched with {action = "Create", controller = "Loan"}. Executing controller action with signature System.Threading.Tasks.Task`1[Microsoft.AspNetCore.Mvc.IActionResult] Create(LoanDeductionPrediction.Models.DTOs.CreateLoanRequest) on controller LoanDeductionPrediction.API.Controllers.LoanController (LoanDeductionPrediction.API).
2026-08-25 12:06:04.810 +05:30 [INF] Executed DbCommand (7ms) [Parameters=[@userId='?' (DbType = Int32)], CommandType='"Text"', CommandTimeout='30']
SELECT TOP(1) [u].[UserId], [u].[CreatedAt], [u].[Email], [u].[FullName], [u].[IsActive], [u].[PasswordHash], [u].[Role]
FROM [Users] AS [u]
WHERE [u].[UserId] = @userId
2026-08-25 12:06:04.902 +05:30 [INF] Executed DbCommand (1ms) [Parameters=[@userId='?' (DbType = Int32)], CommandType='"Text"', CommandTimeout='30']
SELECT TOP(1) [u].[UserId], [u].[CreatedAt], [u].[Email], [u].[FullName], [u].[IsActive], [u].[PasswordHash], [u].[Role]
FROM [Users] AS [u]
WHERE [u].[UserId] = @userId
2026-08-25 12:06:04.998 +05:30 [INF] Executed DbCommand (11ms) [Parameters=[@p0='?' (DbType = Int32), @p1='?' (DbType = DateTime2), @p2='?' (Precision = 18) (Scale = 2) (DbType = Decimal), @p3='?' (DbType = Date), @p4='?' (Precision = 5) (Scale = 2) (DbType = Decimal), @p5='?' (DbType = Int32), @p6='?' (Precision = 18) (Scale = 2) (DbType = Decimal), @p7='?' (Precision = 18) (Scale = 2) (DbType = Decimal), @p8='?' (DbType = Date), @p9='?' (Size = 30), @p10='?' (DbType = Int32)], CommandType='"Text"', CommandTimeout='30']
SET IMPLICIT_TRANSACTIONS OFF;
SET NOCOUNT ON;
INSERT INTO [LoanAccounts] ([BorrowerId], [CreatedAt], [EMIAmount], [EndDate], [InterestRate], [LoanOfficerId], [OutstandingAmount], [PrincipalAmount], [StartDate], [Status], [TenureMonths])
OUTPUT INSERTED.[LoanId]
VALUES (@p0, @p1, @p2, @p3, @p4, @p5, @p6, @p7, @p8, @p9, @p10);
2026-08-25 12:06:05.008 +05:30 [INF] Executing CreatedAtActionResult, writing value of type 'LoanDeductionPrediction.Models.DTOs.LoanDto'.
2026-08-25 12:06:05.011 +05:30 [INF] Executed action LoanDeductionPrediction.API.Controllers.LoanController.Create (LoanDeductionPrediction.API) in 211.7344ms
2026-08-25 12:06:05.017 +05:30 [INF] Executed endpoint 'LoanDeductionPrediction.API.Controllers.LoanController.Create (LoanDeductionPrediction.API)'
2026-08-25 12:06:05.018 +05:30 [INF] HTTP POST /api/Loan responded 201 in 239.2073 ms
2026-08-25 12:06:05.022 +05:30 [INF] Request finished HTTP/1.1 POST http://localhost:5082/api/Loan - 201 null application/json; charset=utf-8 317.5917ms
2026-08-25 12:06:46.996 +05:30 [INF] Request starting HTTP/1.1 POST http://localhost:5082/api/RepaymentSchedule/generate/11 - null 0
2026-08-25 12:06:47.038 +05:30 [INF] CORS policy execution successful.
2026-08-25 12:06:47.043 +05:30 [INF] Executing endpoint 'LoanDeductionPrediction.API.Controllers.RepaymentScheduleController.GenerateSchedule (LoanDeductionPrediction.API)'
2026-08-25 12:06:47.050 +05:30 [INF] Route matched with {action = "GenerateSchedule", controller = "RepaymentSchedule"}. Executing controller action with signature System.Threading.Tasks.Task`1[Microsoft.AspNetCore.Mvc.IActionResult] GenerateSchedule(Int32) on controller LoanDeductionPrediction.API.Controllers.RepaymentScheduleController (LoanDeductionPrediction.API).
2026-08-25 12:06:47.090 +05:30 [INF] Executed DbCommand (3ms) [Parameters=[@loanId='?' (DbType = Int32)], CommandType='"Text"', CommandTimeout='30']
SELECT TOP(1) [l].[LoanId], [l].[BorrowerId], [l].[CreatedAt], [l].[EMIAmount], [l].[EndDate], [l].[InterestRate], [l].[LoanOfficerId], [l].[OutstandingAmount], [l].[PrincipalAmount], [l].[StartDate], [l].[Status], [l].[TenureMonths]
FROM [LoanAccounts] AS [l]
WHERE [l].[LoanId] = @loanId
2026-08-25 12:06:47.106 +05:30 [INF] Executed DbCommand (1ms) [Parameters=[@loanId='?' (DbType = Int32)], CommandType='"Text"', CommandTimeout='30']
SELECT TOP(1) [l].[LoanId], [l].[BorrowerId], [l].[CreatedAt], [l].[EMIAmount], [l].[EndDate], [l].[InterestRate], [l].[LoanOfficerId], [l].[OutstandingAmount], [l].[PrincipalAmount], [l].[StartDate], [l].[Status], [l].[TenureMonths]
FROM [LoanAccounts] AS [l]
WHERE [l].[LoanId] = @loanId
2026-08-25 12:06:47.126 +05:30 [INF] Executed DbCommand (6ms) [Parameters=[@loanId='?' (DbType = Int32)], CommandType='"Text"', CommandTimeout='30']
SELECT CASE
    WHEN EXISTS (
        SELECT 1
        FROM [RepaymentSchedules] AS [r]
        WHERE [r].[LoanId] = @loanId) THEN CAST(1 AS bit)
    ELSE CAST(0 AS bit)
END
2026-08-25 12:06:47.241 +05:30 [INF] Executed DbCommand (54ms) [Parameters=[@p0='?' (DbType = Date), @p1='?' (Precision = 18) (Scale = 2) (DbType = Decimal), @p2='?' (DbType = Int32), @p3='?' (Precision = 18) (Scale = 2) (DbType = Decimal), @p4='?' (DbType = Int32), @p5='?' (Precision = 18) (Scale = 2) (DbType = Decimal), @p6='?' (DbType = Date), @p7='?' (Precision = 18) (Scale = 2) (DbType = Decimal), @p8='?' (Size = 30), @p9='?' (DbType = Date), @p10='?' (Precision = 18) (Scale = 2) (DbType = Decimal), @p11='?' (DbType = Int32), @p12='?' (Precision = 18) (Scale = 2) (DbType = Decimal), @p13='?' (DbType = Int32), @p14='?' (Precision = 18) (Scale = 2) (DbType = Decimal), @p15='?' (DbType = Date), @p16='?' (Precision = 18) (Scale = 2) (DbType = Decimal), @p17='?' (Size = 30), @p18='?' (DbType = Date), @p19='?' (Precision = 18) (Scale = 2) (DbType = Decimal), @p20='?' (DbType = Int32), @p21='?' (Precision = 18) (Scale = 2) (DbType = Decimal), @p22='?' (DbType = Int32), @p23='?' (Precision = 18) (Scale = 2) (DbType = Decimal), @p24='?' (DbType = Date), @p25='?' (Precision = 18) (Scale = 2) (DbType = Decimal), @p26='?' (Size = 30), @p27='?' (DbType = Date), @p28='?' (Precision = 18) (Scale = 2) (DbType = Decimal), @p29='?' (DbType = Int32), @p30='?' (Precision = 18) (Scale = 2) (DbType = Decimal), @p31='?' (DbType = Int32), @p32='?' (Precision = 18) (Scale = 2) (DbType = Decimal), @p33='?' (DbType = Date), @p34='?' (Precision = 18) (Scale = 2) (DbType = Decimal), @p35='?' (Size = 30), @p36='?' (DbType = Date), @p37='?' (Precision = 18) (Scale = 2) (DbType = Decimal), @p38='?' (DbType = Int32), @p39='?' (Precision = 18) (Scale = 2) (DbType = Decimal), @p40='?' (DbType = Int32), @p41='?' (Precision = 18) (Scale = 2) (DbType = Decimal), @p42='?' (DbType = Date), @p43='?' (Precision = 18) (Scale = 2) (DbType = Decimal), @p44='?' (Size = 30), @p45='?' (DbType = Date), @p46='?' (Precision = 18) (Scale = 2) (DbType = Decimal), @p47='?' (DbType = Int32), @p48='?' (Precision = 18) (Scale = 2) (DbType = Decimal), @p49='?' (DbType = Int32), @p50='?' (Precision = 18) (Scale = 2) (DbType = Decimal), @p51='?' (DbType = Date), @p52='?' (Precision = 18) (Scale = 2) (DbType = Decimal), @p53='?' (Size = 30), @p54='?' (DbType = Date), @p55='?' (Precision = 18) (Scale = 2) (DbType = Decimal), @p56='?' (DbType = Int32), @p57='?' (Precision = 18) (Scale = 2) (DbType = Decimal), @p58='?' (DbType = Int32), @p59='?' (Precision = 18) (Scale = 2) (DbType = Decimal), @p60='?' (DbType = Date), @p61='?' (Precision = 18) (Scale = 2) (DbType = Decimal), @p62='?' (Size = 30), @p63='?' (DbType = Date), @p64='?' (Precision = 18) (Scale = 2) (DbType = Decimal), @p65='?' (DbType = Int32), @p66='?' (Precision = 18) (Scale = 2) (DbType = Decimal), @p67='?' (DbType = Int32), @p68='?' (Precision = 18) (Scale = 2) (DbType = Decimal), @p69='?' (DbType = Date), @p70='?' (Precision = 18) (Scale = 2) (DbType = Decimal), @p71='?' (Size = 30), @p72='?' (DbType = Date), @p73='?' (Precision = 18) (Scale = 2) (DbType = Decimal), @p74='?' (DbType = Int32), @p75='?' (Precision = 18) (Scale = 2) (DbType = Decimal), @p76='?' (DbType = Int32), @p77='?' (Precision = 18) (Scale = 2) (DbType = Decimal), @p78='?' (DbType = Date), @p79='?' (Precision = 18) (Scale = 2) (DbType = Decimal), @p80='?' (Size = 30), @p81='?' (DbType = Date), @p82='?' (Precision = 18) (Scale = 2) (DbType = Decimal), @p83='?' (DbType = Int32), @p84='?' (Precision = 18) (Scale = 2) (DbType = Decimal), @p85='?' (DbType = Int32), @p86='?' (Precision = 18) (Scale = 2) (DbType = Decimal), @p87='?' (DbType = Date), @p88='?' (Precision = 18) (Scale = 2) (DbType = Decimal), @p89='?' (Size = 30), @p90='?' (DbType = Date), @p91='?' (Precision = 18) (Scale = 2) (DbType = Decimal), @p92='?' (DbType = Int32), @p93='?' (Precision = 18) (Scale = 2) (DbType = Decimal), @p94='?' (DbType = Int32), @p95='?' (Precision = 18) (Scale = 2) (DbType = Decimal), @p96='?' (DbType = Date), @p97='?' (Precision = 18) (Scale = 2) (DbType = Decimal), @p98='?' (Size = 30), @p99='?' (DbType = Date), @p100='?' (Precision = 18) (Scale = 2) (DbType = Decimal), @p101='?' (DbType = Int32), @p102='?' (Precision = 18) (Scale = 2) (DbType = Decimal), @p103='?' (DbType = Int32), @p104='?' (Precision = 18) (Scale = 2) (DbType = Decimal), @p105='?' (DbType = Date), @p106='?' (Precision = 18) (Scale = 2) (DbType = Decimal), @p107='?' (Size = 30)], CommandType='"Text"', CommandTimeout='30']
SET IMPLICIT_TRANSACTIONS OFF;
SET NOCOUNT ON;
MERGE [RepaymentSchedules] USING (
VALUES (@p0, @p1, @p2, @p3, @p4, @p5, @p6, @p7, @p8, 0),
(@p9, @p10, @p11, @p12, @p13, @p14, @p15, @p16, @p17, 1),
(@p18, @p19, @p20, @p21, @p22, @p23, @p24, @p25, @p26, 2),
(@p27, @p28, @p29, @p30, @p31, @p32, @p33, @p34, @p35, 3),
(@p36, @p37, @p38, @p39, @p40, @p41, @p42, @p43, @p44, 4),
(@p45, @p46, @p47, @p48, @p49, @p50, @p51, @p52, @p53, 5),
(@p54, @p55, @p56, @p57, @p58, @p59, @p60, @p61, @p62, 6),
(@p63, @p64, @p65, @p66, @p67, @p68, @p69, @p70, @p71, 7),
(@p72, @p73, @p74, @p75, @p76, @p77, @p78, @p79, @p80, 8),
(@p81, @p82, @p83, @p84, @p85, @p86, @p87, @p88, @p89, 9),
(@p90, @p91, @p92, @p93, @p94, @p95, @p96, @p97, @p98, 10),
(@p99, @p100, @p101, @p102, @p103, @p104, @p105, @p106, @p107, 11)) AS i ([DueDate], [EMIAmount], [InstallmentNumber], [InterestAmount], [LoanId], [PaidAmount], [PaidDate], [PrincipalAmount], [Status], _Position) ON 1=0
WHEN NOT MATCHED THEN
INSERT ([DueDate], [EMIAmount], [InstallmentNumber], [InterestAmount], [LoanId], [PaidAmount], [PaidDate], [PrincipalAmount], [Status])
VALUES (i.[DueDate], i.[EMIAmount], i.[InstallmentNumber], i.[InterestAmount], i.[LoanId], i.[PaidAmount], i.[PaidDate], i.[PrincipalAmount], i.[Status])
OUTPUT INSERTED.[ScheduleId], i._Position;
2026-08-25 12:06:47.262 +05:30 [INF] Executing OkObjectResult, writing value of type '<>f__AnonymousType10`5[[System.String, System.Private.CoreLib, Version=10.0.0.0, Culture=neutral, PublicKeyToken=7cec85d7bea7798e],[System.Int32, System.Private.CoreLib, Version=10.0.0.0, Culture=neutral, PublicKeyToken=7cec85d7bea7798e],[System.Int32, System.Private.CoreLib, Version=10.0.0.0, Culture=neutral, PublicKeyToken=7cec85d7bea7798e],[System.Decimal, System.Private.CoreLib, Version=10.0.0.0, Culture=neutral, PublicKeyToken=7cec85d7bea7798e],[System.Collections.Generic.List`1[[LoanDeductionPrediction.Models.DTOs.RepaymentScheduleDto, LoanDeductionPrediction.Models, Version=1.0.0.0, Culture=neutral, PublicKeyToken=null]], System.Private.CoreLib, Version=10.0.0.0, Culture=neutral, PublicKeyToken=7cec85d7bea7798e]]'.
2026-08-25 12:06:47.270 +05:30 [INF] Executed action LoanDeductionPrediction.API.Controllers.RepaymentScheduleController.GenerateSchedule (LoanDeductionPrediction.API) in 205.047ms
2026-08-25 12:06:47.274 +05:30 [INF] Executed endpoint 'LoanDeductionPrediction.API.Controllers.RepaymentScheduleController.GenerateSchedule (LoanDeductionPrediction.API)'
2026-08-25 12:06:47.278 +05:30 [INF] HTTP POST /api/RepaymentSchedule/generate/11 responded 200 in 240.0709 ms
2026-08-25 12:06:47.286 +05:30 [INF] Request finished HTTP/1.1 POST http://localhost:5082/api/RepaymentSchedule/generate/11 - 200 null application/json; charset=utf-8 289.9065ms
2026-08-25 12:07:58.609 +05:30 [INF] Request starting HTTP/1.1 POST http://localhost:5082/api/PaymentBehavior/record/169 - null 0
2026-08-25 12:07:58.642 +05:30 [INF] CORS policy execution successful.
2026-08-25 12:07:58.657 +05:30 [INF] Executing endpoint 'LoanDeductionPrediction.API.Controllers.PaymentBehaviorController.RecordBehavior (LoanDeductionPrediction.API)'
2026-08-25 12:07:58.690 +05:30 [INF] Route matched with {action = "RecordBehavior", controller = "PaymentBehavior"}. Executing controller action with signature System.Threading.Tasks.Task`1[Microsoft.AspNetCore.Mvc.IActionResult] RecordBehavior(Int32) on controller LoanDeductionPrediction.API.Controllers.PaymentBehaviorController (LoanDeductionPrediction.API).
2026-08-25 12:07:58.763 +05:30 [INF] Executed DbCommand (14ms) [Parameters=[@scheduleId='?' (DbType = Int32)], CommandType='"Text"', CommandTimeout='30']
SELECT TOP(1) [r].[ScheduleId], [r].[DueDate], [r].[EMIAmount], [r].[InstallmentNumber], [r].[InterestAmount], [r].[LoanId], [r].[PaidAmount], [r].[PaidDate], [r].[PrincipalAmount], [r].[Status]
FROM [RepaymentSchedules] AS [r]
WHERE [r].[ScheduleId] = @scheduleId
2026-08-25 12:07:58.777 +05:30 [INF] Executed DbCommand (6ms) [Parameters=[@loanId='?' (DbType = Int32)], CommandType='"Text"', CommandTimeout='30']
SELECT TOP(1) [l].[LoanId], [l].[BorrowerId], [l].[CreatedAt], [l].[EMIAmount], [l].[EndDate], [l].[InterestRate], [l].[LoanOfficerId], [l].[OutstandingAmount], [l].[PrincipalAmount], [l].[StartDate], [l].[Status], [l].[TenureMonths]
FROM [LoanAccounts] AS [l]
WHERE [l].[LoanId] = @loanId
2026-08-25 12:07:58.792 +05:30 [INF] Executed DbCommand (6ms) [Parameters=[@scheduleId='?' (DbType = Int32)], CommandType='"Text"', CommandTimeout='30']
SELECT TOP(1) [p].[BehaviorLogId], [p].[BorrowerId], [p].[DaysLate], [p].[DueDate], [p].[LoanId], [p].[PaymentDate], [p].[PaymentStatus], [p].[RecordedAt], [p].[ScheduleId]
FROM [PaymentBehaviorLogs] AS [p]
WHERE [p].[ScheduleId] = @scheduleId
2026-08-25 12:07:58.842 +05:30 [INF] Executed DbCommand (8ms) [Parameters=[@p0='?' (DbType = Int32), @p1='?' (DbType = Int32), @p2='?' (DbType = Date), @p3='?' (DbType = Int32), @p4='?' (DbType = Date), @p5='?' (Size = 30), @p6='?' (DbType = DateTime2), @p7='?' (DbType = Int32)], CommandType='"Text"', CommandTimeout='30']
SET IMPLICIT_TRANSACTIONS OFF;
SET NOCOUNT ON;
INSERT INTO [PaymentBehaviorLogs] ([BorrowerId], [DaysLate], [DueDate], [LoanId], [PaymentDate], [PaymentStatus], [RecordedAt], [ScheduleId])
OUTPUT INSERTED.[BehaviorLogId]
VALUES (@p0, @p1, @p2, @p3, @p4, @p5, @p6, @p7);
2026-08-25 12:07:58.869 +05:30 [INF] Executed DbCommand (4ms) [Parameters=[@loanId='?' (DbType = Int32)], CommandType='"Text"', CommandTimeout='30']
SELECT TOP(1) [l].[LoanId], [l].[BorrowerId], [l].[CreatedAt], [l].[EMIAmount], [l].[EndDate], [l].[InterestRate], [l].[LoanOfficerId], [l].[OutstandingAmount], [l].[PrincipalAmount], [l].[StartDate], [l].[Status], [l].[TenureMonths]
FROM [LoanAccounts] AS [l]
WHERE [l].[LoanId] = @loanId
2026-08-25 12:07:58.879 +05:30 [INF] Executing CreatedAtActionResult, writing value of type '<>f__AnonymousType8`3[[System.Boolean, System.Private.CoreLib, Version=10.0.0.0, Culture=neutral, PublicKeyToken=7cec85d7bea7798e],[System.String, System.Private.CoreLib, Version=10.0.0.0, Culture=neutral, PublicKeyToken=7cec85d7bea7798e],[<>f__AnonymousType7`9[[System.Int32, System.Private.CoreLib, Version=10.0.0.0, Culture=neutral, PublicKeyToken=7cec85d7bea7798e],[System.Int32, System.Private.CoreLib, Version=10.0.0.0, Culture=neutral, PublicKeyToken=7cec85d7bea7798e],[System.Int32, System.Private.CoreLib, Version=10.0.0.0, Culture=neutral, PublicKeyToken=7cec85d7bea7798e],[System.Int32, System.Private.CoreLib, Version=10.0.0.0, Culture=neutral, PublicKeyToken=7cec85d7bea7798e],[System.DateOnly, System.Private.CoreLib, Version=10.0.0.0, Culture=neutral, PublicKeyToken=7cec85d7bea7798e],[System.Nullable`1[[System.DateOnly, System.Private.CoreLib, Version=10.0.0.0, Culture=neutral, PublicKeyToken=7cec85d7bea7798e]], System.Private.CoreLib, Version=10.0.0.0, Culture=neutral, PublicKeyToken=7cec85d7bea7798e],[System.Int32, System.Private.CoreLib, Version=10.0.0.0, Culture=neutral, PublicKeyToken=7cec85d7bea7798e],[System.String, System.Private.CoreLib, Version=10.0.0.0, Culture=neutral, PublicKeyToken=7cec85d7bea7798e],[System.DateTime, System.Private.CoreLib, Version=10.0.0.0, Culture=neutral, PublicKeyToken=7cec85d7bea7798e]], LoanDeductionPrediction.API, Version=1.0.0.0, Culture=neutral, PublicKeyToken=null]]'.
2026-08-25 12:07:58.890 +05:30 [INF] Executed action LoanDeductionPrediction.API.Controllers.PaymentBehaviorController.RecordBehavior (LoanDeductionPrediction.API) in 191.2922ms
2026-08-25 12:07:58.894 +05:30 [INF] Executed endpoint 'LoanDeductionPrediction.API.Controllers.PaymentBehaviorController.RecordBehavior (LoanDeductionPrediction.API)'
2026-08-25 12:07:58.898 +05:30 [INF] HTTP POST /api/PaymentBehavior/record/169 responded 201 in 255.8278 ms
2026-08-25 12:07:58.901 +05:30 [INF] Request finished HTTP/1.1 POST http://localhost:5082/api/PaymentBehavior/record/169 - 201 null application/json; charset=utf-8 292.252ms
2026-08-25 12:08:37.504 +05:30 [INF] Request starting HTTP/1.1 PUT http://localhost:5082/api/RepaymentSchedule/169/payment - application/json 59
2026-08-25 12:08:37.509 +05:30 [INF] CORS policy execution successful.
2026-08-25 12:08:37.513 +05:30 [INF] Executing endpoint 'LoanDeductionPrediction.API.Controllers.RepaymentScheduleController.RecordPayment (LoanDeductionPrediction.API)'
2026-08-25 12:08:37.534 +05:30 [INF] Route matched with {action = "RecordPayment", controller = "RepaymentSchedule"}. Executing controller action with signature System.Threading.Tasks.Task`1[Microsoft.AspNetCore.Mvc.IActionResult] RecordPayment(Int32, LoanDeductionPrediction.Models.DTOs.RecordPaymentRequest) on controller LoanDeductionPrediction.API.Controllers.RepaymentScheduleController (LoanDeductionPrediction.API).
2026-08-25 12:08:37.553 +05:30 [INF] Executed DbCommand (4ms) [Parameters=[@scheduleId='?' (DbType = Int32)], CommandType='"Text"', CommandTimeout='30']
SELECT TOP(1) [r].[ScheduleId], [r].[DueDate], [r].[EMIAmount], [r].[InstallmentNumber], [r].[InterestAmount], [r].[LoanId], [r].[PaidAmount], [r].[PaidDate], [r].[PrincipalAmount], [r].[Status]
FROM [RepaymentSchedules] AS [r]
WHERE [r].[ScheduleId] = @scheduleId
2026-08-25 12:08:37.590 +05:30 [INF] Executed DbCommand (28ms) [Parameters=[@loanId='?' (DbType = Int32)], CommandType='"Text"', CommandTimeout='30']
SELECT TOP(1) [l].[LoanId], [l].[BorrowerId], [l].[CreatedAt], [l].[EMIAmount], [l].[EndDate], [l].[InterestRate], [l].[LoanOfficerId], [l].[OutstandingAmount], [l].[PrincipalAmount], [l].[StartDate], [l].[Status], [l].[TenureMonths]
FROM [LoanAccounts] AS [l]
WHERE [l].[LoanId] = @loanId
2026-08-25 12:08:37.604 +05:30 [INF] Executed DbCommand (3ms) [Parameters=[@scheduleId='?' (DbType = Int32)], CommandType='"Text"', CommandTimeout='30']
SELECT TOP(1) [r].[ScheduleId], [r].[DueDate], [r].[EMIAmount], [r].[InstallmentNumber], [r].[InterestAmount], [r].[LoanId], [r].[PaidAmount], [r].[PaidDate], [r].[PrincipalAmount], [r].[Status]
FROM [RepaymentSchedules] AS [r]
WHERE [r].[ScheduleId] = @scheduleId
2026-08-25 12:08:37.609 +05:30 [INF] Executed DbCommand (1ms) [Parameters=[@loanId='?' (DbType = Int32)], CommandType='"Text"', CommandTimeout='30']
SELECT TOP(1) [l].[LoanId], [l].[BorrowerId], [l].[CreatedAt], [l].[EMIAmount], [l].[EndDate], [l].[InterestRate], [l].[LoanOfficerId], [l].[OutstandingAmount], [l].[PrincipalAmount], [l].[StartDate], [l].[Status], [l].[TenureMonths]
FROM [LoanAccounts] AS [l]
WHERE [l].[LoanId] = @loanId
2026-08-25 12:08:37.667 +05:30 [INF] Executed DbCommand (8ms) [Parameters=[@scheduleId='?' (DbType = Int32)], CommandType='"Text"', CommandTimeout='30']
SELECT TOP(1) [p].[BehaviorLogId], [p].[BorrowerId], [p].[DaysLate], [p].[DueDate], [p].[LoanId], [p].[PaymentDate], [p].[PaymentStatus], [p].[RecordedAt], [p].[ScheduleId]
FROM [PaymentBehaviorLogs] AS [p]
WHERE [p].[ScheduleId] = @scheduleId
2026-08-25 12:08:37.690 +05:30 [WRN] Savepoints are disabled because Multiple Active Result Sets (MARS) is enabled. If 'SaveChanges' fails, then the transaction cannot be automatically rolled back to a known clean state. Instead, the transaction should be rolled back by the application before retrying 'SaveChanges'. See https://go.microsoft.com/fwlink/?linkid=2149338 for more information and examples. To identify the code which triggers this warning, call 'ConfigureWarnings(w => w.Throw(SqlServerEventId.SavepointsDisabledBecauseOfMARS))'.
2026-08-25 12:08:37.707 +05:30 [INF] Executed DbCommand (15ms) [Parameters=[@p11='?' (DbType = Int32), @p0='?' (DbType = Int32), @p1='?' (DbType = DateTime2), @p2='?' (Precision = 18) (Scale = 2) (DbType = Decimal), @p3='?' (DbType = Date), @p4='?' (Precision = 5) (Scale = 2) (DbType = Decimal), @p5='?' (DbType = Int32), @p6='?' (Precision = 18) (Scale = 2) (DbType = Decimal), @p7='?' (Precision = 18) (Scale = 2) (DbType = Decimal), @p8='?' (DbType = Date), @p9='?' (Size = 30), @p10='?' (DbType = Int32), @p21='?' (DbType = Int32), @p12='?' (DbType = Date), @p13='?' (Precision = 18) (Scale = 2) (DbType = Decimal), @p14='?' (DbType = Int32), @p15='?' (Precision = 18) (Scale = 2) (DbType = Decimal), @p16='?' (DbType = Int32), @p17='?' (Precision = 18) (Scale = 2) (DbType = Decimal), @p18='?' (DbType = Date), @p19='?' (Precision = 18) (Scale = 2) (DbType = Decimal), @p20='?' (Size = 30)], CommandType='"Text"', CommandTimeout='30']
SET NOCOUNT ON;
UPDATE [LoanAccounts] SET [BorrowerId] = @p0, [CreatedAt] = @p1, [EMIAmount] = @p2, [EndDate] = @p3, [InterestRate] = @p4, [LoanOfficerId] = @p5, [OutstandingAmount] = @p6, [PrincipalAmount] = @p7, [StartDate] = @p8, [Status] = @p9, [TenureMonths] = @p10
OUTPUT 1
WHERE [LoanId] = @p11;
UPDATE [RepaymentSchedules] SET [DueDate] = @p12, [EMIAmount] = @p13, [InstallmentNumber] = @p14, [InterestAmount] = @p15, [LoanId] = @p16, [PaidAmount] = @p17, [PaidDate] = @p18, [PrincipalAmount] = @p19, [Status] = @p20
OUTPUT 1
WHERE [ScheduleId] = @p21;
2026-08-25 12:08:37.737 +05:30 [INF] Executing OkObjectResult, writing value of type '<>f__AnonymousType12`2[[System.String, System.Private.CoreLib, Version=10.0.0.0, Culture=neutral, PublicKeyToken=7cec85d7bea7798e],[LoanDeductionPrediction.Models.DTOs.RepaymentScheduleDto, LoanDeductionPrediction.Models, Version=1.0.0.0, Culture=neutral, PublicKeyToken=null]]'.
2026-08-25 12:08:37.742 +05:30 [INF] Executed action LoanDeductionPrediction.API.Controllers.RepaymentScheduleController.RecordPayment (LoanDeductionPrediction.API) in 203.3455ms
2026-08-25 12:08:37.747 +05:30 [INF] Executed endpoint 'LoanDeductionPrediction.API.Controllers.RepaymentScheduleController.RecordPayment (LoanDeductionPrediction.API)'
2026-08-25 12:08:37.751 +05:30 [INF] HTTP PUT /api/RepaymentSchedule/169/payment responded 200 in 241.7496 ms
2026-08-25 12:08:37.754 +05:30 [INF] Request finished HTTP/1.1 PUT http://localhost:5082/api/RepaymentSchedule/169/payment - 200 null application/json; charset=utf-8 250.7746ms
2026-08-25 12:08:51.292 +05:30 [INF] Request starting HTTP/1.1 PUT http://localhost:5082/api/RepaymentSchedule/170/payment - application/json 59
2026-08-25 12:08:51.356 +05:30 [INF] CORS policy execution successful.
2026-08-25 12:08:51.362 +05:30 [INF] Executing endpoint 'LoanDeductionPrediction.API.Controllers.RepaymentScheduleController.RecordPayment (LoanDeductionPrediction.API)'
2026-08-25 12:08:51.367 +05:30 [INF] Route matched with {action = "RecordPayment", controller = "RepaymentSchedule"}. Executing controller action with signature System.Threading.Tasks.Task`1[Microsoft.AspNetCore.Mvc.IActionResult] RecordPayment(Int32, LoanDeductionPrediction.Models.DTOs.RecordPaymentRequest) on controller LoanDeductionPrediction.API.Controllers.RepaymentScheduleController (LoanDeductionPrediction.API).
2026-08-25 12:08:51.377 +05:30 [INF] Executed DbCommand (1ms) [Parameters=[@scheduleId='?' (DbType = Int32)], CommandType='"Text"', CommandTimeout='30']
SELECT TOP(1) [r].[ScheduleId], [r].[DueDate], [r].[EMIAmount], [r].[InstallmentNumber], [r].[InterestAmount], [r].[LoanId], [r].[PaidAmount], [r].[PaidDate], [r].[PrincipalAmount], [r].[Status]
FROM [RepaymentSchedules] AS [r]
WHERE [r].[ScheduleId] = @scheduleId
2026-08-25 12:08:51.386 +05:30 [INF] Executed DbCommand (1ms) [Parameters=[@loanId='?' (DbType = Int32)], CommandType='"Text"', CommandTimeout='30']
SELECT TOP(1) [l].[LoanId], [l].[BorrowerId], [l].[CreatedAt], [l].[EMIAmount], [l].[EndDate], [l].[InterestRate], [l].[LoanOfficerId], [l].[OutstandingAmount], [l].[PrincipalAmount], [l].[StartDate], [l].[Status], [l].[TenureMonths]
FROM [LoanAccounts] AS [l]
WHERE [l].[LoanId] = @loanId
2026-08-25 12:08:51.397 +05:30 [INF] Executed DbCommand (2ms) [Parameters=[@scheduleId='?' (DbType = Int32)], CommandType='"Text"', CommandTimeout='30']
SELECT TOP(1) [r].[ScheduleId], [r].[DueDate], [r].[EMIAmount], [r].[InstallmentNumber], [r].[InterestAmount], [r].[LoanId], [r].[PaidAmount], [r].[PaidDate], [r].[PrincipalAmount], [r].[Status]
FROM [RepaymentSchedules] AS [r]
WHERE [r].[ScheduleId] = @scheduleId
2026-08-25 12:08:51.405 +05:30 [INF] Executed DbCommand (1ms) [Parameters=[@loanId='?' (DbType = Int32)], CommandType='"Text"', CommandTimeout='30']
SELECT TOP(1) [l].[LoanId], [l].[BorrowerId], [l].[CreatedAt], [l].[EMIAmount], [l].[EndDate], [l].[InterestRate], [l].[LoanOfficerId], [l].[OutstandingAmount], [l].[PrincipalAmount], [l].[StartDate], [l].[Status], [l].[TenureMonths]
FROM [LoanAccounts] AS [l]
WHERE [l].[LoanId] = @loanId
2026-08-25 12:08:51.431 +05:30 [INF] Executed DbCommand (18ms) [Parameters=[@scheduleId='?' (DbType = Int32)], CommandType='"Text"', CommandTimeout='30']
SELECT TOP(1) [p].[BehaviorLogId], [p].[BorrowerId], [p].[DaysLate], [p].[DueDate], [p].[LoanId], [p].[PaymentDate], [p].[PaymentStatus], [p].[RecordedAt], [p].[ScheduleId]
FROM [PaymentBehaviorLogs] AS [p]
WHERE [p].[ScheduleId] = @scheduleId
2026-08-25 12:08:51.446 +05:30 [WRN] Savepoints are disabled because Multiple Active Result Sets (MARS) is enabled. If 'SaveChanges' fails, then the transaction cannot be automatically rolled back to a known clean state. Instead, the transaction should be rolled back by the application before retrying 'SaveChanges'. See https://go.microsoft.com/fwlink/?linkid=2149338 for more information and examples. To identify the code which triggers this warning, call 'ConfigureWarnings(w => w.Throw(SqlServerEventId.SavepointsDisabledBecauseOfMARS))'.
2026-08-25 12:08:51.460 +05:30 [INF] Executed DbCommand (13ms) [Parameters=[@p11='?' (DbType = Int32), @p0='?' (DbType = Int32), @p1='?' (DbType = DateTime2), @p2='?' (Precision = 18) (Scale = 2) (DbType = Decimal), @p3='?' (DbType = Date), @p4='?' (Precision = 5) (Scale = 2) (DbType = Decimal), @p5='?' (DbType = Int32), @p6='?' (Precision = 18) (Scale = 2) (DbType = Decimal), @p7='?' (Precision = 18) (Scale = 2) (DbType = Decimal), @p8='?' (DbType = Date), @p9='?' (Size = 30), @p10='?' (DbType = Int32), @p12='?' (DbType = Int32), @p13='?' (DbType = Int32), @p14='?' (DbType = Date), @p15='?' (DbType = Int32), @p16='?' (DbType = Date), @p17='?' (Size = 30), @p18='?' (DbType = DateTime2), @p19='?' (DbType = Int32), @p29='?' (DbType = Int32), @p20='?' (DbType = Date), @p21='?' (Precision = 18) (Scale = 2) (DbType = Decimal), @p22='?' (DbType = Int32), @p23='?' (Precision = 18) (Scale = 2) (DbType = Decimal), @p24='?' (DbType = Int32), @p25='?' (Precision = 18) (Scale = 2) (DbType = Decimal), @p26='?' (DbType = Date), @p27='?' (Precision = 18) (Scale = 2) (DbType = Decimal), @p28='?' (Size = 30)], CommandType='"Text"', CommandTimeout='30']
SET NOCOUNT ON;
UPDATE [LoanAccounts] SET [BorrowerId] = @p0, [CreatedAt] = @p1, [EMIAmount] = @p2, [EndDate] = @p3, [InterestRate] = @p4, [LoanOfficerId] = @p5, [OutstandingAmount] = @p6, [PrincipalAmount] = @p7, [StartDate] = @p8, [Status] = @p9, [TenureMonths] = @p10
OUTPUT 1
WHERE [LoanId] = @p11;
INSERT INTO [PaymentBehaviorLogs] ([BorrowerId], [DaysLate], [DueDate], [LoanId], [PaymentDate], [PaymentStatus], [RecordedAt], [ScheduleId])
OUTPUT INSERTED.[BehaviorLogId]
VALUES (@p12, @p13, @p14, @p15, @p16, @p17, @p18, @p19);
UPDATE [RepaymentSchedules] SET [DueDate] = @p20, [EMIAmount] = @p21, [InstallmentNumber] = @p22, [InterestAmount] = @p23, [LoanId] = @p24, [PaidAmount] = @p25, [PaidDate] = @p26, [PrincipalAmount] = @p27, [Status] = @p28
OUTPUT 1
WHERE [ScheduleId] = @p29;
2026-08-25 12:08:51.469 +05:30 [INF] Executing OkObjectResult, writing value of type '<>f__AnonymousType12`2[[System.String, System.Private.CoreLib, Version=10.0.0.0, Culture=neutral, PublicKeyToken=7cec85d7bea7798e],[LoanDeductionPrediction.Models.DTOs.RepaymentScheduleDto, LoanDeductionPrediction.Models, Version=1.0.0.0, Culture=neutral, PublicKeyToken=null]]'.
2026-08-25 12:08:51.472 +05:30 [INF] Executed action LoanDeductionPrediction.API.Controllers.RepaymentScheduleController.RecordPayment (LoanDeductionPrediction.API) in 98.5843ms
2026-08-25 12:08:51.475 +05:30 [INF] Executed endpoint 'LoanDeductionPrediction.API.Controllers.RepaymentScheduleController.RecordPayment (LoanDeductionPrediction.API)'
2026-08-25 12:08:51.477 +05:30 [INF] HTTP PUT /api/RepaymentSchedule/170/payment responded 200 in 120.9108 ms
2026-08-25 12:08:51.481 +05:30 [INF] Request finished HTTP/1.1 PUT http://localhost:5082/api/RepaymentSchedule/170/payment - 200 null application/json; charset=utf-8 189.3308ms
2026-08-25 12:09:23.051 +05:30 [INF] Request starting HTTP/1.1 PUT http://localhost:5082/api/RepaymentSchedule/171/payment - application/json 59
2026-08-25 12:09:23.170 +05:30 [INF] CORS policy execution successful.
2026-08-25 12:09:23.185 +05:30 [INF] Executing endpoint 'LoanDeductionPrediction.API.Controllers.RepaymentScheduleController.RecordPayment (LoanDeductionPrediction.API)'
2026-08-25 12:09:23.221 +05:30 [INF] Route matched with {action = "RecordPayment", controller = "RepaymentSchedule"}. Executing controller action with signature System.Threading.Tasks.Task`1[Microsoft.AspNetCore.Mvc.IActionResult] RecordPayment(Int32, LoanDeductionPrediction.Models.DTOs.RecordPaymentRequest) on controller LoanDeductionPrediction.API.Controllers.RepaymentScheduleController (LoanDeductionPrediction.API).
2026-08-25 12:09:23.290 +05:30 [INF] Executed DbCommand (27ms) [Parameters=[@scheduleId='?' (DbType = Int32)], CommandType='"Text"', CommandTimeout='30']
SELECT TOP(1) [r].[ScheduleId], [r].[DueDate], [r].[EMIAmount], [r].[InstallmentNumber], [r].[InterestAmount], [r].[LoanId], [r].[PaidAmount], [r].[PaidDate], [r].[PrincipalAmount], [r].[Status]
FROM [RepaymentSchedules] AS [r]
WHERE [r].[ScheduleId] = @scheduleId
2026-08-25 12:09:23.302 +05:30 [INF] Executed DbCommand (4ms) [Parameters=[@loanId='?' (DbType = Int32)], CommandType='"Text"', CommandTimeout='30']
SELECT TOP(1) [l].[LoanId], [l].[BorrowerId], [l].[CreatedAt], [l].[EMIAmount], [l].[EndDate], [l].[InterestRate], [l].[LoanOfficerId], [l].[OutstandingAmount], [l].[PrincipalAmount], [l].[StartDate], [l].[Status], [l].[TenureMonths]
FROM [LoanAccounts] AS [l]
WHERE [l].[LoanId] = @loanId
2026-08-25 12:09:23.310 +05:30 [INF] Executed DbCommand (1ms) [Parameters=[@scheduleId='?' (DbType = Int32)], CommandType='"Text"', CommandTimeout='30']
SELECT TOP(1) [r].[ScheduleId], [r].[DueDate], [r].[EMIAmount], [r].[InstallmentNumber], [r].[InterestAmount], [r].[LoanId], [r].[PaidAmount], [r].[PaidDate], [r].[PrincipalAmount], [r].[Status]
FROM [RepaymentSchedules] AS [r]
WHERE [r].[ScheduleId] = @scheduleId
2026-08-25 12:09:23.319 +05:30 [INF] Executed DbCommand (1ms) [Parameters=[@loanId='?' (DbType = Int32)], CommandType='"Text"', CommandTimeout='30']
SELECT TOP(1) [l].[LoanId], [l].[BorrowerId], [l].[CreatedAt], [l].[EMIAmount], [l].[EndDate], [l].[InterestRate], [l].[LoanOfficerId], [l].[OutstandingAmount], [l].[PrincipalAmount], [l].[StartDate], [l].[Status], [l].[TenureMonths]
FROM [LoanAccounts] AS [l]
WHERE [l].[LoanId] = @loanId
2026-08-25 12:09:23.333 +05:30 [INF] Executed DbCommand (4ms) [Parameters=[@scheduleId='?' (DbType = Int32)], CommandType='"Text"', CommandTimeout='30']
SELECT TOP(1) [p].[BehaviorLogId], [p].[BorrowerId], [p].[DaysLate], [p].[DueDate], [p].[LoanId], [p].[PaymentDate], [p].[PaymentStatus], [p].[RecordedAt], [p].[ScheduleId]
FROM [PaymentBehaviorLogs] AS [p]
WHERE [p].[ScheduleId] = @scheduleId
2026-08-25 12:09:23.342 +05:30 [WRN] Savepoints are disabled because Multiple Active Result Sets (MARS) is enabled. If 'SaveChanges' fails, then the transaction cannot be automatically rolled back to a known clean state. Instead, the transaction should be rolled back by the application before retrying 'SaveChanges'. See https://go.microsoft.com/fwlink/?linkid=2149338 for more information and examples. To identify the code which triggers this warning, call 'ConfigureWarnings(w => w.Throw(SqlServerEventId.SavepointsDisabledBecauseOfMARS))'.
2026-08-25 12:09:23.365 +05:30 [INF] Executed DbCommand (18ms) [Parameters=[@p11='?' (DbType = Int32), @p0='?' (DbType = Int32), @p1='?' (DbType = DateTime2), @p2='?' (Precision = 18) (Scale = 2) (DbType = Decimal), @p3='?' (DbType = Date), @p4='?' (Precision = 5) (Scale = 2) (DbType = Decimal), @p5='?' (DbType = Int32), @p6='?' (Precision = 18) (Scale = 2) (DbType = Decimal), @p7='?' (Precision = 18) (Scale = 2) (DbType = Decimal), @p8='?' (DbType = Date), @p9='?' (Size = 30), @p10='?' (DbType = Int32), @p12='?' (DbType = Int32), @p13='?' (DbType = Int32), @p14='?' (DbType = Date), @p15='?' (DbType = Int32), @p16='?' (DbType = Date), @p17='?' (Size = 30), @p18='?' (DbType = DateTime2), @p19='?' (DbType = Int32), @p29='?' (DbType = Int32), @p20='?' (DbType = Date), @p21='?' (Precision = 18) (Scale = 2) (DbType = Decimal), @p22='?' (DbType = Int32), @p23='?' (Precision = 18) (Scale = 2) (DbType = Decimal), @p24='?' (DbType = Int32), @p25='?' (Precision = 18) (Scale = 2) (DbType = Decimal), @p26='?' (DbType = Date), @p27='?' (Precision = 18) (Scale = 2) (DbType = Decimal), @p28='?' (Size = 30)], CommandType='"Text"', CommandTimeout='30']
SET NOCOUNT ON;
UPDATE [LoanAccounts] SET [BorrowerId] = @p0, [CreatedAt] = @p1, [EMIAmount] = @p2, [EndDate] = @p3, [InterestRate] = @p4, [LoanOfficerId] = @p5, [OutstandingAmount] = @p6, [PrincipalAmount] = @p7, [StartDate] = @p8, [Status] = @p9, [TenureMonths] = @p10
OUTPUT 1
WHERE [LoanId] = @p11;
INSERT INTO [PaymentBehaviorLogs] ([BorrowerId], [DaysLate], [DueDate], [LoanId], [PaymentDate], [PaymentStatus], [RecordedAt], [ScheduleId])
OUTPUT INSERTED.[BehaviorLogId]
VALUES (@p12, @p13, @p14, @p15, @p16, @p17, @p18, @p19);
UPDATE [RepaymentSchedules] SET [DueDate] = @p20, [EMIAmount] = @p21, [InstallmentNumber] = @p22, [InterestAmount] = @p23, [LoanId] = @p24, [PaidAmount] = @p25, [PaidDate] = @p26, [PrincipalAmount] = @p27, [Status] = @p28
OUTPUT 1
WHERE [ScheduleId] = @p29;
2026-08-25 12:09:23.401 +05:30 [INF] Executing OkObjectResult, writing value of type '<>f__AnonymousType12`2[[System.String, System.Private.CoreLib, Version=10.0.0.0, Culture=neutral, PublicKeyToken=7cec85d7bea7798e],[LoanDeductionPrediction.Models.DTOs.RepaymentScheduleDto, LoanDeductionPrediction.Models, Version=1.0.0.0, Culture=neutral, PublicKeyToken=null]]'.
2026-08-25 12:09:23.404 +05:30 [INF] Executed action LoanDeductionPrediction.API.Controllers.RepaymentScheduleController.RecordPayment (LoanDeductionPrediction.API) in 147.0282ms
2026-08-25 12:09:23.418 +05:30 [INF] Executed endpoint 'LoanDeductionPrediction.API.Controllers.RepaymentScheduleController.RecordPayment (LoanDeductionPrediction.API)'
2026-08-25 12:09:23.446 +05:30 [INF] HTTP PUT /api/RepaymentSchedule/171/payment responded 200 in 276.1372 ms
2026-08-25 12:09:23.861 +05:30 [INF] Request finished HTTP/1.1 PUT http://localhost:5082/api/RepaymentSchedule/171/payment - 200 null application/json; charset=utf-8 809.719ms
2026-08-25 12:09:40.625 +05:30 [INF] Request starting HTTP/1.1 PUT http://localhost:5082/api/RepaymentSchedule/172/payment - application/json 59
2026-08-25 12:09:40.669 +05:30 [INF] CORS policy execution successful.
2026-08-25 12:09:40.674 +05:30 [INF] Executing endpoint 'LoanDeductionPrediction.API.Controllers.RepaymentScheduleController.RecordPayment (LoanDeductionPrediction.API)'
2026-08-25 12:09:40.681 +05:30 [INF] Route matched with {action = "RecordPayment", controller = "RepaymentSchedule"}. Executing controller action with signature System.Threading.Tasks.Task`1[Microsoft.AspNetCore.Mvc.IActionResult] RecordPayment(Int32, LoanDeductionPrediction.Models.DTOs.RecordPaymentRequest) on controller LoanDeductionPrediction.API.Controllers.RepaymentScheduleController (LoanDeductionPrediction.API).
2026-08-25 12:09:40.689 +05:30 [INF] Executed DbCommand (1ms) [Parameters=[@scheduleId='?' (DbType = Int32)], CommandType='"Text"', CommandTimeout='30']
SELECT TOP(1) [r].[ScheduleId], [r].[DueDate], [r].[EMIAmount], [r].[InstallmentNumber], [r].[InterestAmount], [r].[LoanId], [r].[PaidAmount], [r].[PaidDate], [r].[PrincipalAmount], [r].[Status]
FROM [RepaymentSchedules] AS [r]
WHERE [r].[ScheduleId] = @scheduleId
2026-08-25 12:09:40.715 +05:30 [INF] Executed DbCommand (1ms) [Parameters=[@loanId='?' (DbType = Int32)], CommandType='"Text"', CommandTimeout='30']
SELECT TOP(1) [l].[LoanId], [l].[BorrowerId], [l].[CreatedAt], [l].[EMIAmount], [l].[EndDate], [l].[InterestRate], [l].[LoanOfficerId], [l].[OutstandingAmount], [l].[PrincipalAmount], [l].[StartDate], [l].[Status], [l].[TenureMonths]
FROM [LoanAccounts] AS [l]
WHERE [l].[LoanId] = @loanId
2026-08-25 12:09:40.725 +05:30 [INF] Executed DbCommand (1ms) [Parameters=[@scheduleId='?' (DbType = Int32)], CommandType='"Text"', CommandTimeout='30']
SELECT TOP(1) [r].[ScheduleId], [r].[DueDate], [r].[EMIAmount], [r].[InstallmentNumber], [r].[InterestAmount], [r].[LoanId], [r].[PaidAmount], [r].[PaidDate], [r].[PrincipalAmount], [r].[Status]
FROM [RepaymentSchedules] AS [r]
WHERE [r].[ScheduleId] = @scheduleId
2026-08-25 12:09:40.736 +05:30 [INF] Executed DbCommand (1ms) [Parameters=[@loanId='?' (DbType = Int32)], CommandType='"Text"', CommandTimeout='30']
SELECT TOP(1) [l].[LoanId], [l].[BorrowerId], [l].[CreatedAt], [l].[EMIAmount], [l].[EndDate], [l].[InterestRate], [l].[LoanOfficerId], [l].[OutstandingAmount], [l].[PrincipalAmount], [l].[StartDate], [l].[Status], [l].[TenureMonths]
FROM [LoanAccounts] AS [l]
WHERE [l].[LoanId] = @loanId
2026-08-25 12:09:40.747 +05:30 [INF] Executed DbCommand (1ms) [Parameters=[@scheduleId='?' (DbType = Int32)], CommandType='"Text"', CommandTimeout='30']
SELECT TOP(1) [p].[BehaviorLogId], [p].[BorrowerId], [p].[DaysLate], [p].[DueDate], [p].[LoanId], [p].[PaymentDate], [p].[PaymentStatus], [p].[RecordedAt], [p].[ScheduleId]
FROM [PaymentBehaviorLogs] AS [p]
WHERE [p].[ScheduleId] = @scheduleId
2026-08-25 12:09:40.753 +05:30 [WRN] Savepoints are disabled because Multiple Active Result Sets (MARS) is enabled. If 'SaveChanges' fails, then the transaction cannot be automatically rolled back to a known clean state. Instead, the transaction should be rolled back by the application before retrying 'SaveChanges'. See https://go.microsoft.com/fwlink/?linkid=2149338 for more information and examples. To identify the code which triggers this warning, call 'ConfigureWarnings(w => w.Throw(SqlServerEventId.SavepointsDisabledBecauseOfMARS))'.
2026-08-25 12:09:40.760 +05:30 [INF] Executed DbCommand (4ms) [Parameters=[@p11='?' (DbType = Int32), @p0='?' (DbType = Int32), @p1='?' (DbType = DateTime2), @p2='?' (Precision = 18) (Scale = 2) (DbType = Decimal), @p3='?' (DbType = Date), @p4='?' (Precision = 5) (Scale = 2) (DbType = Decimal), @p5='?' (DbType = Int32), @p6='?' (Precision = 18) (Scale = 2) (DbType = Decimal), @p7='?' (Precision = 18) (Scale = 2) (DbType = Decimal), @p8='?' (DbType = Date), @p9='?' (Size = 30), @p10='?' (DbType = Int32), @p12='?' (DbType = Int32), @p13='?' (DbType = Int32), @p14='?' (DbType = Date), @p15='?' (DbType = Int32), @p16='?' (DbType = Date), @p17='?' (Size = 30), @p18='?' (DbType = DateTime2), @p19='?' (DbType = Int32), @p29='?' (DbType = Int32), @p20='?' (DbType = Date), @p21='?' (Precision = 18) (Scale = 2) (DbType = Decimal), @p22='?' (DbType = Int32), @p23='?' (Precision = 18) (Scale = 2) (DbType = Decimal), @p24='?' (DbType = Int32), @p25='?' (Precision = 18) (Scale = 2) (DbType = Decimal), @p26='?' (DbType = Date), @p27='?' (Precision = 18) (Scale = 2) (DbType = Decimal), @p28='?' (Size = 30)], CommandType='"Text"', CommandTimeout='30']
SET NOCOUNT ON;
UPDATE [LoanAccounts] SET [BorrowerId] = @p0, [CreatedAt] = @p1, [EMIAmount] = @p2, [EndDate] = @p3, [InterestRate] = @p4, [LoanOfficerId] = @p5, [OutstandingAmount] = @p6, [PrincipalAmount] = @p7, [StartDate] = @p8, [Status] = @p9, [TenureMonths] = @p10
OUTPUT 1
WHERE [LoanId] = @p11;
INSERT INTO [PaymentBehaviorLogs] ([BorrowerId], [DaysLate], [DueDate], [LoanId], [PaymentDate], [PaymentStatus], [RecordedAt], [ScheduleId])
OUTPUT INSERTED.[BehaviorLogId]
VALUES (@p12, @p13, @p14, @p15, @p16, @p17, @p18, @p19);
UPDATE [RepaymentSchedules] SET [DueDate] = @p20, [EMIAmount] = @p21, [InstallmentNumber] = @p22, [InterestAmount] = @p23, [LoanId] = @p24, [PaidAmount] = @p25, [PaidDate] = @p26, [PrincipalAmount] = @p27, [Status] = @p28
OUTPUT 1
WHERE [ScheduleId] = @p29;
2026-08-25 12:09:40.774 +05:30 [INF] Executing OkObjectResult, writing value of type '<>f__AnonymousType12`2[[System.String, System.Private.CoreLib, Version=10.0.0.0, Culture=neutral, PublicKeyToken=7cec85d7bea7798e],[LoanDeductionPrediction.Models.DTOs.RepaymentScheduleDto, LoanDeductionPrediction.Models, Version=1.0.0.0, Culture=neutral, PublicKeyToken=null]]'.
2026-08-25 12:09:40.778 +05:30 [INF] Executed action LoanDeductionPrediction.API.Controllers.RepaymentScheduleController.RecordPayment (LoanDeductionPrediction.API) in 93.0103ms
2026-08-25 12:09:40.783 +05:30 [INF] Executed endpoint 'LoanDeductionPrediction.API.Controllers.RepaymentScheduleController.RecordPayment (LoanDeductionPrediction.API)'
2026-08-25 12:09:40.786 +05:30 [INF] HTTP PUT /api/RepaymentSchedule/172/payment responded 200 in 116.7700 ms
2026-08-25 12:09:40.792 +05:30 [INF] Request finished HTTP/1.1 PUT http://localhost:5082/api/RepaymentSchedule/172/payment - 200 null application/json; charset=utf-8 166.9655ms
2026-08-25 12:09:49.854 +05:30 [INF] Request starting HTTP/1.1 PUT http://localhost:5082/api/RepaymentSchedule/173/payment - application/json 59
2026-08-25 12:09:49.873 +05:30 [INF] CORS policy execution successful.
2026-08-25 12:09:49.875 +05:30 [INF] Executing endpoint 'LoanDeductionPrediction.API.Controllers.RepaymentScheduleController.RecordPayment (LoanDeductionPrediction.API)'
2026-08-25 12:09:49.881 +05:30 [INF] Route matched with {action = "RecordPayment", controller = "RepaymentSchedule"}. Executing controller action with signature System.Threading.Tasks.Task`1[Microsoft.AspNetCore.Mvc.IActionResult] RecordPayment(Int32, LoanDeductionPrediction.Models.DTOs.RecordPaymentRequest) on controller LoanDeductionPrediction.API.Controllers.RepaymentScheduleController (LoanDeductionPrediction.API).
2026-08-25 12:09:49.892 +05:30 [INF] Executed DbCommand (1ms) [Parameters=[@scheduleId='?' (DbType = Int32)], CommandType='"Text"', CommandTimeout='30']
SELECT TOP(1) [r].[ScheduleId], [r].[DueDate], [r].[EMIAmount], [r].[InstallmentNumber], [r].[InterestAmount], [r].[LoanId], [r].[PaidAmount], [r].[PaidDate], [r].[PrincipalAmount], [r].[Status]
FROM [RepaymentSchedules] AS [r]
WHERE [r].[ScheduleId] = @scheduleId
2026-08-25 12:09:49.901 +05:30 [INF] Executed DbCommand (1ms) [Parameters=[@loanId='?' (DbType = Int32)], CommandType='"Text"', CommandTimeout='30']
SELECT TOP(1) [l].[LoanId], [l].[BorrowerId], [l].[CreatedAt], [l].[EMIAmount], [l].[EndDate], [l].[InterestRate], [l].[LoanOfficerId], [l].[OutstandingAmount], [l].[PrincipalAmount], [l].[StartDate], [l].[Status], [l].[TenureMonths]
FROM [LoanAccounts] AS [l]
WHERE [l].[LoanId] = @loanId
2026-08-25 12:09:49.907 +05:30 [INF] Executed DbCommand (1ms) [Parameters=[@scheduleId='?' (DbType = Int32)], CommandType='"Text"', CommandTimeout='30']
SELECT TOP(1) [r].[ScheduleId], [r].[DueDate], [r].[EMIAmount], [r].[InstallmentNumber], [r].[InterestAmount], [r].[LoanId], [r].[PaidAmount], [r].[PaidDate], [r].[PrincipalAmount], [r].[Status]
FROM [RepaymentSchedules] AS [r]
WHERE [r].[ScheduleId] = @scheduleId
2026-08-25 12:09:49.916 +05:30 [INF] Executed DbCommand (1ms) [Parameters=[@loanId='?' (DbType = Int32)], CommandType='"Text"', CommandTimeout='30']
SELECT TOP(1) [l].[LoanId], [l].[BorrowerId], [l].[CreatedAt], [l].[EMIAmount], [l].[EndDate], [l].[InterestRate], [l].[LoanOfficerId], [l].[OutstandingAmount], [l].[PrincipalAmount], [l].[StartDate], [l].[Status], [l].[TenureMonths]
FROM [LoanAccounts] AS [l]
WHERE [l].[LoanId] = @loanId
2026-08-25 12:09:49.924 +05:30 [INF] Executed DbCommand (1ms) [Parameters=[@scheduleId='?' (DbType = Int32)], CommandType='"Text"', CommandTimeout='30']
SELECT TOP(1) [p].[BehaviorLogId], [p].[BorrowerId], [p].[DaysLate], [p].[DueDate], [p].[LoanId], [p].[PaymentDate], [p].[PaymentStatus], [p].[RecordedAt], [p].[ScheduleId]
FROM [PaymentBehaviorLogs] AS [p]
WHERE [p].[ScheduleId] = @scheduleId
2026-08-25 12:09:49.933 +05:30 [WRN] Savepoints are disabled because Multiple Active Result Sets (MARS) is enabled. If 'SaveChanges' fails, then the transaction cannot be automatically rolled back to a known clean state. Instead, the transaction should be rolled back by the application before retrying 'SaveChanges'. See https://go.microsoft.com/fwlink/?linkid=2149338 for more information and examples. To identify the code which triggers this warning, call 'ConfigureWarnings(w => w.Throw(SqlServerEventId.SavepointsDisabledBecauseOfMARS))'.
2026-08-25 12:09:49.967 +05:30 [INF] Executed DbCommand (32ms) [Parameters=[@p11='?' (DbType = Int32), @p0='?' (DbType = Int32), @p1='?' (DbType = DateTime2), @p2='?' (Precision = 18) (Scale = 2) (DbType = Decimal), @p3='?' (DbType = Date), @p4='?' (Precision = 5) (Scale = 2) (DbType = Decimal), @p5='?' (DbType = Int32), @p6='?' (Precision = 18) (Scale = 2) (DbType = Decimal), @p7='?' (Precision = 18) (Scale = 2) (DbType = Decimal), @p8='?' (DbType = Date), @p9='?' (Size = 30), @p10='?' (DbType = Int32), @p12='?' (DbType = Int32), @p13='?' (DbType = Int32), @p14='?' (DbType = Date), @p15='?' (DbType = Int32), @p16='?' (DbType = Date), @p17='?' (Size = 30), @p18='?' (DbType = DateTime2), @p19='?' (DbType = Int32), @p29='?' (DbType = Int32), @p20='?' (DbType = Date), @p21='?' (Precision = 18) (Scale = 2) (DbType = Decimal), @p22='?' (DbType = Int32), @p23='?' (Precision = 18) (Scale = 2) (DbType = Decimal), @p24='?' (DbType = Int32), @p25='?' (Precision = 18) (Scale = 2) (DbType = Decimal), @p26='?' (DbType = Date), @p27='?' (Precision = 18) (Scale = 2) (DbType = Decimal), @p28='?' (Size = 30)], CommandType='"Text"', CommandTimeout='30']
SET NOCOUNT ON;
UPDATE [LoanAccounts] SET [BorrowerId] = @p0, [CreatedAt] = @p1, [EMIAmount] = @p2, [EndDate] = @p3, [InterestRate] = @p4, [LoanOfficerId] = @p5, [OutstandingAmount] = @p6, [PrincipalAmount] = @p7, [StartDate] = @p8, [Status] = @p9, [TenureMonths] = @p10
OUTPUT 1
WHERE [LoanId] = @p11;
INSERT INTO [PaymentBehaviorLogs] ([BorrowerId], [DaysLate], [DueDate], [LoanId], [PaymentDate], [PaymentStatus], [RecordedAt], [ScheduleId])
OUTPUT INSERTED.[BehaviorLogId]
VALUES (@p12, @p13, @p14, @p15, @p16, @p17, @p18, @p19);
UPDATE [RepaymentSchedules] SET [DueDate] = @p20, [EMIAmount] = @p21, [InstallmentNumber] = @p22, [InterestAmount] = @p23, [LoanId] = @p24, [PaidAmount] = @p25, [PaidDate] = @p26, [PrincipalAmount] = @p27, [Status] = @p28
OUTPUT 1
WHERE [ScheduleId] = @p29;
2026-08-25 12:09:49.975 +05:30 [INF] Executing OkObjectResult, writing value of type '<>f__AnonymousType12`2[[System.String, System.Private.CoreLib, Version=10.0.0.0, Culture=neutral, PublicKeyToken=7cec85d7bea7798e],[LoanDeductionPrediction.Models.DTOs.RepaymentScheduleDto, LoanDeductionPrediction.Models, Version=1.0.0.0, Culture=neutral, PublicKeyToken=null]]'.
2026-08-25 12:09:49.979 +05:30 [INF] Executed action LoanDeductionPrediction.API.Controllers.RepaymentScheduleController.RecordPayment (LoanDeductionPrediction.API) in 91.4043ms
2026-08-25 12:09:49.983 +05:30 [INF] Executed endpoint 'LoanDeductionPrediction.API.Controllers.RepaymentScheduleController.RecordPayment (LoanDeductionPrediction.API)'
2026-08-25 12:09:49.986 +05:30 [INF] HTTP PUT /api/RepaymentSchedule/173/payment responded 200 in 113.1669 ms
2026-08-25 12:09:49.991 +05:30 [INF] Request finished HTTP/1.1 PUT http://localhost:5082/api/RepaymentSchedule/173/payment - 200 null application/json; charset=utf-8 137.6421ms
2026-08-25 12:10:10.062 +05:30 [INF] Request starting HTTP/1.1 PUT http://localhost:5082/api/RepaymentSchedule/174/payment - application/json 59
2026-08-25 12:10:10.136 +05:30 [INF] CORS policy execution successful.
2026-08-25 12:10:10.164 +05:30 [INF] Executing endpoint 'LoanDeductionPrediction.API.Controllers.RepaymentScheduleController.RecordPayment (LoanDeductionPrediction.API)'
2026-08-25 12:10:10.191 +05:30 [INF] Route matched with {action = "RecordPayment", controller = "RepaymentSchedule"}. Executing controller action with signature System.Threading.Tasks.Task`1[Microsoft.AspNetCore.Mvc.IActionResult] RecordPayment(Int32, LoanDeductionPrediction.Models.DTOs.RecordPaymentRequest) on controller LoanDeductionPrediction.API.Controllers.RepaymentScheduleController (LoanDeductionPrediction.API).
2026-08-25 12:10:10.224 +05:30 [INF] Executed DbCommand (1ms) [Parameters=[@scheduleId='?' (DbType = Int32)], CommandType='"Text"', CommandTimeout='30']
SELECT TOP(1) [r].[ScheduleId], [r].[DueDate], [r].[EMIAmount], [r].[InstallmentNumber], [r].[InterestAmount], [r].[LoanId], [r].[PaidAmount], [r].[PaidDate], [r].[PrincipalAmount], [r].[Status]
FROM [RepaymentSchedules] AS [r]
WHERE [r].[ScheduleId] = @scheduleId
2026-08-25 12:10:10.246 +05:30 [INF] Executed DbCommand (3ms) [Parameters=[@loanId='?' (DbType = Int32)], CommandType='"Text"', CommandTimeout='30']
SELECT TOP(1) [l].[LoanId], [l].[BorrowerId], [l].[CreatedAt], [l].[EMIAmount], [l].[EndDate], [l].[InterestRate], [l].[LoanOfficerId], [l].[OutstandingAmount], [l].[PrincipalAmount], [l].[StartDate], [l].[Status], [l].[TenureMonths]
FROM [LoanAccounts] AS [l]
WHERE [l].[LoanId] = @loanId
2026-08-25 12:10:10.285 +05:30 [INF] Executed DbCommand (26ms) [Parameters=[@scheduleId='?' (DbType = Int32)], CommandType='"Text"', CommandTimeout='30']
SELECT TOP(1) [r].[ScheduleId], [r].[DueDate], [r].[EMIAmount], [r].[InstallmentNumber], [r].[InterestAmount], [r].[LoanId], [r].[PaidAmount], [r].[PaidDate], [r].[PrincipalAmount], [r].[Status]
FROM [RepaymentSchedules] AS [r]
WHERE [r].[ScheduleId] = @scheduleId
2026-08-25 12:10:10.302 +05:30 [INF] Executed DbCommand (1ms) [Parameters=[@loanId='?' (DbType = Int32)], CommandType='"Text"', CommandTimeout='30']
SELECT TOP(1) [l].[LoanId], [l].[BorrowerId], [l].[CreatedAt], [l].[EMIAmount], [l].[EndDate], [l].[InterestRate], [l].[LoanOfficerId], [l].[OutstandingAmount], [l].[PrincipalAmount], [l].[StartDate], [l].[Status], [l].[TenureMonths]
FROM [LoanAccounts] AS [l]
WHERE [l].[LoanId] = @loanId
2026-08-25 12:10:10.322 +05:30 [INF] Executed DbCommand (1ms) [Parameters=[@scheduleId='?' (DbType = Int32)], CommandType='"Text"', CommandTimeout='30']
SELECT TOP(1) [p].[BehaviorLogId], [p].[BorrowerId], [p].[DaysLate], [p].[DueDate], [p].[LoanId], [p].[PaymentDate], [p].[PaymentStatus], [p].[RecordedAt], [p].[ScheduleId]
FROM [PaymentBehaviorLogs] AS [p]
WHERE [p].[ScheduleId] = @scheduleId
2026-08-25 12:10:10.342 +05:30 [WRN] Savepoints are disabled because Multiple Active Result Sets (MARS) is enabled. If 'SaveChanges' fails, then the transaction cannot be automatically rolled back to a known clean state. Instead, the transaction should be rolled back by the application before retrying 'SaveChanges'. See https://go.microsoft.com/fwlink/?linkid=2149338 for more information and examples. To identify the code which triggers this warning, call 'ConfigureWarnings(w => w.Throw(SqlServerEventId.SavepointsDisabledBecauseOfMARS))'.
2026-08-25 12:10:10.355 +05:30 [INF] Executed DbCommand (3ms) [Parameters=[@p11='?' (DbType = Int32), @p0='?' (DbType = Int32), @p1='?' (DbType = DateTime2), @p2='?' (Precision = 18) (Scale = 2) (DbType = Decimal), @p3='?' (DbType = Date), @p4='?' (Precision = 5) (Scale = 2) (DbType = Decimal), @p5='?' (DbType = Int32), @p6='?' (Precision = 18) (Scale = 2) (DbType = Decimal), @p7='?' (Precision = 18) (Scale = 2) (DbType = Decimal), @p8='?' (DbType = Date), @p9='?' (Size = 30), @p10='?' (DbType = Int32), @p12='?' (DbType = Int32), @p13='?' (DbType = Int32), @p14='?' (DbType = Date), @p15='?' (DbType = Int32), @p16='?' (DbType = Date), @p17='?' (Size = 30), @p18='?' (DbType = DateTime2), @p19='?' (DbType = Int32), @p29='?' (DbType = Int32), @p20='?' (DbType = Date), @p21='?' (Precision = 18) (Scale = 2) (DbType = Decimal), @p22='?' (DbType = Int32), @p23='?' (Precision = 18) (Scale = 2) (DbType = Decimal), @p24='?' (DbType = Int32), @p25='?' (Precision = 18) (Scale = 2) (DbType = Decimal), @p26='?' (DbType = Date), @p27='?' (Precision = 18) (Scale = 2) (DbType = Decimal), @p28='?' (Size = 30)], CommandType='"Text"', CommandTimeout='30']
SET NOCOUNT ON;
UPDATE [LoanAccounts] SET [BorrowerId] = @p0, [CreatedAt] = @p1, [EMIAmount] = @p2, [EndDate] = @p3, [InterestRate] = @p4, [LoanOfficerId] = @p5, [OutstandingAmount] = @p6, [PrincipalAmount] = @p7, [StartDate] = @p8, [Status] = @p9, [TenureMonths] = @p10
OUTPUT 1
WHERE [LoanId] = @p11;
INSERT INTO [PaymentBehaviorLogs] ([BorrowerId], [DaysLate], [DueDate], [LoanId], [PaymentDate], [PaymentStatus], [RecordedAt], [ScheduleId])
OUTPUT INSERTED.[BehaviorLogId]
VALUES (@p12, @p13, @p14, @p15, @p16, @p17, @p18, @p19);
UPDATE [RepaymentSchedules] SET [DueDate] = @p20, [EMIAmount] = @p21, [InstallmentNumber] = @p22, [InterestAmount] = @p23, [LoanId] = @p24, [PaidAmount] = @p25, [PaidDate] = @p26, [PrincipalAmount] = @p27, [Status] = @p28
OUTPUT 1
WHERE [ScheduleId] = @p29;
2026-08-25 12:10:10.404 +05:30 [INF] Executing OkObjectResult, writing value of type '<>f__AnonymousType12`2[[System.String, System.Private.CoreLib, Version=10.0.0.0, Culture=neutral, PublicKeyToken=7cec85d7bea7798e],[LoanDeductionPrediction.Models.DTOs.RepaymentScheduleDto, LoanDeductionPrediction.Models, Version=1.0.0.0, Culture=neutral, PublicKeyToken=null]]'.
2026-08-25 12:10:10.410 +05:30 [INF] Executed action LoanDeductionPrediction.API.Controllers.RepaymentScheduleController.RecordPayment (LoanDeductionPrediction.API) in 190.0655ms
2026-08-25 12:10:10.420 +05:30 [INF] Executed endpoint 'LoanDeductionPrediction.API.Controllers.RepaymentScheduleController.RecordPayment (LoanDeductionPrediction.API)'
2026-08-25 12:10:10.425 +05:30 [INF] HTTP PUT /api/RepaymentSchedule/174/payment responded 200 in 289.4638 ms
2026-08-25 12:10:10.436 +05:30 [INF] Request finished HTTP/1.1 PUT http://localhost:5082/api/RepaymentSchedule/174/payment - 200 null application/json; charset=utf-8 373.5ms
2026-08-25 12:10:18.648 +05:30 [INF] Request starting HTTP/1.1 PUT http://localhost:5082/api/RepaymentSchedule/175/payment - application/json 59
2026-08-25 12:10:18.705 +05:30 [INF] CORS policy execution successful.
2026-08-25 12:10:18.709 +05:30 [INF] Executing endpoint 'LoanDeductionPrediction.API.Controllers.RepaymentScheduleController.RecordPayment (LoanDeductionPrediction.API)'
2026-08-25 12:10:18.750 +05:30 [INF] Route matched with {action = "RecordPayment", controller = "RepaymentSchedule"}. Executing controller action with signature System.Threading.Tasks.Task`1[Microsoft.AspNetCore.Mvc.IActionResult] RecordPayment(Int32, LoanDeductionPrediction.Models.DTOs.RecordPaymentRequest) on controller LoanDeductionPrediction.API.Controllers.RepaymentScheduleController (LoanDeductionPrediction.API).
2026-08-25 12:10:18.799 +05:30 [INF] Executed DbCommand (4ms) [Parameters=[@scheduleId='?' (DbType = Int32)], CommandType='"Text"', CommandTimeout='30']
SELECT TOP(1) [r].[ScheduleId], [r].[DueDate], [r].[EMIAmount], [r].[InstallmentNumber], [r].[InterestAmount], [r].[LoanId], [r].[PaidAmount], [r].[PaidDate], [r].[PrincipalAmount], [r].[Status]
FROM [RepaymentSchedules] AS [r]
WHERE [r].[ScheduleId] = @scheduleId
2026-08-25 12:10:18.915 +05:30 [INF] Executed DbCommand (1ms) [Parameters=[@loanId='?' (DbType = Int32)], CommandType='"Text"', CommandTimeout='30']
SELECT TOP(1) [l].[LoanId], [l].[BorrowerId], [l].[CreatedAt], [l].[EMIAmount], [l].[EndDate], [l].[InterestRate], [l].[LoanOfficerId], [l].[OutstandingAmount], [l].[PrincipalAmount], [l].[StartDate], [l].[Status], [l].[TenureMonths]
FROM [LoanAccounts] AS [l]
WHERE [l].[LoanId] = @loanId
2026-08-25 12:10:18.921 +05:30 [INF] Executed DbCommand (1ms) [Parameters=[@scheduleId='?' (DbType = Int32)], CommandType='"Text"', CommandTimeout='30']
SELECT TOP(1) [r].[ScheduleId], [r].[DueDate], [r].[EMIAmount], [r].[InstallmentNumber], [r].[InterestAmount], [r].[LoanId], [r].[PaidAmount], [r].[PaidDate], [r].[PrincipalAmount], [r].[Status]
FROM [RepaymentSchedules] AS [r]
WHERE [r].[ScheduleId] = @scheduleId
2026-08-25 12:10:18.931 +05:30 [INF] Executed DbCommand (1ms) [Parameters=[@loanId='?' (DbType = Int32)], CommandType='"Text"', CommandTimeout='30']
SELECT TOP(1) [l].[LoanId], [l].[BorrowerId], [l].[CreatedAt], [l].[EMIAmount], [l].[EndDate], [l].[InterestRate], [l].[LoanOfficerId], [l].[OutstandingAmount], [l].[PrincipalAmount], [l].[StartDate], [l].[Status], [l].[TenureMonths]
FROM [LoanAccounts] AS [l]
WHERE [l].[LoanId] = @loanId
2026-08-25 12:10:18.940 +05:30 [INF] Executed DbCommand (2ms) [Parameters=[@scheduleId='?' (DbType = Int32)], CommandType='"Text"', CommandTimeout='30']
SELECT TOP(1) [p].[BehaviorLogId], [p].[BorrowerId], [p].[DaysLate], [p].[DueDate], [p].[LoanId], [p].[PaymentDate], [p].[PaymentStatus], [p].[RecordedAt], [p].[ScheduleId]
FROM [PaymentBehaviorLogs] AS [p]
WHERE [p].[ScheduleId] = @scheduleId
2026-08-25 12:10:18.949 +05:30 [WRN] Savepoints are disabled because Multiple Active Result Sets (MARS) is enabled. If 'SaveChanges' fails, then the transaction cannot be automatically rolled back to a known clean state. Instead, the transaction should be rolled back by the application before retrying 'SaveChanges'. See https://go.microsoft.com/fwlink/?linkid=2149338 for more information and examples. To identify the code which triggers this warning, call 'ConfigureWarnings(w => w.Throw(SqlServerEventId.SavepointsDisabledBecauseOfMARS))'.
2026-08-25 12:10:18.956 +05:30 [INF] Executed DbCommand (2ms) [Parameters=[@p11='?' (DbType = Int32), @p0='?' (DbType = Int32), @p1='?' (DbType = DateTime2), @p2='?' (Precision = 18) (Scale = 2) (DbType = Decimal), @p3='?' (DbType = Date), @p4='?' (Precision = 5) (Scale = 2) (DbType = Decimal), @p5='?' (DbType = Int32), @p6='?' (Precision = 18) (Scale = 2) (DbType = Decimal), @p7='?' (Precision = 18) (Scale = 2) (DbType = Decimal), @p8='?' (DbType = Date), @p9='?' (Size = 30), @p10='?' (DbType = Int32), @p12='?' (DbType = Int32), @p13='?' (DbType = Int32), @p14='?' (DbType = Date), @p15='?' (DbType = Int32), @p16='?' (DbType = Date), @p17='?' (Size = 30), @p18='?' (DbType = DateTime2), @p19='?' (DbType = Int32), @p29='?' (DbType = Int32), @p20='?' (DbType = Date), @p21='?' (Precision = 18) (Scale = 2) (DbType = Decimal), @p22='?' (DbType = Int32), @p23='?' (Precision = 18) (Scale = 2) (DbType = Decimal), @p24='?' (DbType = Int32), @p25='?' (Precision = 18) (Scale = 2) (DbType = Decimal), @p26='?' (DbType = Date), @p27='?' (Precision = 18) (Scale = 2) (DbType = Decimal), @p28='?' (Size = 30)], CommandType='"Text"', CommandTimeout='30']
SET NOCOUNT ON;
UPDATE [LoanAccounts] SET [BorrowerId] = @p0, [CreatedAt] = @p1, [EMIAmount] = @p2, [EndDate] = @p3, [InterestRate] = @p4, [LoanOfficerId] = @p5, [OutstandingAmount] = @p6, [PrincipalAmount] = @p7, [StartDate] = @p8, [Status] = @p9, [TenureMonths] = @p10
OUTPUT 1
WHERE [LoanId] = @p11;
INSERT INTO [PaymentBehaviorLogs] ([BorrowerId], [DaysLate], [DueDate], [LoanId], [PaymentDate], [PaymentStatus], [RecordedAt], [ScheduleId])
OUTPUT INSERTED.[BehaviorLogId]
VALUES (@p12, @p13, @p14, @p15, @p16, @p17, @p18, @p19);
UPDATE [RepaymentSchedules] SET [DueDate] = @p20, [EMIAmount] = @p21, [InstallmentNumber] = @p22, [InterestAmount] = @p23, [LoanId] = @p24, [PaidAmount] = @p25, [PaidDate] = @p26, [PrincipalAmount] = @p27, [Status] = @p28
OUTPUT 1
WHERE [ScheduleId] = @p29;
2026-08-25 12:10:18.967 +05:30 [INF] Executing OkObjectResult, writing value of type '<>f__AnonymousType12`2[[System.String, System.Private.CoreLib, Version=10.0.0.0, Culture=neutral, PublicKeyToken=7cec85d7bea7798e],[LoanDeductionPrediction.Models.DTOs.RepaymentScheduleDto, LoanDeductionPrediction.Models, Version=1.0.0.0, Culture=neutral, PublicKeyToken=null]]'.
2026-08-25 12:10:18.971 +05:30 [INF] Executed action LoanDeductionPrediction.API.Controllers.RepaymentScheduleController.RecordPayment (LoanDeductionPrediction.API) in 178.9545ms
2026-08-25 12:10:18.974 +05:30 [INF] Executed endpoint 'LoanDeductionPrediction.API.Controllers.RepaymentScheduleController.RecordPayment (LoanDeductionPrediction.API)'
2026-08-25 12:10:18.981 +05:30 [INF] HTTP PUT /api/RepaymentSchedule/175/payment responded 200 in 276.8730 ms
2026-08-25 12:10:18.985 +05:30 [INF] Request finished HTTP/1.1 PUT http://localhost:5082/api/RepaymentSchedule/175/payment - 200 null application/json; charset=utf-8 337.3131ms
2026-08-25 12:10:25.691 +05:30 [INF] Request starting HTTP/1.1 PUT http://localhost:5082/api/RepaymentSchedule/176/payment - application/json 59
2026-08-25 12:10:25.717 +05:30 [INF] CORS policy execution successful.
2026-08-25 12:10:25.719 +05:30 [INF] Executing endpoint 'LoanDeductionPrediction.API.Controllers.RepaymentScheduleController.RecordPayment (LoanDeductionPrediction.API)'
2026-08-25 12:10:25.722 +05:30 [INF] Route matched with {action = "RecordPayment", controller = "RepaymentSchedule"}. Executing controller action with signature System.Threading.Tasks.Task`1[Microsoft.AspNetCore.Mvc.IActionResult] RecordPayment(Int32, LoanDeductionPrediction.Models.DTOs.RecordPaymentRequest) on controller LoanDeductionPrediction.API.Controllers.RepaymentScheduleController (LoanDeductionPrediction.API).
2026-08-25 12:10:25.774 +05:30 [INF] Executed DbCommand (45ms) [Parameters=[@scheduleId='?' (DbType = Int32)], CommandType='"Text"', CommandTimeout='30']
SELECT TOP(1) [r].[ScheduleId], [r].[DueDate], [r].[EMIAmount], [r].[InstallmentNumber], [r].[InterestAmount], [r].[LoanId], [r].[PaidAmount], [r].[PaidDate], [r].[PrincipalAmount], [r].[Status]
FROM [RepaymentSchedules] AS [r]
WHERE [r].[ScheduleId] = @scheduleId
2026-08-25 12:10:25.787 +05:30 [INF] Executed DbCommand (5ms) [Parameters=[@loanId='?' (DbType = Int32)], CommandType='"Text"', CommandTimeout='30']
SELECT TOP(1) [l].[LoanId], [l].[BorrowerId], [l].[CreatedAt], [l].[EMIAmount], [l].[EndDate], [l].[InterestRate], [l].[LoanOfficerId], [l].[OutstandingAmount], [l].[PrincipalAmount], [l].[StartDate], [l].[Status], [l].[TenureMonths]
FROM [LoanAccounts] AS [l]
WHERE [l].[LoanId] = @loanId
2026-08-25 12:10:25.797 +05:30 [INF] Executed DbCommand (1ms) [Parameters=[@scheduleId='?' (DbType = Int32)], CommandType='"Text"', CommandTimeout='30']
SELECT TOP(1) [r].[ScheduleId], [r].[DueDate], [r].[EMIAmount], [r].[InstallmentNumber], [r].[InterestAmount], [r].[LoanId], [r].[PaidAmount], [r].[PaidDate], [r].[PrincipalAmount], [r].[Status]
FROM [RepaymentSchedules] AS [r]
WHERE [r].[ScheduleId] = @scheduleId
2026-08-25 12:10:25.802 +05:30 [INF] Executed DbCommand (1ms) [Parameters=[@loanId='?' (DbType = Int32)], CommandType='"Text"', CommandTimeout='30']
SELECT TOP(1) [l].[LoanId], [l].[BorrowerId], [l].[CreatedAt], [l].[EMIAmount], [l].[EndDate], [l].[InterestRate], [l].[LoanOfficerId], [l].[OutstandingAmount], [l].[PrincipalAmount], [l].[StartDate], [l].[Status], [l].[TenureMonths]
FROM [LoanAccounts] AS [l]
WHERE [l].[LoanId] = @loanId
2026-08-25 12:10:25.811 +05:30 [INF] Executed DbCommand (4ms) [Parameters=[@scheduleId='?' (DbType = Int32)], CommandType='"Text"', CommandTimeout='30']
SELECT TOP(1) [p].[BehaviorLogId], [p].[BorrowerId], [p].[DaysLate], [p].[DueDate], [p].[LoanId], [p].[PaymentDate], [p].[PaymentStatus], [p].[RecordedAt], [p].[ScheduleId]
FROM [PaymentBehaviorLogs] AS [p]
WHERE [p].[ScheduleId] = @scheduleId
2026-08-25 12:10:25.817 +05:30 [WRN] Savepoints are disabled because Multiple Active Result Sets (MARS) is enabled. If 'SaveChanges' fails, then the transaction cannot be automatically rolled back to a known clean state. Instead, the transaction should be rolled back by the application before retrying 'SaveChanges'. See https://go.microsoft.com/fwlink/?linkid=2149338 for more information and examples. To identify the code which triggers this warning, call 'ConfigureWarnings(w => w.Throw(SqlServerEventId.SavepointsDisabledBecauseOfMARS))'.
2026-08-25 12:10:25.834 +05:30 [INF] Executed DbCommand (15ms) [Parameters=[@p11='?' (DbType = Int32), @p0='?' (DbType = Int32), @p1='?' (DbType = DateTime2), @p2='?' (Precision = 18) (Scale = 2) (DbType = Decimal), @p3='?' (DbType = Date), @p4='?' (Precision = 5) (Scale = 2) (DbType = Decimal), @p5='?' (DbType = Int32), @p6='?' (Precision = 18) (Scale = 2) (DbType = Decimal), @p7='?' (Precision = 18) (Scale = 2) (DbType = Decimal), @p8='?' (DbType = Date), @p9='?' (Size = 30), @p10='?' (DbType = Int32), @p12='?' (DbType = Int32), @p13='?' (DbType = Int32), @p14='?' (DbType = Date), @p15='?' (DbType = Int32), @p16='?' (DbType = Date), @p17='?' (Size = 30), @p18='?' (DbType = DateTime2), @p19='?' (DbType = Int32), @p29='?' (DbType = Int32), @p20='?' (DbType = Date), @p21='?' (Precision = 18) (Scale = 2) (DbType = Decimal), @p22='?' (DbType = Int32), @p23='?' (Precision = 18) (Scale = 2) (DbType = Decimal), @p24='?' (DbType = Int32), @p25='?' (Precision = 18) (Scale = 2) (DbType = Decimal), @p26='?' (DbType = Date), @p27='?' (Precision = 18) (Scale = 2) (DbType = Decimal), @p28='?' (Size = 30)], CommandType='"Text"', CommandTimeout='30']
SET NOCOUNT ON;
UPDATE [LoanAccounts] SET [BorrowerId] = @p0, [CreatedAt] = @p1, [EMIAmount] = @p2, [EndDate] = @p3, [InterestRate] = @p4, [LoanOfficerId] = @p5, [OutstandingAmount] = @p6, [PrincipalAmount] = @p7, [StartDate] = @p8, [Status] = @p9, [TenureMonths] = @p10
OUTPUT 1
WHERE [LoanId] = @p11;
INSERT INTO [PaymentBehaviorLogs] ([BorrowerId], [DaysLate], [DueDate], [LoanId], [PaymentDate], [PaymentStatus], [RecordedAt], [ScheduleId])
OUTPUT INSERTED.[BehaviorLogId]
VALUES (@p12, @p13, @p14, @p15, @p16, @p17, @p18, @p19);
UPDATE [RepaymentSchedules] SET [DueDate] = @p20, [EMIAmount] = @p21, [InstallmentNumber] = @p22, [InterestAmount] = @p23, [LoanId] = @p24, [PaidAmount] = @p25, [PaidDate] = @p26, [PrincipalAmount] = @p27, [Status] = @p28
OUTPUT 1
WHERE [ScheduleId] = @p29;
2026-08-25 12:10:25.841 +05:30 [INF] Executing OkObjectResult, writing value of type '<>f__AnonymousType12`2[[System.String, System.Private.CoreLib, Version=10.0.0.0, Culture=neutral, PublicKeyToken=7cec85d7bea7798e],[LoanDeductionPrediction.Models.DTOs.RepaymentScheduleDto, LoanDeductionPrediction.Models, Version=1.0.0.0, Culture=neutral, PublicKeyToken=null]]'.
2026-08-25 12:10:25.848 +05:30 [INF] Executed action LoanDeductionPrediction.API.Controllers.RepaymentScheduleController.RecordPayment (LoanDeductionPrediction.API) in 120.9201ms
2026-08-25 12:10:25.857 +05:30 [INF] Executed endpoint 'LoanDeductionPrediction.API.Controllers.RepaymentScheduleController.RecordPayment (LoanDeductionPrediction.API)'
2026-08-25 12:10:25.862 +05:30 [INF] HTTP PUT /api/RepaymentSchedule/176/payment responded 200 in 144.6549 ms
2026-08-25 12:10:25.865 +05:30 [INF] Request finished HTTP/1.1 PUT http://localhost:5082/api/RepaymentSchedule/176/payment - 200 null application/json; charset=utf-8 174.0009ms
2026-08-25 12:10:33.271 +05:30 [INF] Request starting HTTP/1.1 PUT http://localhost:5082/api/RepaymentSchedule/177/payment - application/json 59
2026-08-25 12:10:33.298 +05:30 [INF] CORS policy execution successful.
2026-08-25 12:10:33.301 +05:30 [INF] Executing endpoint 'LoanDeductionPrediction.API.Controllers.RepaymentScheduleController.RecordPayment (LoanDeductionPrediction.API)'
2026-08-25 12:10:33.306 +05:30 [INF] Route matched with {action = "RecordPayment", controller = "RepaymentSchedule"}. Executing controller action with signature System.Threading.Tasks.Task`1[Microsoft.AspNetCore.Mvc.IActionResult] RecordPayment(Int32, LoanDeductionPrediction.Models.DTOs.RecordPaymentRequest) on controller LoanDeductionPrediction.API.Controllers.RepaymentScheduleController (LoanDeductionPrediction.API).
2026-08-25 12:10:33.319 +05:30 [INF] Executed DbCommand (1ms) [Parameters=[@scheduleId='?' (DbType = Int32)], CommandType='"Text"', CommandTimeout='30']
SELECT TOP(1) [r].[ScheduleId], [r].[DueDate], [r].[EMIAmount], [r].[InstallmentNumber], [r].[InterestAmount], [r].[LoanId], [r].[PaidAmount], [r].[PaidDate], [r].[PrincipalAmount], [r].[Status]
FROM [RepaymentSchedules] AS [r]
WHERE [r].[ScheduleId] = @scheduleId
2026-08-25 12:10:33.329 +05:30 [INF] Executed DbCommand (3ms) [Parameters=[@loanId='?' (DbType = Int32)], CommandType='"Text"', CommandTimeout='30']
SELECT TOP(1) [l].[LoanId], [l].[BorrowerId], [l].[CreatedAt], [l].[EMIAmount], [l].[EndDate], [l].[InterestRate], [l].[LoanOfficerId], [l].[OutstandingAmount], [l].[PrincipalAmount], [l].[StartDate], [l].[Status], [l].[TenureMonths]
FROM [LoanAccounts] AS [l]
WHERE [l].[LoanId] = @loanId
2026-08-25 12:10:33.334 +05:30 [INF] Executed DbCommand (1ms) [Parameters=[@scheduleId='?' (DbType = Int32)], CommandType='"Text"', CommandTimeout='30']
SELECT TOP(1) [r].[ScheduleId], [r].[DueDate], [r].[EMIAmount], [r].[InstallmentNumber], [r].[InterestAmount], [r].[LoanId], [r].[PaidAmount], [r].[PaidDate], [r].[PrincipalAmount], [r].[Status]
FROM [RepaymentSchedules] AS [r]
WHERE [r].[ScheduleId] = @scheduleId
2026-08-25 12:10:33.341 +05:30 [INF] Executed DbCommand (1ms) [Parameters=[@loanId='?' (DbType = Int32)], CommandType='"Text"', CommandTimeout='30']
SELECT TOP(1) [l].[LoanId], [l].[BorrowerId], [l].[CreatedAt], [l].[EMIAmount], [l].[EndDate], [l].[InterestRate], [l].[LoanOfficerId], [l].[OutstandingAmount], [l].[PrincipalAmount], [l].[StartDate], [l].[Status], [l].[TenureMonths]
FROM [LoanAccounts] AS [l]
WHERE [l].[LoanId] = @loanId
2026-08-25 12:10:33.352 +05:30 [INF] Executed DbCommand (1ms) [Parameters=[@scheduleId='?' (DbType = Int32)], CommandType='"Text"', CommandTimeout='30']
SELECT TOP(1) [p].[BehaviorLogId], [p].[BorrowerId], [p].[DaysLate], [p].[DueDate], [p].[LoanId], [p].[PaymentDate], [p].[PaymentStatus], [p].[RecordedAt], [p].[ScheduleId]
FROM [PaymentBehaviorLogs] AS [p]
WHERE [p].[ScheduleId] = @scheduleId
2026-08-25 12:10:33.357 +05:30 [WRN] Savepoints are disabled because Multiple Active Result Sets (MARS) is enabled. If 'SaveChanges' fails, then the transaction cannot be automatically rolled back to a known clean state. Instead, the transaction should be rolled back by the application before retrying 'SaveChanges'. See https://go.microsoft.com/fwlink/?linkid=2149338 for more information and examples. To identify the code which triggers this warning, call 'ConfigureWarnings(w => w.Throw(SqlServerEventId.SavepointsDisabledBecauseOfMARS))'.
2026-08-25 12:10:33.363 +05:30 [INF] Executed DbCommand (1ms) [Parameters=[@p11='?' (DbType = Int32), @p0='?' (DbType = Int32), @p1='?' (DbType = DateTime2), @p2='?' (Precision = 18) (Scale = 2) (DbType = Decimal), @p3='?' (DbType = Date), @p4='?' (Precision = 5) (Scale = 2) (DbType = Decimal), @p5='?' (DbType = Int32), @p6='?' (Precision = 18) (Scale = 2) (DbType = Decimal), @p7='?' (Precision = 18) (Scale = 2) (DbType = Decimal), @p8='?' (DbType = Date), @p9='?' (Size = 30), @p10='?' (DbType = Int32), @p12='?' (DbType = Int32), @p13='?' (DbType = Int32), @p14='?' (DbType = Date), @p15='?' (DbType = Int32), @p16='?' (DbType = Date), @p17='?' (Size = 30), @p18='?' (DbType = DateTime2), @p19='?' (DbType = Int32), @p29='?' (DbType = Int32), @p20='?' (DbType = Date), @p21='?' (Precision = 18) (Scale = 2) (DbType = Decimal), @p22='?' (DbType = Int32), @p23='?' (Precision = 18) (Scale = 2) (DbType = Decimal), @p24='?' (DbType = Int32), @p25='?' (Precision = 18) (Scale = 2) (DbType = Decimal), @p26='?' (DbType = Date), @p27='?' (Precision = 18) (Scale = 2) (DbType = Decimal), @p28='?' (Size = 30)], CommandType='"Text"', CommandTimeout='30']
SET NOCOUNT ON;
UPDATE [LoanAccounts] SET [BorrowerId] = @p0, [CreatedAt] = @p1, [EMIAmount] = @p2, [EndDate] = @p3, [InterestRate] = @p4, [LoanOfficerId] = @p5, [OutstandingAmount] = @p6, [PrincipalAmount] = @p7, [StartDate] = @p8, [Status] = @p9, [TenureMonths] = @p10
OUTPUT 1
WHERE [LoanId] = @p11;
INSERT INTO [PaymentBehaviorLogs] ([BorrowerId], [DaysLate], [DueDate], [LoanId], [PaymentDate], [PaymentStatus], [RecordedAt], [ScheduleId])
OUTPUT INSERTED.[BehaviorLogId]
VALUES (@p12, @p13, @p14, @p15, @p16, @p17, @p18, @p19);
UPDATE [RepaymentSchedules] SET [DueDate] = @p20, [EMIAmount] = @p21, [InstallmentNumber] = @p22, [InterestAmount] = @p23, [LoanId] = @p24, [PaidAmount] = @p25, [PaidDate] = @p26, [PrincipalAmount] = @p27, [Status] = @p28
OUTPUT 1
WHERE [ScheduleId] = @p29;
2026-08-25 12:10:33.371 +05:30 [INF] Executing OkObjectResult, writing value of type '<>f__AnonymousType12`2[[System.String, System.Private.CoreLib, Version=10.0.0.0, Culture=neutral, PublicKeyToken=7cec85d7bea7798e],[LoanDeductionPrediction.Models.DTOs.RepaymentScheduleDto, LoanDeductionPrediction.Models, Version=1.0.0.0, Culture=neutral, PublicKeyToken=null]]'.
2026-08-25 12:10:33.376 +05:30 [INF] Executed action LoanDeductionPrediction.API.Controllers.RepaymentScheduleController.RecordPayment (LoanDeductionPrediction.API) in 60.098ms
2026-08-25 12:10:33.382 +05:30 [INF] Executed endpoint 'LoanDeductionPrediction.API.Controllers.RepaymentScheduleController.RecordPayment (LoanDeductionPrediction.API)'
2026-08-25 12:10:33.385 +05:30 [INF] HTTP PUT /api/RepaymentSchedule/177/payment responded 200 in 87.4102 ms
2026-08-25 12:10:33.389 +05:30 [INF] Request finished HTTP/1.1 PUT http://localhost:5082/api/RepaymentSchedule/177/payment - 200 null application/json; charset=utf-8 117.9848ms
2026-08-25 12:10:40.382 +05:30 [INF] Request starting HTTP/1.1 PUT http://localhost:5082/api/RepaymentSchedule/178/payment - application/json 59
2026-08-25 12:10:40.423 +05:30 [INF] CORS policy execution successful.
2026-08-25 12:10:40.425 +05:30 [INF] Executing endpoint 'LoanDeductionPrediction.API.Controllers.RepaymentScheduleController.RecordPayment (LoanDeductionPrediction.API)'
2026-08-25 12:10:40.432 +05:30 [INF] Route matched with {action = "RecordPayment", controller = "RepaymentSchedule"}. Executing controller action with signature System.Threading.Tasks.Task`1[Microsoft.AspNetCore.Mvc.IActionResult] RecordPayment(Int32, LoanDeductionPrediction.Models.DTOs.RecordPaymentRequest) on controller LoanDeductionPrediction.API.Controllers.RepaymentScheduleController (LoanDeductionPrediction.API).
2026-08-25 12:10:40.445 +05:30 [INF] Executed DbCommand (4ms) [Parameters=[@scheduleId='?' (DbType = Int32)], CommandType='"Text"', CommandTimeout='30']
SELECT TOP(1) [r].[ScheduleId], [r].[DueDate], [r].[EMIAmount], [r].[InstallmentNumber], [r].[InterestAmount], [r].[LoanId], [r].[PaidAmount], [r].[PaidDate], [r].[PrincipalAmount], [r].[Status]
FROM [RepaymentSchedules] AS [r]
WHERE [r].[ScheduleId] = @scheduleId
2026-08-25 12:10:40.456 +05:30 [INF] Executed DbCommand (1ms) [Parameters=[@loanId='?' (DbType = Int32)], CommandType='"Text"', CommandTimeout='30']
SELECT TOP(1) [l].[LoanId], [l].[BorrowerId], [l].[CreatedAt], [l].[EMIAmount], [l].[EndDate], [l].[InterestRate], [l].[LoanOfficerId], [l].[OutstandingAmount], [l].[PrincipalAmount], [l].[StartDate], [l].[Status], [l].[TenureMonths]
FROM [LoanAccounts] AS [l]
WHERE [l].[LoanId] = @loanId
2026-08-25 12:10:40.468 +05:30 [INF] Executed DbCommand (1ms) [Parameters=[@scheduleId='?' (DbType = Int32)], CommandType='"Text"', CommandTimeout='30']
SELECT TOP(1) [r].[ScheduleId], [r].[DueDate], [r].[EMIAmount], [r].[InstallmentNumber], [r].[InterestAmount], [r].[LoanId], [r].[PaidAmount], [r].[PaidDate], [r].[PrincipalAmount], [r].[Status]
FROM [RepaymentSchedules] AS [r]
WHERE [r].[ScheduleId] = @scheduleId
2026-08-25 12:10:40.473 +05:30 [INF] Executed DbCommand (1ms) [Parameters=[@loanId='?' (DbType = Int32)], CommandType='"Text"', CommandTimeout='30']
SELECT TOP(1) [l].[LoanId], [l].[BorrowerId], [l].[CreatedAt], [l].[EMIAmount], [l].[EndDate], [l].[InterestRate], [l].[LoanOfficerId], [l].[OutstandingAmount], [l].[PrincipalAmount], [l].[StartDate], [l].[Status], [l].[TenureMonths]
FROM [LoanAccounts] AS [l]
WHERE [l].[LoanId] = @loanId
2026-08-25 12:10:40.480 +05:30 [INF] Executed DbCommand (1ms) [Parameters=[@scheduleId='?' (DbType = Int32)], CommandType='"Text"', CommandTimeout='30']
SELECT TOP(1) [p].[BehaviorLogId], [p].[BorrowerId], [p].[DaysLate], [p].[DueDate], [p].[LoanId], [p].[PaymentDate], [p].[PaymentStatus], [p].[RecordedAt], [p].[ScheduleId]
FROM [PaymentBehaviorLogs] AS [p]
WHERE [p].[ScheduleId] = @scheduleId
2026-08-25 12:10:40.486 +05:30 [WRN] Savepoints are disabled because Multiple Active Result Sets (MARS) is enabled. If 'SaveChanges' fails, then the transaction cannot be automatically rolled back to a known clean state. Instead, the transaction should be rolled back by the application before retrying 'SaveChanges'. See https://go.microsoft.com/fwlink/?linkid=2149338 for more information and examples. To identify the code which triggers this warning, call 'ConfigureWarnings(w => w.Throw(SqlServerEventId.SavepointsDisabledBecauseOfMARS))'.
2026-08-25 12:10:40.490 +05:30 [INF] Executed DbCommand (1ms) [Parameters=[@p11='?' (DbType = Int32), @p0='?' (DbType = Int32), @p1='?' (DbType = DateTime2), @p2='?' (Precision = 18) (Scale = 2) (DbType = Decimal), @p3='?' (DbType = Date), @p4='?' (Precision = 5) (Scale = 2) (DbType = Decimal), @p5='?' (DbType = Int32), @p6='?' (Precision = 18) (Scale = 2) (DbType = Decimal), @p7='?' (Precision = 18) (Scale = 2) (DbType = Decimal), @p8='?' (DbType = Date), @p9='?' (Size = 30), @p10='?' (DbType = Int32), @p12='?' (DbType = Int32), @p13='?' (DbType = Int32), @p14='?' (DbType = Date), @p15='?' (DbType = Int32), @p16='?' (DbType = Date), @p17='?' (Size = 30), @p18='?' (DbType = DateTime2), @p19='?' (DbType = Int32), @p29='?' (DbType = Int32), @p20='?' (DbType = Date), @p21='?' (Precision = 18) (Scale = 2) (DbType = Decimal), @p22='?' (DbType = Int32), @p23='?' (Precision = 18) (Scale = 2) (DbType = Decimal), @p24='?' (DbType = Int32), @p25='?' (Precision = 18) (Scale = 2) (DbType = Decimal), @p26='?' (DbType = Date), @p27='?' (Precision = 18) (Scale = 2) (DbType = Decimal), @p28='?' (Size = 30)], CommandType='"Text"', CommandTimeout='30']
SET NOCOUNT ON;
UPDATE [LoanAccounts] SET [BorrowerId] = @p0, [CreatedAt] = @p1, [EMIAmount] = @p2, [EndDate] = @p3, [InterestRate] = @p4, [LoanOfficerId] = @p5, [OutstandingAmount] = @p6, [PrincipalAmount] = @p7, [StartDate] = @p8, [Status] = @p9, [TenureMonths] = @p10
OUTPUT 1
WHERE [LoanId] = @p11;
INSERT INTO [PaymentBehaviorLogs] ([BorrowerId], [DaysLate], [DueDate], [LoanId], [PaymentDate], [PaymentStatus], [RecordedAt], [ScheduleId])
OUTPUT INSERTED.[BehaviorLogId]
VALUES (@p12, @p13, @p14, @p15, @p16, @p17, @p18, @p19);
UPDATE [RepaymentSchedules] SET [DueDate] = @p20, [EMIAmount] = @p21, [InstallmentNumber] = @p22, [InterestAmount] = @p23, [LoanId] = @p24, [PaidAmount] = @p25, [PaidDate] = @p26, [PrincipalAmount] = @p27, [Status] = @p28
OUTPUT 1
WHERE [ScheduleId] = @p29;
2026-08-25 12:10:40.528 +05:30 [INF] Executing OkObjectResult, writing value of type '<>f__AnonymousType12`2[[System.String, System.Private.CoreLib, Version=10.0.0.0, Culture=neutral, PublicKeyToken=7cec85d7bea7798e],[LoanDeductionPrediction.Models.DTOs.RepaymentScheduleDto, LoanDeductionPrediction.Models, Version=1.0.0.0, Culture=neutral, PublicKeyToken=null]]'.
2026-08-25 12:10:40.531 +05:30 [INF] Executed action LoanDeductionPrediction.API.Controllers.RepaymentScheduleController.RecordPayment (LoanDeductionPrediction.API) in 92.6017ms
2026-08-25 12:10:40.538 +05:30 [INF] Executed endpoint 'LoanDeductionPrediction.API.Controllers.RepaymentScheduleController.RecordPayment (LoanDeductionPrediction.API)'
2026-08-25 12:10:40.539 +05:30 [INF] HTTP PUT /api/RepaymentSchedule/178/payment responded 200 in 116.6311 ms
2026-08-25 12:10:40.544 +05:30 [INF] Request finished HTTP/1.1 PUT http://localhost:5082/api/RepaymentSchedule/178/payment - 200 null application/json; charset=utf-8 162.7355ms
2026-08-25 12:10:46.783 +05:30 [INF] Request starting HTTP/1.1 PUT http://localhost:5082/api/RepaymentSchedule/179/payment - application/json 59
2026-08-25 12:10:46.807 +05:30 [INF] CORS policy execution successful.
2026-08-25 12:10:46.816 +05:30 [INF] Executing endpoint 'LoanDeductionPrediction.API.Controllers.RepaymentScheduleController.RecordPayment (LoanDeductionPrediction.API)'
2026-08-25 12:10:46.818 +05:30 [INF] Route matched with {action = "RecordPayment", controller = "RepaymentSchedule"}. Executing controller action with signature System.Threading.Tasks.Task`1[Microsoft.AspNetCore.Mvc.IActionResult] RecordPayment(Int32, LoanDeductionPrediction.Models.DTOs.RecordPaymentRequest) on controller LoanDeductionPrediction.API.Controllers.RepaymentScheduleController (LoanDeductionPrediction.API).
2026-08-25 12:10:46.825 +05:30 [INF] Executed DbCommand (1ms) [Parameters=[@scheduleId='?' (DbType = Int32)], CommandType='"Text"', CommandTimeout='30']
SELECT TOP(1) [r].[ScheduleId], [r].[DueDate], [r].[EMIAmount], [r].[InstallmentNumber], [r].[InterestAmount], [r].[LoanId], [r].[PaidAmount], [r].[PaidDate], [r].[PrincipalAmount], [r].[Status]
FROM [RepaymentSchedules] AS [r]
WHERE [r].[ScheduleId] = @scheduleId
2026-08-25 12:10:46.832 +05:30 [INF] Executed DbCommand (1ms) [Parameters=[@loanId='?' (DbType = Int32)], CommandType='"Text"', CommandTimeout='30']
SELECT TOP(1) [l].[LoanId], [l].[BorrowerId], [l].[CreatedAt], [l].[EMIAmount], [l].[EndDate], [l].[InterestRate], [l].[LoanOfficerId], [l].[OutstandingAmount], [l].[PrincipalAmount], [l].[StartDate], [l].[Status], [l].[TenureMonths]
FROM [LoanAccounts] AS [l]
WHERE [l].[LoanId] = @loanId
2026-08-25 12:10:46.837 +05:30 [INF] Executed DbCommand (1ms) [Parameters=[@scheduleId='?' (DbType = Int32)], CommandType='"Text"', CommandTimeout='30']
SELECT TOP(1) [r].[ScheduleId], [r].[DueDate], [r].[EMIAmount], [r].[InstallmentNumber], [r].[InterestAmount], [r].[LoanId], [r].[PaidAmount], [r].[PaidDate], [r].[PrincipalAmount], [r].[Status]
FROM [RepaymentSchedules] AS [r]
WHERE [r].[ScheduleId] = @scheduleId
2026-08-25 12:10:46.844 +05:30 [INF] Executed DbCommand (1ms) [Parameters=[@loanId='?' (DbType = Int32)], CommandType='"Text"', CommandTimeout='30']
SELECT TOP(1) [l].[LoanId], [l].[BorrowerId], [l].[CreatedAt], [l].[EMIAmount], [l].[EndDate], [l].[InterestRate], [l].[LoanOfficerId], [l].[OutstandingAmount], [l].[PrincipalAmount], [l].[StartDate], [l].[Status], [l].[TenureMonths]
FROM [LoanAccounts] AS [l]
WHERE [l].[LoanId] = @loanId
2026-08-25 12:10:46.851 +05:30 [INF] Executed DbCommand (1ms) [Parameters=[@scheduleId='?' (DbType = Int32)], CommandType='"Text"', CommandTimeout='30']
SELECT TOP(1) [p].[BehaviorLogId], [p].[BorrowerId], [p].[DaysLate], [p].[DueDate], [p].[LoanId], [p].[PaymentDate], [p].[PaymentStatus], [p].[RecordedAt], [p].[ScheduleId]
FROM [PaymentBehaviorLogs] AS [p]
WHERE [p].[ScheduleId] = @scheduleId
2026-08-25 12:10:46.856 +05:30 [WRN] Savepoints are disabled because Multiple Active Result Sets (MARS) is enabled. If 'SaveChanges' fails, then the transaction cannot be automatically rolled back to a known clean state. Instead, the transaction should be rolled back by the application before retrying 'SaveChanges'. See https://go.microsoft.com/fwlink/?linkid=2149338 for more information and examples. To identify the code which triggers this warning, call 'ConfigureWarnings(w => w.Throw(SqlServerEventId.SavepointsDisabledBecauseOfMARS))'.
2026-08-25 12:10:46.860 +05:30 [INF] Executed DbCommand (2ms) [Parameters=[@p11='?' (DbType = Int32), @p0='?' (DbType = Int32), @p1='?' (DbType = DateTime2), @p2='?' (Precision = 18) (Scale = 2) (DbType = Decimal), @p3='?' (DbType = Date), @p4='?' (Precision = 5) (Scale = 2) (DbType = Decimal), @p5='?' (DbType = Int32), @p6='?' (Precision = 18) (Scale = 2) (DbType = Decimal), @p7='?' (Precision = 18) (Scale = 2) (DbType = Decimal), @p8='?' (DbType = Date), @p9='?' (Size = 30), @p10='?' (DbType = Int32), @p12='?' (DbType = Int32), @p13='?' (DbType = Int32), @p14='?' (DbType = Date), @p15='?' (DbType = Int32), @p16='?' (DbType = Date), @p17='?' (Size = 30), @p18='?' (DbType = DateTime2), @p19='?' (DbType = Int32), @p29='?' (DbType = Int32), @p20='?' (DbType = Date), @p21='?' (Precision = 18) (Scale = 2) (DbType = Decimal), @p22='?' (DbType = Int32), @p23='?' (Precision = 18) (Scale = 2) (DbType = Decimal), @p24='?' (DbType = Int32), @p25='?' (Precision = 18) (Scale = 2) (DbType = Decimal), @p26='?' (DbType = Date), @p27='?' (Precision = 18) (Scale = 2) (DbType = Decimal), @p28='?' (Size = 30)], CommandType='"Text"', CommandTimeout='30']
SET NOCOUNT ON;
UPDATE [LoanAccounts] SET [BorrowerId] = @p0, [CreatedAt] = @p1, [EMIAmount] = @p2, [EndDate] = @p3, [InterestRate] = @p4, [LoanOfficerId] = @p5, [OutstandingAmount] = @p6, [PrincipalAmount] = @p7, [StartDate] = @p8, [Status] = @p9, [TenureMonths] = @p10
OUTPUT 1
WHERE [LoanId] = @p11;
INSERT INTO [PaymentBehaviorLogs] ([BorrowerId], [DaysLate], [DueDate], [LoanId], [PaymentDate], [PaymentStatus], [RecordedAt], [ScheduleId])
OUTPUT INSERTED.[BehaviorLogId]
VALUES (@p12, @p13, @p14, @p15, @p16, @p17, @p18, @p19);
UPDATE [RepaymentSchedules] SET [DueDate] = @p20, [EMIAmount] = @p21, [InstallmentNumber] = @p22, [InterestAmount] = @p23, [LoanId] = @p24, [PaidAmount] = @p25, [PaidDate] = @p26, [PrincipalAmount] = @p27, [Status] = @p28
OUTPUT 1
WHERE [ScheduleId] = @p29;
2026-08-25 12:10:46.897 +05:30 [INF] Executing OkObjectResult, writing value of type '<>f__AnonymousType12`2[[System.String, System.Private.CoreLib, Version=10.0.0.0, Culture=neutral, PublicKeyToken=7cec85d7bea7798e],[LoanDeductionPrediction.Models.DTOs.RepaymentScheduleDto, LoanDeductionPrediction.Models, Version=1.0.0.0, Culture=neutral, PublicKeyToken=null]]'.
2026-08-25 12:10:46.900 +05:30 [INF] Executed action LoanDeductionPrediction.API.Controllers.RepaymentScheduleController.RecordPayment (LoanDeductionPrediction.API) in 78.1552ms
2026-08-25 12:10:46.906 +05:30 [INF] Executed endpoint 'LoanDeductionPrediction.API.Controllers.RepaymentScheduleController.RecordPayment (LoanDeductionPrediction.API)'
2026-08-25 12:10:46.909 +05:30 [INF] HTTP PUT /api/RepaymentSchedule/179/payment responded 200 in 101.9004 ms
2026-08-25 12:10:46.915 +05:30 [INF] Request finished HTTP/1.1 PUT http://localhost:5082/api/RepaymentSchedule/179/payment - 200 null application/json; charset=utf-8 131.9313ms
2026-08-25 12:10:54.801 +05:30 [INF] Request starting HTTP/1.1 PUT http://localhost:5082/api/RepaymentSchedule/180/payment - application/json 59
2026-08-25 12:10:54.833 +05:30 [INF] CORS policy execution successful.
2026-08-25 12:10:54.838 +05:30 [INF] Executing endpoint 'LoanDeductionPrediction.API.Controllers.RepaymentScheduleController.RecordPayment (LoanDeductionPrediction.API)'
2026-08-25 12:10:54.846 +05:30 [INF] Route matched with {action = "RecordPayment", controller = "RepaymentSchedule"}. Executing controller action with signature System.Threading.Tasks.Task`1[Microsoft.AspNetCore.Mvc.IActionResult] RecordPayment(Int32, LoanDeductionPrediction.Models.DTOs.RecordPaymentRequest) on controller LoanDeductionPrediction.API.Controllers.RepaymentScheduleController (LoanDeductionPrediction.API).
2026-08-25 12:10:54.855 +05:30 [INF] Executed DbCommand (1ms) [Parameters=[@scheduleId='?' (DbType = Int32)], CommandType='"Text"', CommandTimeout='30']
SELECT TOP(1) [r].[ScheduleId], [r].[DueDate], [r].[EMIAmount], [r].[InstallmentNumber], [r].[InterestAmount], [r].[LoanId], [r].[PaidAmount], [r].[PaidDate], [r].[PrincipalAmount], [r].[Status]
FROM [RepaymentSchedules] AS [r]
WHERE [r].[ScheduleId] = @scheduleId
2026-08-25 12:10:54.862 +05:30 [INF] Executed DbCommand (1ms) [Parameters=[@loanId='?' (DbType = Int32)], CommandType='"Text"', CommandTimeout='30']
SELECT TOP(1) [l].[LoanId], [l].[BorrowerId], [l].[CreatedAt], [l].[EMIAmount], [l].[EndDate], [l].[InterestRate], [l].[LoanOfficerId], [l].[OutstandingAmount], [l].[PrincipalAmount], [l].[StartDate], [l].[Status], [l].[TenureMonths]
FROM [LoanAccounts] AS [l]
WHERE [l].[LoanId] = @loanId
2026-08-25 12:10:54.867 +05:30 [INF] Executed DbCommand (1ms) [Parameters=[@scheduleId='?' (DbType = Int32)], CommandType='"Text"', CommandTimeout='30']
SELECT TOP(1) [r].[ScheduleId], [r].[DueDate], [r].[EMIAmount], [r].[InstallmentNumber], [r].[InterestAmount], [r].[LoanId], [r].[PaidAmount], [r].[PaidDate], [r].[PrincipalAmount], [r].[Status]
FROM [RepaymentSchedules] AS [r]
WHERE [r].[ScheduleId] = @scheduleId
2026-08-25 12:10:54.873 +05:30 [INF] Executed DbCommand (1ms) [Parameters=[@loanId='?' (DbType = Int32)], CommandType='"Text"', CommandTimeout='30']
SELECT TOP(1) [l].[LoanId], [l].[BorrowerId], [l].[CreatedAt], [l].[EMIAmount], [l].[EndDate], [l].[InterestRate], [l].[LoanOfficerId], [l].[OutstandingAmount], [l].[PrincipalAmount], [l].[StartDate], [l].[Status], [l].[TenureMonths]
FROM [LoanAccounts] AS [l]
WHERE [l].[LoanId] = @loanId
2026-08-25 12:10:54.882 +05:30 [INF] Executed DbCommand (1ms) [Parameters=[@scheduleId='?' (DbType = Int32)], CommandType='"Text"', CommandTimeout='30']
SELECT TOP(1) [p].[BehaviorLogId], [p].[BorrowerId], [p].[DaysLate], [p].[DueDate], [p].[LoanId], [p].[PaymentDate], [p].[PaymentStatus], [p].[RecordedAt], [p].[ScheduleId]
FROM [PaymentBehaviorLogs] AS [p]
WHERE [p].[ScheduleId] = @scheduleId
2026-08-25 12:10:54.887 +05:30 [WRN] Savepoints are disabled because Multiple Active Result Sets (MARS) is enabled. If 'SaveChanges' fails, then the transaction cannot be automatically rolled back to a known clean state. Instead, the transaction should be rolled back by the application before retrying 'SaveChanges'. See https://go.microsoft.com/fwlink/?linkid=2149338 for more information and examples. To identify the code which triggers this warning, call 'ConfigureWarnings(w => w.Throw(SqlServerEventId.SavepointsDisabledBecauseOfMARS))'.
2026-08-25 12:10:54.893 +05:30 [INF] Executed DbCommand (3ms) [Parameters=[@p11='?' (DbType = Int32), @p0='?' (DbType = Int32), @p1='?' (DbType = DateTime2), @p2='?' (Precision = 18) (Scale = 2) (DbType = Decimal), @p3='?' (DbType = Date), @p4='?' (Precision = 5) (Scale = 2) (DbType = Decimal), @p5='?' (DbType = Int32), @p6='?' (Precision = 18) (Scale = 2) (DbType = Decimal), @p7='?' (Precision = 18) (Scale = 2) (DbType = Decimal), @p8='?' (DbType = Date), @p9='?' (Size = 30), @p10='?' (DbType = Int32), @p12='?' (DbType = Int32), @p13='?' (DbType = Int32), @p14='?' (DbType = Date), @p15='?' (DbType = Int32), @p16='?' (DbType = Date), @p17='?' (Size = 30), @p18='?' (DbType = DateTime2), @p19='?' (DbType = Int32), @p29='?' (DbType = Int32), @p20='?' (DbType = Date), @p21='?' (Precision = 18) (Scale = 2) (DbType = Decimal), @p22='?' (DbType = Int32), @p23='?' (Precision = 18) (Scale = 2) (DbType = Decimal), @p24='?' (DbType = Int32), @p25='?' (Precision = 18) (Scale = 2) (DbType = Decimal), @p26='?' (DbType = Date), @p27='?' (Precision = 18) (Scale = 2) (DbType = Decimal), @p28='?' (Size = 30)], CommandType='"Text"', CommandTimeout='30']
SET NOCOUNT ON;
UPDATE [LoanAccounts] SET [BorrowerId] = @p0, [CreatedAt] = @p1, [EMIAmount] = @p2, [EndDate] = @p3, [InterestRate] = @p4, [LoanOfficerId] = @p5, [OutstandingAmount] = @p6, [PrincipalAmount] = @p7, [StartDate] = @p8, [Status] = @p9, [TenureMonths] = @p10
OUTPUT 1
WHERE [LoanId] = @p11;
INSERT INTO [PaymentBehaviorLogs] ([BorrowerId], [DaysLate], [DueDate], [LoanId], [PaymentDate], [PaymentStatus], [RecordedAt], [ScheduleId])
OUTPUT INSERTED.[BehaviorLogId]
VALUES (@p12, @p13, @p14, @p15, @p16, @p17, @p18, @p19);
UPDATE [RepaymentSchedules] SET [DueDate] = @p20, [EMIAmount] = @p21, [InstallmentNumber] = @p22, [InterestAmount] = @p23, [LoanId] = @p24, [PaidAmount] = @p25, [PaidDate] = @p26, [PrincipalAmount] = @p27, [Status] = @p28
OUTPUT 1
WHERE [ScheduleId] = @p29;
2026-08-25 12:10:54.921 +05:30 [INF] Executing OkObjectResult, writing value of type '<>f__AnonymousType12`2[[System.String, System.Private.CoreLib, Version=10.0.0.0, Culture=neutral, PublicKeyToken=7cec85d7bea7798e],[LoanDeductionPrediction.Models.DTOs.RepaymentScheduleDto, LoanDeductionPrediction.Models, Version=1.0.0.0, Culture=neutral, PublicKeyToken=null]]'.
2026-08-25 12:10:54.925 +05:30 [INF] Executed action LoanDeductionPrediction.API.Controllers.RepaymentScheduleController.RecordPayment (LoanDeductionPrediction.API) in 72.8735ms
2026-08-25 12:10:54.932 +05:30 [INF] Executed endpoint 'LoanDeductionPrediction.API.Controllers.RepaymentScheduleController.RecordPayment (LoanDeductionPrediction.API)'
2026-08-25 12:10:54.934 +05:30 [INF] HTTP PUT /api/RepaymentSchedule/180/payment responded 200 in 102.4871 ms
2026-08-25 12:10:54.941 +05:30 [INF] Request finished HTTP/1.1 PUT http://localhost:5082/api/RepaymentSchedule/180/payment - 200 null application/json; charset=utf-8 140.1291ms
2026-08-25 12:11:22.784 +05:30 [INF] Request starting HTTP/1.1 GET http://localhost:5082/api/PaymentBehavior/loan/11 - null null
2026-08-25 12:11:22.795 +05:30 [INF] Executing endpoint 'LoanDeductionPrediction.API.Controllers.PaymentBehaviorController.GetLoanBehavior (LoanDeductionPrediction.API)'
2026-08-25 12:11:22.812 +05:30 [INF] Route matched with {action = "GetLoanBehavior", controller = "PaymentBehavior"}. Executing controller action with signature System.Threading.Tasks.Task`1[Microsoft.AspNetCore.Mvc.IActionResult] GetLoanBehavior(Int32) on controller LoanDeductionPrediction.API.Controllers.PaymentBehaviorController (LoanDeductionPrediction.API).
2026-08-25 12:11:22.823 +05:30 [INF] Executed DbCommand (2ms) [Parameters=[@loanId='?' (DbType = Int32)], CommandType='"Text"', CommandTimeout='30']
SELECT TOP(1) [l].[LoanId], [l].[BorrowerId], [l].[CreatedAt], [l].[EMIAmount], [l].[EndDate], [l].[InterestRate], [l].[LoanOfficerId], [l].[OutstandingAmount], [l].[PrincipalAmount], [l].[StartDate], [l].[Status], [l].[TenureMonths]
FROM [LoanAccounts] AS [l]
WHERE [l].[LoanId] = @loanId
2026-08-25 12:11:22.832 +05:30 [INF] Executed DbCommand (1ms) [Parameters=[@loanId='?' (DbType = Int32)], CommandType='"Text"', CommandTimeout='30']
SELECT TOP(1) [l].[LoanId], [l].[BorrowerId], [l].[CreatedAt], [l].[EMIAmount], [l].[EndDate], [l].[InterestRate], [l].[LoanOfficerId], [l].[OutstandingAmount], [l].[PrincipalAmount], [l].[StartDate], [l].[Status], [l].[TenureMonths]
FROM [LoanAccounts] AS [l]
WHERE [l].[LoanId] = @loanId
2026-08-25 12:11:22.841 +05:30 [INF] Executed DbCommand (4ms) [Parameters=[@loanId='?' (DbType = Int32)], CommandType='"Text"', CommandTimeout='30']
SELECT [p].[BehaviorLogId], [p].[BorrowerId], [p].[DaysLate], [p].[DueDate], [p].[LoanId], [p].[PaymentDate], [p].[PaymentStatus], [p].[RecordedAt], [p].[ScheduleId]
FROM [PaymentBehaviorLogs] AS [p]
WHERE [p].[LoanId] = @loanId
ORDER BY [p].[DueDate]
2026-08-25 12:11:22.848 +05:30 [INF] Executing OkObjectResult, writing value of type 'System.Collections.Generic.List`1[[<>f__AnonymousType7`9[[System.Int32, System.Private.CoreLib, Version=10.0.0.0, Culture=neutral, PublicKeyToken=7cec85d7bea7798e],[System.Int32, System.Private.CoreLib, Version=10.0.0.0, Culture=neutral, PublicKeyToken=7cec85d7bea7798e],[System.Int32, System.Private.CoreLib, Version=10.0.0.0, Culture=neutral, PublicKeyToken=7cec85d7bea7798e],[System.Int32, System.Private.CoreLib, Version=10.0.0.0, Culture=neutral, PublicKeyToken=7cec85d7bea7798e],[System.DateOnly, System.Private.CoreLib, Version=10.0.0.0, Culture=neutral, PublicKeyToken=7cec85d7bea7798e],[System.Nullable`1[[System.DateOnly, System.Private.CoreLib, Version=10.0.0.0, Culture=neutral, PublicKeyToken=7cec85d7bea7798e]], System.Private.CoreLib, Version=10.0.0.0, Culture=neutral, PublicKeyToken=7cec85d7bea7798e],[System.Int32, System.Private.CoreLib, Version=10.0.0.0, Culture=neutral, PublicKeyToken=7cec85d7bea7798e],[System.String, System.Private.CoreLib, Version=10.0.0.0, Culture=neutral, PublicKeyToken=7cec85d7bea7798e],[System.DateTime, System.Private.CoreLib, Version=10.0.0.0, Culture=neutral, PublicKeyToken=7cec85d7bea7798e]], LoanDeductionPrediction.API, Version=1.0.0.0, Culture=neutral, PublicKeyToken=null]]'.
2026-08-25 12:11:22.852 +05:30 [INF] Executed action LoanDeductionPrediction.API.Controllers.PaymentBehaviorController.GetLoanBehavior (LoanDeductionPrediction.API) in 32.2546ms
2026-08-25 12:11:22.986 +05:30 [INF] Executed endpoint 'LoanDeductionPrediction.API.Controllers.PaymentBehaviorController.GetLoanBehavior (LoanDeductionPrediction.API)'
2026-08-25 12:11:23.080 +05:30 [INF] HTTP GET /api/PaymentBehavior/loan/11 responded 200 in 285.6579 ms
2026-08-25 12:11:23.135 +05:30 [INF] Request finished HTTP/1.1 GET http://localhost:5082/api/PaymentBehavior/loan/11 - 200 null application/json; charset=utf-8 351.0584ms
2026-08-25 12:12:48.991 +05:30 [INF] Request starting HTTP/1.1 GET http://localhost:5082/api/Loan/11 - null null
2026-08-25 12:12:49.046 +05:30 [INF] Executing endpoint 'LoanDeductionPrediction.API.Controllers.LoanController.GetById (LoanDeductionPrediction.API)'
2026-08-25 12:12:49.073 +05:30 [INF] Route matched with {action = "GetById", controller = "Loan"}. Executing controller action with signature System.Threading.Tasks.Task`1[Microsoft.AspNetCore.Mvc.IActionResult] GetById(Int32) on controller LoanDeductionPrediction.API.Controllers.LoanController (LoanDeductionPrediction.API).
2026-08-25 12:12:49.107 +05:30 [INF] Executed DbCommand (24ms) [Parameters=[@loanId='?' (DbType = Int32)], CommandType='"Text"', CommandTimeout='30']
SELECT TOP(1) [l].[LoanId], [l].[BorrowerId], [l].[CreatedAt], [l].[EMIAmount], [l].[EndDate], [l].[InterestRate], [l].[LoanOfficerId], [l].[OutstandingAmount], [l].[PrincipalAmount], [l].[StartDate], [l].[Status], [l].[TenureMonths]
FROM [LoanAccounts] AS [l]
WHERE [l].[LoanId] = @loanId
2026-08-25 12:12:49.114 +05:30 [INF] Executing OkObjectResult, writing value of type 'LoanDeductionPrediction.Models.DTOs.LoanDto'.
2026-08-25 12:12:49.117 +05:30 [INF] Executed action LoanDeductionPrediction.API.Controllers.LoanController.GetById (LoanDeductionPrediction.API) in 37.8013ms
2026-08-25 12:12:49.120 +05:30 [INF] Executed endpoint 'LoanDeductionPrediction.API.Controllers.LoanController.GetById (LoanDeductionPrediction.API)'
2026-08-25 12:12:49.122 +05:30 [INF] HTTP GET /api/Loan/11 responded 200 in 79.9388 ms
2026-08-25 12:12:49.127 +05:30 [INF] Request finished HTTP/1.1 GET http://localhost:5082/api/Loan/11 - 200 null application/json; charset=utf-8 136.3533ms
2026-08-25 12:15:32.214 +05:30 [INF] Application is shutting down...
2026-08-25 14:40:13.561 +05:30 [INF] Executed DbCommand (51ms) [Parameters=[], CommandType='"Text"', CommandTimeout='30']
SELECT CASE
    WHEN EXISTS (
        SELECT 1
        FROM [Users] AS [u]
        WHERE [u].[Role] = N'Admin') THEN CAST(1 AS bit)
    ELSE CAST(0 AS bit)
END
2026-08-25 14:40:13.739 +05:30 [INF] User profile is available. Using 'C:\Users\thang\AppData\Local\ASP.NET\DataProtection-Keys' as key repository and Windows DPAPI to encrypt keys at rest.
2026-08-25 14:40:13.749 +05:30 [INF] Payment Behavior Background Service started.
2026-08-25 14:40:13.858 +05:30 [INF] Now listening on: http://localhost:5082
2026-08-25 14:40:13.858 +05:30 [INF] Application started. Press Ctrl+C to shut down.
2026-08-25 14:40:13.858 +05:30 [INF] Hosting environment: Development
2026-08-25 14:40:13.859 +05:30 [INF] Content root path: C:\Users\thang\OneDrive\Documents\React Projects\LoanDeductionPrediction\LoanDeductionPrediction.API
2026-08-25 14:40:13.984 +05:30 [INF] Executed DbCommand (69ms) [Parameters=[@today='?' (DbType = Date)], CommandType='"Text"', CommandTimeout='30']
SELECT [r].[ScheduleId], [r].[DueDate], [r].[EMIAmount], [r].[InstallmentNumber], [r].[InterestAmount], [r].[LoanId], [r].[PaidAmount], [r].[PaidDate], [r].[PrincipalAmount], [r].[Status]
FROM [RepaymentSchedules] AS [r]
WHERE [r].[DueDate] < @today AND [r].[PaidAmount] < [r].[EMIAmount] AND [r].[Status] <> N'PAID'
ORDER BY [r].[DueDate]
2026-08-25 14:40:14.088 +05:30 [INF] Executed DbCommand (13ms) [Parameters=[@scheduleId='?' (DbType = Int32)], CommandType='"Text"', CommandTimeout='30']
SELECT TOP(1) [p].[BehaviorLogId], [p].[BorrowerId], [p].[DaysLate], [p].[DueDate], [p].[LoanId], [p].[PaymentDate], [p].[PaymentStatus], [p].[RecordedAt], [p].[ScheduleId]
FROM [PaymentBehaviorLogs] AS [p]
WHERE [p].[ScheduleId] = @scheduleId
2026-08-25 14:40:14.130 +05:30 [INF] Executed DbCommand (1ms) [Parameters=[@scheduleId='?' (DbType = Int32)], CommandType='"Text"', CommandTimeout='30']
SELECT TOP(1) [p].[BehaviorLogId], [p].[BorrowerId], [p].[DaysLate], [p].[DueDate], [p].[LoanId], [p].[PaymentDate], [p].[PaymentStatus], [p].[RecordedAt], [p].[ScheduleId]
FROM [PaymentBehaviorLogs] AS [p]
WHERE [p].[ScheduleId] = @scheduleId
2026-08-25 14:40:14.134 +05:30 [INF] Executed DbCommand (2ms) [Parameters=[@scheduleId='?' (DbType = Int32)], CommandType='"Text"', CommandTimeout='30']
SELECT TOP(1) [p].[BehaviorLogId], [p].[BorrowerId], [p].[DaysLate], [p].[DueDate], [p].[LoanId], [p].[PaymentDate], [p].[PaymentStatus], [p].[RecordedAt], [p].[ScheduleId]
FROM [PaymentBehaviorLogs] AS [p]
WHERE [p].[ScheduleId] = @scheduleId
